date,time,callsign,registration,aircraft_type,airline,phase,direction,altitude_ft,speed_kmh,spl_db,spl_duration_above_s,vibration_peak_mg,wind_speed_kmh,wind_dir_deg
2026-06-01,00:00:18,TAP127M,CS-TJK,Airbus A321neo,TAP Air Portugal,landing,arrivee,500,264.8,96.0,,,,
2026-06-01,00:04:18,TAP39PT,CS-TAW,Embraer E195,TAP Air Portugal,landing,arrivee,525,273.2,99.6,,,,
2026-06-01,00:06:40,4b194e,HB-JPE,Airbus A321neo,Swiss,landing,arrivee,525,259.7,85.6,,,,
2026-06-01,00:09:47,TAP555,CS-TVL,Airbus A320,TAP Air Portugal,landing,arrivee,525,250.8,81.8,,,,
2026-06-01,00:23:56,BAW508,G-TNEG,Airbus A321neo,British Airways,landing,arrivee,500,234.8,87.4,,,,
2026-06-01,00:31:37,RZO125,CS-TSF,Airbus A321neo,TAP Air Portugal,landing,arrivee,575,244.3,87.8,,,,
2026-06-01,00:47:37,495279,CS-TSY,Airbus A320,TAP Air Portugal,landing,arrivee,575,248.4,88.2,,,,
2026-06-01,00:51:47,49526d,CS-TSM,Airbus A320,TAP Air Portugal,landing,arrivee,500,234.8,90.2,,,,
2026-06-01,04:27:21,4952a4,CS-TUD,Airbus A330-900neo,TAP Air Portugal,landing,arrivee,575,268.9,90.6,,,,
2026-06-01,04:29:58,TAP202A,CS-TXL,Airbus A321neo,TAP Air Portugal,landing,arrivee,550,273.2,94.9,,,,
2026-06-01,04:42:06,TAP082,CS-TUI,Airbus A330-900neo,TAP Air Portugal,landing,arrivee,550,265.6,97.1,,,,
2026-06-01,05:03:12,440d90,OE-IXN,Boeing 737-800,Iberia,landing,arrivee,525,315.8,97.8,,,,
2026-06-01,05:14:01,TAP1528,CS-TXB,Airbus A321neo,TAP Air Portugal,landing,arrivee,575,273.2,95.1,,,,
2026-06-01,05:24:18,4d211f,9H-GVA,GL5T,,descending,arrivee,725,55.6,87.3,,,,
2026-06-01,05:35:51,495309,CS-TXI,Airbus A321neo,TAP Air Portugal,landing,arrivee,575,283.0,95.2,,,,
2026-06-01,05:55:10,4952c3,CS-TVC,Airbus A320neo,TAP Air Portugal,landing,arrivee,575,249.1,73.2,,,,
2026-06-01,05:57:11,TAP1550,CS-TJO,Airbus A321neo,TAP Air Portugal,landing,arrivee,575,281.7,93.2,,,,
2026-06-01,05:59:28,TAP1484,CS-TJE,Airbus A321,TAP Air Portugal,landing,arrivee,525,274.8,98.7,,,,
2026-06-01,06:01:47,495301,CS-TXA,Airbus A321neo,TAP Air Portugal,landing,arrivee,575,255.6,92.3,,,,
2026-06-01,06:04:27,3c5430,D-AEAP,A300 B4-622RF,Lufthansa,landing,arrivee,575,251.1,85.5,,,,
2026-06-01,06:07:16,4952d2,CS-TVR,Airbus A320neo,TAP Air Portugal,landing,arrivee,550,243.2,97.0,,,,
2026-06-01,06:11:35,TAP1937,CS-TNQ,Airbus A320,TAP Air Portugal,landing,arrivee,550,274.8,97.9,,,,
2026-06-01,06:14:21,TSC680,CA-GUBO,Airbus A330-300,Air Transat,landing,arrivee,525,257.2,97.5,,,,
2026-06-01,06:17:16,495307,CS-TXG,Airbus A321neo,TAP Air Portugal,landing,arrivee,550,264.8,93.6,,,,
2026-06-01,06:20:04,TAP8RL,CS-TNU,Airbus A320,TAP Air Portugal,landing,arrivee,575,273.9,98.8,,,,
2026-06-01,06:23:04,495218,CS-TPX,Embraer E190,TAP Air Portugal,cruise,,575,0.0,89.0,,,,
2026-06-01,06:25:22,495212,CS-TPR,Embraer E190,TAP Air Portugal,landing,arrivee,550,238.4,89.7,,,,
2026-06-01,06:35:23,TAM8146,PT-MUJ,Boeing 777-300ER,LATAM Airlines,landing,arrivee,575,283.0,95.8,,,,
2026-06-01,06:38:34,4951f0,CS-TOP,Airbus A330-200,TAP Air Portugal,landing,arrivee,525,254.1,98.8,,,,
2026-06-01,06:41:45,AEA1159,EC-MPG,Boeing 737-800,Air Europa,landing,arrivee,550,274.5,93.5,,,,
2026-06-01,06:45:03,TAP1908,CS-TVM,Airbus A320neo,TAP Air Portugal,landing,arrivee,550,264.8,99.9,,,,
2026-06-01,06:49:46,TAP41SN,CS-TNV,Airbus A320,TAP Air Portugal,landing,arrivee,500,258.0,96.6,,,,
2026-06-01,06:54:23,495277,CS-TSW,Boeing 777-200,Azul,landing,arrivee,575,268.9,96.4,,,,
2026-06-01,06:57:44,TAP9021,CS-TVG,Airbus A320neo,TAP Air Portugal,landing,arrivee,550,242.4,96.6,,,,
2026-06-01,07:05:19,495213,CS-TPS,Embraer E190,TAP Air Portugal,landing,arrivee,525,260.0,99.5,,,,
2026-06-01,07:12:55,DTA650,D2-TEK,Boeing 777-300ER,TAAG Angola Airlines,landing,arrivee,550,279.7,94.5,,,,
2026-06-01,07:16:08,495038,CS-TAX,Embraer E195,TAP Air Portugal,landing,arrivee,550,258.4,92.5,,,,
2026-06-01,07:19:03,TAP85CE,CS-TPU,Embraer E190,TAP Air Portugal,landing,arrivee,500,245.6,99.7,,,,
2026-06-01,07:21:44,495299,CS-TTY,Embraer E195,TAP Air Portugal,landing,arrivee,550,239.3,98.1,,,,
2026-06-01,07:24:35,347453,EC-NZP,Airbus A320,Iberia,landing,arrivee,550,262.2,97.3,,,,
2026-06-01,07:27:34,TAP98CX,CS-TPQ,Embraer E190,TAP Air Portugal,landing,arrivee,525,252.4,90.1,,,,
2026-06-01,07:30:19,TAP441,CS-TVK,Airbus A320neo,TAP Air Portugal,landing,arrivee,525,261.5,99.0,,,,
2026-06-01,07:33:08,4952d0,CS-TVP,Airbus A320neo,TAP Air Portugal,landing,arrivee,550,234.8,91.7,,,,
2026-06-01,07:35:42,4951d4,CS-TNT,Airbus A320,TAP Air Portugal,landing,arrivee,575,248.4,73.6,,,,
2026-06-01,07:38:39,DAL272,N420DX,Airbus A330-900neo,Delta Air Lines,landing,arrivee,500,243.9,96.7,,,,
2026-06-01,07:41:20,4952c8,CS-TVH,Airbus A320neo,TAP Air Portugal,landing,arrivee,600,227.4,83.2,,,,
2026-06-01,07:44:04,TAP244,CS-TUG,Airbus A330-900neo,TAP Air Portugal,landing,arrivee,525,254.8,99.5,,,,
2026-06-01,07:46:59,EZS98FK,HB-AYQ,Airbus A320neo,easyJet Switzerland,landing,arrivee,450,249.1,94.0,,,,
2026-06-01,07:49:45,TAP495Y,CS-TPT,Embraer E190,TAP Air Portugal,landing,arrivee,550,231.9,70.8,,,,
2026-06-01,07:52:46,TAP1023,CS-TJS,Airbus A321neo,TAP Air Portugal,landing,arrivee,575,254.1,85.4,,,,
2026-06-01,07:57:35,TAP575,CS-TVQ,Airbus A320neo,TAP Air Portugal,landing,arrivee,525,253.2,98.4,,,,
2026-06-01,08:00:56,TAP9RH,CS-TNM,Airbus A320,TAP Air Portugal,landing,arrivee,525,233.2,94.4,,,,
2026-06-01,08:03:51,a05669,N12020,Boeing 787-10,United Airlines,landing,arrivee,525,268.0,97.9,,,,
2026-06-01,08:11:00,TAP56DP,CS-TVI,Airbus A320neo,TAP Air Portugal,landing,arrivee,525,270.9,96.5,,,,
2026-06-01,08:21:31,TAP53EI,CS-TVN,Airbus A320neo,TAP Air Portugal,landing,arrivee,500,249.1,99.6,,,,
2026-06-01,08:27:03,346691,EC-NLX,Airbus A321,Vueling,landing,arrivee,500,240.8,83.2,,,,
2026-06-01,08:32:51,4cafd1,EI-GXL,Boeing 737-800,Ryanair,landing,arrivee,525,250.8,91.9,,,,
2026-06-01,08:36:04,SRR6646,OY-SRM,767 25EBDSF,Star Air,landing,arrivee,525,223.9,98.4,,,,
2026-06-01,08:38:57,TAP757P,CS-TVA,Airbus A320neo,TAP Air Portugal,landing,arrivee,525,245.6,93.2,,,,
2026-06-01,08:41:37,ab7fe6,N840AN,Boeing 787-9,American Airlines,landing,arrivee,500,274.8,95.9,,,,
2026-06-01,08:44:53,392aec,F-GKXM,Airbus A320,Air France,landing,arrivee,550,244.5,92.6,,,,
2026-06-01,08:48:13,39de4b,F-HXSL,Airbus A320neo,Transavia France,landing,arrivee,550,233.2,81.5,,,,
2026-06-01,08:51:29,TAP27UZ,CS-TPW,Embraer E190,TAP Air Portugal,landing,arrivee,475,234.3,92.3,,,,
2026-06-01,08:54:17,TAP675,CS-TJJ,Airbus A321neo,TAP Air Portugal,landing,arrivee,525,240.8,91.6,,,,
2026-06-01,08:57:00,BLAST62,26902,E390,,landing,arrivee,575,240.8,81.5,,,,
2026-06-01,08:59:41,RYR3WD,EI-IKI,Boeing 737 MAX 8,Ryanair,landing,arrivee,500,268.0,85.4,,,,
2026-06-01,09:02:45,TAP224,CS-TUL,Airbus A330-900neo,TAP Air Portugal,landing,arrivee,500,244.3,96.4,,,,
2026-06-01,09:05:20,RYR9PX,EI-EVP,Boeing 737-800,Ryanair,landing,arrivee,500,260.8,95.5,,,,
2026-06-01,09:08:20,TSC480,C-GUBL,Airbus A330-200,Air Transat,landing,arrivee,525,243.0,96.8,,,,
2026-06-01,09:11:23,TAP072,CS-TUE,Airbus A330-900neo,TAP Air Portugal,landing,arrivee,500,250.0,92.5,,,,
2026-06-01,09:14:10,495149,CS-TJI,Airbus A321neo,TAP Air Portugal,landing,arrivee,575,247.2,84.8,,,,
2026-06-01,09:17:22,ACA812,C-GFAF,Airbus A330-300,Air Canada,landing,arrivee,500,239.8,96.8,,,,
2026-06-01,09:23:41,RZO9127,LY-NOW,Airbus A320,,landing,arrivee,525,213.4,93.4,,,,
2026-06-01,09:26:17,485209,PH-HXA,Boeing 737-800,Transavia,landing,arrivee,475,261.5,95.3,,,,
2026-06-01,09:29:22,4bb289,TC-LTI,Airbus A321neo,Turkish Airlines,cruise,,550,240.8,87.3,,,,
2026-06-01,09:36:15,4952ae,CS-TUN,Airbus A330-900neo,TAP Air Portugal,landing,arrivee,525,250.8,90.7,,,,
2026-06-01,09:40:17,4952af,CS-TUO,Airbus A330-900neo,TAP Air Portugal,landing,arrivee,525,247.2,97.3,,,,
2026-06-01,09:42:50,4952b3,CS-TUS,Airbus A330-900neo,TAP Air Portugal,landing,arrivee,525,257.2,93.8,,,,
2026-06-01,09:49:45,348310,EC-OLG,Airbus A330-300,TAP Air Portugal,landing,arrivee,525,253.2,91.7,,,,
2026-06-01,09:52:37,4074b8,G-UZHH,Airbus A320neo,easyJet,landing,arrivee,525,228.2,78.2,,,,
2026-06-01,09:55:26,4952c2,CS-TVB,Airbus A320neo,TAP Air Portugal,landing,arrivee,550,245.6,87.4,,,,
2026-06-01,09:58:05,4d2269,9H-QAU,Boeing 737-800,Malta Air,landing,arrivee,525,268.9,89.5,,,,
2026-06-01,10:01:32,ECODU,EC-ODU,GL5T,,landing,arrivee,500,213.4,87.3,,,,
2026-06-01,10:04:28,VJT923W,9H-ILZ,Challenger 850,VistaJet,approach,arrivee,575,247.6,75.2,,,,
2026-06-01,10:07:52,aa6b9f,N77014,Boeing 777-200,United Airlines,landing,arrivee,525,253.9,96.1,,,,
2026-06-01,10:10:50,440075,OE-LSV,Airbus A320neo,easyJet Europe,landing,arrivee,575,260.8,85.0,,,,
2026-06-01,10:13:27,408229,G-TNEJ,Airbus A321neo,British Airways,landing,arrivee,575,258.0,88.8,,,,
2026-06-01,10:16:05,TAP204A,CS-TOO,Airbus A330-200,TAP Air Portugal,landing,arrivee,525,247.2,92.1,,,,
2026-06-01,10:18:46,TAP234Y,CS-TXC,Airbus A321neo,TAP Air Portugal,landing,arrivee,500,262.2,90.2,,,,
2026-06-01,10:21:45,TAP254,CS-TXJ,Airbus A321neo,TAP Air Portugal,landing,arrivee,475,267.2,97.3,,,,
2026-06-01,10:24:46,TAP11SV,CS-TPZ,Embraer E190,TAP Air Portugal,landing,arrivee,500,237.6,83.2,,,,
2026-06-01,10:27:47,LGL51P,LX-LGS,Boeing 737-700,Luxair,landing,arrivee,500,243.5,93.0,,,,
2026-06-01,10:30:41,TAP1921,CS-TVJ,Airbus A320neo,TAP Air Portugal,landing,arrivee,525,241.5,87.7,,,,
2026-06-01,10:33:24,EIN82T,EI-DVG,Airbus A320,Aer Lingus,landing,arrivee,575,248.4,82.0,,,,
2026-06-01,10:36:22,TAP1826,CS-TPY,Embraer E190,TAP Air Portugal,landing,arrivee,475,236.7,95.2,,,,
2026-06-01,10:39:15,AEA1153,EC-MVY,Boeing 737-800,Air Europa,landing,arrivee,500,273.2,94.0,,,,
2026-06-01,10:41:52,495304,CS-TXD,Airbus A321neo,TAP Air Portugal,landing,arrivee,525,267.2,85.3,,,,
2026-06-01,10:44:49,4952c4,CS-TVD,Airbus A320neo,TAP Air Portugal,landing,arrivee,525,264.8,86.7,,,,
2026-06-01,10:48:00,LOT425,SP-LYD,Boeing 737 MAX 8,LOT Polish Airlines,landing,arrivee,475,267.2,98.0,,,,
2026-06-01,10:50:58,KLM1579,PH-BXZ,Boeing 737-800,KLM,landing,arrivee,475,269.7,96.4,,,,
2026-06-01,10:54:30,TAP13LH,CS-TJL,Airbus A321neo,TAP Air Portugal,landing,arrivee,475,244.8,86.5,,,,
2026-06-01,10:57:11,TAP262M,CS-TXF,Airbus A321neo,TAP Air Portugal,landing,arrivee,550,249.8,89.5,,,,
2026-06-01,10:59:55,AZU8752,CS-TGD,Airbus A330-200,Azul,landing,arrivee,500,257.2,95.9,,,,
2026-06-01,11:03:56,TAP11MG,CS-TAW,Embraer E195,TAP Air Portugal,landing,arrivee,500,246.7,94.1,,,,
2026-06-01,11:07:37,c01734,C-FIUL,Boeing 777-300ER,Air Canada,landing,arrivee,525,273.2,94.1,,,,
2026-06-01,11:10:27,TAP248,CS-TUR,Airbus A330-900neo,TAP Air Portugal,landing,arrivee,550,264.1,84.8,,,,
2026-06-01,11:13:45,SWR36K,YL-AAS,A220 300,Swiss,landing,arrivee,500,241.5,96.4,,,,
2026-06-01,11:17:24,EJU14YR,OE-IDU,Airbus A320,easyJet Europe,landing,arrivee,550,247.2,85.3,,,,
2026-06-01,11:20:25,BEL2DY,OO-SNH,Airbus A320,Brussels Airlines,landing,arrivee,500,249.1,96.2,,,,
2026-06-01,11:23:04,AFR41GW,F-HZUQ,BD-500-1A11,Air France,landing,arrivee,475,253.5,89.5,,,,
2026-06-01,11:26:39,440d6e,OE-LSQ,Airbus A320,easyJet Europe,landing,arrivee,475,259.7,82.3,,,,
2026-06-01,11:29:24,495148,CS-TJH,Airbus A321,TAP Air Portugal,landing,arrivee,500,265.6,96.4,,,,
2026-06-01,11:36:52,EJU15UG,OE-LSA,Airbus A320neo,easyJet Europe,landing,arrivee,550,253.2,85.0,,,,
2026-06-01,11:39:39,TAP028,CS-TUP,Airbus A330-900neo,TAP Air Portugal,landing,arrivee,500,269.7,92.3,,,,
2026-06-01,11:42:25,3445d4,EC-MCS,Airbus A320,Iberia,landing,arrivee,575,256.5,75.5,,,,
2026-06-01,11:50:51,489229,SP-ESK,Boeing 737-800,Buzz,landing,arrivee,500,266.5,85.2,,,,
2026-06-01,11:54:42,TAP429,CS-TTZ,Embraer E195,TAP Air Portugal,landing,arrivee,500,252.4,90.1,,,,
2026-06-01,11:57:31,TAP1923,CS-TVM,Airbus A320neo,TAP Air Portugal,landing,arrivee,500,261.5,89.3,,,,
2026-06-01,12:00:26,DLH39X,D-AISB,Airbus A321,Lufthansa,landing,arrivee,550,265.6,89.4,,,,
2026-06-01,12:02:37,EJU16HG,OE-IBF,Airbus A320,easyJet Europe,landing,arrivee,525,253.2,66.8,,,,
2026-06-01,12:05:03,UAE3MV,A6-ENX,Boeing 777-300ER,Emirates,landing,arrivee,500,268.2,90.2,,,,
2026-06-01,12:07:31,348342,EC-OND,Airbus A330-300,,approach,arrivee,525,0.0,93.4,,,,
2026-06-01,12:09:28,495066,CS-TCF,Airbus A330-900neo,TAP Air Portugal,landing,arrivee,525,245.6,95.9,,,,
2026-06-01,12:12:11,TAP2468,CS-TTP,Airbus A319,TAP Air Portugal,landing,arrivee,525,229.1,85.0,,,,
2026-06-01,12:14:54,TAP1902,CS-TVN,Airbus A320neo,TAP Air Portugal,landing,arrivee,500,257.6,85.5,,,,
2026-06-01,12:17:59,495214,CS-TPT,Embraer E190,TAP Air Portugal,landing,arrivee,500,228.4,93.0,,,,
2026-06-01,12:26:37,4d2417,9H-EWE,Airbus A320,Eurowings,landing,arrivee,575,253.2,79.2,,,,
2026-06-01,12:28:50,4d225d,9H-QDN,Boeing 737-800,Malta Air,landing,arrivee,500,272.4,89.4,,,,
2026-06-01,12:33:53,TVF46JB,F-GZHK,Boeing 737-800,Transavia France,landing,arrivee,475,273.2,91.2,,,,
2026-06-01,12:36:50,EJU32WQ,OE-IBS,Airbus A320,easyJet Europe,landing,arrivee,550,250.8,90.6,,,,
2026-06-01,12:39:45,440072,OE-LSF,Airbus A320neo,easyJet Europe,cruise,,575,0.0,86.1,,,,
2026-06-01,12:42:31,3009c5,I-FDIA,FA7X,,landing,arrivee,525,220.8,76.2,,,,
2026-06-01,12:45:16,495267,CS-TSG,Airbus A321neo,TAP Air Portugal,landing,arrivee,550,245.9,90.9,,,,
2026-06-01,12:48:00,EWG66L,9H-SWC,Airbus A320,Eurowings,landing,arrivee,575,244.8,85.3,,,,
2026-06-01,12:51:03,49526a,CS-TSJ,Airbus A321neo,TAP Air Portugal,approach,arrivee,525,250.0,88.0,,,,
2026-06-01,12:53:44,0201c2,CN-RHK,Boeing 737 MAX 8,Royal Air Maroc,landing,arrivee,500,263.9,93.2,,,,
2026-06-01,12:55:39,EJU56VP,OE-IWW,Airbus A320,easyJet Europe,landing,arrivee,500,254.8,90.4,,,,
2026-06-01,12:58:01,4952c3,CS-TVC,Airbus A320neo,TAP Air Portugal,landing,arrivee,525,269.7,95.1,,,,
2026-06-01,13:01:04,495212,CS-TPR,Embraer E190,TAP Air Portugal,landing,arrivee,475,239.3,83.3,,,,
2026-06-01,13:04:00,RYR4ZF,9H-QAX,Boeing 737-800,Malta Air,landing,arrivee,475,279.7,95.3,,,,
2026-06-01,13:06:42,TAP831,CS-TNJ,Airbus A320,TAP Air Portugal,landing,arrivee,525,264.8,81.8,,,,
2026-06-01,13:10:11,495215,CS-TPU,Embraer E190,TAP Air Portugal,landing,arrivee,550,250.8,89.5,,,,
2026-06-01,13:12:11,EJU98EV,OE-INE,Airbus A320,easyJet Europe,landing,arrivee,525,253.9,90.6,,,,
2026-06-01,13:15:23,EJU38DF,OE-LUE,Airbus A320neo,easyJet Europe,landing,arrivee,575,230.8,80.2,,,,
2026-06-01,13:24:39,TAP91TL,CS-TTY,Embraer E195,TAP Air Portugal,landing,arrivee,500,263.2,88.7,,,,
2026-06-01,13:27:59,TAP1335,CS-TPO,Embraer E190,TAP Air Portugal,landing,arrivee,500,244.3,91.9,,,,
2026-06-01,13:29:55,TAP226,CS-TUH,Airbus A330-900neo,TAP Air Portugal,landing,arrivee,525,262.4,95.2,,,,
2026-06-01,13:33:31,495292,CS-TTR,Airbus A319,TAP Air Portugal,landing,arrivee,525,247.6,91.6,,,,
2026-06-01,13:36:21,TAP43JD,CS-TNQ,Airbus A320,TAP Air Portugal,landing,arrivee,500,258.4,95.4,,,,
2026-06-01,13:38:18,SWR32F,HB-JCD,C Series 300,Swiss,landing,arrivee,525,249.1,93.5,,,,
2026-06-01,13:41:46,TAP823,CS-TVF,Airbus A320neo,TAP Air Portugal,landing,arrivee,525,246.7,96.8,,,,
2026-06-01,13:44:45,495217,CS-TPW,Embraer E190,TAP Air Portugal,landing,arrivee,525,230.6,86.6,,,,
2026-06-01,13:47:38,495153,CS-TJS,Airbus A321neo,TAP Air Portugal,landing,arrivee,625,249.1,95.9,,,,
2026-06-01,13:50:27,TAP471A,CS-TPS,Embraer E190,TAP Air Portugal,landing,arrivee,525,239.8,82.0,,,,
2026-06-01,13:52:15,4952c1,CS-TVA,Airbus A320neo,TAP Air Portugal,landing,arrivee,525,249.1,81.0,,,,
2026-06-01,13:54:26,TAP869,CS-TTW,Embraer E195,TAP Air Portugal,landing,arrivee,525,266.5,95.0,,,,
2026-06-01,13:57:55,VLG8JM,EC-NYF,Airbus A321,Vueling,landing,arrivee,550,246.7,96.9,,,,
2026-06-01,14:01:55,RYR1316,EI-ILD,Boeing 737 MAX 8,Ryanair,landing,arrivee,500,281.3,88.9,,,,
2026-06-01,14:05:01,TAP481,CS-TPX,Embraer E190,TAP Air Portugal,landing,arrivee,525,264.8,94.2,,,,
2026-06-01,14:07:10,EJU1461,OE-IJL,Airbus A320,easyJet Europe,landing,arrivee,500,253.5,97.3,,,,
2026-06-01,14:08:42,DLH47T,D-AIEI,Airbus A321neo,Lufthansa,landing,arrivee,525,257.6,96.0,,,,
2026-06-01,14:11:32,495298,CS-TTX,Embraer E195,TAP Air Portugal,landing,arrivee,550,263.2,95.8,,,,
2026-06-01,14:14:12,4952c8,CS-TVH,Airbus A320neo,TAP Air Portugal,landing,arrivee,550,264.8,92.7,,,,
2026-06-01,14:23:37,49514d,CS-TJM,Airbus A321neo,TAP Air Portugal,landing,arrivee,550,270.4,91.6,,,,
2026-06-01,14:26:40,RZO140,CS-TKQ,Airbus A320,TAP Air Portugal,landing,arrivee,500,271.3,97.0,,,,
2026-06-01,14:29:39,TAP86GM,CS-TJF,Airbus A321,TAP Air Portugal,landing,arrivee,500,270.4,80.5,,,,
2026-06-01,14:32:22,TAP36GS,CS-TVR,Airbus A320neo,TAP Air Portugal,landing,arrivee,525,268.9,94.9,,,,
2026-06-01,14:35:43,4952ab,CS-TUK,Airbus A330-900neo,TAP Air Portugal,landing,arrivee,575,268.2,77.0,,,,
2026-06-01,14:38:25,495211,CS-TPQ,Embraer E190,TAP Air Portugal,landing,arrivee,525,250.8,92.5,,,,
2026-06-01,14:41:04,EJM417,N417CS,Global 5000,Unknown US,landing,arrivee,575,241.7,97.2,,,,
2026-06-01,14:43:36,4951d2,CS-TNR,Airbus A320,TAP Air Portugal,landing,arrivee,525,249.1,91.6,,,,
2026-06-01,14:46:21,SWR2BK,HB-JPC,Airbus A321,Swiss,landing,arrivee,525,246.7,93.1,,,,
2026-06-01,14:55:12,AFR37EQ,F-HZFM,Airbus A320,Air France,landing,arrivee,525,248.4,98.7,,,,
2026-06-01,15:03:23,4951cb,CS-TNK,Airbus A320,TAP Air Portugal,landing,arrivee,600,250.8,93.3,,,,
2026-06-01,15:10:36,440075,OE-LSV,Airbus A320neo,easyJet Europe,landing,arrivee,550,234.3,89.9,,,,
2026-06-01,15:13:49,347306,EC-NUY,Boeing 737-800,Air Europa,landing,arrivee,525,274.8,94.0,,,,
2026-06-01,15:16:48,TAP008,CS-TXM,Airbus A321,TAP Air Portugal,landing,arrivee,525,235.9,97.2,,,,
2026-06-01,15:19:34,THY4GH,TC-LPM,Airbus A321neo,Turkish Airlines,landing,arrivee,525,230.8,92.5,,,,
2026-06-01,15:22:42,45cab5,OY-RUU,Airbus A321,Corendon Airlines,landing,arrivee,550,225.9,88.4,,,,
2026-06-01,15:25:17,EZY35DC,G-EZUC,Airbus A320,easyJet,landing,arrivee,525,241.5,92.7,,,,
2026-06-01,15:28:26,TAP541W,CS-TAX,Embraer E195,TAP Air Portugal,landing,arrivee,525,255.6,92.0,,,,
2026-06-01,15:33:27,DLH03H,D-AINZ,Airbus A320neo,Lufthansa,landing,arrivee,550,258.0,92.2,,,,
2026-06-01,15:36:02,TAP83RS,CS-TNT,Airbus A320,TAP Air Portugal,landing,arrivee,525,261.5,97.0,,,,
2026-06-01,15:38:49,TAP016,CS-TXK,Airbus A321,TAP Air Portugal,landing,arrivee,525,255.6,96.4,,,,
2026-06-01,15:44:37,TAP90EH,CS-TNM,Airbus A320,TAP Air Portugal,landing,arrivee,525,249.8,90.3,,,,
2026-06-01,15:47:41,4867c3,PH-AXH,Airbus A321neo,KLM,landing,arrivee,525,233.2,95.9,,,,
2026-06-01,15:50:28,495216,CS-TPV,Embraer E190,TAP Air Portugal,landing,arrivee,550,228.4,89.0,,,,
2026-06-01,15:53:07,FIN96W,OH-LZU,Airbus A321,Finnair,landing,arrivee,525,271.3,90.7,,,,
2026-06-01,15:56:01,BTI7FR,YL-ABB,A220 300,Air Baltic,landing,arrivee,550,235.6,86.8,,,,
2026-06-01,15:58:36,49530c,CS-TXL,Airbus A321neo,TAP Air Portugal,landing,arrivee,500,251.5,93.8,,,,
2026-06-01,16:01:19,TAP75CH,CS-TVL,Airbus A320,TAP Air Portugal,landing,arrivee,525,244.8,86.4,,,,
2026-06-01,16:04:43,TAP71VE,CS-TNU,Airbus A320,TAP Air Portugal,landing,arrivee,525,261.7,97.1,,,,
2026-06-01,16:09:20,4d22c2,9H-IHL,Airbus A320,Lauda Europe,landing,arrivee,525,252.4,83.2,,,,
2026-06-01,16:13:10,4952c9,CS-TVI,Airbus A320neo,TAP Air Portugal,landing,arrivee,550,249.1,90.8,,,,
2026-06-01,16:15:09,EJU95BR,OE-LSA,Airbus A320neo,easyJet Europe,cruise,,550,0.0,89.2,,,,
2026-06-01,16:17:03,TAP433,CS-TVQ,Airbus A320neo,TAP Air Portugal,landing,arrivee,525,250.0,93.9,,,,
2026-06-01,16:19:09,4ca245,EI-DCO,Boeing 737-800,Ryanair,landing,arrivee,525,260.9,91.7,,,,
2026-06-01,16:21:34,4951d6,CS-TNV,Airbus A320,TAP Air Portugal,landing,arrivee,525,234.8,93.4,,,,
2026-06-01,16:24:03,495269,CS-TSI,Airbus A321neo,TAP Air Portugal,landing,arrivee,525,260.0,90.9,,,,
2026-06-01,16:29:14,TAP1359,CS-TJN,Airbus A321neo,TAP Air Portugal,landing,arrivee,550,258.4,98.0,,,,
2026-06-01,16:35:21,TAP669,CS-TXI,Airbus A321neo,TAP Air Portugal,landing,arrivee,525,269.3,97.9,,,,
2026-06-01,16:37:04,RYR95SN,EI-EVP,Boeing 737-800,Ryanair,landing,arrivee,475,261.5,95.2,,,,
2026-06-01,16:39:00,TAP56DT,CS-TJO,Airbus A321neo,TAP Air Portugal,landing,arrivee,575,271.3,84.3,,,,
2026-06-01,16:40:41,40615b,G-EUYF,Airbus A320,British Airways,landing,arrivee,625,254.8,86.7,,,,
2026-06-01,16:43:06,4952cb,CS-TVK,Airbus A320neo,TAP Air Portugal,landing,arrivee,525,269.7,93.9,,,,
2026-06-01,16:45:27,TAM8150,CC-BGU,Boeing 787-9,LATAM Airlines,landing,arrivee,500,275.6,98.6,,,,
2026-06-01,16:51:00,TAP15NC,CS-TXF,Airbus A321neo,TAP Air Portugal,landing,arrivee,500,249.1,96.4,,,,
2026-06-01,16:53:45,RZO3128,LY-NOW,Airbus A320,,landing,arrivee,500,242.4,98.0,,,,
2026-06-01,16:56:19,TAP763,EC-OCT,Airbus A321,TAP Air Portugal,landing,arrivee,525,261.5,87.2,,,,
2026-06-01,16:58:52,ANE91TE,EC-LOX,Bombardier CRJ-1000,Air Nostrum,landing,arrivee,500,259.3,97.0,,,,
2026-06-01,17:00:33,4cae95,EI-IKI,Boeing 737 MAX 8,Ryanair,landing,arrivee,525,272.4,95.0,,,,
2026-06-01,17:03:26,3c56f6,D-AEWV,Airbus A320,Eurowings,landing,arrivee,550,249.1,91.7,,,,
2026-06-01,17:06:11,EJU69VE,OE-LSQ,Airbus A320,easyJet Europe,landing,arrivee,550,252.4,74.4,,,,
2026-06-01,17:08:44,4caa5f,EI-EXD,Boeing 737-800,Ryanair,landing,arrivee,550,263.4,82.2,,,,
2026-06-01,17:11:58,TAP120R,CS-TJE,Airbus A321,TAP Air Portugal,landing,arrivee,575,269.5,90.1,,,,
2026-06-01,17:14:35,RYR68VC,SP-RSF,Boeing 737-800,Buzz,landing,arrivee,500,276.3,91.5,,,,
2026-06-01,17:18:31,4d21c5,9H-SZN,Airbus A330-900neo,Air Senegal,landing,arrivee,525,214.1,93.8,,,,
2026-06-01,17:21:24,3c2d57,D-BUBI,Challenger 300,Windrose Air Jetcharter GmbH,landing,arrivee,525,239.3,94.0,,,,
2026-06-01,17:23:54,TAP1824,CS-TJP,Airbus A321neo,TAP Air Portugal,landing,arrivee,525,275.6,83.7,,,,
2026-06-01,17:27:53,3444ca,EC-MAI,Airbus A320,Vueling,landing,arrivee,525,246.7,94.4,,,,
2026-06-01,17:31:58,4d24e6,9H-SWJ,Airbus A320,Eurowings,landing,arrivee,525,245.6,95.1,,,,
2026-06-01,17:34:39,RAM982,CN-RHM,Boeing 737 MAX 8,Royal Air Maroc,landing,arrivee,500,275.6,97.3,,,,
2026-06-01,17:37:38,RYR98HW,EI-HGR,Boeing 737 MAX 8,Ryanair,landing,arrivee,525,263.2,97.6,,,,
2026-06-01,17:40:39,4d24b0,9H-WDE,Airbus A321,Lauda Europe,landing,arrivee,525,250.8,93.5,,,,
2026-06-01,17:44:54,4952a2,CS-TUB,Airbus A330-900neo,TAP Air Portugal,landing,arrivee,550,254.8,98.0,,,,
2026-06-01,17:48:07,BAW506,G-EUYU,Airbus A320,British Airways,landing,arrivee,525,243.2,95.7,,,,
2026-06-01,17:51:00,TAP643,CS-TVJ,Airbus A320neo,TAP Air Portugal,landing,arrivee,525,249.1,99.8,,,,
2026-06-01,17:54:03,49514b,CS-TJK,Airbus A321neo,TAP Air Portugal,landing,arrivee,550,260.8,88.8,,,,
2026-06-01,17:56:49,TAP1558,CS-TVP,Airbus A320neo,TAP Air Portugal,landing,arrivee,575,264.8,90.6,,,,
2026-06-01,17:59:26,RYR24SE,EI-DYV,Boeing 737-800,Ryanair,landing,arrivee,525,268.0,94.8,,,,
2026-06-01,18:02:17,348209,EC-OKJ,Airbus A320,Vueling,landing,arrivee,525,258.9,96.2,,,,
2026-06-01,18:05:06,440b1e,OE-IWW,Airbus A320,easyJet Europe,landing,arrivee,575,243.2,86.0,,,,
2026-06-01,18:07:50,440115,OE-LUE,Airbus A320neo,easyJet Europe,landing,arrivee,550,255.6,92.1,,,,
2026-06-01,18:10:19,RYR59QQ,EI-EMI,Boeing 737-800,Ryanair,landing,arrivee,475,267.2,95.0,,,,
2026-06-01,18:13:05,AFR24MF,F-GKXC,Airbus A320,Air France,landing,arrivee,550,247.6,97.9,,,,
2026-06-01,18:28:28,4952c7,CS-TVG,Airbus A320neo,TAP Air Portugal,landing,arrivee,575,250.8,87.2,,,,
2026-06-01,18:30:32,TAP282,CS-TUF,Airbus A330-900neo,TAP Air Portugal,landing,arrivee,575,250.0,91.9,,,,
2026-06-01,18:33:29,TAP35BL,CS-TVN,Airbus A320neo,TAP Air Portugal,landing,arrivee,575,258.9,88.9,,,,
2026-06-01,18:36:33,TAP1929,CS-TPR,Embraer E190,TAP Air Portugal,landing,arrivee,525,252.2,88.3,,,,
2026-06-01,18:41:04,49514a,CS-TJJ,Airbus A321neo,TAP Air Portugal,landing,arrivee,550,264.1,89.2,,,,
2026-06-01,18:44:15,TAP9258,CS-TNL,Airbus A320,TAP Air Portugal,landing,arrivee,550,248.0,90.2,,,,
2026-06-01,18:46:48,495213,CS-TPS,Embraer E190,TAP Air Portugal,landing,arrivee,550,231.5,93.3,,,,
2026-06-01,18:49:26,TAY2MN,OE-IXN,Boeing 737-800,Iberia,landing,arrivee,525,233.9,87.7,,,,
2026-06-01,18:52:21,EJU67HP,OE-LQT,Airbus A319,easyJet Europe,landing,arrivee,525,250.8,92.3,,,,
2026-06-01,18:54:58,TAP1906,CS-TNT,Airbus A320,TAP Air Portugal,landing,arrivee,525,232.2,91.5,,,,
2026-06-01,18:57:29,TVF46GH,F-HUYT,Boeing 737-800,Transavia France,landing,arrivee,550,279.7,89.0,,,,
2026-06-01,19:00:10,KLM71Y,PH-AXL,Airbus A321neo,KLM,landing,arrivee,550,268.9,90.1,,,,
2026-06-01,19:02:41,UAE5M,A6-ENT,Boeing 777-300ER,Emirates,landing,arrivee,550,276.5,95.4,,,,
2026-06-01,19:05:47,TAP1017,CS-TPX,Embraer E190,TAP Air Portugal,landing,arrivee,575,253.9,85.0,,,,
2026-06-01,19:08:34,495211,CS-TPQ,Embraer E190,TAP Air Portugal,landing,arrivee,550,255.6,90.3,,,,
2026-06-01,19:11:07,TRA55J,PH-YHW,Airbus A321neo,Transavia,landing,arrivee,550,265.6,91.2,,,,
2026-06-01,19:13:54,TAP825,CS-TVD,Airbus A320neo,TAP Air Portugal,landing,arrivee,550,259.7,87.2,,,,
2026-06-01,19:16:30,4b027f,HB-AYP,Airbus A320neo,easyJet Switzerland,landing,arrivee,600,260.8,81.8,,,,
2026-06-01,19:19:23,44042f,OE-IUD,Airbus A321neo,Iberia,landing,arrivee,575,237.6,68.6,,,,
2026-06-01,19:21:52,495037,CS-TAW,Embraer E195,TAP Air Portugal,landing,arrivee,550,240.8,82.3,,,,
2026-06-01,19:24:37,TAP1439,CS-TVR,Airbus A320neo,TAP Air Portugal,landing,arrivee,550,228.4,92.2,,,,
2026-06-01,19:27:10,34454a,EC-MBF,Airbus A320,Vueling,landing,arrivee,525,251.5,92.3,,,,
2026-06-01,19:30:04,EJU71TK,OE-IVE,Airbus A320,easyJet Europe,approach,arrivee,500,232.4,93.1,,,,
2026-06-01,19:32:46,TAP1862,CS-TVC,Airbus A320neo,TAP Air Portugal,landing,arrivee,450,244.8,93.6,,,,
2026-06-01,19:35:20,440cf8,OE-IBF,Airbus A320,easyJet Europe,landing,arrivee,550,250.8,93.7,,,,
2026-06-01,19:38:01,RZO3126,OY-JRK,Airbus A320,Corendon Airlines Europe,landing,arrivee,500,260.8,98.1,,,,
2026-06-01,19:40:46,471dc0,HA-LGY,Airbus A321neo,SAS Scandinavian,landing,arrivee,525,254.8,97.4,,,,
2026-06-01,19:43:23,TAP543W,CS-TTZ,Embraer E195,TAP Air Portugal,landing,arrivee,525,237.6,94.6,,,,
2026-06-01,19:46:08,3453c1,EC-MPS,Boeing 737-800,Air Europa,landing,arrivee,525,252.2,95.7,,,,
2026-06-01,19:48:48,44cc47,OO-SBG,Airbus A320neo,Brussels Airlines,landing,arrivee,525,253.2,84.7,,,,
2026-06-01,19:51:33,EZY26YM,G-EZDX,Airbus A319,easyJet,landing,arrivee,550,254.7,90.6,,,,
2026-06-01,19:54:39,495214,CS-TPT,Embraer E190,TAP Air Portugal,landing,arrivee,500,233.0,81.7,,,,
2026-06-01,19:57:36,EZY31FV,G-EZTT,Airbus A320,easyJet,landing,arrivee,550,246.7,91.9,,,,
2026-06-01,20:00:13,34608f,EC-NAZ,Airbus A320neo,Iberia,landing,arrivee,525,264.8,92.8,,,,
2026-06-01,20:06:16,4d225d,9H-QDN,Boeing 737-800,Malta Air,landing,arrivee,500,261.5,96.6,,,,
2026-06-01,20:09:01,0900f0,D2-TEJ,Boeing 777-300ER,TAAG Angola Airlines,landing,arrivee,525,287.2,92.1,,,,
2026-06-01,20:11:56,49514c,CS-TJL,Airbus A321neo,TAP Air Portugal,landing,arrivee,550,270.4,90.8,,,,
2026-06-01,20:14:34,4cad10,EI-HGX,Boeing 737 MAX 8,Ryanair,landing,arrivee,475,268.2,93.9,,,,
2026-06-01,20:17:23,TAP94VA,CS-TVM,Airbus A320neo,TAP Air Portugal,landing,arrivee,500,268.2,88.1,,,,
2026-06-01,20:19:34,49521a,CS-TPZ,Embraer E190,TAP Air Portugal,landing,arrivee,525,240.8,93.4,,,,
2026-06-01,20:22:41,TAP93ZS,CS-TVB,Airbus A320neo,TAP Air Portugal,landing,arrivee,500,235.9,99.3,,,,
2026-06-01,20:25:29,495298,CS-TTX,Embraer E195,TAP Air Portugal,landing,arrivee,600,236.7,91.9,,,,
2026-06-01,20:27:57,EWG37V,OK-TVV,Boeing 737-800,Eurowings,landing,arrivee,500,279.7,94.4,,,,
2026-06-01,20:31:00,TAP473H,CS-TTY,Embraer E195,TAP Air Portugal,landing,arrivee,525,249.1,93.2,,,,
2026-06-01,20:33:35,RZO124,CS-TSJ,Airbus A321neo,TAP Air Portugal,landing,arrivee,450,275.2,96.0,,,,
2026-06-01,20:35:50,495149,CS-TJI,Airbus A321neo,TAP Air Portugal,cruise,,625,0.0,70.6,,,,
2026-06-01,20:38:59,VLG8UE,EC-MFN,Airbus A320,Vueling,landing,arrivee,525,268.0,93.6,,,,
2026-06-01,20:41:30,4d2347,9H-VUH,Boeing 737 MAX 8,Malta Air,landing,arrivee,500,282.1,91.9,,,,
2026-06-01,20:46:33,TAP403Z,CS-TPW,Embraer E190,TAP Air Portugal,cruise,,500,0.0,94.2,,,,
2026-06-01,20:49:06,TAP25AC,CS-TAX,Embraer E195,TAP Air Portugal,landing,arrivee,525,258.0,88.9,,,,
2026-06-01,20:55:09,WMT537,9H-GYB,H25B,,landing,arrivee,450,234.8,95.7,,,,
2026-06-01,21:00:08,40768b,G-UZHW,Airbus A320neo,easyJet,landing,arrivee,500,249.8,99.0,,,,
2026-06-01,21:04:55,RYR4RL,EI-DHO,Boeing 737-800,Ryanair,landing,arrivee,475,263.2,95.6,,,,
2026-06-01,21:11:12,TAR318,TS-ITA,Airbus A320,Tunisair,landing,arrivee,500,227.4,94.1,,,,
2026-06-01,21:13:55,TAP877,CS-TPO,Embraer E190,TAP Air Portugal,landing,arrivee,500,242.2,89.7,,,,
2026-06-01,21:15:48,738069,4X-EKO,Boeing 737-800,El Al,landing,arrivee,500,294.3,95.1,,,,
2026-06-01,21:20:57,RUK2252,G-RUKH,Boeing 737-800,Ryanair UK,approach,arrivee,525,273.2,89.2,,,,
2026-06-01,21:23:49,4952c6,CS-TVF,Airbus A320neo,TAP Air Portugal,landing,arrivee,550,250.4,93.6,,,,
2026-06-01,21:26:15,TAP57W,CS-TJM,Airbus A321neo,TAP Air Portugal,landing,arrivee,525,256.5,88.9,,,,
2026-06-01,21:29:18,4951d2,CS-TNR,Airbus A320,TAP Air Portugal,landing,arrivee,500,259.7,95.0,,,,
2026-06-01,21:31:22,495297,CS-TTW,Embraer E195,TAP Air Portugal,landing,arrivee,500,264.1,86.9,,,,
2026-06-01,21:35:00,4bb874,TC-NCT,Airbus A320neo,Pegasus,landing,arrivee,550,234.8,87.0,,,,
2026-06-01,21:40:32,TAP885,CS-TPU,Embraer E190,TAP Air Portugal,landing,arrivee,500,246.9,86.6,,,,
2026-06-01,21:43:17,4951cd,CS-TNM,Airbus A320,TAP Air Portugal,landing,arrivee,575,256.5,80.7,,,,
2026-06-01,21:46:20,4952c1,CS-TVA,Airbus A320neo,TAP Air Portugal,landing,arrivee,550,234.8,84.2,,,,
2026-06-01,21:48:51,TAP67U,CS-TJS,Airbus A321neo,TAP Air Portugal,landing,arrivee,500,244.3,97.1,,,,
2026-06-01,21:51:44,TAP863Y,CS-TNQ,Airbus A320,TAP Air Portugal,landing,arrivee,550,242.1,86.3,,,,
2026-06-01,21:54:33,TAP1692,CS-TVL,Airbus A320,TAP Air Portugal,landing,arrivee,575,250.0,60.0,,,,
2026-06-01,21:57:12,LZB563,LZ-ROM,A220-300,Bulgaria Air,landing,arrivee,525,233.2,90.1,,,,
2026-06-01,21:59:30,RZO152,CS-TKQ,Airbus A320,TAP Air Portugal,landing,arrivee,450,268.0,94.1,,,,
2026-06-01,22:01:18,4ca816,EI-EKX,Boeing 737-800,Ryanair,landing,arrivee,525,273.4,89.7,,,,
2026-06-01,22:04:10,EJU91TW,OE-IBS,Airbus A320,easyJet Europe,landing,arrivee,525,260.8,79.2,,,,
2026-06-01,22:06:44,DLH34J,D-AIWA,Airbus A320,Lufthansa,landing,arrivee,500,264.1,96.9,,,,
2026-06-01,22:09:05,EJU15PC,OE-LSA,Airbus A320neo,easyJet Europe,landing,arrivee,550,257.2,88.1,,,,
2026-06-01,22:12:10,TAP1243,CS-TNJ,Airbus A320,TAP Air Portugal,landing,arrivee,500,263.2,93.2,,,,
2026-06-01,22:14:31,495279,CS-TSY,Airbus A320,TAP Air Portugal,landing,arrivee,575,253.9,88.0,,,,
2026-06-01,22:17:17,4952c8,CS-TVH,Airbus A320neo,TAP Air Portugal,landing,arrivee,550,254.1,81.8,,,,
2026-06-01,22:19:37,TAP1933,CS-TPR,Embraer E190,TAP Air Portugal,landing,arrivee,500,227.6,91.2,,,,
2026-06-01,22:22:22,WJA32,C-FRYV,Boeing 737 MAX 8,WestJet,landing,arrivee,475,287.2,95.7,,,,
2026-06-01,22:31:39,DLH64P,D-AILK,Airbus A319,Lufthansa,landing,arrivee,500,244.3,96.1,,,,
2026-06-01,22:33:46,4951cb,CS-TNK,Airbus A320,TAP Air Portugal,landing,arrivee,525,244.3,88.5,,,,
2026-06-01,22:37:26,EJU87HG,OE-IWW,Airbus A320,easyJet Europe,landing,arrivee,550,233.2,91.5,,,,
2026-06-01,22:39:15,TVF34QV,F-HUYH,Boeing 737-800,Transavia France,landing,arrivee,525,274.8,95.7,,,,
2026-06-01,22:42:19,TAP21MM,CS-TNV,Airbus A320,TAP Air Portugal,landing,arrivee,500,249.8,88.9,,,,
2026-06-01,22:44:06,3964e8,F-GZHI,Boeing 737-800,Transavia France,landing,arrivee,525,275.6,86.7,,,,
2026-06-01,22:46:47,495148,CS-TJH,Airbus A321,TAP Air Portugal,landing,arrivee,525,226.7,85.0,,,,
2026-06-01,22:50:04,TAP555,CS-TJF,Airbus A321,TAP Air Portugal,landing,arrivee,475,261.5,87.0,,,,
2026-06-01,22:53:12,BAW508,G-TTNG,Airbus A320neo,British Airways,landing,arrivee,525,226.7,92.8,,,,
2026-06-01,22:56:39,392aec,F-GKXM,Airbus A320,Air France,landing,arrivee,525,253.0,88.8,,,,
2026-06-01,22:58:45,RYR8AT,EI-GSJ,Boeing 737-800,Ryanair,landing,arrivee,500,268.0,91.0,,,,
2026-06-01,23:01:45,RYR85KH,EI-ILD,Boeing 737 MAX 8,Ryanair,landing,arrivee,525,276.9,90.5,,,,
2026-06-01,23:05:05,RYR29TL,EI-EVP,Boeing 737-800,Ryanair,landing,arrivee,500,274.1,93.2,,,,
2026-06-01,23:07:04,RYR20EE,9H-QAC,Boeing 737-800,Malta Air,landing,arrivee,475,275.6,87.3,,,,
2026-06-01,23:09:13,486740,PH-AXB,Airbus A321neo,KLM,landing,arrivee,550,265.8,87.6,,,,
2026-06-01,23:12:39,342211,EC-JDR,Airbus A321,Iberia,cruise,,550,0.0,84.7,,,,
2026-06-01,23:15:22,THY2ES,TC-LTJ,Airbus A321neo,Turkish Airlines,landing,arrivee,525,277.2,87.0,,,,
2026-06-01,23:18:12,440daf,OE-IDU,Airbus A320,easyJet Europe,landing,arrivee,500,263.2,79.5,,,,
2026-06-01,23:20:27,EJU74EP,OE-LUE,Airbus A320neo,easyJet Europe,landing,arrivee,525,261.5,95.5,,,,
2026-06-01,23:22:06,DLH23C,D-AIEQ,Airbus A321,Lufthansa,landing,arrivee,525,257.6,88.5,,,,
2026-06-01,23:24:58,EJU19TV,OE-LSQ,Airbus A320,easyJet Europe,landing,arrivee,525,258.4,88.4,,,,
2026-06-01,23:27:58,4951d3,CS-TNS,Airbus A320,TAP Air Portugal,approach,arrivee,500,0.0,98.9,,,,
2026-06-01,23:29:57,TAP43RY,EC-OCT,Airbus A321,TAP Air Portugal,landing,arrivee,475,254.8,93.7,,,,
2026-06-01,23:33:29,4952c9,CS-TVI,Airbus A320neo,TAP Air Portugal,landing,arrivee,475,250.8,97.4,,,,
2026-06-01,23:37:39,TAP39PT,CS-TPY,Embraer E190,TAP Air Portugal,landing,arrivee,500,238.4,94.1,,,,
2026-06-01,23:40:05,440072,OE-LSF,Airbus A320neo,easyJet Europe,landing,arrivee,575,240.8,85.9,,,,
2026-06-01,23:42:42,TAP1738,CS-TPV,Embraer E190,TAP Air Portugal,landing,arrivee,475,230.8,96.1,,,,
2026-06-01,23:47:38,RYR55AR,EI-HGR,Boeing 737 MAX 8,Ryanair,landing,arrivee,450,284.1,98.9,,,,
2026-06-01,23:49:55,GJT2XJ,LY-TUI,Boeing 737-800,,landing,arrivee,525,283.4,93.7,,,,
2026-06-01,23:59:14,AEE7PT,SX-NEB,Airbus A320neo,Aegean Airlines,landing,arrivee,525,247.2,91.7,,,,
2026-06-02,00:02:18,4b194c,HB-JPC,Airbus A321,Swiss,landing,arrivee,525,252.2,88.1,,,,
2026-06-02,00:11:47,495145,CS-TJE,Airbus A321,TAP Air Portugal,landing,arrivee,525,260.8,90.8,,,,
2026-06-02,00:14:26,TAP94KM,CS-TNU,Airbus A320,TAP Air Portugal,landing,arrivee,500,259.7,87.3,,,,
2026-06-02,00:25:12,TAP64M,CS-TJE,Airbus A321,TAP Air Portugal,landing,arrivee,475,273.4,94.9,,,,
2026-06-02,01:25:16,471f9e,HA-LZI,Airbus A321neo,SAS Scandinavian,landing,arrivee,525,237.6,95.3,,,,
2026-06-02,03:23:50,RZO128,CS-TSJ,Airbus A321neo,TAP Air Portugal,landing,arrivee,525,253.2,89.5,,,,
2026-06-02,03:26:38,TAP835,CS-TJN,Airbus A321neo,TAP Air Portugal,landing,arrivee,500,250.8,93.1,,,,
2026-06-02,04:49:11,TAP074,CS-TUC,Airbus A330-900neo,TAP Air Portugal,landing,arrivee,500,251.5,90.8,,,,
2026-06-02,04:57:11,495304,CS-TXD,Airbus A321neo,TAP Air Portugal,cruise,,550,0.0,67.8,,,,
2026-06-02,05:05:04,TAP082,CS-TUJ,Airbus A330-900neo,TAP Air Portugal,landing,arrivee,500,265.6,93.3,,,,
2026-06-02,05:07:46,TAP218,CS-TXG,Airbus A321neo,TAP Air Portugal,landing,arrivee,500,239.3,88.7,,,,
2026-06-02,05:15:59,495303,CS-TXC,Airbus A321neo,TAP Air Portugal,landing,arrivee,500,249.5,90.5,,,,
2026-06-02,05:22:57,49530a,CS-TXJ,Airbus A321neo,TAP Air Portugal,landing,arrivee,550,240.8,86.4,,,,
2026-06-02,05:27:24,4951f0,CS-TOP,Airbus A330-200,TAP Air Portugal,landing,arrivee,500,259.7,94.1,,,,
2026-06-02,05:35:21,TAP96AW,CS-TJM,Airbus A321neo,TAP Air Portugal,landing,arrivee,525,273.2,99.9,,,,
2026-06-02,05:51:35,49529a,CS-TTZ,Embraer E195,TAP Air Portugal,landing,arrivee,500,251.1,90.6,,,,
2026-06-02,05:54:33,4952d0,CS-TVP,Airbus A320neo,TAP Air Portugal,landing,arrivee,525,258.0,89.0,,,,
2026-06-02,06:12:04,TSC680,C-GUBC,Airbus A330-200,Air Transat,landing,arrivee,500,238.9,97.6,,,,
2026-06-02,06:19:53,TAP058,CS-TUI,Airbus A330-900neo,TAP Air Portugal,landing,arrivee,500,251.5,98.1,,,,
2026-06-02,06:23:22,495214,CS-TPT,Embraer E190,TAP Air Portugal,landing,arrivee,500,232.4,92.4,,,,
2026-06-02,06:27:28,e4910e,PR-AIW,Airbus A330-200,Azul,landing,arrivee,525,257.1,93.9,,,,
2026-06-02,06:31:48,TAP104,CS-TUG,Airbus A330-900neo,TAP Air Portugal,landing,arrivee,525,254.1,90.6,,,,
2026-06-02,06:35:05,TAY1MN,OE-IAM,737 490SF,Iberia,landing,arrivee,450,270.8,96.7,,,,
2026-06-02,06:42:08,TAP41SN,CS-TPQ,Embraer E190,TAP Air Portugal,landing,arrivee,525,240.0,86.7,,,,
2026-06-02,06:45:19,49520f,CS-TPO,Embraer E190,TAP Air Portugal,landing,arrivee,500,233.2,90.3,,,,
2026-06-02,06:48:14,AEA1159,EC-LVR,Boeing 737-800,Air Europa,landing,arrivee,500,264.7,92.0,,,,
2026-06-02,06:51:41,49514c,CS-TJL,Airbus A321neo,TAP Air Portugal,landing,arrivee,500,271.3,90.3,,,,
2026-06-02,06:57:30,4951d1,CS-TNQ,Airbus A320,TAP Air Portugal,approach,arrivee,525,0.0,97.8,,,,
2026-06-02,07:00:56,DTA650,D2-TEK,Boeing 777-300ER,TAAG Angola Airlines,landing,arrivee,425,276.5,95.0,,,,
2026-06-02,07:06:30,SRR6646,OY-SRM,767 25EBDSF,Star Air,landing,arrivee,500,233.5,98.3,,,,
2026-06-02,07:13:47,TAP441,CS-TJP,Airbus A321neo,TAP Air Portugal,landing,arrivee,475,254.8,94.0,,,,
2026-06-02,07:16:40,TAM8146,PT-MUJ,Boeing 777-300ER,LATAM Airlines,landing,arrivee,450,270.0,93.6,,,,
2026-06-02,07:19:39,TAP98CX,CS-TJF,Airbus A321,TAP Air Portugal,landing,arrivee,450,254.8,92.5,,,,
2026-06-02,07:23:47,3c542e,D-AEAN,A300 B4-622RF,Lufthansa,landing,arrivee,575,229.8,77.2,,,,
2026-06-02,07:27:28,IBE05TR,EC-MXY,Airbus A320neo,Iberia,landing,arrivee,425,249.1,99.8,,,,
2026-06-02,07:31:25,a52aed,N432DX,Airbus A330-900neo,Delta Air Lines,landing,arrivee,475,254.1,98.2,,,,
2026-06-02,07:37:04,ETD7LG,A6-BLN,Boeing 787-9,Etihad Airways,landing,arrivee,450,277.2,95.9,,,,
2026-06-02,07:41:40,4952cd,CS-TVM,Airbus A320neo,TAP Air Portugal,landing,arrivee,500,237.4,88.9,,,,
2026-06-02,07:45:03,4952d1,CS-TVQ,Airbus A320neo,TAP Air Portugal,landing,arrivee,525,235.6,84.8,,,,
2026-06-02,07:49:14,495218,CS-TPX,Embraer E190,TAP Air Portugal,landing,arrivee,475,229.1,91.2,,,,
2026-06-02,07:52:05,4952c3,CS-TVC,Airbus A320neo,TAP Air Portugal,landing,arrivee,500,235.6,95.1,,,,
2026-06-02,07:55:05,4952d2,CS-TVR,Airbus A320neo,TAP Air Portugal,landing,arrivee,450,261.5,99.0,,,,
2026-06-02,07:59:06,TAP1939,CS-TVO,Airbus A320neo,TAP Air Portugal,landing,arrivee,475,254.8,96.0,,,,
2026-06-02,08:02:24,49514f,CS-TJO,Airbus A321neo,TAP Air Portugal,landing,arrivee,475,237.4,90.2,,,,
2026-06-02,08:05:37,BLAST62,26902,E390,,landing,arrivee,500,236.7,92.0,,,,
2026-06-02,08:08:11,495292,CS-TTR,Airbus A319,TAP Air Portugal,landing,arrivee,525,240.8,85.2,,,,
2026-06-02,08:10:43,WPT3154,EC-OND,Airbus A330-300,,landing,arrivee,425,255.9,97.0,,,,
2026-06-02,08:14:59,TRA97Q,PH-YHS,Airbus A321neo,Transavia,landing,arrivee,500,242.4,86.1,,,,
2026-06-02,08:18:20,4b1a2b,HB-JXR,Airbus A320,Austrian Airlines,landing,arrivee,500,266.5,92.6,,,,
2026-06-02,08:21:25,4952ca,CS-TVJ,Airbus A320neo,TAP Air Portugal,landing,arrivee,500,252.4,86.2,,,,
2026-06-02,08:24:23,VLG46AX,EC-MPV,Airbus A321,Vueling,landing,arrivee,425,256.5,89.8,,,,
2026-06-02,08:27:11,RYR7GJ,EI-EBX,Boeing 737-800,Ryanair,landing,arrivee,450,274.5,92.6,,,,
2026-06-02,08:29:45,39de4d,F-HXSN,Airbus A320neo,Transavia France,landing,arrivee,475,260.8,90.5,,,,
2026-06-02,08:31:56,TAP647,CS-TNT,Airbus A320,TAP Air Portugal,landing,arrivee,475,237.4,96.1,,,,
2026-06-02,08:33:30,39e683,F-HZUD,A220 300,Air France,landing,arrivee,475,247.2,81.8,,,,
2026-06-02,08:36:09,49514a,CS-TJJ,Airbus A321neo,TAP Air Portugal,cruise,,550,0.0,82.7,,,,
2026-06-02,08:39:37,4d23dc,9H-VCQ,Challenger 350,VistaJet,landing,arrivee,525,222.2,70.8,,,,
2026-06-02,08:43:36,4d2257,9H-QDA,Boeing 737-800,Malta Air,landing,arrivee,475,273.9,94.8,,,,
2026-06-02,08:47:54,ACA812,C-GFUR,Airbus A330-300,Air Canada,landing,arrivee,425,244.3,98.4,,,,
2026-06-02,08:50:41,4ca801,EI-EKC,Boeing 737-800,Ryanair,landing,arrivee,450,273.9,94.0,,,,
2026-06-02,08:54:04,40815c,G-UZEE,Airbus A320neo,easyJet,landing,arrivee,500,248.0,88.4,,,,
2026-06-02,08:56:46,4952ce,CS-TVN,Airbus A320neo,TAP Air Portugal,landing,arrivee,475,246.7,87.7,,,,
2026-06-02,08:59:52,TAP675,CS-TJK,Airbus A321neo,TAP Air Portugal,landing,arrivee,450,257.2,91.1,,,,
2026-06-02,09:01:29,TRA27L,PH-HXA,Boeing 737-800,Transavia,landing,arrivee,450,265.6,86.3,,,,
2026-06-02,09:04:19,TAP012,CS-TUO,Airbus A330-900neo,TAP Air Portugal,landing,arrivee,450,260.0,87.4,,,,
2026-06-02,09:06:36,RYR63TC,EI-IJD,Boeing 737 MAX 8,Ryanair,landing,arrivee,425,262.4,94.0,,,,
2026-06-02,09:12:01,OBS852,CS-TCF,Airbus A330-900neo,TAP Air Portugal,landing,arrivee,450,253.2,97.7,,,,
2026-06-02,09:16:04,4952ac,CS-TUL,Airbus A330-900neo,TAP Air Portugal,landing,arrivee,500,241.1,96.1,,,,
2026-06-02,09:22:35,TAP3832,CS-TPW,Embraer E190,TAP Air Portugal,landing,arrivee,425,228.2,97.5,,,,
2026-06-02,09:26:45,503e9a,LY-WIZ,Airbus A320,GetJet Airlines,landing,arrivee,450,247.2,89.4,,,,
2026-06-02,09:31:39,TAP66PD,CS-TJI,Airbus A321neo,TAP Air Portugal,approach,arrivee,525,235.2,89.0,,,,
2026-06-02,09:34:08,TSC480,C-GUFZ,Airbus A330-200,Air Transat,landing,arrivee,400,230.6,97.8,,,,
2026-06-02,09:38:22,4bb202,TC-LPB,Airbus A321,Turkish Airlines,landing,arrivee,475,242.2,87.2,,,,
2026-06-02,09:40:49,LGL51P,LX-LBT,Boeing 737-700,Luxair,landing,arrivee,425,257.2,97.2,,,,
2026-06-02,09:43:36,49530b,CS-TXK,Airbus A321,TAP Air Portugal,landing,arrivee,475,248.0,88.9,,,,
2026-06-02,09:46:35,49530d,CS-TXM,Airbus A321,TAP Air Portugal,landing,arrivee,425,236.7,93.7,,,,
2026-06-02,09:49:16,a1f1a0,N224UA,Boeing 777-200,United Airlines,landing,arrivee,450,258.9,90.5,,,,
2026-06-02,09:53:06,BAW50P,G-TNEH,Airbus A321neo,British Airways,landing,arrivee,425,264.7,99.4,,,,
2026-06-02,09:56:13,EJU97VT,OE-IWW,Airbus A320,easyJet Europe,landing,arrivee,475,252.4,81.8,,,,
2026-06-02,09:59:20,EZY79RV,G-UZHO,Airbus A320neo,easyJet,landing,arrivee,425,247.2,98.1,,,,
2026-06-02,10:04:07,TAP1921,CS-TVK,Airbus A320neo,TAP Air Portugal,landing,arrivee,475,253.9,88.5,,,,
2026-06-02,10:08:11,DAL124,N426DZ,Airbus A330-900neo,Delta Air Lines,landing,arrivee,425,247.2,95.8,,,,
2026-06-02,10:10:46,4952ab,CS-TUK,Airbus A330-900neo,TAP Air Portugal,landing,arrivee,500,260.8,86.3,,,,
2026-06-02,10:15:40,495306,CS-TXF,Airbus A321neo,TAP Air Portugal,landing,arrivee,450,252.2,88.9,,,,
2026-06-02,10:18:39,a0a54a,N14016,Boeing 787-10,United Airlines,landing,arrivee,450,275.6,90.9,,,,
2026-06-02,10:22:34,49530c,CS-TXL,Airbus A321neo,TAP Air Portugal,landing,arrivee,500,259.7,80.7,,,,
2026-06-02,10:25:21,SILVR60,,,,landing,arrivee,525,230.8,83.7,,,,
2026-06-02,10:27:57,RYR3WD,EI-EVP,Boeing 737-800,Ryanair,landing,arrivee,425,266.5,93.9,,,,
2026-06-02,10:30:53,TAP204A,CS-TUH,Airbus A330-900neo,TAP Air Portugal,landing,arrivee,450,254.1,93.4,,,,
2026-06-02,10:33:35,4952c7,CS-TVG,Airbus A320neo,TAP Air Portugal,landing,arrivee,475,245.9,78.3,,,,
2026-06-02,10:36:26,34604d,EC-MUZ,Boeing 737-800,Air Europa,landing,arrivee,450,262.4,96.2,,,,
2026-06-02,10:39:19,4952b3,CS-TUS,Airbus A330-900neo,TAP Air Portugal,landing,arrivee,450,248.4,97.4,,,,
2026-06-02,10:42:35,TAP036,EC-OLG,Airbus A330-300,TAP Air Portugal,landing,arrivee,450,243.2,93.7,,,,
2026-06-02,10:45:33,TAP11MG,CS-TPV,Embraer E190,TAP Air Portugal,landing,arrivee,450,217.4,94.1,,,,
2026-06-02,10:48:08,TAP262M,CS-TXI,Airbus A321neo,TAP Air Portugal,landing,arrivee,425,252.4,96.7,,,,
2026-06-02,10:50:30,4ca303,EI-DLX,Boeing 737-800,Ryanair,landing,arrivee,475,284.1,93.3,,,,
2026-06-02,10:53:12,AZU8900,CS-TSW,Boeing 777-200,Azul,landing,arrivee,475,246.7,88.7,,,,
2026-06-02,10:56:31,c01755,C-FIVS,Boeing 777-300ER,Air Canada,landing,arrivee,475,258.9,94.8,,,,
2026-06-02,10:59:32,TAP1923,CS-TNU,Airbus A320,TAP Air Portugal,landing,arrivee,475,246.7,80.0,,,,
2026-06-02,11:01:59,4867c2,PH-AXG,Airbus A321neo,KLM,landing,arrivee,550,245.6,80.2,,,,
2026-06-02,11:04:54,TAP11SV,CS-TPY,Embraer E190,TAP Air Portugal,landing,arrivee,450,230.8,97.6,,,,
2026-06-02,11:08:03,495267,CS-TSG,Airbus A321neo,TAP Air Portugal,landing,arrivee,450,222.6,88.7,,,,
2026-06-02,11:10:36,AAL258,N886BR,Boeing 787-8,American Airlines,landing,arrivee,450,249.3,89.9,,,,
2026-06-02,11:13:31,44cdce,OO-SNN,Airbus A320,Brussels Airlines,landing,arrivee,475,239.8,82.8,,,,
2026-06-02,11:15:53,TAP052,CS-TXA,Airbus A321neo,TAP Air Portugal,landing,arrivee,450,258.9,89.9,,,,
2026-06-02,11:18:37,TAP68JP,CS-TTW,Embraer E195,TAP Air Portugal,landing,arrivee,450,258.4,92.7,,,,
2026-06-02,11:21:22,4ca73b,EI-EBS,Boeing 737-800,Ryanair,landing,arrivee,425,258.4,95.7,,,,
2026-06-02,11:24:09,3985a4,F-HBNE,Airbus A320,Air France,landing,arrivee,500,238.2,84.8,,,,
2026-06-02,11:26:49,TAP23SL,CS-TUD,Airbus A330-900neo,TAP Air Portugal,landing,arrivee,450,264.1,97.0,,,,
2026-06-02,11:29:34,4951cb,CS-TNK,Airbus A320,TAP Air Portugal,landing,arrivee,500,250.8,86.9,,,,
2026-06-02,11:32:41,RYR9654,EI-IFW,Boeing 737 MAX 8,Ryanair,landing,arrivee,425,271.3,92.5,,,,
2026-06-02,11:35:58,DLH39X,D-AIEF,Airbus A321neo,Lufthansa,landing,arrivee,475,266.5,93.1,,,,
2026-06-02,11:46:33,4952d2,CS-TVR,Airbus A320neo,TAP Air Portugal,landing,arrivee,450,252.4,93.6,,,,
2026-06-02,11:56:41,49521a,CS-TPZ,Embraer E190,TAP Air Portugal,landing,arrivee,400,233.2,86.7,,,,
2026-06-02,11:59:21,UAE3MV,A6-EPF,Boeing 777-300ER,Emirates,landing,arrivee,425,276.5,92.1,,,,
2026-06-02,12:09:32,e4818b,PT-MUC,Boeing 777-300ER,LATAM Airlines,landing,arrivee,350,265.6,93.7,,,,
2026-06-02,12:12:10,EWG37V,OK-TSU,Boeing 737-800,Eurowings,landing,arrivee,450,269.7,95.8,,,,
2026-06-02,12:14:42,RZO120,CS-TKP,Airbus A320,TAP Air Portugal,landing,arrivee,450,257.2,93.2,,,,
2026-06-02,12:16:25,RYR12VQ,9H-QDN,Boeing 737-800,Malta Air,landing,arrivee,450,263.2,93.8,,,,
2026-06-02,12:20:04,TCV7206,D4-CCJ,Boeing 737 MAX 8,TACV Cabo Verde Airlines,landing,arrivee,375,243.5,98.3,,,,
2026-06-02,12:22:25,4952a5,CS-TUE,Airbus A330-900neo,TAP Air Portugal,landing,arrivee,425,252.2,96.5,,,,
2026-06-02,12:34:35,344481,EC-LXQ,Airbus A320,Iberia,landing,arrivee,425,251.5,89.0,,,,
2026-06-02,12:37:40,EJU38DF,OE-LSF,Airbus A320neo,easyJet Europe,landing,arrivee,450,248.0,91.6,,,,
2026-06-02,12:40:59,BAW5LI,G-TTNV,Airbus A320neo,British Airways,landing,arrivee,375,222.6,96.9,,,,
2026-06-02,12:47:00,TAP1902,CS-TTR,Airbus A319,TAP Air Portugal,landing,arrivee,450,240.8,90.1,,,,
2026-06-02,12:50:11,49514e,CS-TJN,Airbus A321neo,TAP Air Portugal,landing,arrivee,475,226.7,86.0,,,,
2026-06-02,12:52:42,RYR32KG,9H-QAG,Boeing 737-800,Malta Air,landing,arrivee,450,261.5,93.0,,,,
2026-06-02,12:55:38,EJU94NF,OE-IBS,Airbus A320,easyJet Europe,landing,arrivee,450,256.3,92.1,,,,
2026-06-02,12:58:36,440c35,OE-LSA,Airbus A320neo,easyJet Europe,landing,arrivee,450,243.5,90.2,,,,
2026-06-02,13:05:11,TAP3961,CS-TXE,Airbus A321neo,TAP Air Portugal,landing,arrivee,375,255.6,96.9,,,,
2026-06-02,13:09:23,495211,CS-TPQ,Embraer E190,TAP Air Portugal,landing,arrivee,450,242.4,93.8,,,,
2026-06-02,13:14:03,TVF46JB,F-HTVC,Boeing 737-800,Transavia France,landing,arrivee,450,268.9,85.4,,,,
2026-06-02,13:23:05,RZO122,CS-TSI,Airbus A321neo,TAP Air Portugal,landing,arrivee,400,260.8,98.5,,,,
2026-06-02,13:32:16,DLH47T,D-AIEC,Airbus A321neo,Lufthansa,landing,arrivee,450,240.6,88.0,,,,
2026-06-02,13:34:51,48e959,SP-LYB,Boeing 737 MAX 8,LOT Polish Airlines,landing,arrivee,450,264.8,90.1,,,,
2026-06-02,13:37:54,TAP1151,CS-TTX,Embraer E195,TAP Air Portugal,landing,arrivee,475,249.8,86.2,,,,
2026-06-02,13:40:46,TAP1335,CS-TNM,Airbus A320,TAP Air Portugal,landing,arrivee,400,251.7,99.4,,,,
2026-06-02,13:43:33,TAP86GM,CS-TVH,Airbus A320neo,TAP Air Portugal,landing,arrivee,425,251.5,91.0,,,,
2026-06-02,13:46:03,4caee4,EI-ILD,Boeing 737 MAX 8,Ryanair,landing,arrivee,400,258.9,94.7,,,,
2026-06-02,13:51:46,495290,CS-TTP,Airbus A319,TAP Air Portugal,landing,arrivee,450,245.6,94.0,,,,
2026-06-02,13:54:28,4952c9,CS-TVI,Airbus A320neo,TAP Air Portugal,landing,arrivee,475,257.2,86.7,,,,
2026-06-02,13:57:12,4b1a1f,HB-JXF,Airbus A320,Austrian Airlines,landing,arrivee,425,234.8,90.8,,,,
2026-06-02,13:59:52,49514c,CS-TJL,Airbus A321neo,TAP Air Portugal,landing,arrivee,450,259.7,86.7,,,,
2026-06-02,14:02:51,495212,CS-TPR,Embraer E190,TAP Air Portugal,landing,arrivee,425,238.2,94.2,,,,
2026-06-02,14:05:35,4b1a1e,HB-JXE,Airbus A320,Austrian Airlines,landing,arrivee,450,249.1,94.1,,,,
2026-06-02,14:09:03,HFM621,9H-ALC,Airbus A330-200,,landing,arrivee,450,260.4,93.2,,,,
2026-06-02,14:11:32,4951d3,CS-TNS,Airbus A320,TAP Air Portugal,landing,arrivee,450,259.7,87.8,,,,
2026-06-02,14:14:02,EJU76WL,OE-IZQ,Airbus A320,easyJet Europe,approach,arrivee,425,238.9,93.7,,,,
2026-06-02,14:17:07,4d211c,,,,approach,arrivee,375,89.1,81.5,,,,
2026-06-02,14:21:52,TAP1013,CS-TJJ,Airbus A321neo,TAP Air Portugal,landing,arrivee,450,248.4,92.6,,,,
2026-06-02,14:24:49,495153,CS-TJS,Airbus A321neo,TAP Air Portugal,landing,arrivee,450,264.8,98.1,,,,
2026-06-02,14:27:53,4951ef,CS-TOO,Airbus A330-200,TAP Air Portugal,landing,arrivee,500,245.9,87.7,,,,
2026-06-02,14:30:32,KLM97N,PH-AXI,Airbus A321neo,KLM,landing,arrivee,475,241.5,95.9,,,,
2026-06-02,14:33:25,VLG8JM,EC-MJR,Airbus A321,Vueling,landing,arrivee,425,247.2,90.5,,,,
2026-06-02,14:35:57,NSZ3616,SE-RPF,Boeing 737-800,Norwegian Air Sweden,landing,arrivee,450,253.2,90.1,,,,
2026-06-02,14:38:50,TAP084,CS-TUR,Airbus A330-900neo,TAP Air Portugal,landing,arrivee,450,250.0,92.6,,,,
2026-06-02,14:41:31,TAP88TM,CS-TNT,Airbus A320,TAP Air Portugal,landing,arrivee,450,239.8,82.7,,,,
2026-06-02,14:44:53,440d6e,OE-LSQ,Airbus A320,easyJet Europe,landing,arrivee,475,235.9,94.1,,,,
2026-06-02,14:50:11,EJU51EP,OE-LUE,Airbus A320neo,easyJet Europe,landing,arrivee,475,252.4,86.9,,,,
2026-06-02,14:53:59,4b1698,HB-IOM,Airbus A321,Swiss,landing,arrivee,400,268.9,95.6,,,,
2026-06-02,14:58:45,4952d1,CS-TVQ,Airbus A320neo,TAP Air Portugal,landing,arrivee,425,261.5,86.6,,,,
2026-06-02,15:01:36,TAP823,CS-TVA,Airbus A320neo,TAP Air Portugal,landing,arrivee,500,254.8,91.7,,,,
2026-06-02,15:04:21,495038,CS-TAX,Embraer E195,TAP Air Portugal,landing,arrivee,450,261.5,96.7,,,,
2026-06-02,15:07:15,TAP1127,CS-TPX,Embraer E190,TAP Air Portugal,landing,arrivee,450,239.1,93.5,,,,
2026-06-02,15:09:40,4ca9ed,EI-EVP,Boeing 737-800,Ryanair,landing,arrivee,475,260.0,92.5,,,,
2026-06-02,15:11:12,9HGME,,,,cruise,,600,205.0,80.7,,,,
2026-06-02,15:12:42,TAP541W,CS-TTZ,Embraer E195,TAP Air Portugal,landing,arrivee,425,275.6,96.8,,,,
2026-06-02,15:15:18,BTI8WF,YL-CSE,C Series 300,Air Baltic,landing,arrivee,475,227.4,88.9,,,,
2026-06-02,15:17:57,3453cc,EC-MQP,Boeing 737-800,Air Europa,landing,arrivee,475,265.6,92.3,,,,
2026-06-02,15:20:40,EZY35DC,G-EZDJ,Airbus A319,easyJet,landing,arrivee,450,242.2,94.0,,,,
2026-06-02,15:23:36,RZO151A,CS-TSY,Airbus A320,TAP Air Portugal,landing,arrivee,500,216.7,78.0,,,,
2026-06-02,15:25:59,AFR37EQ,F-GKXV,Airbus A320,Air France,landing,arrivee,450,265.8,92.8,,,,
2026-06-02,15:28:52,4c01f3,YU-APT,Airbus A320,Air Serbia,landing,arrivee,450,248.0,88.2,,,,
2026-06-02,15:31:53,TAP36GS,CS-TVP,Airbus A320neo,TAP Air Portugal,landing,arrivee,475,251.7,97.0,,,,
2026-06-02,15:34:43,495214,CS-TPT,Embraer E190,TAP Air Portugal,landing,arrivee,450,233.2,84.7,,,,
2026-06-02,15:37:18,BAW5DW,G-TTNX,Airbus A320neo,British Airways,landing,arrivee,450,229.1,91.2,,,,
2026-06-02,15:40:26,495216,CS-TPV,Embraer E190,TAP Air Portugal,cruise,,475,0.0,86.2,,,,
2026-06-02,15:43:13,TAP17RA,CS-TPO,Embraer E190,TAP Air Portugal,landing,arrivee,450,236.3,99.0,,,,
2026-06-02,15:45:48,495146,CS-TJF,Airbus A321,TAP Air Portugal,approach,arrivee,425,263.2,94.9,,,,
2026-06-02,15:48:29,FIN96W,OH-LXC,Airbus A320,Finnair,landing,arrivee,425,248.4,95.5,,,,
2026-06-02,15:51:10,THY4GH,TC-LSY,Airbus A321neo,Turkish Airlines,landing,arrivee,450,250.0,91.8,,,,
2026-06-02,15:53:44,DLH03H,D-AIRM,Airbus A321,Lufthansa,landing,arrivee,425,248.0,98.0,,,,
2026-06-02,15:56:31,495215,CS-TPU,Embraer E190,TAP Air Portugal,landing,arrivee,400,225.9,99.8,,,,
2026-06-02,15:59:00,TAP90EH,CS-TXM,Airbus A321,TAP Air Portugal,landing,arrivee,450,263.2,95.4,,,,
2026-06-02,16:02:13,06a1c8,A7-CGC,G650 ER,Qatar Executive,landing,arrivee,425,210.2,90.6,,,,
2026-06-02,16:04:47,EZY46AK,G-UZME,Airbus A321neo,easyJet,landing,arrivee,475,250.8,96.5,,,,
2026-06-02,16:07:40,TAP571,CS-TNQ,Airbus A320,TAP Air Portugal,landing,arrivee,400,253.2,99.5,,,,
2026-06-02,16:10:06,TAP83RS,CS-TNL,Airbus A320,TAP Air Portugal,landing,arrivee,425,268.2,97.4,,,,
2026-06-02,16:12:53,RYR9PX,9H-QAG,Boeing 737-800,Malta Air,landing,arrivee,425,256.3,87.2,,,,
2026-06-02,16:16:07,EJU9582,OE-LSV,Airbus A320neo,easyJet Europe,landing,arrivee,425,258.0,97.4,,,,
2026-06-02,16:18:55,TAP669,CS-TXG,Airbus A321neo,TAP Air Portugal,landing,arrivee,400,266.5,98.9,,,,
2026-06-02,16:21:39,AEE2PT,SX-NAK,Airbus A321,Aegean Airlines,landing,arrivee,450,250.0,95.0,,,,
2026-06-02,16:24:26,EJU98EV,OE-INE,Airbus A320,easyJet Europe,landing,arrivee,450,249.1,98.8,,,,
2026-06-02,16:27:13,4951d6,CS-TNV,Airbus A320,TAP Air Portugal,landing,arrivee,475,252.4,85.4,,,,
2026-06-02,16:37:26,RYR67UV,EI-DYA,Boeing 737-800,Ryanair,landing,arrivee,425,264.7,95.3,,,,
2026-06-02,16:46:02,EJU45HZ,OE-IDU,Airbus A320,easyJet Europe,landing,arrivee,475,253.9,90.1,,,,
2026-06-02,16:49:42,TAP120R,CS-TJH,Airbus A321,TAP Air Portugal,landing,arrivee,450,264.1,96.4,,,,
2026-06-02,16:54:39,RYR55AR,9H-QAN,Boeing 737-800,Malta Air,landing,arrivee,425,269.7,94.5,,,,
2026-06-02,16:57:33,RYR59QQ,EI-EST,Boeing 737-800,Ryanair,landing,arrivee,425,261.5,97.6,,,,
2026-06-02,17:00:38,TAM8150,CC-BGV,Boeing 787-9,LATAM Airlines,landing,arrivee,450,261.5,97.6,,,,
2026-06-02,17:03:24,49514f,CS-TJO,Airbus A321neo,TAP Air Portugal,landing,arrivee,450,245.6,89.7,,,,
2026-06-02,17:06:23,495301,CS-TXA,Airbus A321neo,TAP Air Portugal,landing,arrivee,450,229.8,93.1,,,,
2026-06-02,17:08:57,TAP1929,CS-TVL,Airbus A320,TAP Air Portugal,landing,arrivee,425,252.4,87.4,,,,
2026-06-02,17:12:08,TAP3928,CS-TUL,Airbus A330-900neo,TAP Air Portugal,landing,arrivee,450,241.5,90.3,,,,
2026-06-02,17:14:59,345107,EC-MJC,Airbus A320,Vueling,landing,arrivee,450,244.3,96.7,,,,
2026-06-02,17:18:51,RZO9001,CS-TSH,Airbus A321neo,Azores Airlines,landing,arrivee,450,230.0,97.4,,,,
2026-06-02,17:21:16,4952ca,CS-TVJ,Airbus A320neo,TAP Air Portugal,landing,arrivee,450,259.7,93.1,,,,
2026-06-02,17:24:28,TAP070,CS-TUN,Airbus A330-900neo,TAP Air Portugal,landing,arrivee,475,253.2,88.7,,,,
2026-06-02,17:27:25,4952ce,CS-TVN,Airbus A320neo,TAP Air Portugal,landing,arrivee,475,257.2,88.8,,,,
2026-06-02,17:30:17,4b17f9,HB-JCB,C Series 300,Swiss,landing,arrivee,400,246.7,95.1,,,,
2026-06-02,17:32:49,48c2a4,SP-RZE,Boeing 737 MAX 8,Buzz,landing,arrivee,400,271.3,97.8,,,,
2026-06-02,17:35:37,738061,4X-EKT,Boeing 737-800,El Al,landing,arrivee,450,258.7,86.4,,,,
2026-06-02,17:37:34,RAM982,CN-RGM,Boeing 737-800,Royal Air Maroc,landing,arrivee,425,267.6,95.2,,,,
2026-06-02,17:41:03,4d211f,9H-GVA,GL5T,,approach,arrivee,325,56.3,72.8,,,,
2026-06-02,17:45:00,TVF50ZX,F-HUYU,Boeing 737-800,Transavia France,landing,arrivee,425,261.5,92.2,,,,
2026-06-02,17:48:01,440072,OE-LSF,Airbus A320neo,easyJet Europe,landing,arrivee,450,244.8,97.0,,,,
2026-06-02,17:50:32,4d23a4,9H-GKK,Airbus A320,Eurowings,landing,arrivee,400,254.1,99.3,,,,
2026-06-02,17:56:59,TAP298,CS-TUQ,Airbus A330-900neo,TAP Air Portugal,landing,arrivee,450,254.8,99.1,,,,
2026-06-02,17:59:57,440c31,OE-LKY,Airbus A319,easyJet Europe,landing,arrivee,475,238.9,89.4,,,,
2026-06-02,18:02:30,440b1e,OE-IWW,Airbus A320,easyJet Europe,landing,arrivee,450,240.0,98.8,,,,
2026-06-02,18:05:03,RYR5KT,9H-QDN,Boeing 737-800,Malta Air,landing,arrivee,400,250.8,95.8,,,,
2026-06-02,18:08:11,TAP553R,CS-TVM,Airbus A320neo,TAP Air Portugal,landing,arrivee,400,248.0,95.9,,,,
2026-06-02,18:11:16,345615,EC-MTO,Bombardier CRJ-1000,Air Nostrum,landing,arrivee,425,229.8,92.1,,,,
2026-06-02,18:14:05,49521a,CS-TPZ,Embraer E190,TAP Air Portugal,landing,arrivee,400,236.7,98.6,,,,
2026-06-02,18:16:55,VLG4JP,EC-MMU,Airbus A321,Vueling,landing,arrivee,400,254.1,98.0,,,,
2026-06-02,18:19:35,AFR24MF,F-HEPI,Airbus A320,Air France,landing,arrivee,475,244.3,88.8,,,,
2026-06-02,18:24:44,TAP1478,CS-TJM,Airbus A321neo,TAP Air Portugal,landing,arrivee,450,239.1,90.8,,,,
2026-06-02,18:27:37,BAW506,G-NEOZ,Airbus A321neo,British Airways,landing,arrivee,400,248.7,96.7,,,,
2026-06-02,18:33:12,486742,PH-AXD,Airbus A321neo,KLM,landing,arrivee,425,249.8,95.6,,,,
2026-06-02,18:44:24,TAY2MN,OE-IAM,737 490SF,Iberia,landing,arrivee,475,236.7,92.7,,,,
2026-06-02,18:48:04,TAP1455,CS-TVH,Airbus A320neo,TAP Air Portugal,landing,arrivee,475,212.6,90.5,,,,
2026-06-02,18:50:48,TAP10EV,CS-TPR,Embraer E190,TAP Air Portugal,landing,arrivee,450,218.4,92.6,,,,
2026-06-02,18:53:12,4952c3,CS-TVC,Airbus A320neo,TAP Air Portugal,landing,arrivee,425,236.7,95.0,,,,
2026-06-02,18:56:22,TAP1931,CS-TPS,Embraer E190,TAP Air Portugal,landing,arrivee,400,241.5,95.9,,,,
2026-06-02,18:59:12,TAP35BL,CS-TVD,Airbus A320neo,TAP Air Portugal,landing,arrivee,450,230.0,97.7,,,,
2026-06-02,19:01:48,TAP1862,CS-TVR,Airbus A320neo,TAP Air Portugal,landing,arrivee,425,264.1,98.6,,,,
2026-06-02,19:04:35,4952cf,CS-TVO,Airbus A320neo,TAP Air Portugal,landing,arrivee,400,256.5,97.0,,,,
2026-06-02,19:07:36,48c225,SP-RSF,Boeing 737-800,Buzz,landing,arrivee,425,255.6,95.2,,,,
2026-06-02,19:10:12,3964ef,F-GZHP,Boeing 737-800,Transavia France,landing,arrivee,475,275.6,95.6,,,,
2026-06-02,19:13:23,TAP1906,CS-TPX,Embraer E190,TAP Air Portugal,landing,arrivee,450,247.2,93.7,,,,
2026-06-02,19:15:54,EWG25P,D-AEEE,Airbus A321,Eurowings,landing,arrivee,475,257.2,84.2,,,,
2026-06-02,19:18:37,AEA1157,EC-NUZ,Boeing 737-800,Air Europa,landing,arrivee,425,285.6,94.9,,,,
2026-06-02,19:22:03,4952a1,CS-TUA,Airbus A330-900neo,TAP Air Portugal,landing,arrivee,475,232.2,98.9,,,,
2026-06-02,19:24:54,497cdf,,,,landing,arrivee,475,243.0,94.4,,,,
2026-06-02,19:27:04,40756f,G-EZGY,Airbus A320,easyJet,landing,arrivee,450,258.0,95.0,,,,
2026-06-02,19:29:49,440057,OE-IVE,Airbus A320,easyJet Europe,landing,arrivee,425,263.9,94.6,,,,
2026-06-02,19:32:24,8963d2,A6-EPC,Boeing 777-300ER,Emirates,landing,arrivee,450,267.2,92.6,,,,
2026-06-02,19:34:55,RYR9PA,EI-HMS,Boeing 737 MAX 8,Ryanair,landing,arrivee,425,259.7,92.6,,,,
2026-06-02,19:38:09,TRA69R,PH-YHR,Airbus A321neo,Transavia,landing,arrivee,450,236.7,90.6,,,,
2026-06-02,19:40:52,495038,CS-TAX,Embraer E195,TAP Air Portugal,landing,arrivee,475,257.2,85.4,,,,
2026-06-02,19:43:36,WZZ477,9H-WAS,Airbus A321,Wizz Air,landing,arrivee,450,257.6,89.1,,,,
2026-06-02,19:46:17,495150,CS-TJP,Airbus A321neo,TAP Air Portugal,landing,arrivee,425,258.9,97.3,,,,
2026-06-02,19:49:10,RZO124,CS-TKP,Airbus A320,TAP Air Portugal,landing,arrivee,450,246.7,97.2,,,,
2026-06-02,19:59:20,IBE0537,EC-NCM,Airbus A320neo,Iberia,landing,arrivee,400,259.7,94.2,,,,
2026-06-02,20:04:18,TAP671,CS-TXK,Airbus A321,TAP Air Portugal,landing,arrivee,475,256.3,83.2,,,,
2026-06-02,20:08:31,RYR7VL,EI-EBD,Boeing 737-800,Ryanair,landing,arrivee,400,266.5,94.0,,,,
2026-06-02,20:11:17,495219,CS-TPY,Embraer E190,TAP Air Portugal,landing,arrivee,425,255.6,97.5,,,,
2026-06-02,20:14:26,40653d,G-EZGN,Airbus A319,easyJet,landing,arrivee,450,227.1,88.8,,,,
2026-06-02,20:17:16,495297,CS-TTW,Embraer E195,TAP Air Portugal,landing,arrivee,450,255.6,89.4,,,,
2026-06-02,20:19:45,RYR65MU,9H-QEK,Boeing 737-800,Malta Air,landing,arrivee,450,241.5,95.3,,,,
2026-06-02,20:22:40,KPO129,N129NS,GIV SP,Unknown US,landing,arrivee,475,239.1,93.3,,,,
2026-06-02,20:25:23,WMT537,9H-WDQ,Airbus A321,Wizz Air,landing,arrivee,425,244.8,91.1,,,,
2026-06-02,20:28:05,TAP94VA,CS-TTR,Airbus A319,TAP Air Portugal,landing,arrivee,375,235.9,97.8,,,,
2026-06-02,20:30:51,TAP53ED,CS-TVG,Airbus A320neo,TAP Air Portugal,landing,arrivee,450,233.9,90.8,,,,
2026-06-02,20:33:26,TAP93ZS,CS-TNN,Airbus A320,TAP Air Portugal,landing,arrivee,400,246.3,98.3,,,,
2026-06-02,20:38:50,495145,CS-TJE,Airbus A321,TAP Air Portugal,landing,arrivee,450,253.5,86.4,,,,
2026-06-02,20:44:00,VLG8UE,EC-JSY,Airbus A320,Vueling,landing,arrivee,450,246.7,90.8,,,,
2026-06-02,20:48:45,4951d5,CS-TNU,Airbus A320,TAP Air Portugal,landing,arrivee,425,254.8,83.7,,,,
2026-06-02,20:54:30,495216,CS-TPV,Embraer E190,TAP Air Portugal,landing,arrivee,450,225.0,92.1,,,,
2026-06-02,20:57:18,45cab5,OY-RUU,Airbus A321,Corendon Airlines,landing,arrivee,450,250.8,89.0,,,,
2026-06-02,20:59:44,TAP755,CS-TJI,Airbus A321neo,TAP Air Portugal,landing,arrivee,425,264.8,96.1,,,,
2026-06-02,21:01:53,495299,CS-TTY,Embraer E195,TAP Air Portugal,landing,arrivee,450,249.1,91.9,,,,
2026-06-02,21:04:49,TAP1313,CS-TPQ,Embraer E190,TAP Air Portugal,landing,arrivee,425,237.4,95.4,,,,
2026-06-02,21:08:05,4bb87a,TC-NCZ,Airbus A320neo,Pegasus,landing,arrivee,450,213.4,88.5,,,,
2026-06-02,21:09:43,4951cb,CS-TNK,Airbus A320,TAP Air Portugal,landing,arrivee,500,244.8,91.7,,,,
2026-06-02,21:12:58,096023,D4-CCI,Boeing 737-700,Cabo Verde Airlines,landing,arrivee,400,246.3,98.3,,,,
2026-06-02,21:16:36,ELY375,4X-EKI,Boeing 737-800,El Al,landing,arrivee,375,277.2,93.6,,,,
2026-06-02,21:19:51,EWG6TR,9H-EWH,Airbus A320,Eurowings,landing,arrivee,425,255.6,98.2,,,,
2026-06-02,21:24:26,EZY26YM,G-EZBT,Airbus A319,easyJet,landing,arrivee,475,244.3,78.3,,,,
2026-06-02,21:28:35,495298,CS-TTX,Embraer E195,TAP Air Portugal,landing,arrivee,450,254.8,98.4,,,,
2026-06-02,21:30:42,49529a,CS-TTZ,Embraer E195,TAP Air Portugal,landing,arrivee,500,266.5,83.8,,,,
2026-06-02,21:33:33,TAP437X,CS-TNT,Airbus A320,TAP Air Portugal,landing,arrivee,500,248.4,80.7,,,,
2026-06-02,21:36:03,RZO134,CS-TKQ,Airbus A320,TAP Air Portugal,landing,arrivee,400,254.8,94.8,,,,
2026-06-02,21:37:42,RYR9QJ,9H-QEP,Boeing 737-800,Malta Air,landing,arrivee,425,249.1,98.1,,,,
2026-06-02,21:39:47,4d21f7,9H-QAK,Boeing 737-800,Malta Air,landing,arrivee,425,271.7,94.4,,,,
2026-06-02,21:46:00,TAP863Y,CS-TVK,Airbus A320neo,TAP Air Portugal,landing,arrivee,400,254.1,98.8,,,,
2026-06-02,21:52:07,EJU32GK,OE-IBF,Airbus A320,easyJet Europe,landing,arrivee,475,228.4,61.8,,,,
2026-06-02,21:55:06,TAP1243,CS-TJN,Airbus A321neo,TAP Air Portugal,landing,arrivee,500,262.2,70.6,,,,
2026-06-02,21:57:05,RYR647X,9H-QAX,Boeing 737-800,Malta Air,landing,arrivee,400,274.5,93.2,,,,
2026-06-02,21:59:29,RYR14SC,EI-HGX,Boeing 737 MAX 8,Ryanair,landing,arrivee,375,267.2,98.9,,,,
2026-06-02,22:06:04,TAP76EN,CS-TVF,Airbus A320neo,TAP Air Portugal,landing,arrivee,475,232.4,90.2,,,,
2026-06-02,22:11:47,49514b,CS-TJK,Airbus A321neo,TAP Air Portugal,landing,arrivee,400,266.5,98.2,,,,
2026-06-02,22:14:43,4ca97b,EI-EST,Boeing 737-800,Ryanair,landing,arrivee,400,272.8,94.2,,,,
2026-06-02,22:18:11,4cad7c,EI-NSC,Airbus A320neo,Aer Lingus,landing,arrivee,425,239.8,93.4,,,,
2026-06-02,22:21:03,AEE7PT,SX-NAU,Airbus A321neo,,landing,arrivee,450,247.2,92.4,,,,
2026-06-02,22:22:50,RYR40MN,EI-ILD,Boeing 737 MAX 8,Ryanair,landing,arrivee,425,261.7,93.3,,,,
2026-06-02,22:24:51,440d10,OE-IBS,Airbus A320,easyJet Europe,landing,arrivee,425,242.4,88.5,,,,
2026-06-02,22:28:17,TAP827V,CS-TJJ,Airbus A321neo,TAP Air Portugal,landing,arrivee,400,251.5,97.6,,,,
2026-06-02,22:32:56,TVF34QV,F-HUYH,Boeing 737-800,Transavia France,landing,arrivee,400,266.5,88.3,,,,
2026-06-02,22:35:58,3475c9,EC-OCT,Airbus A321,TAP Air Portugal,approach,arrivee,400,258.4,97.5,,,,
2026-06-02,22:41:36,440072,OE-LSF,Airbus A320neo,easyJet Europe,landing,arrivee,425,255.6,91.8,,,,
2026-06-02,22:44:49,495215,CS-TPU,Embraer E190,TAP Air Portugal,landing,arrivee,425,219.8,84.5,,,,
2026-06-02,22:47:07,495290,CS-TTP,Airbus A319,TAP Air Portugal,landing,arrivee,400,246.7,94.9,,,,
2026-06-02,22:49:32,TAP127M,CS-TNM,Airbus A320,TAP Air Portugal,landing,arrivee,425,258.4,80.8,,,,
2026-06-02,22:53:04,TAP1933,CS-TPO,Embraer E190,TAP Air Portugal,landing,arrivee,400,237.4,90.1,,,,
2026-06-02,22:57:57,4caa57,EI-EVR,Boeing 737-800,Ryanair,landing,arrivee,425,259.7,88.7,,,,
2026-06-02,23:03:29,4952c9,CS-TVI,Airbus A320neo,TAP Air Portugal,landing,arrivee,425,258.4,93.8,,,,
2026-06-02,23:11:00,EJU69VE,OE-IWW,Airbus A320,easyJet Europe,landing,arrivee,425,243.0,85.4,,,,
2026-06-02,23:13:49,4cadc2,EI-IGE,Boeing 737 MAX 8,Ryanair,landing,arrivee,475,271.3,88.8,,,,
2026-06-02,23:18:34,RYR20EE,EI-EFX,Boeing 737-800,Ryanair,landing,arrivee,425,253.9,95.8,,,,
2026-06-02,23:21:43,TAP837,CS-TJL,Airbus A321neo,TAP Air Portugal,landing,arrivee,425,252.4,94.2,,,,
2026-06-02,23:24:35,TAP555,CS-TNS,Airbus A320,TAP Air Portugal,landing,arrivee,450,257.2,90.3,,,,
2026-06-02,23:27:14,TAP43RY,CS-TNQ,Airbus A320,TAP Air Portugal,landing,arrivee,450,265.6,98.0,,,,
2026-06-02,23:29:37,TVF47RH,F-HTVG,Boeing 737-800,Transavia France,landing,arrivee,400,261.7,93.5,,,,
2026-06-02,23:32:12,EJU64TB,OE-LSV,Airbus A320neo,easyJet Europe,landing,arrivee,450,239.1,94.1,,,,
2026-06-02,23:34:17,IBE0539,EC-NAY,Airbus A320neo,Iberia,landing,arrivee,425,235.6,91.7,,,,
2026-06-02,23:36:32,RZO3152,CS-TSY,Airbus A320,TAP Air Portugal,landing,arrivee,425,249.1,83.2,,,,
2026-06-02,23:38:47,49514f,CS-TJO,Airbus A321neo,TAP Air Portugal,landing,arrivee,425,264.8,96.6,,,,
2026-06-02,23:40:39,RYR16GW,9H-QAG,Boeing 737-800,Malta Air,landing,arrivee,425,255.9,93.0,,,,
2026-06-02,23:43:20,4ca9ed,EI-EVP,Boeing 737-800,Ryanair,landing,arrivee,425,265.8,92.0,,,,
2026-06-02,23:46:26,TAP1369,CS-TVQ,Airbus A320neo,TAP Air Portugal,landing,arrivee,425,259.7,92.2,,,,
2026-06-02,23:49:21,KLM35W,PH-AXB,Airbus A321neo,KLM,landing,arrivee,425,263.2,91.1,,,,
2026-06-02,23:51:36,EJU36BG,OE-LSQ,Airbus A320,easyJet Europe,landing,arrivee,450,232.4,88.0,,,,
2026-06-02,23:53:27,440115,OE-LUE,Airbus A320neo,easyJet Europe,landing,arrivee,450,243.9,84.3,,,,
2026-06-02,23:55:57,4baac8,TC-JVH,Boeing 737-800,Turkish Airlines,landing,arrivee,450,256.5,91.7,,,,
2026-06-02,23:58:44,TAP94KM,CS-TNV,Airbus A320,TAP Air Portugal,landing,arrivee,425,263.2,86.0,,,,
2026-06-03,00:02:10,EJU7690,OE-IDU,Airbus A320,easyJet Europe,landing,arrivee,375,240.8,96.3,,,,
2026-06-03,00:16:30,EJU7680,OE-LSA,Airbus A320neo,easyJet Europe,landing,arrivee,475,241.7,97.6,,,,
2026-06-03,00:19:10,TAP39PT,CS-TNL,Airbus A320,TAP Air Portugal,landing,arrivee,425,253.5,98.9,,,,
2026-06-03,00:22:25,AFR64PQ,F-GKXS,Airbus A320,Air France,landing,arrivee,475,239.1,77.2,,,,
2026-06-03,00:37:34,4951d2,CS-TNR,Airbus A320,TAP Air Portugal,landing,arrivee,400,225.0,97.1,,,,
2026-06-03,00:53:24,TAP645,CS-TJF,Airbus A321,TAP Air Portugal,landing,arrivee,400,244.8,99.4,,,,
2026-06-03,04:35:17,495309,CS-TXI,Airbus A321neo,TAP Air Portugal,landing,arrivee,475,239.8,89.7,,,,
2026-06-03,04:38:22,TAP232Y,CS-TXD,Airbus A321neo,TAP Air Portugal,landing,arrivee,450,244.3,99.6,,,,
2026-06-03,04:46:17,4952a6,CS-TUF,Airbus A330-900neo,TAP Air Portugal,landing,arrivee,475,235.9,93.3,,,,
2026-06-03,04:57:41,495267,CS-TSG,Airbus A321neo,TAP Air Portugal,landing,arrivee,475,248.0,91.3,,,,
2026-06-03,05:01:42,4952aa,CS-TUJ,Airbus A330-900neo,TAP Air Portugal,landing,arrivee,500,239.1,94.8,,,,
2026-06-03,05:06:16,4952b0,CS-TUP,Airbus A330-900neo,TAP Air Portugal,landing,arrivee,475,258.4,91.0,,,,
2026-06-03,05:52:14,TAP1550,CS-TVH,Airbus A320neo,TAP Air Portugal,landing,arrivee,475,216.7,80.8,,,,
2026-06-03,06:08:27,WPT3154,EC-OND,Airbus A330-300,,landing,arrivee,450,243.2,97.9,,,,
2026-06-03,06:16:22,TAP96AW,CS-TTX,Embraer E195,TAP Air Portugal,landing,arrivee,500,237.4,96.9,,,,
2026-06-03,06:20:59,495218,CS-TPX,Embraer E190,TAP Air Portugal,landing,arrivee,475,212.6,98.4,,,,
2026-06-03,06:29:11,TAP104,CS-TUC,Airbus A330-900neo,TAP Air Portugal,landing,arrivee,475,239.1,93.6,,,,
2026-06-03,06:32:14,TAP1544,CS-TVC,Airbus A320neo,TAP Air Portugal,landing,arrivee,475,227.4,85.1,,,,
2026-06-03,06:38:52,4ca808,EI-EKI,Boeing 737-800,Ryanair,landing,arrivee,450,254.8,93.2,,,,
2026-06-03,06:46:10,TAP41SN,CS-TTZ,Embraer E195,TAP Air Portugal,landing,arrivee,475,239.1,98.1,,,,
2026-06-03,06:51:51,0900f1,D2-TEK,Boeing 777-300ER,TAAG Angola Airlines,landing,arrivee,450,253.2,95.9,,,,
2026-06-03,06:55:53,TAP058,CS-TOP,Airbus A330-200,TAP Air Portugal,landing,arrivee,475,227.4,86.6,,,,
2026-06-03,06:59:24,TSC680,C-GOIP,Airbus A321neo,Air Transat,landing,arrivee,375,255.9,95.0,,,,
2026-06-03,07:01:57,TAP1139,CS-TAX,Embraer E195,TAP Air Portugal,landing,arrivee,475,208.9,91.9,,,,
2026-06-03,07:08:23,896465,A6-BLG,Boeing 787-9,Etihad Airways,landing,arrivee,450,269.7,97.9,,,,
2026-06-03,07:14:58,TAP98CX,CS-TVG,Airbus A320neo,TAP Air Portugal,landing,arrivee,475,252.4,97.6,,,,
2026-06-03,07:22:47,PAV611,D-IKBO,Citation CJ2+,ProAir Aviation GmbH,landing,arrivee,550,206.5,78.2,,,,
2026-06-03,07:34:33,4b1a66,HB-JZY,Airbus A320,Austrian Airlines,landing,arrivee,475,250.8,91.6,,,,
2026-06-03,07:37:39,4952d2,CS-TVR,Airbus A320neo,TAP Air Portugal,landing,arrivee,450,268.9,99.4,,,,
2026-06-03,07:48:52,TAP1023,CS-TNK,Airbus A320,TAP Air Portugal,landing,arrivee,450,263.9,89.9,,,,
2026-06-03,07:51:49,LXJ502,N502FX,BD-100-1A10,Flexjet,landing,arrivee,475,215.0,66.4,,,,
2026-06-03,07:54:34,4cad10,EI-HGX,Boeing 737 MAX 8,Ryanair,landing,arrivee,425,258.9,88.4,,,,
2026-06-03,07:58:53,DAL272,N430DX,Airbus A330-900neo,Delta Air Lines,landing,arrivee,400,252.4,98.1,,,,
2026-06-03,08:02:23,EJU15DB,OE-ISH,Airbus A321neo,easyJet Europe,landing,arrivee,450,234.3,94.1,,,,
2026-06-03,08:19:15,4952c1,CS-TVA,Airbus A320neo,TAP Air Portugal,landing,arrivee,475,223.5,87.6,,,,
2026-06-03,08:21:27,TAP63GL,CS-TJM,Airbus A321neo,TAP Air Portugal,landing,arrivee,450,263.2,90.7,,,,
2026-06-03,08:36:45,49530a,CS-TXJ,Airbus A321neo,TAP Air Portugal,landing,arrivee,450,228.2,98.1,,,,
2026-06-03,08:39:59,AXY420P,9H-FCM,Embraer E190,Air X Charter,landing,arrivee,400,233.5,86.3,,,,
2026-06-03,08:50:42,4952ca,CS-TVJ,Airbus A320neo,TAP Air Portugal,cruise,,475,0.0,83.7,,,,
2026-06-03,08:54:57,4caf2b,EI-ILR,Boeing 737 MAX 8,Ryanair,landing,arrivee,425,249.3,92.5,,,,
2026-06-03,08:56:46,RYR4RL,EI-EST,Boeing 737-800,Ryanair,landing,arrivee,425,270.8,93.3,,,,
2026-06-03,09:09:19,4952cd,CS-TVM,Airbus A320neo,TAP Air Portugal,landing,arrivee,425,260.8,99.5,,,,
2026-06-03,09:15:04,4ca9d0,EI-EVH,Boeing 737-800,Ryanair,landing,arrivee,425,268.2,93.2,,,,
2026-06-03,09:29:41,49514a,CS-TJJ,Airbus A321neo,TAP Air Portugal,landing,arrivee,425,251.5,95.3,,,,
2026-06-03,09:38:50,TAP216L,CS-TXE,Airbus A321neo,TAP Air Portugal,landing,arrivee,425,263.9,86.5,,,,
2026-06-03,09:41:04,THY3WE,TC-LPP,Airbus A321neo,Turkish Airlines,landing,arrivee,425,241.5,95.1,,,,
2026-06-03,09:42:40,RYR24SE,9H-QBW,Boeing 737-800,Malta Air,landing,arrivee,425,264.8,87.7,,,,
2026-06-03,09:51:01,406cd2,G-EZOF,Airbus A320,easyJet,landing,arrivee,450,254.1,90.9,,,,
2026-06-03,09:54:40,UAL942,N78001,Boeing 777-200,United Airlines,landing,arrivee,425,236.7,93.7,,,,
2026-06-03,10:10:06,4ca9ed,EI-EVP,Boeing 737-800,Ryanair,landing,arrivee,450,271.3,91.9,,,,
2026-06-03,10:21:47,4952a8,CS-TUH,Airbus A330-900neo,TAP Air Portugal,landing,arrivee,475,247.2,91.2,,,,
2026-06-03,10:25:24,4952b3,CS-TUS,Airbus A330-900neo,TAP Air Portugal,landing,arrivee,475,257.2,94.2,,,,
2026-06-03,10:28:03,c0173e,C-FIUV,Boeing 777-300ER,Air Canada,landing,arrivee,450,257.2,93.3,,,,
2026-06-03,10:31:13,TAP012,CS-TXG,Airbus A321neo,TAP Air Portugal,landing,arrivee,425,249.1,92.6,,,,
2026-06-03,10:54:53,48c222,SP-RSC,Boeing 737-800,Buzz,landing,arrivee,425,265.6,96.4,,,,
2026-06-03,11:03:18,BEL2DY,OO-SBA,Airbus A320,Brussels Airlines,landing,arrivee,450,261.5,73.2,,,,
2026-06-03,11:06:48,BLAST64,26902,E390,,landing,arrivee,500,240.8,82.3,,,,
2026-06-03,11:18:32,TAP048,CS-TXA,Airbus A321neo,TAP Air Portugal,landing,arrivee,450,258.4,90.2,,,,
2026-06-03,11:27:25,495267,CS-TSG,Airbus A321neo,TAP Air Portugal,landing,arrivee,500,243.2,94.5,,,,
2026-06-03,11:29:52,LUA899K,D-CRIE,C56X,,landing,arrivee,525,203.3,66.8,,,,
2026-06-03,11:31:48,TAP248,CS-TUI,Airbus A330-900neo,TAP Air Portugal,landing,arrivee,400,234.8,97.9,,,,
2026-06-03,11:35:01,4d0249,LX-LOE,HA4T,,landing,arrivee,550,178.2,69.8,,,,
2026-06-03,11:43:45,RYR59QQ,EI-ILD,Boeing 737 MAX 8,Ryanair,landing,arrivee,400,278.2,96.8,,,,
2026-06-03,11:45:28,TVF50ZX,F-HUYV,Boeing 737-800,Transavia France,landing,arrivee,400,268.9,94.5,,,,
2026-06-03,11:49:58,45b534,OY-MIT,Bombardier CRJ-900,Copenhagen Air Taxi,landing,arrivee,525,237.4,86.4,,,,
2026-06-03,12:04:41,UAE3MV,A6-ENT,Boeing 777-300ER,Emirates,landing,arrivee,450,260.8,96.0,,,,
2026-06-03,12:10:40,EZY25MD,G-EZDK,Airbus A319,easyJet,landing,arrivee,425,249.3,95.6,,,,
2026-06-03,12:21:46,48af03,SP-LVD,Boeing 737 MAX 8,LOT Polish Airlines,landing,arrivee,450,270.8,87.8,,,,
2026-06-03,12:24:28,440b1e,OE-IWW,Airbus A320,easyJet Europe,landing,arrivee,475,249.1,80.0,,,,
2026-06-03,12:40:41,EZY31FV,G-EZUZ,Airbus A320,easyJet,landing,arrivee,450,260.8,91.7,,,,
2026-06-03,12:54:06,AXY428J,9H-YOU,Challenger 850,Air X Charter,landing,arrivee,475,254.8,86.9,,,,
2026-06-03,13:04:30,EJU76WL,OE-LSR,Airbus A320,easyJet Europe,landing,arrivee,425,242.4,85.1,,,,
2026-06-03,13:11:38,345248,EC-MMH,Airbus A321,Vueling,landing,arrivee,450,268.2,91.9,,,,
2026-06-03,13:15:50,4d2210,9H-QBT,Boeing 737-800,Malta Air,landing,arrivee,425,284.8,95.1,,,,
2026-06-03,13:19:55,4401f7,OE-INE,Airbus A320,easyJet Europe,landing,arrivee,450,264.8,92.2,,,,
2026-06-03,13:44:49,TCV606,D4-CCI,Boeing 737-700,Cabo Verde Airlines,descending,arrivee,400,264.1,91.6,,,,
2026-06-03,13:46:36,495279,CS-TSY,Airbus A320,TAP Air Portugal,landing,arrivee,475,234.8,91.6,,,,
2026-06-03,13:49:43,495266,CS-TSF,Airbus A321neo,TAP Air Portugal,landing,arrivee,500,244.6,96.6,,,,
2026-06-03,13:56:18,9HGMF,9H-GVA,GL5T,,approach,arrivee,425,71.5,79.8,,,,
2026-06-03,14:00:27,TAP481,CS-TPZ,Embraer E190,TAP Air Portugal,landing,arrivee,450,234.8,98.3,,,,
2026-06-03,14:11:34,49328a,CS-LTJ,Citation Latitude,NetJets,landing,arrivee,475,196.1,64.0,,,,
2026-06-03,14:14:54,4ca764,EI-EFI,Boeing 737-800,Ryanair,landing,arrivee,450,282.1,93.3,,,,
2026-06-03,14:19:21,EJU32WQ,OE-IBS,Airbus A320,easyJet Europe,landing,arrivee,425,258.4,96.3,,,,
2026-06-03,14:26:00,3964f0,F-GZHQ,Boeing 737-800,Transavia France,landing,arrivee,425,288.0,96.0,,,,
2026-06-03,14:32:48,TAP118,CS-TUD,Airbus A330-900neo,TAP Air Portugal,landing,arrivee,450,261.7,96.4,,,,
2026-06-03,14:43:29,SWR2BK,HB-IOO,Airbus A321,Swiss,landing,arrivee,450,268.7,88.7,,,,
2026-06-03,14:56:54,RYR32KG,EI-DYV,Boeing 737-800,Ryanair,landing,arrivee,450,271.3,90.8,,,,
2026-06-03,15:00:17,RYR55AR,EI-EST,Boeing 737-800,Ryanair,landing,arrivee,450,273.2,95.2,,,,
2026-06-03,15:05:15,EZY35DC,G-EZFW,Airbus A319,easyJet,landing,arrivee,425,248.4,92.5,,,,
2026-06-03,15:07:38,AOJ79E,OE-HOE,F2TH,Iberia,approach,arrivee,475,223.5,74.4,,,,
2026-06-03,15:13:13,4951d2,CS-TNR,Airbus A320,TAP Air Portugal,approach,arrivee,450,250.8,87.0,,,,
2026-06-03,15:40:40,THY4GH,TC-LSF,Airbus A321neo,Turkish Airlines,landing,arrivee,475,281.3,94.1,,,,
2026-06-03,15:45:03,4951f0,CS-TOP,Airbus A330-200,TAP Air Portugal,landing,arrivee,475,253.9,98.7,,,,
2026-06-03,15:48:12,TAP83RS,CS-TJF,Airbus A321,TAP Air Portugal,landing,arrivee,450,277.1,99.4,,,,
2026-06-03,15:52:47,TAP072,CS-TUO,Airbus A330-900neo,TAP Air Portugal,landing,arrivee,475,244.8,90.7,,,,
2026-06-03,16:03:51,497c84,,,,landing,arrivee,550,218.4,88.5,,,,
2026-06-03,16:13:27,TAP433,CS-TJM,Airbus A321neo,TAP Air Portugal,landing,arrivee,500,256.5,88.3,,,,
2026-06-03,16:30:10,4ca762,EI-EFG,Boeing 737-800,Ryanair,landing,arrivee,450,286.5,92.0,,,,
2026-06-03,16:37:05,TAP1824,CS-TXE,Airbus A321neo,TAP Air Portugal,landing,arrivee,500,246.7,92.0,,,,
2026-06-03,16:41:16,RYR68VC,SP-RZB,Boeing 737 MAX 8,Buzz,landing,arrivee,475,278.0,94.5,,,,
2026-06-03,16:53:14,4952a5,CS-TUE,Airbus A330-900neo,TAP Air Portugal,landing,arrivee,550,277.2,88.3,,,,
2026-06-03,16:56:07,VLG9QY,EC-ODN,Airbus A320,Vueling,landing,arrivee,450,252.4,95.3,,,,
2026-06-03,16:59:53,4d221d,9H-QBO,Boeing 737-800,Malta Air,landing,arrivee,450,264.8,95.7,,,,
2026-06-03,17:03:02,EZY46AK,G-EZRX,Airbus A320,easyJet,landing,arrivee,475,244.8,93.3,,,,
2026-06-03,17:05:37,RYR7P,9H-QAU,Boeing 737-800,Malta Air,landing,arrivee,450,251.7,88.5,,,,
2026-06-03,17:18:14,RYR76WW,9H-QAG,Boeing 737-800,Malta Air,landing,arrivee,475,263.4,92.7,,,,
2026-06-03,17:21:58,491d83,CS-GLC,Global 6000,NetJets,landing,arrivee,475,213.4,77.7,,,,
2026-06-03,17:33:44,0201a0,CN-RHF,Boeing 737 MAX 8,Royal Air Maroc,landing,arrivee,475,293.7,96.6,,,,
2026-06-03,17:36:25,TAP240,CS-TUB,Airbus A330-900neo,TAP Air Portugal,landing,arrivee,500,250.8,88.0,,,,
2026-06-03,17:38:48,WMT6155,9H-WDE,Airbus A321,Lauda Europe,landing,arrivee,450,250.8,98.4,,,,
2026-06-03,17:41:31,4d2080,9H-QFM,Boeing 737-800,Malta Air,landing,arrivee,500,270.0,96.1,,,,
2026-06-03,17:56:08,EJU45HZ,OE-LSQ,Airbus A320,easyJet Europe,landing,arrivee,475,244.8,92.5,,,,
2026-06-03,18:12:13,440c35,OE-LSA,Airbus A320neo,easyJet Europe,landing,arrivee,500,263.2,91.8,,,,
2026-06-03,18:17:16,4ca9ed,EI-EVP,Boeing 737-800,Ryanair,landing,arrivee,475,276.5,90.2,,,,
2026-06-03,18:22:37,4952ae,CS-TUN,Airbus A330-900neo,TAP Air Portugal,landing,arrivee,500,249.1,96.4,,,,
2026-06-03,18:33:36,4952a6,CS-TUF,Airbus A330-900neo,TAP Air Portugal,landing,arrivee,525,242.4,85.4,,,,
2026-06-03,18:36:09,RYR85MR,9H-IHH,Airbus A320,Lauda Europe,landing,arrivee,450,254.8,94.6,,,,
2026-06-03,18:44:28,TRA951N,PH-YHO,Airbus A321neo,,landing,arrivee,475,250.8,96.1,,,,
2026-06-03,18:51:42,RZO124,CS-TSK,Airbus A320,TAP Air Portugal,landing,arrivee,450,225.8,99.8,,,,
2026-06-03,18:56:37,RYR40MN,9H-QEO,Boeing 737-800,Malta Air,landing,arrivee,475,265.8,95.7,,,,
2026-06-03,19:00:26,EJU67HP,OE-LQI,Airbus A319,easyJet Europe,landing,arrivee,450,253.2,98.9,,,,
2026-06-03,19:24:14,4402f0,OE-INO,Airbus A320,easyJet Europe,landing,arrivee,500,260.8,95.8,,,,
2026-06-03,19:54:19,497cdd,26902,E390,,landing,arrivee,575,245.6,86.7,,,,
2026-06-03,20:03:50,TAP93ZS,CS-TVR,Airbus A320neo,TAP Air Portugal,landing,arrivee,475,258.9,93.8,,,,
2026-06-03,20:11:31,DTA652,D2-TEJ,Boeing 777-300ER,TAAG Angola Airlines,landing,arrivee,475,296.5,93.4,,,,
2026-06-03,20:21:40,4d251d,9H-QFA,Boeing 737-800,Malta Air,landing,arrivee,475,277.1,94.1,,,,
2026-06-03,20:30:51,4d2387,9H-VUZ,Boeing 737 MAX 8,Malta Air,landing,arrivee,450,269.3,96.2,,,,
2026-06-03,20:41:29,VLG14YF,EC-LUO,Airbus A320,Vueling,landing,arrivee,500,254.8,94.6,,,,
2026-06-03,20:59:48,4ca847,EI-EKY,Boeing 737-800,Ryanair,landing,arrivee,500,277.2,87.6,,,,
2026-06-03,21:03:23,EZY15UP,G-UZHO,Airbus A320neo,easyJet,landing,arrivee,475,244.3,89.7,,,,
2026-06-03,21:07:54,49514b,CS-TJK,Airbus A321neo,TAP Air Portugal,cruise,,600,0.0,77.8,,,,
2026-06-03,21:10:41,NJE3BP,CS-GLB,Global 6000,NetJets,landing,arrivee,500,211.3,93.0,,,,
2026-06-03,21:13:26,495268,CS-TSH,Airbus A321neo,Azores Airlines,landing,arrivee,525,259.7,92.6,,,,
2026-06-03,21:25:14,4ca2ca,EI-DES,Airbus A320,Aer Lingus,landing,arrivee,500,260.8,90.9,,,,
2026-06-03,21:32:57,4caee4,EI-ILD,Boeing 737 MAX 8,Ryanair,landing,arrivee,450,278.0,94.9,,,,
2026-06-03,21:49:57,4951cb,CS-TNK,Airbus A320,TAP Air Portugal,landing,arrivee,500,261.5,81.0,,,,
2026-06-03,22:03:28,RYR5BP,EI-IFX,Boeing 737 MAX 8,Ryanair,landing,arrivee,475,281.3,92.4,,,,
2026-06-03,22:06:55,SEH922,SX-IOD,Airbus A320neo,,landing,arrivee,500,241.5,92.1,,,,
2026-06-03,22:11:58,440075,OE-LSV,Airbus A320neo,easyJet Europe,landing,arrivee,500,239.1,86.8,,,,
2026-06-03,22:20:31,AFR64PQ,F-HBNE,Airbus A320,Air France,landing,arrivee,475,244.3,93.9,,,,
2026-06-03,22:24:38,DLH64P,D-AIEJ,Airbus A321neo,Lufthansa,landing,arrivee,475,248.4,94.7,,,,
2026-06-03,22:28:43,RZO152,CS-TKP,Airbus A320,TAP Air Portugal,landing,arrivee,475,245.9,92.6,,,,
2026-06-03,22:39:04,RYR65MU,9H-QEK,Boeing 737-800,Malta Air,landing,arrivee,450,256.9,95.5,,,,
2026-06-03,22:43:13,49514a,CS-TJJ,Airbus A321neo,TAP Air Portugal,landing,arrivee,500,266.5,89.4,,,,
2026-06-03,22:48:38,4cae95,EI-IKI,Boeing 737 MAX 8,Ryanair,landing,arrivee,425,270.8,95.1,,,,
2026-06-03,22:55:44,3964f3,F-GZHT,Boeing 737-800,Transavia France,landing,arrivee,525,273.9,90.9,,,,
2026-06-03,22:59:14,4867c4,PH-AXI,Airbus A321neo,KLM,landing,arrivee,500,263.2,97.4,,,,
2026-06-03,23:04:01,RYR5KT,EI-EMI,Boeing 737-800,Ryanair,landing,arrivee,500,277.2,95.7,,,,
2026-06-03,23:10:09,IBE0539,EC-JQZ,Airbus A321,Iberia,landing,arrivee,500,258.7,93.6,,,,
2026-06-03,23:23:13,4076e4,G-NEOV,Airbus A321neo,British Airways,landing,arrivee,525,242.2,92.5,,,,
2026-06-03,23:25:38,3964f9,F-GZHZ,Boeing 737-800,Transavia France,landing,arrivee,500,281.1,93.4,,,,
2026-06-03,23:29:21,4bb204,TC-LPD,Airbus A321neo,Turkish Airlines,landing,arrivee,500,248.4,91.6,,,,
2026-06-03,23:31:40,EJU36BG,OE-IDT,Airbus A320,easyJet Europe,takeoff,depart,1100,278.5,96.4,,,,
2026-06-03,23:34:25,497c84,,,,cruise,,525,0.0,92.5,,,,
2026-06-03,23:39:35,RYR67PW,EI-EFG,Boeing 737-800,Ryanair,landing,arrivee,475,282.1,95.6,,,,
2026-06-03,23:44:20,440daf,OE-IDU,Airbus A320,easyJet Europe,landing,arrivee,500,243.2,87.9,,,,
2026-06-03,23:47:51,EJU36BG,OE-IDT,Airbus A320,easyJet Europe,landing,arrivee,450,266.5,84.2,,,,
2026-06-04,00:28:38,EJU49AN,OE-LUE,Airbus A320neo,easyJet Europe,landing,arrivee,475,256.5,97.4,,,,
2026-06-04,00:55:51,RZO128,CS-TSK,Airbus A320,TAP Air Portugal,landing,arrivee,525,243.5,87.5,,,,
2026-06-04,01:04:23,4d211f,9H-GVA,GL5T,,takeoff,depart,475,93.2,78.8,,,,
2026-06-04,04:44:56,4952a7,CS-TUG,Airbus A330-900neo,TAP Air Portugal,landing,arrivee,575,270.8,97.1,,,,
2026-06-04,04:55:17,TAP082,CS-TUQ,Airbus A330-900neo,TAP Air Portugal,landing,arrivee,500,258.9,98.9,,,,
2026-06-04,05:23:11,TAP1528,CS-TXD,Airbus A321neo,TAP Air Portugal,landing,arrivee,525,264.8,89.2,,,,
2026-06-04,05:25:39,344545,EC-MAF,ATR 72 500F,Swiftair,landing,arrivee,525,186.7,92.8,,,,
2026-06-04,05:27:18,TAP218,CS-TXI,Airbus A321neo,TAP Air Portugal,landing,arrivee,550,262.2,95.3,,,,
2026-06-04,05:43:24,LBT6846,TS-INU,Airbus A320,Nouvelair Tunisie,landing,arrivee,550,216.7,87.2,,,,
2026-06-04,05:54:54,WJA32,C-GWLK,Boeing 737 MAX 8,WestJet,landing,arrivee,525,262.4,98.6,,,,
2026-06-04,05:58:51,495292,CS-TTR,Airbus A319,TAP Air Portugal,landing,arrivee,550,244.8,90.8,,,,
2026-06-04,06:00:48,TAP1937,CS-TXH,Airbus A321neo,TAP Air Portugal,landing,arrivee,525,267.2,91.1,,,,
2026-06-04,06:16:20,c07993,C-GUBA,Cabri G2,Air Transat,landing,arrivee,500,243.2,86.4,,,,
2026-06-04,06:40:14,TAP1908,CS-TNT,Airbus A320,TAP Air Portugal,landing,arrivee,525,246.7,92.2,,,,
2026-06-04,06:43:00,N39AV,N39AV,GIV,Tailwind Air LLC,landing,arrivee,550,262.2,95.7,,,,
2026-06-04,06:45:51,504e87,ER-00003,Airbus A321,Fly One,landing,arrivee,525,257.6,94.7,,,,
2026-06-04,06:49:14,AEA1159,EC-MVY,Boeing 737-800,Air Europa,landing,arrivee,500,278.0,93.5,,,,
2026-06-04,06:52:29,440d90,OE-IXN,Boeing 737-800,Iberia,landing,arrivee,525,257.2,94.9,,,,
2026-06-04,06:56:04,e48ba7,PT-MUF,Boeing 777-300ER,LATAM Airlines,landing,arrivee,525,278.9,89.8,,,,
2026-06-04,07:22:01,495146,CS-TJF,Airbus A321,TAP Air Portugal,landing,arrivee,525,262.4,93.3,,,,
2026-06-04,07:24:58,AZU9700,CS-TSW,Boeing 777-200,Azul,landing,arrivee,525,244.8,96.3,,,,
2026-06-04,07:27:41,DAL272,N430DX,Airbus A330-900neo,Delta Air Lines,landing,arrivee,550,263.2,99.0,,,,
2026-06-04,07:30:48,346458,EC-NJU,Airbus A320neo,Iberia,landing,arrivee,550,239.8,94.1,,,,
2026-06-04,07:32:32,TAP441,CS-TJS,Airbus A321neo,TAP Air Portugal,landing,arrivee,525,264.1,96.5,,,,
2026-06-04,07:34:32,a008fe,N101FX,GA7C,,landing,arrivee,500,239.1,97.0,,,,
2026-06-04,07:37:39,BCS2FC,D-AZML,A306,,landing,arrivee,550,245.2,93.1,,,,
2026-06-04,07:40:19,UAL64,N14019,Boeing 787-10,United Airlines,landing,arrivee,525,272.4,89.0,,,,
2026-06-04,07:43:11,4952c4,CS-TVD,Airbus A320neo,TAP Air Portugal,landing,arrivee,550,237.4,82.2,,,,
2026-06-04,07:46:20,4d21c2,9H-NYC,Embraer E190,Air X Charter,landing,arrivee,500,232.4,97.8,,,,
2026-06-04,07:49:08,TAP8RL,CS-TJP,Airbus A321neo,TAP Air Portugal,landing,arrivee,475,252.4,95.3,,,,
2026-06-04,07:51:53,497cdf,,,,landing,arrivee,600,247.2,87.3,,,,
2026-06-04,07:55:04,4b1a2d,HB-JXT,Airbus A320,easyJet Switzerland SA,landing,arrivee,500,260.8,98.8,,,,
2026-06-04,07:57:55,342591,EC-KHN,Airbus A320,Vueling,landing,arrivee,500,249.1,97.6,,,,
2026-06-04,08:00:58,AZU8750,CS-TSV,767 34PER,Azul,landing,arrivee,525,254.7,96.6,,,,
2026-06-04,08:03:33,TAP9RH,CS-TJH,Airbus A321,TAP Air Portugal,landing,arrivee,525,255.6,91.8,,,,
2026-06-04,08:06:40,TAP1939,CS-TPQ,Embraer E190,TAP Air Portugal,landing,arrivee,475,231.5,82.3,,,,
2026-06-04,08:09:13,RYR24SE,EI-DWT,Boeing 737-800,Ryanair,landing,arrivee,525,264.7,89.1,,,,
2026-06-04,08:12:17,LGL3753,LX-LGU,Boeing 737-800,Luxair,landing,arrivee,425,271.3,92.2,,,,
2026-06-04,08:15:32,VLG46AX,EC-MLM,Airbus A321,Vueling,landing,arrivee,525,254.8,91.7,,,,
2026-06-04,08:18:22,TAP575,CS-TVL,Airbus A320,TAP Air Portugal,landing,arrivee,525,244.8,93.5,,,,
2026-06-04,08:27:11,SWR7382,HB-IOD,Airbus A321,Swiss,landing,arrivee,450,261.5,85.3,,,,
2026-06-04,08:35:03,TAP63GL,CS-TVN,Airbus A320neo,TAP Air Portugal,landing,arrivee,525,255.6,92.6,,,,
2026-06-04,08:39:29,AAL258,N840AN,Boeing 787-9,American Airlines,landing,arrivee,500,265.6,97.7,,,,
2026-06-04,08:50:03,39bb22,F-HOZC,Airbus A220-300,,landing,arrivee,550,234.8,86.9,,,,
2026-06-04,08:52:40,EZY47LC,G-UZHM,Airbus A320neo,easyJet,landing,arrivee,550,256.3,89.6,,,,
2026-06-04,08:59:37,TVF55WH,F-GZHJ,Boeing 737-800,Transavia France,landing,arrivee,500,271.3,97.0,,,,
2026-06-04,09:02:53,RYR4XW,EI-EBX,Boeing 737-800,Ryanair,landing,arrivee,475,259.7,95.0,,,,
2026-06-04,09:05:59,3c5ee3,D-AGWC,Airbus A319,Eurowings,landing,arrivee,575,242.2,88.5,,,,
2026-06-04,09:10:16,ACA812,C-GFUR,Airbus A330-300,Air Canada,landing,arrivee,450,240.6,95.5,,,,
2026-06-04,09:14:55,440625,OE-LKM,Airbus A319,easyJet Europe,landing,arrivee,525,246.7,85.1,,,,
2026-06-04,09:18:01,407688,G-UZHT,Airbus A320neo,easyJet,landing,arrivee,550,252.4,90.6,,,,
2026-06-04,09:24:27,TAP012,CS-TXK,Airbus A321,TAP Air Portugal,landing,arrivee,525,250.8,90.3,,,,
2026-06-04,09:27:17,TAP210,CS-TOO,Airbus A330-200,TAP Air Portugal,landing,arrivee,500,235.6,94.2,,,,
2026-06-04,09:32:48,TSC480,C-GTSR,Airbus A330-200,Air Transat,landing,arrivee,525,234.3,95.2,,,,
2026-06-04,09:35:27,TAP66PD,CS-TJO,Airbus A321neo,TAP Air Portugal,landing,arrivee,525,230.0,83.5,,,,
2026-06-04,09:38:05,4cac87,EI-IFP,Boeing 737 MAX 8,Ryanair,landing,arrivee,450,273.2,97.4,,,,
2026-06-04,09:41:06,348310,EC-OLG,Airbus A330-300,TAP Air Portugal,landing,arrivee,525,240.6,96.1,,,,
2026-06-04,09:43:55,THY3WE,TC-LSA,Airbus A321neo,Turkish Airlines,landing,arrivee,525,236.7,89.7,,,,
2026-06-04,09:46:35,48683f,PH-YHT,Airbus A321neo,Transavia,landing,arrivee,525,242.4,89.8,,,,
2026-06-04,09:50:11,LZB563,LZ-ROM,A220-300,Bulgaria Air,landing,arrivee,500,227.6,97.9,,,,
2026-06-04,09:52:52,NSZ3616,SE-NAB,Boeing 737 MAX 8,,landing,arrivee,500,272.4,96.2,,,,
2026-06-04,09:56:35,49530c,CS-TXL,Airbus A321neo,TAP Air Portugal,landing,arrivee,475,272.4,97.0,,,,
2026-06-04,10:01:56,46b82d,SX-NAM,Airbus A321,Aegean Airlines,landing,arrivee,600,252.2,85.3,,,,
2026-06-04,10:06:25,TAP204A,CS-TUI,Airbus A330-900neo,TAP Air Portugal,landing,arrivee,525,257.2,85.8,,,,
2026-06-04,10:09:03,TAP072,CS-TUP,Airbus A330-900neo,TAP Air Portugal,landing,arrivee,525,267.2,94.5,,,,
2026-06-04,10:11:56,TAP1921,CS-TVP,Airbus A320neo,TAP Air Portugal,landing,arrivee,525,236.7,99.5,,,,
2026-06-04,10:14:21,RYR3WD,EI-ILD,Boeing 737 MAX 8,Ryanair,landing,arrivee,525,268.9,96.2,,,,
2026-06-04,10:17:20,EJU97VT,OE-IWW,Airbus A320,easyJet Europe,landing,arrivee,525,255.6,85.6,,,,
2026-06-04,10:19:56,495306,CS-TXF,Airbus A321neo,TAP Air Portugal,landing,arrivee,550,257.2,95.0,,,,
2026-06-04,10:22:54,495298,CS-TTX,Embraer E195,TAP Air Portugal,landing,arrivee,500,240.0,84.5,,,,
2026-06-04,10:25:41,DAL124,N434DX,Airbus A330-900neo,Delta Air Lines,landing,arrivee,525,251.5,90.6,,,,
2026-06-04,10:28:27,c0173f,C-FIUW,Boeing 777-300ER,Air Canada,landing,arrivee,525,260.8,89.5,,,,
2026-06-04,10:33:44,AEA1153,EC-NUZ,Boeing 737-800,Air Europa,landing,arrivee,500,269.7,93.2,,,,
2026-06-04,10:37:07,4952b3,CS-TUS,Airbus A330-900neo,TAP Air Portugal,landing,arrivee,550,251.7,86.4,,,,
2026-06-04,10:39:54,4950e4,CS-TGD,Airbus A330-200,Azul,landing,arrivee,500,239.1,94.5,,,,
2026-06-04,10:42:55,TAP13LH,CS-TJM,Airbus A321neo,TAP Air Portugal,landing,arrivee,550,249.8,88.0,,,,
2026-06-04,10:45:43,TAP68JP,CS-TPU,Embraer E190,TAP Air Portugal,landing,arrivee,500,239.8,87.7,,,,
2026-06-04,10:48:20,495303,CS-TXC,Airbus A321neo,TAP Air Portugal,landing,arrivee,550,248.7,84.2,,,,
2026-06-04,10:55:07,EJU74EF,OE-IBF,Airbus A320,easyJet Europe,landing,arrivee,525,249.8,88.7,,,,
2026-06-04,10:59:13,EIN82T,EI-DVM,Airbus A320,Aer Lingus,landing,arrivee,525,257.2,96.0,,,,
2026-06-04,11:15:08,LGL51P,LX-LGS,Boeing 737-700,Luxair,landing,arrivee,475,250.8,94.4,,,,
2026-06-04,11:18:15,4868f7,PH-AXP,Airbus A321neo,KLM,landing,arrivee,525,263.9,80.3,,,,
2026-06-04,11:21:22,495212,CS-TPR,Embraer E190,TAP Air Portugal,landing,arrivee,475,233.9,98.0,,,,
2026-06-04,11:26:49,440036,OE-ICP,Airbus A320,easyJet Europe,landing,arrivee,525,258.9,97.6,,,,
2026-06-04,11:29:44,AFR41GW,F-HPNE,BD-500-1A11,Air France,landing,arrivee,500,233.9,94.6,,,,
2026-06-04,11:38:05,02008b,CN-ROS,Boeing 737-800,Royal Air Maroc,landing,arrivee,525,263.9,87.3,,,,
2026-06-04,11:42:42,TAP028,CS-TUR,Airbus A330-900neo,TAP Air Portugal,landing,arrivee,500,254.8,93.0,,,,
2026-06-04,11:48:39,3c64ad,D-AIEM,Airbus A321neo,Lufthansa,landing,arrivee,550,267.2,92.2,,,,
2026-06-04,11:52:52,UAE3MV,A6-EPM,Boeing 777-300ER,Emirates,landing,arrivee,450,281.7,92.6,,,,
2026-06-04,11:55:32,BEL2DY,OO-SBG,Airbus A320neo,Brussels Airlines,landing,arrivee,550,256.3,89.3,,,,
2026-06-04,11:58:40,4952c1,CS-TVA,Airbus A320neo,TAP Air Portugal,landing,arrivee,575,275.6,77.5,,,,
2026-06-04,12:01:33,TAP1902,CS-TPQ,Embraer E190,TAP Air Portugal,landing,arrivee,500,234.8,98.1,,,,
2026-06-04,12:05:04,EJU14GP,OE-IDU,Airbus A320,easyJet Europe,landing,arrivee,525,257.2,94.5,,,,
2026-06-04,12:07:50,IBE05FV,EC-NFI,Airbus A320neo,Iberia,landing,arrivee,500,238.2,87.9,,,,
2026-06-04,12:16:52,RZO120,CS-TSM,Airbus A320,TAP Air Portugal,landing,arrivee,550,258.9,88.0,,,,
2026-06-04,12:23:37,3c55c9,D-AENI,Airbus A320neo,Eurowings,landing,arrivee,550,242.4,84.8,,,,
2026-06-04,12:25:08,EJU91FK,OE-LSV,Airbus A320neo,easyJet Europe,landing,arrivee,500,264.8,91.1,,,,
2026-06-04,12:28:35,ELY371,4X-EKT,Boeing 737-800,El Al,landing,arrivee,500,280.6,91.3,,,,
2026-06-04,12:31:36,495146,CS-TJF,Airbus A321,TAP Air Portugal,landing,arrivee,500,280.4,89.7,,,,
2026-06-04,12:37:55,4d2387,9H-VUZ,Boeing 737 MAX 8,Malta Air,landing,arrivee,500,263.2,92.6,,,,
2026-06-04,12:43:30,EJU56VP,OE-LSQ,Airbus A320,easyJet Europe,landing,arrivee,575,254.1,85.1,,,,
2026-06-04,12:46:28,UAL942,N792UA,Boeing 777-200,United Airlines,landing,arrivee,475,270.8,90.6,,,,
2026-06-04,12:49:18,RZO122,CS-TSK,Airbus A320,TAP Air Portugal,landing,arrivee,525,267.2,83.8,,,,
2026-06-04,12:52:07,TAP63CT,CS-TPO,Embraer E190,TAP Air Portugal,landing,arrivee,525,247.2,88.0,,,,
2026-06-04,12:55:03,MMZ100P,EC-OAP,Airbus A330-200,,landing,arrivee,500,226.7,98.4,,,,
2026-06-04,12:57:41,TAP1031,CS-TJE,Airbus A321,TAP Air Portugal,landing,arrivee,525,255.2,93.7,,,,
2026-06-04,13:04:07,UNI107,D-CYES,Learjet 35 A,Air Alliance Express GmbH,landing,arrivee,550,233.5,89.4,,,,
2026-06-04,13:07:29,TAP1151,CS-TTY,Embraer E195,TAP Air Portugal,landing,arrivee,550,272.1,93.3,,,,
2026-06-04,13:10:18,4951ce,CS-TNN,Airbus A320,TAP Air Portugal,landing,arrivee,500,248.4,97.7,,,,
2026-06-04,13:13:07,RYR95SN,EI-DLI,Boeing 737-800,Ryanair,landing,arrivee,525,272.8,94.4,,,,
2026-06-04,13:15:50,TVF46JB,F-HUYS,Boeing 737-800,Transavia France,landing,arrivee,475,272.1,94.0,,,,
2026-06-04,13:23:33,440031,OE-IVC,Airbus A320,Iberia,landing,arrivee,575,257.2,89.9,,,,
2026-06-04,13:26:22,4401f7,OE-INE,Airbus A320,easyJet Europe,landing,arrivee,525,247.2,87.2,,,,
2026-06-04,13:32:51,TAP831,CS-TVR,Airbus A320neo,TAP Air Portugal,landing,arrivee,475,240.8,94.0,,,,
2026-06-04,13:35:20,VLG8JM,EC-MPV,Airbus A321,Vueling,landing,arrivee,500,255.9,88.5,,,,
2026-06-04,13:38:01,4ca97b,EI-EST,Boeing 737-800,Ryanair,landing,arrivee,475,268.9,96.8,,,,
2026-06-04,13:40:57,EJU76WL,OE-ICD,Airbus A320,easyJet Europe,landing,arrivee,500,253.2,97.8,,,,
2026-06-04,13:43:41,EJU98EV,OE-INE,Airbus A320,easyJet Europe,landing,arrivee,525,247.2,98.5,,,,
2026-06-04,13:46:23,495216,CS-TPV,Embraer E190,TAP Air Portugal,landing,arrivee,500,227.6,87.5,,,,
2026-06-04,13:49:04,49521a,CS-TPZ,Embraer E190,TAP Air Portugal,landing,arrivee,525,233.2,86.8,,,,
2026-06-04,13:51:47,TAP1860,CS-TVF,Airbus A320neo,TAP Air Portugal,landing,arrivee,525,255.9,98.8,,,,
2026-06-04,13:54:40,DLH47T,D-AIEJ,Airbus A321neo,Lufthansa,landing,arrivee,550,244.8,95.9,,,,
2026-06-04,13:57:17,4952ca,CS-TVJ,Airbus A320neo,TAP Air Portugal,landing,arrivee,550,257.6,96.2,,,,
2026-06-04,13:59:57,EJU38DF,OE-IDT,Airbus A320,easyJet Europe,landing,arrivee,500,244.3,93.4,,,,
2026-06-04,14:02:34,SWR32F,HB-JCL,C Series 300,Swiss,landing,arrivee,525,249.1,80.8,,,,
2026-06-04,14:05:22,RZO150,CS-TKP,Airbus A320,TAP Air Portugal,landing,arrivee,500,260.8,98.4,,,,
2026-06-04,14:08:21,TAP1155,CS-TNS,Airbus A320,TAP Air Portugal,landing,arrivee,525,231.5,86.4,,,,
2026-06-04,14:10:48,096023,D4-CCI,Boeing 737-700,Cabo Verde Airlines,descending,arrivee,500,248.4,92.6,,,,
2026-06-04,14:13:31,RYR3663,EI-EFK,Boeing 737-800,Ryanair,landing,arrivee,500,272.1,89.8,,,,
2026-06-04,14:16:39,TAP86GM,CS-TVK,Airbus A320neo,TAP Air Portugal,landing,arrivee,500,226.7,84.7,,,,
2026-06-04,14:19:26,TAP823,CS-TJN,Airbus A321neo,TAP Air Portugal,landing,arrivee,550,266.5,92.2,,,,
2026-06-04,14:22:30,TAP88TM,CS-TTW,Embraer E195,TAP Air Portugal,landing,arrivee,450,253.9,95.3,,,,
2026-06-04,14:25:07,49514b,CS-TJK,Airbus A321neo,TAP Air Portugal,landing,arrivee,575,258.9,92.6,,,,
2026-06-04,14:27:59,49514a,CS-TJJ,Airbus A321neo,TAP Air Portugal,landing,arrivee,575,233.2,82.7,,,,
2026-06-04,14:30:34,4951cd,CS-TNM,Airbus A320,TAP Air Portugal,landing,arrivee,575,249.8,67.2,,,,
2026-06-04,14:33:31,TAP1013,CS-TNK,Airbus A320,TAP Air Portugal,landing,arrivee,550,238.4,92.1,,,,
2026-06-04,14:37:24,KLM97N,PH-AXB,Airbus A321neo,KLM,landing,arrivee,550,233.9,92.0,,,,
2026-06-04,14:48:27,440115,OE-LUE,Airbus A320neo,easyJet Europe,cruise,,600,0.0,87.3,,,,
2026-06-04,15:00:35,SWT131,EC-MAF,ATR 72 500F,Swiftair,approach,arrivee,550,203.0,94.0,,,,
2026-06-04,15:03:16,RYR4ZF,EI-EKC,Boeing 737-800,Ryanair,landing,arrivee,450,273.9,92.2,,,,
2026-06-04,15:06:04,394c14,F-GTAU,Airbus A321,Air France,landing,arrivee,550,260.8,92.1,,,,
2026-06-04,15:09:26,TAP1127,CS-TPY,Embraer E190,TAP Air Portugal,landing,arrivee,525,237.6,91.1,,,,
2026-06-04,15:12:21,497c84,,,,landing,arrivee,625,259.3,85.5,,,,
2026-06-04,15:15:21,BAW5LI,G-TNEF,Airbus A321neo,British Airways,landing,arrivee,550,243.2,94.0,,,,
2026-06-04,15:18:04,SWR2BK,HB-ION,Airbus A321,Swiss,landing,arrivee,500,258.9,99.6,,,,
2026-06-04,15:20:55,EZY35DC,G-EZPX,Airbus A320,easyJet,landing,arrivee,525,244.8,94.9,,,,
2026-06-04,15:23:44,TAP941,CS-TTR,Airbus A319,TAP Air Portugal,landing,arrivee,550,245.2,92.7,,,,
2026-06-04,15:26:49,3453cc,EC-MQP,Boeing 737-800,Air Europa,landing,arrivee,525,267.2,91.2,,,,
2026-06-04,15:29:34,EJU81TJ,OE-IWW,Airbus A320,easyJet Europe,landing,arrivee,550,244.8,97.3,,,,
2026-06-04,15:32:14,EJU94NF,OE-LSF,Airbus A320neo,easyJet Europe,landing,arrivee,525,253.2,94.6,,,,
2026-06-04,15:35:37,THY4GH,TC-JNL,Airbus A330-300,Turkish Airlines,landing,arrivee,475,249.3,95.5,,,,
2026-06-04,15:39:28,EJU32WQ,OE-LSA,Airbus A320neo,easyJet Europe,landing,arrivee,525,244.8,96.1,,,,
2026-06-04,15:42:11,TAP541W,CS-TNT,Airbus A320,TAP Air Portugal,landing,arrivee,575,252.2,86.8,,,,
2026-06-04,15:45:45,495298,CS-TTX,Embraer E195,TAP Air Portugal,landing,arrivee,550,254.8,93.9,,,,
2026-06-04,15:48:27,440072,OE-LSF,Airbus A320neo,easyJet Europe,cruise,,575,0.0,80.8,,,,
2026-06-04,15:51:13,FIN96W,OH-LXC,Airbus A320,Finnair,landing,arrivee,500,258.4,93.4,,,,
2026-06-04,15:53:54,TAP90EH,CS-TVN,Airbus A320neo,TAP Air Portugal,landing,arrivee,550,258.4,88.9,,,,
2026-06-04,15:56:31,DLH03H,D-AIRN,Airbus A321,Lufthansa,landing,arrivee,475,269.7,97.8,,,,
2026-06-04,15:58:54,4d2273,9H-QDQ,Boeing 737-800,Malta Air,landing,arrivee,550,254.1,81.2,,,,
2026-06-04,16:02:01,34368c,EC-LJX,Bombardier CRJ-1000,Air Nostrum,cruise,,575,0.0,89.4,,,,
2026-06-04,16:04:46,407d75,G-TTNS,Airbus A320neo,British Airways,landing,arrivee,575,223.2,82.0,,,,
2026-06-04,16:07:13,495307,CS-TXG,Airbus A321neo,TAP Air Portugal,landing,arrivee,550,265.6,85.9,,,,
2026-06-04,16:09:52,495309,CS-TXI,Airbus A321neo,TAP Air Portugal,landing,arrivee,575,260.0,89.2,,,,
2026-06-04,16:12:43,4951d1,CS-TNQ,Airbus A320,TAP Air Portugal,landing,arrivee,525,252.4,95.7,,,,
2026-06-04,16:15:22,4ca762,EI-EFG,Boeing 737-800,Ryanair,landing,arrivee,550,252.2,86.1,,,,
2026-06-04,16:18:17,TAP553R,CS-TXD,Airbus A321neo,TAP Air Portugal,landing,arrivee,525,252.4,98.0,,,,
2026-06-04,16:20:08,49530a,CS-TXJ,Airbus A321neo,TAP Air Portugal,landing,arrivee,625,258.9,71.6,,,,
2026-06-04,16:22:55,4952c7,CS-TVG,Airbus A320neo,TAP Air Portugal,landing,arrivee,550,256.3,94.6,,,,
2026-06-04,16:25:28,TAP3928,CS-TUO,Airbus A330-900neo,TAP Air Portugal,landing,arrivee,550,253.0,94.2,,,,
2026-06-04,16:28:25,495211,CS-TPQ,Embraer E190,TAP Air Portugal,landing,arrivee,525,227.4,86.7,,,,
2026-06-04,16:30:03,49529a,CS-TTZ,Embraer E195,TAP Air Portugal,landing,arrivee,575,275.6,95.6,,,,
2026-06-04,16:32:35,49514c,CS-TJL,Airbus A321neo,TAP Air Portugal,landing,arrivee,550,263.9,96.1,,,,
2026-06-04,16:34:29,4952a8,CS-TUH,Airbus A330-900neo,TAP Air Portugal,landing,arrivee,550,233.2,87.7,,,,
2026-06-04,16:37:26,TAP226,CS-TUL,Airbus A330-900neo,TAP Air Portugal,landing,arrivee,550,259.7,92.1,,,,
2026-06-04,16:40:15,TAP83RS,CS-TVI,Airbus A320neo,TAP Air Portugal,landing,arrivee,525,252.4,97.8,,,,
2026-06-04,16:41:50,4951cc,CS-TNL,Airbus A320,TAP Air Portugal,landing,arrivee,600,258.4,88.3,,,,
2026-06-04,16:44:35,EJU95BR,OE-IBF,Airbus A320,easyJet Europe,landing,arrivee,500,253.2,95.8,,,,
2026-06-04,16:47:16,EZY46AK,G-UZHK,Airbus A320neo,easyJet,landing,arrivee,525,226.7,95.8,,,,
2026-06-04,16:49:11,TAP433,CS-TNU,Airbus A320,TAP Air Portugal,landing,arrivee,550,243.9,93.3,,,,
2026-06-04,16:51:16,EWG25P,D-AEEC,Airbus A321,Eurowings,landing,arrivee,525,238.2,93.9,,,,
2026-06-04,16:53:07,010275,SU-RSC,Boeing 737-800,,landing,arrivee,500,245.2,97.3,,,,
2026-06-04,16:55:45,4d225c,9H-QDD,Boeing 737-800,Malta Air,landing,arrivee,500,266.9,94.4,,,,
2026-06-04,16:57:45,RYR55AR,EI-ILD,Boeing 737 MAX 8,Ryanair,landing,arrivee,525,265.6,93.8,,,,
2026-06-04,16:59:36,3475c9,EC-OCT,Airbus A321,TAP Air Portugal,approach,arrivee,525,0.0,92.7,,,,
2026-06-04,17:03:33,9HGMF,9H-GVA,GL5T,,approach,arrivee,525,68.7,74.6,,,,
2026-06-04,17:06:59,495037,CS-TAW,Embraer E195,TAP Air Portugal,landing,arrivee,550,255.9,97.8,,,,
2026-06-04,17:09:10,4d22bf,9H-IHD,Airbus A320,Lauda Europe,landing,arrivee,575,240.0,77.7,,,,
2026-06-04,17:11:16,39d30e,F-HUYO,Boeing 737-800,Transavia France,landing,arrivee,500,268.0,94.7,,,,
2026-06-04,17:14:19,495218,CS-TPX,Embraer E190,TAP Air Portugal,landing,arrivee,550,245.9,98.5,,,,
2026-06-04,17:16:53,TAP1359,CS-TXE,Airbus A321neo,TAP Air Portugal,landing,arrivee,550,256.5,93.9,,,,
2026-06-04,17:19:20,VLG9QY,EC-MYC,Airbus A320,Vueling,landing,arrivee,550,254.8,95.2,,,,
2026-06-04,17:21:56,4cadbe,EI-IGL,Boeing 737 MAX 8,Ryanair,landing,arrivee,550,264.7,89.6,,,,
2026-06-04,17:24:33,RYR9QJ,9H-QDS,Boeing 737-800,Malta Air,landing,arrivee,500,263.2,95.9,,,,
2026-06-04,17:27:34,TAP669,CS-TVQ,Airbus A320neo,TAP Air Portugal,landing,arrivee,525,244.3,96.9,,,,
2026-06-04,17:30:04,TAP1824,CS-TJP,Airbus A321neo,TAP Air Portugal,landing,arrivee,550,260.4,99.9,,,,
2026-06-04,17:32:06,RYR7GJ,9H-QCS,Boeing 737-800,Malta Air,landing,arrivee,550,268.9,93.9,,,,
2026-06-04,17:37:36,RAM982,CN-RHI,Boeing 737 MAX 8,Royal Air Maroc,landing,arrivee,525,264.1,92.8,,,,
2026-06-04,17:41:33,AFR24MF,F-GKXG,Airbus A320,Air France,landing,arrivee,575,241.7,90.4,,,,
2026-06-04,17:46:57,BAW506,G-TTSC,Airbus A320neo,British Airways,landing,arrivee,575,241.5,92.2,,,,
2026-06-04,17:50:14,440075,OE-LSV,Airbus A320neo,easyJet Europe,landing,arrivee,575,247.2,78.5,,,,
2026-06-04,17:54:15,TAP1337,CS-TPT,Embraer E190,TAP Air Portugal,landing,arrivee,575,231.5,99.7,,,,
2026-06-04,18:00:20,TAP298,CS-TUE,Airbus A330-900neo,TAP Air Portugal,landing,arrivee,575,233.9,86.3,,,,
2026-06-04,18:07:12,EZY25BM,G-EZUC,Airbus A320,easyJet,landing,arrivee,500,242.8,96.3,,,,
2026-06-04,18:10:51,TAP1558,CS-TVC,Airbus A320neo,TAP Air Portugal,landing,arrivee,550,255.9,97.3,,,,
2026-06-04,18:13:16,48520d,PH-HXE,Boeing 737-800,Transavia,landing,arrivee,575,266.3,94.7,,,,
2026-06-04,18:17:18,4951d6,CS-TNV,Airbus A320,TAP Air Portugal,landing,arrivee,525,250.0,91.0,,,,
2026-06-04,18:26:33,TAP1542,CS-TVH,Airbus A320neo,TAP Air Portugal,landing,arrivee,550,247.2,98.0,,,,
2026-06-04,18:29:29,4866df,PH-YHX,Airbus A321neo,Transavia,landing,arrivee,550,262.4,91.2,,,,
2026-06-04,18:31:56,NSZ2WK,SE-RTC,Boeing 737 MAX 8,Norwegian Air Sweden,landing,arrivee,575,273.2,97.6,,,,
2026-06-04,18:34:37,4951d6,CS-TNV,Airbus A320,TAP Air Portugal,landing,arrivee,600,246.3,82.5,,,,
2026-06-04,18:37:32,4952c4,CS-TVD,Airbus A320neo,TAP Air Portugal,landing,arrivee,575,234.3,90.4,,,,
2026-06-04,18:40:24,TRA9H,9H-SWJ,Airbus A320,Eurowings,landing,arrivee,550,239.8,93.7,,,,
2026-06-04,18:43:03,VLG5YW,EC-MAI,Airbus A320,Vueling,landing,arrivee,575,249.1,85.4,,,,
2026-06-04,18:45:40,RYR5KT,EI-EBP,Boeing 737-800,Ryanair,landing,arrivee,525,252.4,90.8,,,,
2026-06-04,18:48:13,TVF35GD,F-HUYY,Boeing 737-800,Transavia France,landing,arrivee,600,271.7,92.1,,,,
2026-06-04,18:51:24,EJU92TK,OE-LKY,Airbus A319,easyJet Europe,landing,arrivee,575,243.5,98.9,,,,
2026-06-04,18:54:14,4952cb,CS-TVK,Airbus A320neo,TAP Air Portugal,landing,arrivee,550,218.4,91.5,,,,
2026-06-04,18:57:04,495299,CS-TTY,Embraer E195,TAP Air Portugal,landing,arrivee,575,257.2,91.0,,,,
2026-06-04,19:00:22,440d90,OE-IXN,Boeing 737-800,Iberia,approach,arrivee,575,223.2,89.6,,,,
2026-06-04,19:03:02,TVF90KW,F-HUYT,Boeing 737-800,Transavia France,landing,arrivee,550,253.9,96.1,,,,
2026-06-04,19:05:58,TAP10EV,CS-TPW,Embraer E190,TAP Air Portugal,landing,arrivee,525,243.2,98.1,,,,
2026-06-04,19:08:34,TAP1017,CS-TJN,Airbus A321neo,TAP Air Portugal,landing,arrivee,575,262.2,93.0,,,,
2026-06-04,19:11:15,AEA1157,EC-NUZ,Boeing 737-800,Air Europa,landing,arrivee,575,266.3,92.1,,,,
2026-06-04,19:14:09,738068,4X-EKI,Boeing 737-800,El Al,landing,arrivee,500,277.6,98.9,,,,
2026-06-04,19:16:51,RYR647X,EI-DWC,Boeing 737-800,Ryanair,landing,arrivee,550,270.0,85.2,,,,
2026-06-04,19:19:58,RZO124,CS-TSM,Airbus A320,TAP Air Portugal,landing,arrivee,575,233.9,92.1,,,,
2026-06-04,19:22:41,4d245c,9H-WZR,Airbus A320,Lauda Europe,landing,arrivee,575,237.4,93.2,,,,
2026-06-04,19:28:44,49514f,CS-TJO,Airbus A321neo,TAP Air Portugal,landing,arrivee,600,272.4,96.6,,,,
2026-06-04,19:36:14,BEL2DT,OO-SBB,Airbus A320,Brussels Airlines,landing,arrivee,575,250.0,85.5,,,,
2026-06-04,19:47:13,4ca9ed,EI-EVP,Boeing 737-800,Ryanair,landing,arrivee,500,268.0,91.7,,,,
2026-06-04,19:53:54,WZZ477,HA-LDC,Airbus A321neo,Wizz Air,landing,arrivee,550,252.4,90.4,,,,
2026-06-04,19:57:01,ANE44TG,EC-MLC,Bombardier CRJ-1000,Air Nostrum,landing,arrivee,525,252.1,94.4,,,,
2026-06-04,20:00:36,49514d,CS-TJM,Airbus A321neo,TAP Air Portugal,landing,arrivee,575,233.2,91.5,,,,
2026-06-04,20:02:59,4868bc,PH-AXN,Airbus A321neo,KLM,landing,arrivee,600,263.2,93.7,,,,
2026-06-04,20:06:22,TAP543W,CS-TVA,Airbus A320neo,TAP Air Portugal,landing,arrivee,550,250.0,82.8,,,,
2026-06-04,20:09:18,TAP825,CS-TJH,Airbus A321,TAP Air Portugal,landing,arrivee,525,264.1,90.1,,,,
2026-06-04,20:12:03,4952cf,CS-TVO,Airbus A320neo,TAP Air Portugal,landing,arrivee,525,235.6,93.0,,,,
2026-06-04,20:14:42,KAL921,HL8391,Boeing 787-9,Korean Air,approach,arrivee,550,264.8,97.3,,,,
2026-06-04,20:17:56,TAP4TL,CS-TPZ,Embraer E190,TAP Air Portugal,landing,arrivee,525,239.1,98.1,,,,
2026-06-04,20:20:24,40600d,G-EZFI,Airbus A319,easyJet,landing,arrivee,575,223.2,80.5,,,,
2026-06-04,20:23:33,UAE5M,A6-EPR,Boeing 777-300ER,Emirates,landing,arrivee,575,258.4,92.7,,,,
2026-06-04,20:26:04,4cae95,EI-IKI,Boeing 737 MAX 8,Ryanair,landing,arrivee,525,255.6,95.1,,,,
2026-06-04,20:28:47,DTA652,D2-TEJ,Boeing 777-300ER,TAAG Angola Airlines,landing,arrivee,500,275.8,94.4,,,,
2026-06-04,20:31:24,4d211c,,,,approach,arrivee,500,64.4,72.8,,,,
2026-06-04,20:35:53,4d20be,9H-WMJ,Airbus A321neo,Wizz Air,landing,arrivee,550,252.4,86.2,,,,
2026-06-04,20:38:38,495146,CS-TJF,Airbus A321,TAP Air Portugal,landing,arrivee,550,258.9,94.6,,,,
2026-06-04,20:41:29,3444cb,EC-MAO,Airbus A320,Vueling,landing,arrivee,550,245.6,87.2,,,,
2026-06-04,20:44:26,EWG6TR,9H-EUV,Airbus A320,Eurowings,landing,arrivee,550,236.7,92.6,,,,
2026-06-04,20:47:07,TAP835,CS-TJS,Airbus A321neo,TAP Air Portugal,landing,arrivee,550,254.8,89.9,,,,
2026-06-04,20:49:24,495213,CS-TPS,Embraer E190,TAP Air Portugal,landing,arrivee,550,225.2,85.5,,,,
2026-06-04,20:51:39,495215,CS-TPU,Embraer E190,TAP Air Portugal,landing,arrivee,550,250.8,92.6,,,,
2026-06-04,20:54:28,495290,CS-TTP,Airbus A319,TAP Air Portugal,landing,arrivee,575,230.8,72.2,,,,
2026-06-04,20:57:04,TAP877,CS-TPR,Embraer E190,TAP Air Portugal,landing,arrivee,525,232.4,84.3,,,,
2026-06-04,20:58:51,RYR56BR,EI-DLI,Boeing 737-800,Ryanair,landing,arrivee,500,258.5,95.7,,,,
2026-06-04,21:01:44,TAP1361,CS-TVL,Airbus A320,TAP Air Portugal,landing,arrivee,575,227.6,88.4,,,,
2026-06-04,21:04:18,495211,CS-TPQ,Embraer E190,TAP Air Portugal,landing,arrivee,525,230.0,96.7,,,,
2026-06-04,21:06:37,495038,CS-TAX,Embraer E195,TAP Air Portugal,landing,arrivee,525,254.1,99.1,,,,
2026-06-04,21:08:59,TAP755,CS-TVP,Airbus A320neo,TAP Air Portugal,landing,arrivee,550,233.9,96.0,,,,
2026-06-04,21:11:31,ICE578,TF-IAE,Airbus A321neo,Icelandair,landing,arrivee,550,248.7,81.5,,,,
2026-06-04,21:14:40,TAP403Z,CS-TPO,Embraer E190,TAP Air Portugal,landing,arrivee,525,234.3,91.8,,,,
2026-06-04,21:17:49,RZO134,CS-TSY,Airbus A320,TAP Air Portugal,landing,arrivee,550,240.0,89.6,,,,
2026-06-04,21:20:32,348508,EC-OOV,Airbus A320,Vueling,landing,arrivee,525,250.8,95.6,,,,
2026-06-04,21:23:33,4952b3,CS-TUS,Airbus A330-900neo,TAP Air Portugal,landing,arrivee,550,230.0,88.4,,,,
2026-06-04,21:26:38,TAP1692,CS-TVN,Airbus A320neo,TAP Air Portugal,landing,arrivee,600,243.2,85.2,,,,
2026-06-04,21:29:36,TAP863Y,CS-TNN,Airbus A320,TAP Air Portugal,landing,arrivee,550,240.8,87.9,,,,
2026-06-04,21:32:59,RZO142,CS-TKP,Airbus A320,TAP Air Portugal,landing,arrivee,550,239.8,93.4,,,,
2026-06-04,21:40:12,RYR8HG,EI-IJP,Boeing 737 MAX 8,Ryanair,landing,arrivee,525,255.4,76.7,,,,
2026-06-04,21:50:08,TAP1325,CS-TTW,Embraer E195,TAP Air Portugal,landing,arrivee,500,243.2,94.4,,,,
2026-06-04,21:53:49,4952cd,CS-TVM,Airbus A320neo,TAP Air Portugal,landing,arrivee,575,253.2,66.6,,,,
2026-06-04,21:57:31,RYR8AT,EI-DLC,Boeing 737-800,Ryanair,landing,arrivee,550,256.3,88.9,,,,
2026-06-04,22:00:30,TAP827V,CS-TNM,Airbus A320,TAP Air Portugal,landing,arrivee,525,249.8,79.3,,,,
2026-06-04,22:02:38,TAP885,CS-TPV,Embraer E190,TAP Air Portugal,landing,arrivee,500,244.8,97.3,,,,
2026-06-04,22:04:01,RYR59QQ,EI-HAT,Boeing 737 MAX 8,Ryanair,landing,arrivee,475,254.1,95.4,,,,
2026-06-04,22:06:43,TAP2469,CS-TVH,Airbus A320neo,TAP Air Portugal,landing,arrivee,575,242.4,70.8,,,,
2026-06-04,22:09:31,TAP37CN,CS-TPY,Embraer E190,TAP Air Portugal,landing,arrivee,525,243.2,97.6,,,,
2026-06-04,22:12:16,TAP5AS,CS-TVF,Airbus A320neo,TAP Air Portugal,landing,arrivee,550,230.8,87.5,,,,
2026-06-04,22:15:15,TAP1933,CS-TPX,Embraer E190,TAP Air Portugal,landing,arrivee,525,229.8,91.0,,,,
2026-06-04,22:16:51,RYR7VL,9H-VUZ,Boeing 737 MAX 8,Malta Air,landing,arrivee,500,268.2,95.1,,,,
2026-06-04,22:18:40,EJU74EP,OE-IBF,Airbus A320,easyJet Europe,landing,arrivee,525,251.5,92.4,,,,
2026-06-04,22:20:57,DLH34J,D-AIEM,Airbus A321neo,Lufthansa,landing,arrivee,525,248.0,98.6,,,,
2026-06-04,22:23:46,DAH3004,7T-VKC,Boeing 737-800,Air Algerie,landing,arrivee,500,268.2,93.7,,,,
2026-06-04,22:26:25,4951d3,CS-TNS,Airbus A320,TAP Air Portugal,landing,arrivee,600,264.1,79.0,,,,
2026-06-04,22:28:07,AFR64PQ,F-GKXN,Airbus A320,Air France,landing,arrivee,575,257.2,67.6,,,,
2026-06-04,22:30:46,TAP127M,CS-TJE,Airbus A321,TAP Air Portugal,landing,arrivee,550,272.8,91.8,,,,
2026-06-04,22:33:35,39cea6,F-HTVG,Boeing 737-800,Transavia France,landing,arrivee,525,263.2,90.3,,,,
2026-06-04,22:36:44,440115,OE-LUE,Airbus A320neo,easyJet Europe,landing,arrivee,500,220.2,87.3,,,,
2026-06-04,22:39:18,TAP57W,CS-TJJ,Airbus A321neo,TAP Air Portugal,landing,arrivee,525,249.1,89.8,,,,
2026-06-04,22:42:03,46b825,SX-NAE,Airbus A321neo,Aegean Airlines,landing,arrivee,525,259.7,99.2,,,,
2026-06-04,22:45:22,495298,CS-TTX,Embraer E195,TAP Air Portugal,landing,arrivee,550,243.2,93.3,,,,
2026-06-04,22:48:37,EJU91TW,OE-LSA,Airbus A320neo,easyJet Europe,landing,arrivee,550,220.8,94.9,,,,
2026-06-04,22:50:39,DLH64P,D-AIEJ,Airbus A321neo,Lufthansa,landing,arrivee,525,256.5,93.0,,,,
2026-06-04,22:52:42,TAP67U,CS-TVJ,Airbus A320neo,TAP Air Portugal,landing,arrivee,525,258.9,98.8,,,,
2026-06-04,22:55:22,440d6e,OE-LSQ,Airbus A320,easyJet Europe,landing,arrivee,575,232.4,87.8,,,,
2026-06-04,22:58:06,4951cb,CS-TNK,Airbus A320,TAP Air Portugal,landing,arrivee,550,238.4,93.1,,,,
2026-06-04,23:00:19,EJU7690,OE-LSF,Airbus A320neo,easyJet Europe,landing,arrivee,600,229.8,62.0,,,,
2026-06-04,23:02:38,TAP437X,CS-TTR,Airbus A319,TAP Air Portugal,landing,arrivee,525,242.2,91.0,,,,
2026-06-04,23:07:08,TAP64M,CS-TJL,Airbus A321neo,TAP Air Portugal,landing,arrivee,525,262.4,88.0,,,,
2026-06-04,23:09:32,3964e9,F-GZHJ,Boeing 737-800,Transavia France,approach,arrivee,575,263.4,91.2,,,,
2026-06-04,23:12:17,BAW508,G-EUUM,Airbus A320,British Airways,landing,arrivee,525,258.0,92.5,,,,
2026-06-04,23:15:52,ASL41G,YU-APE,Airbus A319,Air Serbia,landing,arrivee,550,225.4,90.2,,,,
2026-06-04,23:18:42,NJE853C,CS-CHH,Challenger 350,NetJets,landing,arrivee,575,223.9,85.8,,,,
2026-06-04,23:20:53,RYR3RB,EI-GXM,Boeing 737-800,Ryanair,landing,arrivee,525,263.9,94.6,,,,
2026-06-04,23:24:02,440075,OE-LSV,Airbus A320neo,easyJet Europe,landing,arrivee,575,241.5,85.0,,,,
2026-06-04,23:26:40,4951d1,CS-TNQ,Airbus A320,TAP Air Portugal,cruise,,575,0.0,79.8,,,,
2026-06-04,23:29:31,49514b,CS-TJK,Airbus A321neo,TAP Air Portugal,landing,arrivee,550,229.5,84.3,,,,
2026-06-04,23:32:25,TAP35MT,CS-TTZ,Embraer E195,TAP Air Portugal,landing,arrivee,525,244.8,92.8,,,,
2026-06-04,23:35:32,IBE0539,EC-IXD,Airbus A321,Iberia,landing,arrivee,500,265.4,92.8,,,,
2026-06-04,23:38:11,DLH23C,D-AIST,Airbus A321,Lufthansa,landing,arrivee,550,278.7,89.1,,,,
2026-06-04,23:41:13,THY2ES,TC-JHS,Boeing 737-800,Turkish Airlines,landing,arrivee,450,258.9,94.6,,,,
2026-06-04,23:43:24,440b1e,OE-IWW,Airbus A320,easyJet Europe,landing,arrivee,600,237.4,71.2,,,,
2026-06-04,23:45:50,4b194c,HB-JPC,Airbus A321,Swiss,landing,arrivee,550,265.6,93.7,,,,
2026-06-04,23:48:39,EJU36BG,OE-IDU,Airbus A320,easyJet Europe,landing,arrivee,575,262.8,82.7,,,,
2026-06-05,00:04:00,4ca2d5,EI-DLI,Boeing 737-800,Ryanair,landing,arrivee,550,262.4,88.3,,,,
2026-06-05,00:07:27,495037,CS-TAW,Embraer E195,TAP Air Portugal,landing,arrivee,525,255.6,94.9,,,,
2026-06-05,00:09:08,4400dc,OE-IDT,Airbus A320,easyJet Europe,landing,arrivee,525,249.1,90.4,,,,
2026-06-05,00:12:45,TAP94KM,CS-TTY,Embraer E195,TAP Air Portugal,landing,arrivee,500,256.5,88.7,,,,
2026-06-05,00:14:21,3475c9,EC-OCT,Airbus A321,TAP Air Portugal,landing,arrivee,525,256.3,96.4,,,,
2026-06-05,00:32:18,TAP1313,CS-TVI,Airbus A320neo,TAP Air Portugal,landing,arrivee,550,243.2,91.0,,,,
2026-06-05,01:34:51,TAP1478,CS-TVR,Airbus A320neo,TAP Air Portugal,landing,arrivee,550,259.3,92.4,,,,
2026-06-05,01:39:12,4caee4,EI-ILD,Boeing 737 MAX 8,Ryanair,landing,arrivee,550,264.1,93.7,,,,
2026-06-05,03:08:07,SWT133,EC-MAF,ATR 72 500F,Swiftair,approach,arrivee,550,177.1,71.2,,,,
2026-06-05,04:29:54,RZO128,CS-TKP,Airbus A320,TAP Air Portugal,landing,arrivee,600,243.2,78.7,,,,
2026-06-05,04:32:33,TAP074,CS-TUB,Airbus A330-900neo,TAP Air Portugal,landing,arrivee,575,265.8,84.7,,,,
2026-06-05,04:35:29,49526a,CS-TSJ,Airbus A321neo,TAP Air Portugal,cruise,,625,0.0,84.8,,,,
2026-06-05,04:37:45,49530c,CS-TXL,Airbus A321neo,TAP Air Portugal,landing,arrivee,550,242.4,96.8,,,,
2026-06-05,05:05:42,TAP082,CS-TUA,Airbus A330-900neo,TAP Air Portugal,landing,arrivee,575,245.6,96.6,,,,
2026-06-05,05:08:38,TAP25YZ,CS-TXA,Airbus A321neo,TAP Air Portugal,landing,arrivee,575,258.4,99.9,,,,
2026-06-05,05:11:06,TAP224,CS-TUF,Airbus A330-900neo,TAP Air Portugal,landing,arrivee,575,247.2,91.5,,,,
2026-06-05,05:24:00,TAP218,CS-TXC,Airbus A321neo,TAP Air Portugal,landing,arrivee,525,257.2,96.5,,,,
2026-06-05,05:39:35,49530b,CS-TXK,Airbus A321,TAP Air Portugal,landing,arrivee,625,264.1,85.0,,,,
2026-06-05,05:51:26,TAP1937,CS-TVB,Airbus A320neo,TAP Air Portugal,landing,arrivee,550,254.8,99.3,,,,
2026-06-05,06:00:45,TAP058,CS-TUN,Airbus A330-900neo,TAP Air Portugal,landing,arrivee,500,247.2,98.7,,,,
2026-06-05,06:03:52,TAP9276,CS-TNM,Airbus A320,TAP Air Portugal,landing,arrivee,575,223.5,89.7,,,,
2026-06-05,06:05:52,TAP96AW,CS-TVF,Airbus A320neo,TAP Air Portugal,landing,arrivee,525,241.5,93.4,,,,
2026-06-05,06:07:55,TAP1550,CS-TVA,Airbus A320neo,TAP Air Portugal,landing,arrivee,575,249.1,89.6,,,,
2026-06-05,06:10:56,TAY1MN,OE-IAM,737 490SF,Iberia,landing,arrivee,575,238.2,92.4,,,,
2026-06-05,06:14:12,TAP1484,CS-TJO,Airbus A321neo,TAP Air Portugal,landing,arrivee,525,236.7,98.4,,,,
2026-06-05,06:25:21,DTA650,D2-TEK,Boeing 777-300ER,TAAG Angola Airlines,landing,arrivee,550,269.7,93.2,,,,
2026-06-05,06:28:47,TAP1097,CS-TPS,Embraer E190,TAP Air Portugal,landing,arrivee,525,230.8,96.5,,,,
2026-06-05,06:31:52,TAP104,CS-TOP,Airbus A330-200,TAP Air Portugal,landing,arrivee,500,239.3,97.5,,,,
2026-06-05,06:39:53,TAP1908,CS-TNN,Airbus A320,TAP Air Portugal,landing,arrivee,550,247.2,91.3,,,,
2026-06-05,06:43:04,TAP475,CS-TAX,Embraer E195,TAP Air Portugal,landing,arrivee,550,253.2,92.2,,,,
2026-06-05,06:48:25,347481,EC-NZR,Boeing 737-800,Air Europa,landing,arrivee,550,267.2,85.5,,,,
2026-06-05,06:53:30,TAP41SN,CS-TVN,Airbus A320neo,TAP Air Portugal,landing,arrivee,575,230.8,89.7,,,,
2026-06-05,06:57:38,TAM8146,PT-MUJ,Boeing 777-300ER,LATAM Airlines,landing,arrivee,500,273.2,94.6,,,,
2026-06-05,07:08:13,4952cc,CS-TVL,Airbus A320,TAP Air Portugal,landing,arrivee,525,249.1,92.5,,,,
2026-06-05,07:11:48,TAP441,CS-TJN,Airbus A321neo,TAP Air Portugal,landing,arrivee,625,271.3,67.6,,,,
2026-06-05,07:15:23,SRR6646,OY-SRM,767 25EBDSF,Star Air,landing,arrivee,550,229.1,92.5,,,,
2026-06-05,07:21:37,495217,CS-TPW,Embraer E190,TAP Air Portugal,landing,arrivee,550,219.1,85.3,,,,
2026-06-05,07:24:42,495214,CS-TPT,Embraer E190,TAP Air Portugal,landing,arrivee,525,218.4,98.9,,,,
2026-06-05,07:29:23,3c542c,D-AEAL,A300 B4-622RF,Lufthansa,landing,arrivee,550,234.8,91.6,,,,
2026-06-05,07:33:53,347344,EC-NVS,Airbus A320,Iberia,landing,arrivee,575,264.1,87.9,,,,
2026-06-05,07:36:34,4952cb,CS-TVK,Airbus A320neo,TAP Air Portugal,cruise,,575,0.0,94.6,,,,
2026-06-05,07:39:34,495211,CS-TPQ,Embraer E190,TAP Air Portugal,landing,arrivee,500,239.1,97.1,,,,
2026-06-05,07:42:39,TAP9ML,CS-TVO,Airbus A320neo,TAP Air Portugal,landing,arrivee,500,225.2,96.1,,,,
2026-06-05,07:45:09,a05669,N12020,Boeing 787-10,United Airlines,landing,arrivee,525,263.2,99.6,,,,
2026-06-05,07:48:24,RYR7VL,9H-QCF,Boeing 737-800,Malta Air,landing,arrivee,500,258.7,95.3,,,,
2026-06-05,07:51:09,EZY46AK,G-UZHK,Airbus A320neo,easyJet,landing,arrivee,550,253.9,87.5,,,,
2026-06-05,07:53:52,a539c9,N436DX,Airbus A330-900neo,Delta Air Lines,landing,arrivee,550,257.1,95.4,,,,
2026-06-05,07:57:01,TAP1023,CS-TJS,Airbus A321neo,TAP Air Portugal,landing,arrivee,575,255.6,84.7,,,,
2026-06-05,07:59:51,TAP8RL,CS-TJH,Airbus A321,TAP Air Portugal,landing,arrivee,525,257.6,95.1,,,,
2026-06-05,08:02:22,TAP9RH,CS-TNV,Airbus A320,TAP Air Portugal,landing,arrivee,575,258.4,90.3,,,,
2026-06-05,08:05:10,TAP575,CS-TJP,Airbus A321neo,TAP Air Portugal,landing,arrivee,525,267.2,98.0,,,,
2026-06-05,08:08:05,VLG46AX,EC-MQB,Airbus A321,Vueling,landing,arrivee,550,253.9,93.6,,,,
2026-06-05,08:15:30,RYR4XW,EI-IJL,Boeing 737 MAX 8,Ryanair,landing,arrivee,500,264.8,94.0,,,,
2026-06-05,08:18:16,TAP557H,CS-TVC,Airbus A320neo,TAP Air Portugal,landing,arrivee,575,240.8,89.2,,,,
2026-06-05,08:22:15,AZU8900,CS-TSW,Boeing 777-200,Azul,landing,arrivee,575,246.7,96.0,,,,
2026-06-05,08:24:49,TAP56DP,CS-TNU,Airbus A320,TAP Air Portugal,landing,arrivee,550,260.0,96.2,,,,
2026-06-05,08:27:22,VLG14YF,EC-JYX,Airbus A320,Vueling,landing,arrivee,600,272.4,87.8,,,,
2026-06-05,08:30:05,RYR384,EI-IKJ,Boeing 737 MAX 8,Ryanair,landing,arrivee,525,268.9,89.3,,,,
2026-06-05,08:33:01,ACA812,C-GEGP,Airbus A330-300,Air Canada,landing,arrivee,525,237.4,96.8,,,,
2026-06-05,08:35:57,ab7fe6,N840AN,Boeing 787-9,American Airlines,landing,arrivee,550,265.6,87.9,,,,
2026-06-05,08:39:16,4951cc,CS-TNL,Airbus A320,TAP Air Portugal,landing,arrivee,550,254.8,93.1,,,,
2026-06-05,08:50:07,4952c7,CS-TVG,Airbus A320neo,TAP Air Portugal,landing,arrivee,600,244.6,93.0,,,,
2026-06-05,08:53:36,TAP443,CS-TVQ,Airbus A320neo,TAP Air Portugal,landing,arrivee,500,254.8,99.6,,,,
2026-06-05,08:56:18,4d227d,9H-QDM,Boeing 737-800,Malta Air,landing,arrivee,500,274.8,93.6,,,,
2026-06-05,08:59:00,39de48,F-HXSI,Airbus A320neo,Transavia France,approach,arrivee,575,248.7,78.2,,,,
2026-06-05,09:01:51,TAP006,CS-TXF,Airbus A321neo,TAP Air Portugal,landing,arrivee,525,259.7,97.8,,,,
2026-06-05,09:05:23,EZY47LC,G-EZUN,Airbus A320,easyJet,takeoff,depart,1425,289.8,93.4,,,,
2026-06-05,09:08:30,TAP242,CS-TUG,Airbus A330-900neo,TAP Air Portugal,landing,arrivee,500,245.6,97.1,,,,
2026-06-05,09:13:07,TSC480,C-GUFZ,Airbus A330-200,Air Transat,landing,arrivee,475,233.2,95.6,,,,
2026-06-05,09:18:07,EZY47LC,G-EZUN,Airbus A320,easyJet,landing,arrivee,525,253.2,96.9,,,,
2026-06-05,09:21:14,RYR67UV,9H-QAV,Boeing 737-800,Malta Air,landing,arrivee,500,264.8,99.3,,,,
2026-06-05,09:28:30,TAP072,CS-TUQ,Airbus A330-900neo,TAP Air Portugal,landing,arrivee,550,247.2,95.7,,,,
2026-06-05,09:33:23,495307,CS-TXG,Airbus A321neo,TAP Air Portugal,landing,arrivee,525,259.7,94.8,,,,
2026-06-05,09:38:06,4bb203,TC-LPC,Airbus A321,Turkish Airlines,landing,arrivee,550,246.7,88.3,,,,
2026-06-05,09:40:43,BAW50P,G-TNEI,Airbus A321neo,British Airways,landing,arrivee,550,244.3,93.2,,,,
2026-06-05,09:43:26,4952d0,CS-TVP,Airbus A320neo,TAP Air Portugal,landing,arrivee,575,258.9,99.3,,,,
2026-06-05,09:46:20,TAP63GL,CS-TVH,Airbus A320neo,TAP Air Portugal,landing,arrivee,550,238.2,97.8,,,,
2026-06-05,09:48:53,40643d,G-EZUC,Airbus A320,easyJet,landing,arrivee,525,236.7,88.1,,,,
2026-06-05,09:51:36,TAP1921,CS-TJJ,Airbus A321neo,TAP Air Portugal,landing,arrivee,525,237.6,97.5,,,,
2026-06-05,10:05:21,TAP11SV,CS-TTY,Embraer E195,TAP Air Portugal,landing,arrivee,525,239.1,98.2,,,,
2026-06-05,10:08:01,440c35,OE-LSA,Airbus A320neo,easyJet Europe,landing,arrivee,550,254.8,95.6,,,,
2026-06-05,10:12:00,TAP210,CS-TUM,Airbus A330-900neo,TAP Air Portugal,landing,arrivee,575,253.5,92.1,,,,
2026-06-05,10:14:45,TAP012,CS-TXJ,Airbus A321neo,TAP Air Portugal,landing,arrivee,525,258.9,91.6,,,,
2026-06-05,10:17:32,49521a,CS-TPZ,Embraer E190,TAP Air Portugal,landing,arrivee,575,238.2,88.8,,,,
2026-06-05,10:20:05,4cae91,EI-IKC,Boeing 737 MAX 8,Ryanair,landing,arrivee,550,271.3,85.5,,,,
2026-06-05,10:24:36,c0174f,C-FIVM,Boeing 777-300ER,Air Canada,landing,arrivee,550,268.9,97.4,,,,
2026-06-05,10:29:00,4952ab,CS-TUK,Airbus A330-900neo,TAP Air Portugal,cruise,,550,0.0,96.8,,,,
2026-06-05,10:33:28,TAP036,EC-OLG,Airbus A330-300,TAP Air Portugal,landing,arrivee,525,256.5,96.9,,,,
2026-06-05,10:35:59,AEA1153,EC-NUZ,Boeing 737-800,Air Europa,landing,arrivee,525,260.0,95.2,,,,
2026-06-05,10:38:34,LGL51P,LX-LBA,Boeing 737-800,Luxair,landing,arrivee,550,274.8,95.5,,,,
2026-06-05,10:42:23,UAL942,N57016,Boeing 777-200,United Airlines,landing,arrivee,600,239.8,95.2,,,,
2026-06-05,10:45:14,DAL124,N406DX,Airbus A330-900neo,Delta Air Lines,landing,arrivee,550,254.8,89.3,,,,
2026-06-05,10:47:41,4d226e,9H-QCZ,Boeing 737-800,Malta Air,landing,arrivee,500,265.6,88.7,,,,
2026-06-05,10:50:31,495145,CS-TJE,Airbus A321,TAP Air Portugal,landing,arrivee,550,267.2,88.0,,,,
2026-06-05,10:53:22,495215,CS-TPU,Embraer E190,TAP Air Portugal,landing,arrivee,550,251.5,84.5,,,,
2026-06-05,10:56:19,TAP234Y,CS-TXI,Airbus A321neo,TAP Air Portugal,landing,arrivee,525,262.4,99.0,,,,
2026-06-05,10:58:54,4869bd,PH-YHF,Airbus A321neo,,landing,arrivee,575,267.6,91.5,,,,
2026-06-05,11:01:36,4867c2,PH-AXG,Airbus A321neo,KLM,landing,arrivee,625,247.2,85.8,,,,
2026-06-05,11:04:17,TAP048,CS-TXD,Airbus A321neo,TAP Air Portugal,landing,arrivee,600,266.5,96.7,,,,
2026-06-05,11:07:06,39bda2,F-HPNC,BD-500-1A11,Harfang Finance Designated Activity Company,landing,arrivee,625,249.1,85.1,,,,
2026-06-05,11:09:59,RYR3RB,9H-QAD,Boeing 737-800,Malta Air,landing,arrivee,525,271.3,98.5,,,,
2026-06-05,11:12:40,4952ce,CS-TVN,Airbus A320neo,TAP Air Portugal,landing,arrivee,575,256.5,93.9,,,,
2026-06-05,11:15:45,495213,CS-TPS,Embraer E190,TAP Air Portugal,landing,arrivee,550,228.7,83.8,,,,
2026-06-05,11:18:38,4ca2d5,EI-DLI,Boeing 737-800,Ryanair,landing,arrivee,550,279.7,92.3,,,,
2026-06-05,11:21:30,BEL2DY,OO-SBD,Airbus A320neo,Brussels Airlines,landing,arrivee,600,253.2,90.6,,,,
2026-06-05,11:24:03,440cf8,OE-IBF,Airbus A320,easyJet Europe,landing,arrivee,575,247.2,95.0,,,,
2026-06-05,11:26:56,TAP11WQ,CS-TVA,Airbus A320neo,TAP Air Portugal,landing,arrivee,550,254.1,92.4,,,,
2026-06-05,11:29:25,TAP262M,CS-TXE,Airbus A321neo,TAP Air Portugal,landing,arrivee,525,257.2,90.1,,,,
2026-06-05,11:32:23,EJU15PC,OE-IDU,Airbus A320,easyJet Europe,landing,arrivee,550,250.8,96.5,,,,
2026-06-05,11:35:12,440b1e,OE-IWW,Airbus A320,easyJet Europe,landing,arrivee,575,258.9,93.0,,,,
2026-06-05,11:37:42,DLH39X,D-AIEQ,Airbus A321,Lufthansa,landing,arrivee,575,279.7,86.9,,,,
2026-06-05,11:41:21,EZY31FV,G-EZTM,Airbus A320,easyJet,landing,arrivee,575,253.2,87.3,,,,
2026-06-05,11:46:12,49529a,CS-TTZ,Embraer E195,TAP Air Portugal,landing,arrivee,575,268.2,84.5,,,,
2026-06-05,11:48:58,347288,EC-NTP,Airbus A320neo,Iberia,landing,arrivee,550,267.6,88.9,,,,
2026-06-05,11:51:55,495171,CS-TKQ,Airbus A320,TAP Air Portugal,landing,arrivee,550,246.3,90.7,,,,
2026-06-05,11:54:47,4950e4,CS-TGD,Airbus A330-200,Azul,landing,arrivee,600,247.1,84.0,,,,
2026-06-05,11:57:34,440d6f,OE-LSR,Airbus A320,easyJet Europe,cruise,,625,0.0,79.2,,,,
2026-06-05,12:04:43,EWG8602,D-AEWR,Airbus A320,Eurowings,landing,arrivee,525,257.2,92.4,,,,
2026-06-05,12:07:49,UAE3MV,A6-EPD,Boeing 777-300ER,Emirates,landing,arrivee,550,285.6,93.0,,,,
2026-06-05,12:10:48,TAP028,CS-TUH,Airbus A330-900neo,TAP Air Portugal,landing,arrivee,575,268.2,93.7,,,,
2026-06-05,12:14:13,EWG66L,9H-SWC,Airbus A320,Eurowings,landing,arrivee,550,250.0,97.7,,,,
2026-06-05,12:17:19,495148,CS-TJH,Airbus A321,TAP Air Portugal,landing,arrivee,600,261.5,81.8,,,,
2026-06-05,12:31:43,TAP13LH,CS-TJM,Airbus A321neo,TAP Air Portugal,landing,arrivee,575,264.8,87.7,,,,
2026-06-05,12:36:08,39d319,F-HUYZ,Boeing 737-800,Transavia France,landing,arrivee,575,269.7,92.6,,,,
2026-06-05,12:40:33,4952a4,CS-TUD,Airbus A330-900neo,TAP Air Portugal,landing,arrivee,500,251.5,98.7,,,,
2026-06-05,12:43:00,EJU78QH,OE-LSV,Airbus A320neo,easyJet Europe,landing,arrivee,550,253.2,89.2,,,,
2026-06-05,12:45:47,4d2387,9H-VUZ,Boeing 737 MAX 8,Malta Air,landing,arrivee,550,272.4,94.4,,,,
2026-06-05,12:48:44,WPT416P,EC-OND,Airbus A330-300,,approach,arrivee,500,239.1,94.1,,,,
2026-06-05,12:51:17,495269,CS-TSI,Airbus A321neo,TAP Air Portugal,landing,arrivee,575,263.9,93.3,,,,
2026-06-05,12:54:10,495292,CS-TTR,Airbus A319,TAP Air Portugal,landing,arrivee,550,250.8,91.9,,,,
2026-06-05,12:57:13,491d89,CS-GLI,Global 6500,NetJets,landing,arrivee,525,202.6,94.5,,,,
2026-06-05,13:00:31,TAP63CT,CS-TPX,Embraer E190,TAP Air Portugal,approach,arrivee,575,224.6,89.6,,,,
2026-06-05,13:04:36,TAM8148,PT-MUE,Boeing 777-300ER,LATAM Airlines,landing,arrivee,550,284.8,96.5,,,,
2026-06-05,13:07:22,TAP145W,CS-TNN,Airbus A320,TAP Air Portugal,landing,arrivee,550,255.9,90.7,,,,
2026-06-05,13:10:10,4400dc,OE-IDT,Airbus A320,easyJet Europe,landing,arrivee,550,253.2,95.2,,,,
2026-06-05,13:12:52,495217,CS-TPW,Embraer E190,TAP Air Portugal,landing,arrivee,525,231.5,99.8,,,,
2026-06-05,13:15:43,TAP1335,CS-TVI,Airbus A320neo,TAP Air Portugal,landing,arrivee,575,239.8,85.4,,,,
2026-06-05,13:18:38,VLG8JM,EC-NYF,Airbus A321,Vueling,landing,arrivee,475,244.8,95.1,,,,
2026-06-05,13:30:38,TAP1860,CS-TXC,Airbus A321neo,TAP Air Portugal,landing,arrivee,550,271.3,91.7,,,,
2026-06-05,13:33:29,LOT4HT,SP-LWF,Boeing 737-800,LOT Polish Airlines,landing,arrivee,550,271.3,96.9,,,,
2026-06-05,13:36:32,TAP43JD,CS-TJK,Airbus A321neo,TAP Air Portugal,landing,arrivee,575,276.3,66.6,,,,
2026-06-05,13:39:38,OBS130P,CS-TCF,Airbus A330-900neo,TAP Air Portugal,landing,arrivee,625,238.4,80.0,,,,
2026-06-05,13:42:21,4952d1,CS-TVQ,Airbus A320neo,TAP Air Portugal,landing,arrivee,600,241.5,88.5,,,,
2026-06-05,13:45:05,TAP831,CS-TVM,Airbus A320neo,TAP Air Portugal,landing,arrivee,550,262.4,99.9,,,,
2026-06-05,13:47:43,440005,OE-ING,Airbus A320,easyJet Europe,landing,arrivee,550,264.8,91.8,,,,
2026-06-05,13:50:35,4951cd,CS-TNM,Airbus A320,TAP Air Portugal,landing,arrivee,575,244.3,78.2,,,,
2026-06-05,13:53:10,DLH47T,D-AIEJ,Airbus A321neo,Lufthansa,landing,arrivee,550,241.5,87.9,,,,
2026-06-05,13:55:45,TAP823,CS-TJF,Airbus A321,TAP Air Portugal,landing,arrivee,575,266.5,91.9,,,,
2026-06-05,13:58:32,SWR32F,HB-JCF,C Series 300,Swiss,landing,arrivee,550,250.8,90.6,,,,
2026-06-05,14:01:11,RYR85MR,EI-ILD,Boeing 737 MAX 8,Ryanair,landing,arrivee,525,275.2,89.0,,,,
2026-06-05,14:04:23,495037,CS-TAW,Embraer E195,TAP Air Portugal,landing,arrivee,550,259.7,98.7,,,,
2026-06-05,14:07:15,TAP1013,CS-TNU,Airbus A320,TAP Air Portugal,landing,arrivee,475,258.4,98.0,,,,
2026-06-05,14:10:28,TAP8RT,CS-TPR,Embraer E190,TAP Air Portugal,landing,arrivee,525,253.2,90.2,,,,
2026-06-05,14:13:03,495170,CS-TKP,Airbus A320,TAP Air Portugal,landing,arrivee,575,261.5,85.6,,,,
2026-06-05,14:15:55,495214,CS-TPT,Embraer E190,TAP Air Portugal,landing,arrivee,550,244.3,89.6,,,,
2026-06-05,14:18:35,TAP236,CS-TUP,Airbus A330-900neo,TAP Air Portugal,landing,arrivee,550,260.8,91.1,,,,
2026-06-05,14:21:32,495211,CS-TPQ,Embraer E190,TAP Air Portugal,landing,arrivee,525,234.8,92.3,,,,
2026-06-05,14:24:14,TAP869,CS-TTX,Embraer E195,TAP Air Portugal,landing,arrivee,550,278.2,97.7,,,,
2026-06-05,14:26:56,4951d6,CS-TNV,Airbus A320,TAP Air Portugal,landing,arrivee,550,258.4,92.8,,,,
2026-06-05,14:29:49,495297,CS-TTW,Embraer E195,TAP Air Portugal,landing,arrivee,550,264.8,96.1,,,,
2026-06-05,14:32:53,4952c2,CS-TVB,Airbus A320neo,TAP Air Portugal,landing,arrivee,525,275.6,96.1,,,,
2026-06-05,14:35:36,4952a3,CS-TUC,Airbus A330-900neo,TAP Air Portugal,landing,arrivee,550,252.4,97.5,,,,
2026-06-05,14:38:45,TAP86GM,CS-TVR,Airbus A320neo,TAP Air Portugal,landing,arrivee,575,267.2,94.2,,,,
2026-06-05,14:41:51,EJU41HA,OE-LSF,Airbus A320neo,easyJet Europe,landing,arrivee,575,244.8,93.3,,,,
2026-06-05,14:43:30,4867c1,PH-AXF,Airbus A321neo,KLM,landing,arrivee,550,270.8,98.1,,,,
2026-06-05,14:45:59,AFR37EQ,F-HEPF,Airbus A320,Air France,landing,arrivee,550,250.8,91.6,,,,
2026-06-05,14:48:17,TCV612,D4-CCI,Boeing 737-700,Cabo Verde Airlines,landing,arrivee,500,233.2,90.1,,,,
2026-06-05,14:50:31,49520f,CS-TPO,Embraer E190,TAP Air Portugal,landing,arrivee,575,246.3,90.2,,,,
2026-06-05,14:56:31,495216,CS-TPV,Embraer E190,TAP Air Portugal,landing,arrivee,500,253.2,96.5,,,,
2026-06-05,14:59:36,RYR12SN,EI-GXM,Boeing 737-800,Ryanair,landing,arrivee,550,273.2,91.3,,,,
2026-06-05,15:03:01,AEA12AT,EC-MQP,Boeing 737-800,Air Europa,landing,arrivee,525,278.2,95.0,,,,
2026-06-05,15:06:49,TAP941,CS-TVK,Airbus A320neo,TAP Air Portugal,landing,arrivee,525,266.5,99.1,,,,
2026-06-05,15:09:58,4b1699,HB-ION,Airbus A321,Swiss,landing,arrivee,550,268.9,95.5,,,,
2026-06-05,15:16:29,4d21fc,9H-QAL,Boeing 737-800,Malta Air,landing,arrivee,575,278.2,95.3,,,,
2026-06-05,15:21:29,440c35,OE-LSA,Airbus A320neo,easyJet Europe,landing,arrivee,575,270.8,99.2,,,,
2026-06-05,15:24:38,DLH03H,D-AIOB,Airbus A321neo,Lufthansa,landing,arrivee,600,272.8,90.3,,,,
2026-06-05,15:27:21,TAP1143,CS-TNL,Airbus A320,TAP Air Portugal,landing,arrivee,600,255.6,94.7,,,,
2026-06-05,15:31:20,4c01e7,YU-APH,Airbus A320,Air Serbia,landing,arrivee,600,251.5,79.3,,,,
2026-06-05,15:34:17,4951d3,CS-TNS,Airbus A320,TAP Air Portugal,landing,arrivee,550,244.8,98.4,,,,
2026-06-05,15:36:52,440115,OE-LUE,Airbus A320neo,easyJet Europe,landing,arrivee,600,270.8,82.0,,,,
2026-06-05,15:39:40,TAP36GS,CS-TJL,Airbus A321neo,TAP Air Portugal,landing,arrivee,600,295.4,93.0,,,,
2026-06-05,15:42:41,VLG7PA,EC-KHN,Airbus A320,Vueling,landing,arrivee,550,260.4,97.6,,,,
2026-06-05,15:45:26,400804,G-EUPD,Airbus A319,British Airways,landing,arrivee,575,264.7,92.5,,,,
2026-06-05,15:48:09,BTI7FR,YL-CSL,A220 300,Air Baltic,landing,arrivee,575,259.7,91.5,,,,
2026-06-05,15:51:03,495215,CS-TPU,Embraer E190,TAP Air Portugal,landing,arrivee,575,253.2,93.5,,,,
2026-06-05,15:53:37,TAP571,CS-TNK,Airbus A320,TAP Air Portugal,landing,arrivee,650,250.4,91.6,,,,
2026-06-05,15:56:27,461fa8,OH-LZS,Airbus A321,Finnair,landing,arrivee,525,281.3,97.3,,,,
2026-06-05,15:59:05,495302,CS-TXB,Airbus A321neo,TAP Air Portugal,cruise,,600,0.0,92.6,,,,
2026-06-05,16:01:44,THY4GH,TC-LSV,Airbus A321neo,Turkish Airlines,landing,arrivee,575,268.9,85.1,,,,
2026-06-05,16:04:45,495038,CS-TAX,Embraer E195,TAP Air Portugal,landing,arrivee,550,260.8,95.4,,,,
2026-06-05,16:07:33,EZY35DC,G-UZLM,Airbus A320neo,easyJet,landing,arrivee,550,276.5,97.4,,,,
2026-06-05,16:09:56,4952c6,CS-TVF,Airbus A320neo,TAP Air Portugal,landing,arrivee,575,270.8,94.6,,,,
2026-06-05,16:12:53,3451d8,EC-MJO,Bombardier CRJ-1000,Air Nostrum,landing,arrivee,575,256.5,99.2,,,,
2026-06-05,16:15:57,495213,CS-TPS,Embraer E190,TAP Air Portugal,landing,arrivee,575,230.0,96.8,,,,
2026-06-05,16:18:19,TAP71VE,CS-TVJ,Airbus A320neo,TAP Air Portugal,landing,arrivee,525,269.7,97.4,,,,
2026-06-05,16:21:19,495299,CS-TTY,Embraer E195,TAP Air Portugal,landing,arrivee,550,232.4,95.5,,,,
2026-06-05,16:24:09,TAP1241,CS-TJN,Airbus A321neo,TAP Air Portugal,landing,arrivee,575,274.8,96.8,,,,
2026-06-05,16:27:28,TAP56DT,CS-TVD,Airbus A320neo,TAP Air Portugal,landing,arrivee,550,263.2,95.6,,,,
2026-06-05,16:30:19,4952c3,CS-TVC,Airbus A320neo,TAP Air Portugal,landing,arrivee,550,261.5,94.7,,,,
2026-06-05,16:33:02,TAP250,CS-TUR,Airbus A330-900neo,TAP Air Portugal,landing,arrivee,575,265.6,97.8,,,,
2026-06-05,16:36:03,TAP669,CS-TVO,Airbus A320neo,TAP Air Portugal,landing,arrivee,550,270.4,89.8,,,,
2026-06-05,16:38:46,440daf,OE-IDU,Airbus A320,easyJet Europe,landing,arrivee,575,255.6,93.9,,,,
2026-06-05,16:41:47,49521a,CS-TPZ,Embraer E190,TAP Air Portugal,landing,arrivee,550,251.5,91.1,,,,
2026-06-05,16:49:37,4952c7,CS-TVG,Airbus A320neo,TAP Air Portugal,landing,arrivee,575,272.1,89.5,,,,
2026-06-05,16:51:50,495305,CS-TXE,Airbus A321neo,TAP Air Portugal,landing,arrivee,575,274.8,94.6,,,,
2026-06-05,16:58:38,495290,CS-TTP,Airbus A319,TAP Air Portugal,landing,arrivee,600,242.2,84.8,,,,
2026-06-05,17:01:49,RYR59QQ,EI-ILF,Boeing 737 MAX 8,Ryanair,landing,arrivee,525,269.3,94.8,,,,
2026-06-05,17:04:08,TAP83RS,CS-TXA,Airbus A321neo,TAP Air Portugal,landing,arrivee,575,267.2,91.9,,,,
2026-06-05,17:07:23,VLG9QY,EC-LVU,Airbus A320,Vueling,landing,arrivee,525,268.7,94.6,,,,
2026-06-05,17:11:01,TAP1359,CS-TJI,Airbus A321neo,TAP Air Portugal,landing,arrivee,550,268.9,94.7,,,,
2026-06-05,17:13:56,4cac1e,EI-HEN,Boeing 737 MAX 8,Ryanair,landing,arrivee,550,283.0,97.2,,,,
2026-06-05,17:17:16,4ca2d5,EI-DLI,Boeing 737-800,Ryanair,landing,arrivee,475,288.2,90.5,,,,
2026-06-05,17:20:11,3c54a5,D-AEEE,Airbus A321,Eurowings,landing,arrivee,575,255.6,86.7,,,,
2026-06-05,17:22:46,TAP15NC,CS-TJM,Airbus A321neo,TAP Air Portugal,landing,arrivee,550,273.2,99.4,,,,
2026-06-05,17:25:17,TAP298,CS-TUL,Airbus A330-900neo,TAP Air Portugal,landing,arrivee,575,267.2,94.5,,,,
2026-06-05,17:28:26,TAP553R,CS-TJP,Airbus A321neo,TAP Air Portugal,landing,arrivee,575,259.7,95.2,,,,
2026-06-05,17:31:32,SWR36K,HB-JDF,Airbus A320neo,Swiss,landing,arrivee,525,266.3,98.4,,,,
2026-06-05,17:34:27,440cf8,OE-IBF,Airbus A320,easyJet Europe,landing,arrivee,575,263.2,80.7,,,,
2026-06-05,17:37:35,RYR36JX,EI-EGB,Boeing 737-800,Ryanair,landing,arrivee,475,275.6,97.9,,,,
2026-06-05,17:40:45,TAP1824,CS-TJJ,Airbus A321neo,TAP Air Portugal,landing,arrivee,550,268.9,93.5,,,,
2026-06-05,17:48:30,0201c4,CN-RHM,Boeing 737 MAX 8,Royal Air Maroc,landing,arrivee,550,282.6,80.8,,,,
2026-06-05,17:52:23,4952d0,CS-TVP,Airbus A320neo,TAP Air Portugal,landing,arrivee,600,260.8,90.8,,,,
2026-06-05,17:58:05,TRA27L,PH-HXA,Boeing 737-800,Transavia,landing,arrivee,500,276.5,93.9,,,,
2026-06-05,18:02:04,TAP1017,CS-TVM,Airbus A320neo,TAP Air Portugal,landing,arrivee,575,251.5,90.3,,,,
2026-06-05,18:07:09,TAP1558,CS-TVL,Airbus A320,TAP Air Portugal,landing,arrivee,550,255.6,98.3,,,,
2026-06-05,18:09:36,RYR98HW,9H-VVR,Boeing 737 MAX 8,Malta Air,landing,arrivee,550,281.7,85.4,,,,
2026-06-05,18:12:51,TAP0781,EC-OCT,Airbus A321,TAP Air Portugal,landing,arrivee,550,275.6,92.5,,,,
2026-06-05,18:15:48,IBE05RP,EC-IZR,Airbus A320,Iberia,landing,arrivee,550,274.5,90.3,,,,
2026-06-05,18:18:33,4080db,G-TTNV,Airbus A320neo,British Airways,landing,arrivee,575,236.7,91.0,,,,
2026-06-05,18:20:55,471f04,HA-LTK,Airbus A321,SAS Scandinavian,landing,arrivee,525,275.6,90.2,,,,
2026-06-05,18:23:38,348209,EC-OKJ,Airbus A320,Vueling,landing,arrivee,575,254.8,91.0,,,,
2026-06-05,18:26:07,495153,CS-TJS,Airbus A321neo,TAP Air Portugal,landing,arrivee,575,272.1,97.4,,,,
2026-06-05,18:29:14,TAP435,CS-TVA,Airbus A320neo,TAP Air Portugal,landing,arrivee,575,265.6,91.1,,,,
2026-06-05,18:39:52,49526a,CS-TSJ,Airbus A321neo,TAP Air Portugal,landing,arrivee,550,273.2,88.4,,,,
2026-06-05,18:44:16,39ceb5,F-HTVV,Boeing 737-800,Transavia France,landing,arrivee,550,274.8,94.1,,,,
2026-06-05,18:47:37,440cb1,OE-IZF,Airbus A320,easyJet Europe,landing,arrivee,525,261.5,96.4,,,,
2026-06-05,18:50:11,EJU67HP,OE-LQI,Airbus A319,easyJet Europe,landing,arrivee,550,257.2,94.7,,,,
2026-06-05,18:52:50,39d306,F-HUYG,Boeing 737-800,Transavia France,landing,arrivee,550,256.5,93.2,,,,
2026-06-05,18:55:23,49514f,CS-TJO,Airbus A321neo,TAP Air Portugal,landing,arrivee,575,272.4,90.5,,,,
2026-06-05,18:58:18,TAP1931,CS-TPQ,Embraer E190,TAP Air Portugal,landing,arrivee,550,248.0,98.1,,,,
2026-06-05,19:01:20,49520f,CS-TPO,Embraer E190,TAP Air Portugal,landing,arrivee,550,247.2,86.0,,,,
2026-06-05,19:04:03,RYR95SN,9H-QCJ,Boeing 737-800,Malta Air,landing,arrivee,525,278.2,98.3,,,,
2026-06-05,19:07:16,TAP1455,CS-TPR,Embraer E190,TAP Air Portugal,landing,arrivee,500,235.9,91.1,,,,
2026-06-05,19:09:44,EZY65DX,G-UZME,Airbus A321neo,easyJet,landing,arrivee,575,278.0,93.9,,,,
2026-06-05,19:12:27,BEL2DT,OO-SBF,Airbus A320neo,Brussels Airlines,landing,arrivee,525,263.2,97.8,,,,
2026-06-05,19:15:17,EJU69VE,OE-IWW,Airbus A320,easyJet Europe,landing,arrivee,550,258.9,94.0,,,,
2026-06-05,19:18:00,EJU71TK,OE-IVV,Airbus A320,easyJet Europe,landing,arrivee,525,263.2,91.6,,,,
2026-06-05,19:20:49,TAY2MN,OE-IAM,737 490SF,Iberia,landing,arrivee,575,250.0,95.9,,,,
2026-06-05,19:23:24,AEA1157,EC-OTA,Boeing 737 MAX 8,Air Europa,landing,arrivee,550,279.7,88.4,,,,
2026-06-05,19:26:25,TAP35BL,CS-TAW,Embraer E195,TAP Air Portugal,landing,arrivee,525,253.2,84.0,,,,
2026-06-05,19:29:07,KLM71Y,PH-AXK,Airbus A321neo,KLM,landing,arrivee,575,275.6,91.2,,,,
2026-06-05,19:31:58,8963d8,A6-EPI,Boeing 777-300ER,Emirates,landing,arrivee,550,273.2,95.4,,,,
2026-06-05,19:34:50,EZS62YX,HB-AYR,Airbus A320neo,easyJet Europe,landing,arrivee,575,262.4,88.1,,,,
2026-06-05,19:37:21,RYR21WA,SP-RZQ,Boeing 737 MAX 8,Ryanair,landing,arrivee,525,286.5,95.9,,,,
2026-06-05,19:40:36,471d60,HA-LDG,Airbus A321neo,Wizz Air,landing,arrivee,550,252.4,89.4,,,,
2026-06-05,19:48:04,TAP835,CS-TNT,Airbus A320,TAP Air Portugal,landing,arrivee,575,264.8,90.2,,,,
2026-06-05,19:51:18,TAP671,CS-TVN,Airbus A320neo,TAP Air Portugal,landing,arrivee,525,259.7,98.4,,,,
2026-06-05,19:54:35,TRA951N,PH-CDR,Boeing 737 MAX 9,,landing,arrivee,550,280.4,85.1,,,,
2026-06-05,19:57:41,RYR32KG,9H-QDD,Boeing 737-800,Malta Air,landing,arrivee,550,285.8,95.0,,,,
2026-06-05,20:00:48,TAP825,CS-TJE,Airbus A321,TAP Air Portugal,landing,arrivee,525,258.9,90.5,,,,
2026-06-05,20:03:29,TAP93ZS,CS-TXD,Airbus A321neo,TAP Air Portugal,landing,arrivee,550,272.1,95.3,,,,
2026-06-05,20:06:21,IBE0537,EC-NZQ,Airbus A320,Iberia,landing,arrivee,525,262.4,99.2,,,,
2026-06-05,20:09:01,MMZ352,EC-OAP,Airbus A330-200,,landing,arrivee,500,268.0,96.9,,,,
2026-06-05,20:11:56,EZY26YM,G-EZBV,Airbus A319,easyJet,landing,arrivee,525,243.9,93.8,,,,
2026-06-05,20:22:49,495292,CS-TTR,Airbus A319,TAP Air Portugal,approach,arrivee,575,247.2,93.5,,,,
2026-06-05,20:25:44,495214,CS-TPT,Embraer E190,TAP Air Portugal,landing,arrivee,550,237.4,85.6,,,,
2026-06-05,20:28:19,3c56f5,D-AEWU,Airbus A320,Eurowings,landing,arrivee,550,249.8,92.3,,,,
2026-06-05,20:31:14,TAP543W,CS-TTZ,Embraer E195,TAP Air Portugal,landing,arrivee,550,250.8,89.7,,,,
2026-06-05,20:33:55,VLG8UE,EC-MFN,Airbus A320,Vueling,landing,arrivee,525,236.7,95.1,,,,
2026-06-05,20:36:35,4ac9f8,SE-ROX,Airbus A320neo,SAS Scandinavian,landing,arrivee,550,234.3,85.3,,,,
2026-06-05,20:39:05,TAP1019,CS-TAX,Embraer E195,TAP Air Portugal,landing,arrivee,475,258.4,86.8,,,,
2026-06-05,20:43:43,WMT537,9H-XLF,Airbus A321neo,Lauda Europe,landing,arrivee,550,254.1,85.6,,,,
2026-06-05,20:50:23,407795,G-UZLC,Airbus A320neo,easyJet,landing,arrivee,550,238.4,91.6,,,,
2026-06-05,20:54:40,495217,CS-TPW,Embraer E190,TAP Air Portugal,landing,arrivee,475,240.0,99.6,,,,
2026-06-05,20:57:00,DTA652,D2-TEJ,Boeing 777-300ER,TAAG Angola Airlines,landing,arrivee,500,285.8,90.1,,,,
2026-06-05,21:00:19,4d2387,9H-VUZ,Boeing 737 MAX 8,Malta Air,landing,arrivee,500,275.6,97.6,,,,
2026-06-05,21:03:05,495216,CS-TPV,Embraer E190,TAP Air Portugal,landing,arrivee,525,245.6,89.4,,,,
2026-06-05,21:05:57,4952c9,CS-TVI,Airbus A320neo,TAP Air Portugal,landing,arrivee,550,238.2,94.1,,,,
2026-06-05,21:07:56,TAP37CN,CS-TNL,Airbus A320,TAP Air Portugal,landing,arrivee,525,246.7,93.2,,,,
2026-06-05,21:09:47,4952c8,CS-TVH,Airbus A320neo,TAP Air Portugal,landing,arrivee,500,243.2,96.0,,,,
2026-06-05,21:12:23,RYR3WD,EI-GXM,Boeing 737-800,Ryanair,landing,arrivee,500,275.6,95.7,,,,
2026-06-05,21:14:26,3444c9,EC-MAH,Airbus A320,Vueling,landing,arrivee,525,251.5,94.2,,,,
2026-06-05,21:16:37,RZO152,CS-TKP,Airbus A320,TAP Air Portugal,landing,arrivee,500,259.7,99.8,,,,
2026-06-05,21:19:14,TAP863Y,CS-TNN,Airbus A320,TAP Air Portugal,landing,arrivee,500,243.2,98.1,,,,
2026-06-05,21:22:33,RZO134,CS-TSY,Airbus A320,TAP Air Portugal,landing,arrivee,525,249.1,97.0,,,,
2026-06-05,21:25:03,EIN4PT,EI-DVG,Airbus A320,Aer Lingus,landing,arrivee,525,250.8,90.3,,,,
2026-06-05,21:26:44,TAP437X,CS-TNV,Airbus A320,TAP Air Portugal,landing,arrivee,500,259.7,91.6,,,,
2026-06-05,21:28:52,RYR76WW,EI-HMS,Boeing 737 MAX 8,Ryanair,landing,arrivee,500,283.7,79.0,,,,
2026-06-05,21:34:22,TAP5AS,CS-TNM,Airbus A320,TAP Air Portugal,landing,arrivee,525,247.1,95.3,,,,
2026-06-05,21:37:43,4bc853,TC-RBS,Airbus A321neo,Pegasus,landing,arrivee,500,242.2,94.2,,,,
2026-06-05,21:40:11,RYR4RL,9H-QBG,Boeing 737-800,Malta Air,landing,arrivee,500,266.1,92.4,,,,
2026-06-05,21:43:23,4951d5,CS-TNU,Airbus A320,TAP Air Portugal,landing,arrivee,550,243.2,85.3,,,,
2026-06-05,21:46:41,TAP67U,CS-TJK,Airbus A321neo,TAP Air Portugal,landing,arrivee,575,272.1,94.8,,,,
2026-06-05,21:49:20,TAP57W,CS-TVR,Airbus A320neo,TAP Air Portugal,landing,arrivee,500,262.2,89.7,,,,
2026-06-05,21:51:57,495297,CS-TTW,Embraer E195,TAP Air Portugal,landing,arrivee,500,268.0,98.7,,,,
2026-06-05,21:54:38,TAP837,CS-TJF,Airbus A321,TAP Air Portugal,landing,arrivee,500,265.6,98.9,,,,
2026-06-05,21:57:31,c07fb4,C-GWJJ,AC11,,landing,arrivee,475,268.2,99.4,,,,
2026-06-05,22:00:12,3465d9,EC-NNY,Airbus A320,Volotea,landing,arrivee,525,242.2,84.3,,,,
2026-06-05,22:03:35,495290,CS-TTP,Airbus A319,TAP Air Portugal,landing,arrivee,500,249.3,92.4,,,,
2026-06-05,22:10:00,495299,CS-TTY,Embraer E195,TAP Air Portugal,landing,arrivee,475,246.7,87.9,,,,
2026-06-05,22:13:04,EJU69GW,OE-LSV,Airbus A320neo,easyJet Europe,landing,arrivee,525,257.2,87.6,,,,
2026-06-05,22:21:23,46b927,SX-NIG,Airbus A320neo,Aegean Airlines,landing,arrivee,525,231.5,98.8,,,,
2026-06-05,22:31:02,3c64a3,D-AIEC,Airbus A321neo,Lufthansa,landing,arrivee,525,253.2,91.8,,,,
2026-06-05,22:34:00,AFR64PQ,F-GKXH,Airbus A320,Air France,landing,arrivee,500,249.8,91.3,,,,
2026-06-05,22:36:09,EJU95BR,OE-IDU,Airbus A320,easyJet Europe,landing,arrivee,550,248.4,87.8,,,,
2026-06-05,22:39:13,TAP1369,CS-TJL,Airbus A321neo,TAP Air Portugal,landing,arrivee,525,268.0,87.9,,,,
2026-06-05,22:41:55,EJU91TW,OE-LSR,Airbus A320,easyJet Europe,landing,arrivee,550,243.2,87.9,,,,
2026-06-05,22:44:34,46b82d,SX-NAM,Airbus A321,Aegean Airlines,landing,arrivee,575,254.8,85.0,,,,
2026-06-05,22:46:43,TAP43RY,CS-TNS,Airbus A320,TAP Air Portugal,landing,arrivee,525,254.1,93.3,,,,
2026-06-05,22:48:24,40097f,G-EUUD,Airbus A320,British Airways,landing,arrivee,550,251.5,88.1,,,,
2026-06-05,22:50:09,495148,CS-TJH,Airbus A321,TAP Air Portugal,landing,arrivee,525,261.5,89.3,,,,
2026-06-05,22:52:54,3c667a,D-AISZ,Airbus A321,Lufthansa,landing,arrivee,550,258.0,89.2,,,,
2026-06-05,22:54:48,440115,OE-LUE,Airbus A320neo,easyJet Europe,landing,arrivee,525,244.3,88.2,,,,
2026-06-05,22:56:50,EJU74EP,OE-IBF,Airbus A320,easyJet Europe,landing,arrivee,550,266.5,90.1,,,,
2026-06-05,22:58:26,RYR9QJ,EI-EVN,Boeing 737-800,Ryanair,landing,arrivee,475,278.9,93.8,,,,
2026-06-05,23:00:35,RYR68VC,EI-ILD,Boeing 737 MAX 8,Ryanair,landing,arrivee,450,285.6,94.9,,,,
2026-06-05,23:02:50,TAP555,CS-TVB,Airbus A320neo,TAP Air Portugal,landing,arrivee,500,233.2,95.7,,,,
2026-06-05,23:04:43,TAP1243,CS-TVQ,Airbus A320neo,TAP Air Portugal,landing,arrivee,525,250.8,89.8,,,,
2026-06-05,23:06:36,TVF34QV,F-HUYI,Boeing 737-800,Transavia France,landing,arrivee,450,280.4,98.9,,,,
2026-06-05,23:09:49,3420ca,EC-IXD,Airbus A321,Iberia,landing,arrivee,525,262.4,91.2,,,,
2026-06-05,23:19:34,TAP64M,CS-TJN,Airbus A321neo,TAP Air Portugal,landing,arrivee,525,275.6,98.1,,,,
2026-06-05,23:21:54,4bb285,TC-LTE,Airbus A321neo,Turkish Airlines,landing,arrivee,475,276.5,85.0,,,,
2026-06-05,23:25:19,486651,PH-AXA,Airbus A321neo,KLM,landing,arrivee,500,249.8,90.1,,,,
2026-06-05,23:27:12,RYR7GJ,9H-VUS,Boeing 737 MAX 8,Malta Air,landing,arrivee,475,293.0,88.7,,,,
2026-06-05,23:29:24,EJU64TB,OE-INP,Airbus A320,easyJet Europe,landing,arrivee,500,262.4,87.9,,,,
2026-06-05,23:31:38,4951d2,CS-TNR,Airbus A320,TAP Air Portugal,landing,arrivee,500,249.8,91.2,,,,
2026-06-05,23:34:02,3c65da,D-AINZ,Airbus A320neo,Lufthansa,landing,arrivee,550,243.5,86.1,,,,
2026-06-05,23:35:43,4b1699,HB-ION,Airbus A321,Swiss,landing,arrivee,525,268.9,88.4,,,,
2026-06-05,23:37:46,495218,CS-TPX,Embraer E190,TAP Air Portugal,landing,arrivee,500,235.9,91.0,,,,
2026-06-05,23:39:23,TVF47RH,F-HTVL,Boeing 737-800,Transavia France,landing,arrivee,525,277.2,94.2,,,,
2026-06-05,23:43:07,EJU32GK,OE-LSF,Airbus A320neo,easyJet Europe,landing,arrivee,500,241.5,93.9,,,,
2026-06-05,23:44:46,EJU7690,OE-IWW,Airbus A320,easyJet Europe,landing,arrivee,525,253.2,94.7,,,,
2026-06-05,23:47:47,4400dc,OE-IDT,Airbus A320,easyJet Europe,landing,arrivee,475,252.4,95.9,,,,
2026-06-05,23:56:16,495213,CS-TPS,Embraer E190,TAP Air Portugal,landing,arrivee,525,255.6,89.2,,,,
2026-06-06,00:01:59,3475c9,EC-OCT,Airbus A321,TAP Air Portugal,landing,arrivee,525,253.9,86.0,,,,
2026-06-06,00:11:34,4d242e,9H-WAZ,Airbus A321,Lauda Europe,landing,arrivee,475,249.1,97.3,,,,
2026-06-06,00:15:28,4ca2d5,EI-DLI,Boeing 737-800,Ryanair,landing,arrivee,500,280.4,95.1,,,,
2026-06-06,01:20:49,RZO128,CS-TSM,Airbus A320,TAP Air Portugal,landing,arrivee,525,247.2,97.7,,,,
2026-06-06,04:25:58,4952a5,CS-TUE,Airbus A330-900neo,TAP Air Portugal,landing,arrivee,550,264.8,93.6,,,,
2026-06-06,04:28:19,TAP074,CS-TUS,Airbus A330-900neo,TAP Air Portugal,landing,arrivee,500,267.2,99.2,,,,
2026-06-06,04:53:10,495309,CS-TXI,Airbus A321neo,TAP Air Portugal,landing,arrivee,500,272.1,99.3,,,,
2026-06-06,05:04:24,TAP1528,CS-TXK,Airbus A321,TAP Air Portugal,landing,arrivee,550,245.6,94.9,,,,
2026-06-06,05:11:49,TAP218,CS-TXG,Airbus A321neo,TAP Air Portugal,landing,arrivee,500,255.6,99.5,,,,
2026-06-06,05:14:07,49530a,CS-TXJ,Airbus A321neo,TAP Air Portugal,landing,arrivee,550,269.7,87.5,,,,
2026-06-06,05:19:01,TAP224,CS-TUN,Airbus A330-900neo,TAP Air Portugal,landing,arrivee,525,259.7,93.8,,,,
2026-06-06,05:26:45,TAP25YZ,CS-TXF,Airbus A321neo,TAP Air Portugal,landing,arrivee,550,267.2,88.4,,,,
2026-06-06,05:46:43,TAP1484,CS-TJM,Airbus A321neo,TAP Air Portugal,landing,arrivee,525,252.4,90.7,,,,
2026-06-06,05:50:14,TAP1550,CS-TJO,Airbus A321neo,TAP Air Portugal,landing,arrivee,525,249.8,91.7,,,,
2026-06-06,05:57:25,TAP1937,CS-TJL,Airbus A321neo,TAP Air Portugal,landing,arrivee,475,245.6,98.3,,,,
2026-06-06,06:01:36,TAP96AW,CS-TNK,Airbus A320,TAP Air Portugal,landing,arrivee,550,250.8,95.8,,,,
2026-06-06,06:04:21,TSC680,C-GUBH,Airbus A330-200,Air Transat,landing,arrivee,500,250.8,96.7,,,,
2026-06-06,06:07:18,TAP1544,CS-TVN,Airbus A320neo,TAP Air Portugal,landing,arrivee,525,258.9,91.7,,,,
2026-06-06,06:11:56,TAP104,CS-TUB,Airbus A330-900neo,TAP Air Portugal,landing,arrivee,525,253.2,98.5,,,,
2026-06-06,06:22:58,TAP1097,CS-TPQ,Embraer E190,TAP Air Portugal,landing,arrivee,500,239.1,95.7,,,,
2026-06-06,06:26:03,495216,CS-TPV,Embraer E190,TAP Air Portugal,landing,arrivee,500,229.1,93.8,,,,
2026-06-06,06:28:38,TAP9273,CS-TNV,Airbus A320,TAP Air Portugal,landing,arrivee,525,230.8,92.0,,,,
2026-06-06,06:32:08,4952ab,CS-TUK,Airbus A330-900neo,TAP Air Portugal,landing,arrivee,575,253.2,95.6,,,,
2026-06-06,06:36:32,TAM8146,PT-MUJ,Boeing 777-300ER,LATAM Airlines,landing,arrivee,500,273.9,95.4,,,,
2026-06-06,06:43:49,TAP1908,CS-TNN,Airbus A320,TAP Air Portugal,landing,arrivee,500,249.1,99.2,,,,
2026-06-06,06:46:28,DTA650,D2-TEK,Boeing 777-300ER,TAAG Angola Airlines,landing,arrivee,525,278.9,95.7,,,,
2026-06-06,06:49:37,TAP1023,CS-TTR,Airbus A319,TAP Air Portugal,landing,arrivee,525,235.6,98.4,,,,
2026-06-06,06:53:04,AEA1159,EC-MUZ,Boeing 737-800,Air Europa,landing,arrivee,525,256.5,96.2,,,,
2026-06-06,06:56:41,4951cc,CS-TNL,Airbus A320,TAP Air Portugal,landing,arrivee,550,243.2,93.2,,,,
2026-06-06,06:59:42,TAP9264,CS-TOO,Airbus A330-200,TAP Air Portugal,landing,arrivee,475,225.0,98.3,,,,
2026-06-06,07:02:25,495214,CS-TPT,Embraer E190,TAP Air Portugal,landing,arrivee,500,232.2,96.8,,,,
2026-06-06,07:08:01,a5237f,N430DX,Airbus A330-900neo,Delta Air Lines,landing,arrivee,525,255.6,98.2,,,,
2026-06-06,07:10:56,TAP058,CS-TUA,Airbus A330-900neo,TAP Air Portugal,landing,arrivee,575,243.2,94.6,,,,
2026-06-06,07:13:52,AZU8750,PR-AIZ,Airbus A330-200,Azul,landing,arrivee,500,252.4,99.9,,,,
2026-06-06,07:17:23,49514b,CS-TJK,Airbus A321neo,TAP Air Portugal,landing,arrivee,525,267.2,90.7,,,,
2026-06-06,07:22:43,TAP85CE,CS-TPR,Embraer E190,TAP Air Portugal,landing,arrivee,500,239.1,99.3,,,,
2026-06-06,07:26:02,IBE05TR,EC-NJU,Airbus A320neo,Iberia,landing,arrivee,525,258.4,92.1,,,,
2026-06-06,07:29:04,a0f428,N16009,Boeing 787-10,United Airlines,landing,arrivee,525,277.2,95.6,,,,
2026-06-06,07:32:08,TAP441,CS-TVM,Airbus A320neo,TAP Air Portugal,landing,arrivee,550,267.2,98.3,,,,
2026-06-06,07:43:33,TAP495Y,CS-TAW,Embraer E195,TAP Air Portugal,landing,arrivee,525,255.6,95.1,,,,
2026-06-06,07:45:58,TAP475,CS-TPU,Embraer E190,TAP Air Portugal,landing,arrivee,525,253.2,95.4,,,,
2026-06-06,07:49:14,TAP945,CS-TJP,Airbus A321neo,TAP Air Portugal,landing,arrivee,525,280.4,94.6,,,,
2026-06-06,07:52:20,TAP244,CS-TUM,Airbus A330-900neo,TAP Air Portugal,landing,arrivee,500,265.6,97.1,,,,
2026-06-06,07:55:01,4951d4,CS-TNT,Airbus A320,TAP Air Portugal,landing,arrivee,525,250.0,90.1,,,,
2026-06-06,07:58:06,TAP647,CS-TVA,Airbus A320neo,TAP Air Portugal,landing,arrivee,525,247.2,91.0,,,,
2026-06-06,08:00:45,495145,CS-TJE,Airbus A321,TAP Air Portugal,landing,arrivee,550,275.6,87.9,,,,
2026-06-06,08:03:50,4952c4,CS-TVD,Airbus A320neo,TAP Air Portugal,landing,arrivee,550,268.9,89.0,,,,
2026-06-06,08:08:10,TRA97Q,PH-YHV,Airbus A321neo,Transavia,landing,arrivee,525,254.8,93.9,,,,
2026-06-06,08:10:47,345041,EC-MHA,Airbus A321,Vueling,landing,arrivee,525,263.2,94.5,,,,
2026-06-06,08:15:26,495298,CS-TTX,Embraer E195,TAP Air Portugal,landing,arrivee,550,265.6,95.3,,,,
2026-06-06,08:24:25,TAP56DP,CS-TVG,Airbus A320neo,TAP Air Portugal,landing,arrivee,500,243.2,97.8,,,,
2026-06-06,08:26:56,4952d0,CS-TVP,Airbus A320neo,TAP Air Portugal,landing,arrivee,550,260.8,92.5,,,,
2026-06-06,08:31:54,TAP9RH,CS-TVO,Airbus A320neo,TAP Air Portugal,landing,arrivee,525,243.9,95.9,,,,
2026-06-06,08:34:47,TAP9ML,CS-TVI,Airbus A320neo,TAP Air Portugal,landing,arrivee,500,241.5,90.3,,,,
2026-06-06,08:42:46,AAL258,N820AL,Boeing 787-9,American Airlines,landing,arrivee,450,283.7,99.1,,,,
2026-06-06,08:46:07,TAP757P,CS-TVF,Airbus A320neo,TAP Air Portugal,landing,arrivee,550,256.5,88.9,,,,
2026-06-06,08:48:57,495149,CS-TJI,Airbus A321neo,TAP Air Portugal,landing,arrivee,550,275.6,81.2,,,,
2026-06-06,08:51:44,AFR35VY,F-GKXM,Airbus A320,Air France,landing,arrivee,525,258.9,89.2,,,,
2026-06-06,08:54:57,WPT316P,EC-OND,Airbus A330-300,,landing,arrivee,475,244.8,97.1,,,,
2026-06-06,08:57:30,c06a38,CA-GOFV,Airbus A330-300,Air Canada,landing,arrivee,475,250.8,99.4,,,,
2026-06-06,09:00:13,4952cb,CS-TVK,Airbus A320neo,TAP Air Portugal,landing,arrivee,525,242.4,88.1,,,,
2026-06-06,09:02:39,TRA27L,PH-HSI,Boeing 737-800,Transavia,landing,arrivee,500,277.2,96.1,,,,
2026-06-06,09:05:24,RUK715,G-RUKB,Boeing 737-800,Ryanair UK,landing,arrivee,425,282.4,93.8,,,,
2026-06-06,09:08:19,BCS18K,D-AZMQ,A306,,landing,arrivee,525,249.1,95.5,,,,
2026-06-06,09:10:42,RYR85KH,SP-RKZ,Boeing 737-800,Ryanair,landing,arrivee,500,281.3,93.3,,,,
2026-06-06,09:13:24,48c227,SP-RSH,Boeing 737-800,Buzz,landing,arrivee,475,264.8,94.5,,,,
2026-06-06,09:20:59,4952c3,CS-TVC,Airbus A320neo,TAP Air Portugal,landing,arrivee,525,254.8,90.2,,,,
2026-06-06,09:25:26,TAP63GL,CS-TJS,Airbus A321neo,TAP Air Portugal,landing,arrivee,500,256.5,96.0,,,,
2026-06-06,09:27:35,4d244b,9H-VVG,Boeing 737 MAX 8,Malta Air,landing,arrivee,450,287.2,99.5,,,,
2026-06-06,09:29:38,TAP216L,CS-TXB,Airbus A321neo,TAP Air Portugal,landing,arrivee,500,271.3,85.4,,,,
2026-06-06,09:32:09,RYR24SE,9H-QDO,Boeing 737-800,Malta Air,landing,arrivee,500,278.9,83.3,,,,
2026-06-06,09:34:52,49530c,CS-TXL,Airbus A321neo,TAP Air Portugal,landing,arrivee,550,271.3,86.7,,,,
2026-06-06,09:42:44,TAP210,CS-TUC,Airbus A330-900neo,TAP Air Portugal,landing,arrivee,500,261.5,94.2,,,,
2026-06-06,09:45:45,TAP1921,CS-TVJ,Airbus A320neo,TAP Air Portugal,landing,arrivee,500,268.2,88.9,,,,
2026-06-06,09:48:16,THY3WE,TC-LPN,Airbus A321neo,Turkish Airlines,landing,arrivee,525,246.3,93.9,,,,
2026-06-06,09:50:48,3ccd59,D-CFBL,PC24,,landing,arrivee,475,214.1,79.2,,,,
2026-06-06,09:57:29,TAP088,CS-TUQ,Airbus A330-900neo,TAP Air Portugal,landing,arrivee,500,247.2,98.1,,,,
2026-06-06,10:04:34,NOZ1824,LN-ENU,Boeing 737-800,Norwegian,landing,arrivee,475,267.2,92.8,,,,
2026-06-06,10:10:44,a51d6f,N429DX,Airbus A330-900neo,Delta Air Lines,landing,arrivee,475,255.6,96.8,,,,
2026-06-06,10:13:28,aa92f9,N78002,Boeing 777-200,United Airlines,landing,arrivee,500,258.9,97.9,,,,
2026-06-06,10:18:12,TAP1826,CS-TPO,Embraer E190,TAP Air Portugal,landing,arrivee,500,235.9,91.3,,,,
2026-06-06,10:20:50,407600,G-NEOP,Airbus A321neo,British Airways,landing,arrivee,500,247.2,99.1,,,,
2026-06-06,10:23:31,EZY79RV,G-EZPD,Airbus A320,easyJet,landing,arrivee,500,259.7,93.0,,,,
2026-06-06,10:26:06,TAP012,CS-TUH,Airbus A330-900neo,TAP Air Portugal,landing,arrivee,525,265.2,97.6,,,,
2026-06-06,10:28:59,AEE2PT,SX-NES,Airbus A320neo,Aegean Airlines,landing,arrivee,500,243.2,89.3,,,,
2026-06-06,10:31:34,ACA810,C-FIVS,Boeing 777-300ER,Air Canada,landing,arrivee,475,270.8,95.8,,,,
2026-06-06,10:34:25,348310,EC-OLG,Airbus A330-300,TAP Air Portugal,landing,arrivee,500,254.8,90.8,,,,
2026-06-06,10:37:03,495305,CS-TXE,Airbus A321neo,TAP Air Portugal,cruise,,525,0.0,95.8,,,,
2026-06-06,10:38:58,EJU97VT,OE-IWW,Airbus A320,easyJet Europe,landing,arrivee,500,258.4,92.0,,,,
2026-06-06,10:40:36,495303,CS-TXC,Airbus A321neo,TAP Air Portugal,landing,arrivee,500,267.2,91.8,,,,
2026-06-06,10:43:25,EIN82T,EI-DEK,Airbus A320,Aer Lingus,landing,arrivee,525,253.2,94.9,,,,
2026-06-06,10:46:44,AZU8900,CS-TSW,Boeing 777-200,Azul,landing,arrivee,500,254.8,97.8,,,,
2026-06-06,10:49:24,TAP11SV,CS-TAX,Embraer E195,TAP Air Portugal,landing,arrivee,475,262.2,95.8,,,,
2026-06-06,10:51:58,49530d,CS-TXM,Airbus A321,TAP Air Portugal,landing,arrivee,525,263.2,97.5,,,,
2026-06-06,10:54:53,TAP13LH,CS-TVL,Airbus A320,TAP Air Portugal,landing,arrivee,500,234.8,88.0,,,,
2026-06-06,10:57:32,TAP204A,CS-TUP,Airbus A330-900neo,TAP Air Portugal,landing,arrivee,475,250.8,98.2,,,,
2026-06-06,11:00:12,49529a,CS-TTZ,Embraer E195,TAP Air Portugal,landing,arrivee,475,253.2,96.0,,,,
2026-06-06,11:02:49,AEA1153,EC-NUZ,Boeing 737-800,Air Europa,landing,arrivee,475,263.9,93.0,,,,
2026-06-06,11:06:00,TAP1923,CS-TPT,Embraer E190,TAP Air Portugal,landing,arrivee,450,232.4,93.3,,,,
2026-06-06,11:08:35,495066,CS-TCF,Airbus A330-900neo,TAP Air Portugal,cruise,,500,0.0,97.7,,,,
2026-06-06,11:11:12,BEL2DY,OO-SBG,Airbus A320neo,Brussels Airlines,landing,arrivee,500,253.9,82.2,,,,
2026-06-06,11:14:00,EJU74EF,OE-IDU,Airbus A320,easyJet Europe,landing,arrivee,500,260.0,91.6,,,,
2026-06-06,11:16:46,495301,CS-TXA,Airbus A321neo,TAP Air Portugal,landing,arrivee,475,234.8,94.7,,,,
2026-06-06,11:19:04,4952c8,CS-TVH,Airbus A320neo,TAP Air Portugal,landing,arrivee,500,254.8,85.9,,,,
2026-06-06,11:21:56,TAP68JP,CS-TJF,Airbus A321,TAP Air Portugal,landing,arrivee,450,254.8,93.4,,,,
2026-06-06,11:24:49,RYR3WD,EI-GXM,Boeing 737-800,Ryanair,landing,arrivee,500,274.8,90.8,,,,
2026-06-06,11:27:45,39bda2,F-HPNC,BD-500-1A11,Harfang Finance Designated Activity Company,landing,arrivee,525,232.4,85.3,,,,
2026-06-06,11:30:31,SWR36K,HB-JPF,Airbus A321neo,Swiss,landing,arrivee,500,257.2,89.6,,,,
2026-06-06,11:33:31,RZO120,CS-TSM,Airbus A320,TAP Air Portugal,landing,arrivee,475,263.2,94.4,,,,
2026-06-06,11:38:52,3c6678,D-AISX,Airbus A321,Lufthansa,landing,arrivee,525,274.8,98.6,,,,
2026-06-06,11:47:41,TAP429,CS-TTW,Embraer E195,TAP Air Portugal,landing,arrivee,475,260.8,99.6,,,,
2026-06-06,11:50:25,4951d4,CS-TNT,Airbus A320,TAP Air Portugal,landing,arrivee,525,244.3,92.6,,,,
2026-06-06,11:53:08,345692,EC-MXY,Airbus A320neo,Iberia,cruise,,550,0.0,83.5,,,,
2026-06-06,11:56:15,MMZ609P,CS-TSU,767 34PER,Azul,landing,arrivee,500,231.1,99.4,,,,
2026-06-06,11:58:39,4952a6,CS-TUF,Airbus A330-900neo,TAP Air Portugal,landing,arrivee,500,259.7,97.2,,,,
2026-06-06,12:01:24,TVF46JB,F-GZHR,Boeing 737-800,Transavia France,landing,arrivee,475,258.4,90.9,,,,
2026-06-06,12:04:00,440072,OE-LSF,Airbus A320neo,easyJet Europe,landing,arrivee,550,265.6,79.3,,,,
2026-06-06,12:06:43,UAE3MV,A6-EQP,Boeing 777-300ER,Emirates,landing,arrivee,475,273.2,94.2,,,,
2026-06-06,12:09:31,4952ce,CS-TVN,Airbus A320neo,TAP Air Portugal,landing,arrivee,450,250.8,99.8,,,,
2026-06-06,12:12:46,EJU52PB,OE-LSV,Airbus A320neo,easyJet Europe,landing,arrivee,475,243.2,99.8,,,,
2026-06-06,12:16:38,RYR29TL,9H-VUZ,Boeing 737 MAX 8,Malta Air,landing,arrivee,475,278.9,99.5,,,,
2026-06-06,12:19:25,4caee4,EI-ILD,Boeing 737 MAX 8,Ryanair,landing,arrivee,450,273.2,94.5,,,,
2026-06-06,12:25:45,486898,PH-AXM,Airbus A321neo,KLM,landing,arrivee,575,258.9,83.3,,,,
2026-06-06,12:28:22,EJU38DF,OE-IBF,Airbus A320,easyJet Europe,landing,arrivee,475,256.5,99.6,,,,
2026-06-06,12:31:23,440d6f,OE-LSR,Airbus A320,easyJet Europe,landing,arrivee,475,234.8,99.6,,,,
2026-06-06,12:33:42,TAM8148,CC-BGK,Boeing 787-9,LATAM Airlines,landing,arrivee,450,270.8,98.7,,,,
2026-06-06,12:39:55,4952c9,CS-TVI,Airbus A320neo,TAP Air Portugal,landing,arrivee,525,233.2,86.5,,,,
2026-06-06,12:46:15,RZO122,CS-TSK,Airbus A320,TAP Air Portugal,landing,arrivee,500,263.4,96.3,,,,
2026-06-06,12:55:55,4952c4,CS-TVD,Airbus A320neo,TAP Air Portugal,landing,arrivee,475,225.8,89.9,,,,
2026-06-06,12:59:04,RYR56BR,EI-DLI,Boeing 737-800,Ryanair,landing,arrivee,475,263.9,93.7,,,,
2026-06-06,13:02:00,TAP27PS,CS-TVP,Airbus A320neo,TAP Air Portugal,landing,arrivee,475,256.5,98.5,,,,
2026-06-06,13:04:26,4952c1,CS-TVA,Airbus A320neo,TAP Air Portugal,landing,arrivee,525,253.2,89.3,,,,
2026-06-06,13:07:29,N650VC,N650VC,G650 ER,Lockheed Martin Corp,landing,arrivee,500,234.3,74.0,,,,
2026-06-06,13:10:38,TAP226,CS-TUD,Airbus A330-900neo,TAP Air Portugal,landing,arrivee,525,253.2,95.3,,,,
2026-06-06,13:13:25,TAP1335,CS-TPX,Embraer E190,TAP Air Portugal,landing,arrivee,500,239.8,86.7,,,,
2026-06-06,13:16:10,VLG8JM,EC-NYF,Airbus A321,Vueling,landing,arrivee,525,247.6,98.2,,,,
2026-06-06,13:18:45,TAP1031,CS-TJJ,Airbus A321neo,TAP Air Portugal,landing,arrivee,450,264.8,97.1,,,,
2026-06-06,13:21:32,495211,CS-TPQ,Embraer E190,TAP Air Portugal,landing,arrivee,500,239.1,86.7,,,,
2026-06-06,13:24:02,DLH47T,D-AIEA,Airbus A321neo,Lufthansa,landing,arrivee,550,253.2,75.0,,,,
2026-06-06,13:26:35,49514c,CS-TJL,Airbus A321neo,TAP Air Portugal,landing,arrivee,500,268.0,91.3,,,,
2026-06-06,13:29:20,495213,CS-TPS,Embraer E190,TAP Air Portugal,landing,arrivee,500,229.8,93.8,,,,
2026-06-06,13:32:10,495148,CS-TJH,Airbus A321,TAP Air Portugal,landing,arrivee,500,253.9,84.5,,,,
2026-06-06,13:35:01,4402f1,OE-INP,Airbus A320,easyJet Europe,landing,arrivee,500,254.8,85.9,,,,
2026-06-06,13:40:49,49514f,CS-TJO,Airbus A321neo,TAP Air Portugal,landing,arrivee,500,272.1,90.1,,,,
2026-06-06,13:48:58,TAP823,CS-TNM,Airbus A320,TAP Air Portugal,landing,arrivee,500,249.1,85.4,,,,
2026-06-06,13:51:37,EWG37V,OK-TVV,Boeing 737-800,Eurowings,landing,arrivee,500,280.6,93.3,,,,
2026-06-06,13:54:54,TAP86GM,CS-TNX,Airbus A320,TAP Air Portugal,landing,arrivee,500,263.9,98.7,,,,
2026-06-06,13:57:33,495037,CS-TAW,Embraer E195,TAP Air Portugal,landing,arrivee,525,271.3,85.2,,,,
2026-06-06,14:00:16,TAP1013,CS-TVF,Airbus A320neo,TAP Air Portugal,landing,arrivee,525,270.8,90.1,,,,
2026-06-06,14:03:04,495217,CS-TPW,Embraer E190,TAP Air Portugal,landing,arrivee,500,239.1,90.8,,,,
2026-06-06,14:05:37,495306,CS-TXF,Airbus A321neo,TAP Air Portugal,landing,arrivee,500,269.7,86.8,,,,
2026-06-06,14:07:52,TAP641,CS-TNK,Airbus A320,TAP Air Portugal,landing,arrivee,525,263.2,87.8,,,,
2026-06-06,14:10:43,4d2223,9H-QEK,Boeing 737-800,Malta Air,landing,arrivee,525,276.5,88.0,,,,
2026-06-06,14:13:26,495299,CS-TTY,Embraer E195,TAP Air Portugal,landing,arrivee,525,250.8,90.6,,,,
2026-06-06,14:16:17,TAP401P,CS-TPU,Embraer E190,TAP Air Portugal,landing,arrivee,500,245.6,90.8,,,,
2026-06-06,14:17:48,EJU14GP,OE-IDT,Airbus A320,easyJet Europe,landing,arrivee,500,264.8,92.8,,,,
2026-06-06,14:20:33,096023,D4-CCI,Boeing 737-700,Cabo Verde Airlines,landing,arrivee,500,250.0,90.3,,,,
2026-06-06,14:23:18,4952cf,CS-TVO,Airbus A320neo,TAP Air Portugal,landing,arrivee,475,236.7,99.4,,,,
2026-06-06,14:25:42,TAP10VL,CS-TTX,Embraer E195,TAP Air Portugal,landing,arrivee,525,267.2,95.7,,,,
2026-06-06,14:28:37,TAP11EG,CS-TPZ,Embraer E190,TAP Air Portugal,landing,arrivee,525,241.5,95.7,,,,
2026-06-06,14:30:07,LOT4HT,SP-LVR,Boeing 737 MAX 8,LOT Polish Airlines,landing,arrivee,475,281.3,89.4,,,,
2026-06-06,14:32:15,486836,PH-AXK,Airbus A321neo,KLM,landing,arrivee,550,239.1,82.5,,,,
2026-06-06,14:34:53,TAP110,CS-TOP,Airbus A330-200,TAP Air Portugal,landing,arrivee,475,247.2,97.6,,,,
2026-06-06,14:37:30,TAP941,CS-TNV,Airbus A320,TAP Air Portugal,landing,arrivee,500,244.3,91.0,,,,
2026-06-06,14:40:28,495216,CS-TPV,Embraer E190,TAP Air Portugal,landing,arrivee,500,235.6,97.4,,,,
2026-06-06,14:43:11,440115,OE-LUE,Airbus A320neo,easyJet Europe,landing,arrivee,550,244.8,82.3,,,,
2026-06-06,14:45:40,394c09,F-GTAJ,Airbus A321,Air France,landing,arrivee,525,260.8,98.1,,,,
2026-06-06,14:48:39,EZS79YP,HB-JZZ,Airbus A320,Austrian Airlines,landing,arrivee,525,257.2,91.2,,,,
2026-06-06,14:54:54,495212,CS-TPR,Embraer E190,TAP Air Portugal,landing,arrivee,500,242.4,99.7,,,,
2026-06-06,14:57:26,EZY35DC,G-EZFW,Airbus A319,easyJet,landing,arrivee,525,255.6,89.3,,,,
2026-06-06,15:00:20,SWT131,EC-MAF,ATR 72 500F,Swiftair,landing,arrivee,525,186.5,80.8,,,,
2026-06-06,15:04:42,RYR8HG,9H-QBM,Boeing 737-800,Malta Air,landing,arrivee,500,273.9,91.6,,,,
2026-06-06,15:07:18,3453cc,EC-MQP,Boeing 737-800,Air Europa,landing,arrivee,550,268.9,91.8,,,,
2026-06-06,15:19:51,4076cc,G-TTNI,Airbus A320neo,British Airways,approach,arrivee,525,237.4,87.5,,,,
2026-06-06,15:22:31,SWR2BK,HB-JPG,Airbus A321neo,Swiss,landing,arrivee,525,268.9,97.7,,,,
2026-06-06,15:25:04,TAP883,CS-TNR,Airbus A320,TAP Air Portugal,landing,arrivee,475,261.5,97.0,,,,
2026-06-06,15:27:35,3c6485,D-AIDE,Airbus A321,Lufthansa,landing,arrivee,500,278.7,96.0,,,,
2026-06-06,15:32:36,TAP83RS,CS-TNJ,Airbus A320,TAP Air Portugal,landing,arrivee,525,254.8,83.2,,,,
2026-06-06,15:35:15,502d79,YL-ABO,A220-300,Air Baltic,landing,arrivee,525,258.4,91.0,,,,
2026-06-06,15:37:49,a48084,N39AV,GIV,Tailwind Air LLC,landing,arrivee,575,254.1,79.5,,,,
2026-06-06,15:40:44,495292,CS-TTR,Airbus A319,TAP Air Portugal,landing,arrivee,525,227.4,89.6,,,,
2026-06-06,15:43:25,495214,CS-TPT,Embraer E190,TAP Air Portugal,landing,arrivee,500,249.1,89.8,,,,
2026-06-06,15:45:56,STP508,EC-OAP,Airbus A330-200,,landing,arrivee,475,251.5,95.2,,,,
2026-06-06,15:48:42,TAP016,CS-TXD,Airbus A321neo,TAP Air Portugal,landing,arrivee,575,254.8,86.8,,,,
2026-06-06,15:51:17,4ba9e9,TC-JOI,Airbus A330-300,Turkish Airlines,landing,arrivee,525,256.3,90.8,,,,
2026-06-06,15:54:05,4951ce,CS-TNN,Airbus A320,TAP Air Portugal,landing,arrivee,575,262.4,78.2,,,,
2026-06-06,15:56:33,TAP75CH,CS-TXG,Airbus A321neo,TAP Air Portugal,landing,arrivee,600,272.1,81.3,,,,
2026-06-06,15:59:30,ANE91TE,,,Air Nostrum,landing,arrivee,525,261.5,99.0,,,,
2026-06-06,16:02:02,TAP10NL,CS-TVJ,Airbus A320neo,TAP Air Portugal,landing,arrivee,525,255.6,99.4,,,,
2026-06-06,16:04:47,4952a1,CS-TUA,Airbus A330-900neo,TAP Air Portugal,landing,arrivee,550,249.1,94.2,,,,
2026-06-06,16:07:30,49514b,CS-TJK,Airbus A321neo,TAP Air Portugal,landing,arrivee,625,249.8,88.1,,,,
2026-06-06,16:10:15,461fa5,OH-LZP,Airbus A321,Finnair,landing,arrivee,500,274.8,97.1,,,,
2026-06-06,16:13:04,TAP433,CS-TVG,Airbus A320neo,TAP Air Portugal,landing,arrivee,525,261.5,99.0,,,,
2026-06-06,16:15:55,EJU15PC,OE-IWW,Airbus A320,easyJet Europe,landing,arrivee,525,250.0,93.1,,,,
2026-06-06,16:17:50,TAP71VE,CS-TNL,Airbus A320,TAP Air Portugal,landing,arrivee,575,252.4,99.6,,,,
2026-06-06,16:20:39,4952af,CS-TUO,Airbus A330-900neo,TAP Air Portugal,landing,arrivee,525,269.7,97.8,,,,
2026-06-06,16:23:16,TAP1241,CS-TJN,Airbus A321neo,TAP Air Portugal,landing,arrivee,575,259.7,86.3,,,,
2026-06-06,16:26:15,SWR58H,YL-AAS,A220 300,Swiss,landing,arrivee,550,242.4,93.5,,,,
2026-06-06,16:29:01,4952c2,CS-TVB,Airbus A320neo,TAP Air Portugal,landing,arrivee,550,268.9,82.7,,,,
2026-06-06,16:31:34,495309,CS-TXI,Airbus A321neo,TAP Air Portugal,landing,arrivee,550,249.8,94.9,,,,
2026-06-06,16:34:15,4ca2d5,EI-DLI,Boeing 737-800,Ryanair,landing,arrivee,475,284.8,95.8,,,,
2026-06-06,16:39:32,TAP763,CS-TNS,Airbus A320,TAP Air Portugal,landing,arrivee,575,258.4,95.6,,,,
2026-06-06,16:42:06,3c54a5,D-AEEE,Airbus A321,Eurowings,landing,arrivee,575,257.2,88.4,,,,
2026-06-06,16:52:57,440072,OE-LSF,Airbus A320neo,easyJet Europe,landing,arrivee,550,238.2,94.5,,,,
2026-06-06,16:55:15,495290,CS-TTP,Airbus A319,TAP Air Portugal,landing,arrivee,575,250.8,88.1,,,,
2026-06-06,16:58:02,343386,EC-LAB,Airbus A320,Vueling,landing,arrivee,550,250.0,89.6,,,,
2026-06-06,17:00:59,3c54a3,D-AEEC,Airbus A321,Eurowings,landing,arrivee,600,251.1,91.2,,,,
2026-06-06,17:03:46,TAP120R,CS-TJM,Airbus A321neo,TAP Air Portugal,landing,arrivee,575,242.4,86.6,,,,
2026-06-06,17:06:33,4ca739,EI-EBP,Boeing 737-800,Ryanair,landing,arrivee,525,274.8,95.3,,,,
2026-06-06,17:08:59,4cad2a,EI-HEV,Boeing 737 MAX 8,Ryanair,landing,arrivee,525,271.3,85.3,,,,
2026-06-06,17:11:46,RYR977W,EI-DCN,Boeing 737-800,Ryanair,landing,arrivee,500,288.0,94.6,,,,
2026-06-06,17:14:33,TAP1824,CS-TJS,Airbus A321neo,TAP Air Portugal,landing,arrivee,550,253.2,89.4,,,,
2026-06-06,17:21:15,3964e9,F-GZHJ,Boeing 737-800,Transavia France,landing,arrivee,525,267.2,88.5,,,,
2026-06-06,17:24:13,4cafd2,EI-GXM,Boeing 737-800,Ryanair,landing,arrivee,500,268.9,94.2,,,,
2026-06-06,17:30:36,EJU45HZ,OE-IBF,Airbus A320,easyJet Europe,landing,arrivee,525,251.5,92.4,,,,
2026-06-06,17:33:47,AFR24MF,F-HZUT,A220-300,Air France,landing,arrivee,550,240.8,92.0,,,,
2026-06-06,17:36:11,RAM982,CN-RGV,Boeing 737-800,Royal Air Maroc,landing,arrivee,450,283.0,93.3,,,,
2026-06-06,17:40:28,RYR14SC,EI-IJC,Boeing 737 MAX 8,Ryanair,landing,arrivee,525,257.6,94.9,,,,
2026-06-06,17:42:17,BAW506,G-TNEA,Airbus A321neo,British Airways,landing,arrivee,525,240.8,96.7,,,,
2026-06-06,17:43:48,4841a9,PH-HZW,Boeing 737-800,Transavia,landing,arrivee,525,255.6,92.3,,,,
2026-06-06,17:50:31,4952cb,CS-TVK,Airbus A320neo,TAP Air Portugal,landing,arrivee,525,262.4,93.1,,,,
2026-06-06,17:55:35,4952d2,CS-TVR,Airbus A320neo,TAP Air Portugal,landing,arrivee,550,257.2,89.7,,,,
2026-06-06,17:58:28,TAP15NC,CS-TVI,Airbus A320neo,TAP Air Portugal,landing,arrivee,550,257.2,99.0,,,,
2026-06-06,18:00:53,TAP781,EC-OCT,Airbus A321,TAP Air Portugal,landing,arrivee,550,267.2,92.0,,,,
2026-06-06,18:03:26,RYR3RB,EI-DWY,Boeing 737-800,Ryanair,landing,arrivee,525,282.4,92.0,,,,
2026-06-06,18:16:59,4952cd,CS-TVM,Airbus A320neo,TAP Air Portugal,landing,arrivee,575,256.5,81.5,,,,
2026-06-06,18:20:09,EJU86ME,OE-LSV,Airbus A320neo,easyJet Europe,landing,arrivee,525,257.2,99.3,,,,
2026-06-06,18:22:48,TRA55J,PH-YHQ,Airbus A321neo,,landing,arrivee,525,234.8,91.1,,,,
2026-06-06,18:26:31,TAP68BA,CS-TJE,Airbus A321,TAP Air Portugal,landing,arrivee,525,263.2,88.7,,,,
2026-06-06,18:31:20,49529a,CS-TTZ,Embraer E195,TAP Air Portugal,landing,arrivee,550,254.8,99.9,,,,
2026-06-06,18:34:15,4952c4,CS-TVD,Airbus A320neo,TAP Air Portugal,landing,arrivee,525,258.0,86.9,,,,
2026-06-06,18:36:52,RYR67UV,9H-QEC,Boeing 737-800,Malta Air,landing,arrivee,500,276.5,93.6,,,,
2026-06-06,18:38:55,495298,CS-TTX,Embraer E195,TAP Air Portugal,landing,arrivee,550,258.4,90.4,,,,
2026-06-06,18:41:45,440170,OE-LQN,Airbus A319,easyJet Europe,cruise,,575,0.0,80.8,,,,
2026-06-06,18:45:18,TAP1439,CS-TPZ,Embraer E190,TAP Air Portugal,landing,arrivee,550,233.2,88.8,,,,
2026-06-06,18:47:45,4867c3,PH-AXH,Airbus A321neo,KLM,landing,arrivee,525,256.5,93.1,,,,
2026-06-06,18:53:22,495216,CS-TPV,Embraer E190,TAP Air Portugal,landing,arrivee,525,224.3,94.6,,,,
2026-06-06,18:56:15,896318,A6-ENV,Boeing 777-300ER,Emirates,landing,arrivee,500,282.8,91.2,,,,
2026-06-06,18:59:46,TAP10EV,CS-TPW,Embraer E190,TAP Air Portugal,landing,arrivee,525,234.3,94.2,,,,
2026-06-06,19:02:17,495215,CS-TPU,Embraer E190,TAP Air Portugal,landing,arrivee,500,222.6,82.8,,,,
2026-06-06,19:04:57,TAP282,CS-TUR,Airbus A330-900neo,TAP Air Portugal,landing,arrivee,550,244.8,94.8,,,,
2026-06-06,19:07:34,347307,EC-NUZ,Boeing 737-800,Air Europa,landing,arrivee,550,261.5,88.0,,,,
2026-06-06,19:10:11,4cad64,EI-HMY,Boeing 737 MAX 8,Ryanair,landing,arrivee,500,270.4,91.5,,,,
2026-06-06,19:13:10,BEL2DT,OO-SNK,Airbus A320,Brussels Airlines,landing,arrivee,550,258.0,86.7,,,,
2026-06-06,19:16:01,RZO124,CS-TSM,Airbus A320,TAP Air Portugal,landing,arrivee,600,255.6,85.8,,,,
2026-06-06,19:25:31,RYR5BP,9H-QCY,Boeing 737-800,Malta Air,landing,arrivee,525,269.7,93.2,,,,
2026-06-06,19:36:05,49520f,CS-TPO,Embraer E190,TAP Air Portugal,landing,arrivee,525,250.8,93.6,,,,
2026-06-06,19:40:02,TAP1478,CS-TJI,Airbus A321neo,TAP Air Portugal,landing,arrivee,500,260.0,89.0,,,,
2026-06-06,19:43:05,TAP835,CS-TVH,Airbus A320neo,TAP Air Portugal,landing,arrivee,525,225.0,86.4,,,,
2026-06-06,19:46:24,440cc1,OE-LSP,Airbus A320,easyJet Europe,landing,arrivee,575,253.2,84.7,,,,
2026-06-06,19:47:58,EZY26YM,G-EZAV,Airbus A319,easyJet,landing,arrivee,525,230.6,94.6,,,,
2026-06-06,19:50:29,TAP403Z,CS-TPQ,Embraer E190,TAP Air Portugal,landing,arrivee,500,234.8,98.4,,,,
2026-06-06,19:52:56,4951d4,CS-TNT,Airbus A320,TAP Air Portugal,landing,arrivee,525,243.2,92.2,,,,
2026-06-06,19:54:49,4952c3,CS-TVC,Airbus A320neo,TAP Air Portugal,landing,arrivee,550,238.2,88.8,,,,
2026-06-06,19:57:34,495038,CS-TAX,Embraer E195,TAP Air Portugal,landing,arrivee,525,255.6,77.3,,,,
2026-06-06,20:00:11,WZZ477,HA-LDC,Airbus A321neo,Wizz Air,landing,arrivee,475,262.4,97.0,,,,
2026-06-06,20:02:46,RYR6626,EI-IJO,Boeing 737 MAX 8,Ryanair,landing,arrivee,550,275.2,89.0,,,,
2026-06-06,20:05:40,TAP1337,CS-TTW,Embraer E195,TAP Air Portugal,landing,arrivee,525,252.4,93.1,,,,
2026-06-06,20:08:11,495303,CS-TXC,Airbus A321neo,TAP Air Portugal,landing,arrivee,550,249.1,92.1,,,,
2026-06-06,20:11:01,TAP671,CS-TVN,Airbus A320neo,TAP Air Portugal,landing,arrivee,525,229.1,93.5,,,,
2026-06-06,20:13:00,4952cc,CS-TVL,Airbus A320,TAP Air Portugal,landing,arrivee,525,265.6,95.3,,,,
2026-06-06,20:15:43,DTA652,D2-TEJ,Boeing 777-300ER,TAAG Angola Airlines,landing,arrivee,550,273.2,91.7,,,,
2026-06-06,20:18:28,3424d4,EC-KDH,Airbus A320,Vueling,landing,arrivee,525,255.6,89.0,,,,
2026-06-06,20:21:06,502d5f,YL-ABN,A220-300,Air Baltic,landing,arrivee,525,240.8,86.5,,,,
2026-06-06,20:23:45,TAP94VA,CS-TVP,Airbus A320neo,TAP Air Portugal,landing,arrivee,525,244.8,83.8,,,,
2026-06-06,20:25:40,TAP1862,CS-TJJ,Airbus A321neo,TAP Air Portugal,landing,arrivee,500,258.4,99.1,,,,
2026-06-06,20:27:25,EJU19TV,OE-LSR,Airbus A320,easyJet Europe,landing,arrivee,500,233.2,89.6,,,,
2026-06-06,20:29:08,WMT537,9H-WMJ,Airbus A321neo,Wizz Air,landing,arrivee,525,239.1,91.6,,,,
2026-06-06,20:32:07,495299,CS-TTY,Embraer E195,TAP Air Portugal,landing,arrivee,550,258.4,93.9,,,,
2026-06-06,20:34:59,4010eb,G-EZBW,Airbus A319,easyJet,landing,arrivee,575,227.4,90.2,,,,
2026-06-06,20:38:36,4d2387,9H-VUZ,Boeing 737 MAX 8,Malta Air,landing,arrivee,475,270.8,93.2,,,,
2026-06-06,20:43:56,TAP48M,CS-TAW,Embraer E195,TAP Air Portugal,landing,arrivee,525,242.4,97.3,,,,
2026-06-06,20:46:27,4ca569,EI-DWD,Boeing 737-800,Ryanair,landing,arrivee,525,270.4,95.7,,,,
2026-06-06,20:50:18,c012bd,C-FHCM,Boeing 737 MAX 8,WestJet,landing,arrivee,525,263.2,84.7,,,,
2026-06-06,20:53:00,RYR9QJ,EI-EBK,Boeing 737-800,Ryanair,landing,arrivee,500,263.2,95.0,,,,
2026-06-06,20:54:42,4ca702,EI-EBE,Boeing 737-800,Ryanair,landing,arrivee,550,269.7,88.8,,,,
2026-06-06,20:56:28,VLG14YF,EC-NDA,Airbus A320neo,Vueling,landing,arrivee,500,257.2,98.1,,,,
2026-06-06,20:59:01,TAP755,CS-TJF,Airbus A321,TAP Air Portugal,landing,arrivee,525,251.5,92.0,,,,
2026-06-06,21:01:12,400f02,G-EZBH,Airbus A319,easyJet,landing,arrivee,525,244.3,91.1,,,,
2026-06-06,21:04:05,TAP1692,CS-TNK,Airbus A320,TAP Air Portugal,landing,arrivee,525,244.8,96.2,,,,
2026-06-06,21:15:20,TAP1359,CS-TJP,Airbus A321neo,TAP Air Portugal,landing,arrivee,550,266.5,89.7,,,,
2026-06-06,21:17:51,4951d6,CS-TNV,Airbus A320,TAP Air Portugal,landing,arrivee,525,255.6,94.9,,,,
2026-06-06,21:20:43,TAP37CN,CS-TPT,Embraer E190,TAP Air Portugal,landing,arrivee,525,225.8,83.8,,,,
2026-06-06,21:23:14,RZO142,CS-TSK,Airbus A320,TAP Air Portugal,landing,arrivee,500,257.2,89.6,,,,
2026-06-06,21:25:51,4ca738,EI-EBO,Boeing 737-800,Ryanair,landing,arrivee,525,266.3,97.0,,,,
2026-06-06,21:28:22,4d2087,9H-EWG,Airbus A320,Eurowings,cruise,,525,0.0,83.8,,,,
2026-06-06,21:31:05,TAP885,CS-TPS,Embraer E190,TAP Air Portugal,landing,arrivee,500,229.1,81.5,,,,
2026-06-06,21:33:34,EIN4PT,EI-DVI,Airbus A320,Aer Lingus,landing,arrivee,525,239.1,97.8,,,,
2026-06-06,21:36:28,TAP67U,CS-TJL,Airbus A321neo,TAP Air Portugal,landing,arrivee,500,241.5,95.7,,,,
2026-06-06,21:38:54,EJU71TK,OE-IDU,Airbus A320,easyJet Europe,landing,arrivee,525,248.4,75.2,,,,
2026-06-06,21:41:36,495148,CS-TJH,Airbus A321,TAP Air Portugal,landing,arrivee,550,258.4,80.3,,,,
2026-06-06,21:44:37,DLH34J,D-AIDB,Airbus A321,Lufthansa,landing,arrivee,525,240.8,81.7,,,,
2026-06-06,21:47:23,4952c1,CS-TVA,Airbus A320neo,TAP Air Portugal,landing,arrivee,550,212.6,83.8,,,,
2026-06-06,21:50:09,4952c6,CS-TVF,Airbus A320neo,TAP Air Portugal,landing,arrivee,525,215.9,89.7,,,,
2026-06-06,21:52:37,02a1a5,TS-INF,Airbus A320,Nouvelair Tunisie,cruise,,575,0.0,78.0,,,,
2026-06-06,21:55:29,SAS2801,SE-ROU,Airbus A320neo,SAS Scandinavian,landing,arrivee,500,240.8,96.4,,,,
2026-06-06,21:58:08,4951d8,CS-TNX,Airbus A320,TAP Air Portugal,landing,arrivee,525,233.5,85.0,,,,
2026-06-06,22:00:45,ASL41G,YU-APE,Airbus A319,Air Serbia,landing,arrivee,550,240.8,80.7,,,,
2026-06-06,22:03:37,440072,OE-LSF,Airbus A320neo,easyJet Europe,landing,arrivee,550,229.8,88.1,,,,
2026-06-06,22:06:17,4951cd,CS-TNM,Airbus A320,TAP Air Portugal,landing,arrivee,575,227.6,85.3,,,,
2026-06-06,22:08:54,EJU32GK,OE-IDT,Airbus A320,easyJet Europe,landing,arrivee,500,254.8,78.7,,,,
2026-06-06,22:11:44,TVF34QV,F-HTVN,Boeing 737-800,Transavia France,landing,arrivee,475,258.0,92.7,,,,
2026-06-06,22:14:45,FIA5811,ER-00001,Airbus A321,Fly One,landing,arrivee,450,247.2,96.0,,,,
2026-06-06,22:17:22,49529a,CS-TTZ,Embraer E195,TAP Air Portugal,landing,arrivee,500,244.3,98.8,,,,
2026-06-06,22:20:09,452124,LZ-ROM,A220-300,Bulgaria Air,landing,arrivee,525,229.8,95.5,,,,
2026-06-06,22:22:39,EJU97HA,OE-IWW,Airbus A320,easyJet Europe,landing,arrivee,525,239.1,89.4,,,,
2026-06-06,22:25:12,495279,CS-TSY,Airbus A320,TAP Air Portugal,landing,arrivee,525,241.5,89.0,,,,
2026-06-06,22:27:31,392af3,F-GKXT,Airbus A320,Air France,landing,arrivee,525,243.2,88.0,,,,
2026-06-06,22:29:57,DLH64P,D-AIDM,Airbus A321,Lufthansa,landing,arrivee,500,263.2,94.4,,,,
2026-06-06,22:32:51,49514f,CS-TJO,Airbus A321neo,TAP Air Portugal,landing,arrivee,550,218.4,83.2,,,,
2026-06-06,22:34:59,TAP1369,CS-TVO,Airbus A320neo,TAP Air Portugal,landing,arrivee,475,249.1,98.0,,,,
2026-06-06,22:37:16,TAP43RY,CS-TNN,Airbus A320,TAP Air Portugal,landing,arrivee,525,228.4,88.4,,,,
2026-06-06,22:39:16,EJU69VE,OE-IBF,Airbus A320,easyJet Europe,landing,arrivee,525,226.7,84.7,,,,
2026-06-06,22:41:49,39d304,F-HUYE,Boeing 737-800,Transavia France,landing,arrivee,525,253.9,94.7,,,,
2026-06-06,22:44:55,495298,CS-TTX,Embraer E195,TAP Air Portugal,landing,arrivee,500,229.1,88.1,,,,
2026-06-06,22:47:36,RYR98HW,EI-ILD,Boeing 737 MAX 8,Ryanair,landing,arrivee,500,255.6,92.4,,,,
2026-06-06,22:50:21,EJU36BG,OE-IJR,Airbus A320,easyJet Europe,landing,arrivee,525,259.7,87.6,,,,
2026-06-06,22:53:35,BAW508,G-EUUE,Airbus A320,British Airways,landing,arrivee,500,234.3,89.0,,,,
2026-06-06,22:57:46,EJU45UK,OE-LUE,Airbus A320neo,easyJet Europe,landing,arrivee,525,244.3,89.8,,,,
2026-06-06,23:00:39,EJU95BR,OE-LSV,Airbus A320neo,easyJet Europe,landing,arrivee,500,245.6,93.7,,,,
2026-06-06,23:02:11,4952c7,CS-TVG,Airbus A320neo,TAP Air Portugal,landing,arrivee,475,240.8,84.3,,,,
2026-06-06,23:03:58,4867c0,PH-AXE,Airbus A321neo,KLM,landing,arrivee,525,223.2,89.1,,,,
2026-06-06,23:10:36,346147,EC-NCM,Airbus A320neo,Iberia,landing,arrivee,525,235.9,90.9,,,,
2026-06-06,23:13:49,RYR384,EI-GXM,Boeing 737-800,Ryanair,landing,arrivee,475,250.8,95.9,,,,
2026-06-06,23:16:27,4b194d,HB-JPD,Airbus A321,Swiss,landing,arrivee,525,245.6,87.7,,,,
2026-06-06,23:27:36,AEE7PT,SX-NEB,Airbus A320neo,Aegean Airlines,landing,arrivee,500,223.2,99.8,,,,
2026-06-06,23:31:05,495290,CS-TTP,Airbus A319,TAP Air Portugal,landing,arrivee,550,228.9,82.2,,,,
2026-06-06,23:33:53,4ca2d5,EI-DLI,Boeing 737-800,Ryanair,landing,arrivee,450,254.5,95.2,,,,
2026-06-06,23:36:13,TAP39PT,EC-OCT,Airbus A321,TAP Air Portugal,landing,arrivee,475,254.8,93.7,,,,
2026-06-07,01:45:57,RZO128,CS-TKQ,Airbus A320,TAP Air Portugal,landing,arrivee,525,240.8,94.8,,,,
2026-06-07,01:49:55,4952c4,CS-TVD,Airbus A320neo,TAP Air Portugal,landing,arrivee,575,243.2,65.4,,,,
2026-06-07,04:25:18,4952a7,CS-TUG,Airbus A330-900neo,TAP Air Portugal,cruise,,600,0.0,87.8,,,,
2026-06-07,04:29:29,49530c,CS-TXL,Airbus A321neo,TAP Air Portugal,landing,arrivee,550,255.6,87.3,,,,
2026-06-07,04:39:48,TAP082,CS-TUL,Airbus A330-900neo,TAP Air Portugal,landing,arrivee,525,249.8,89.7,,,,
2026-06-07,04:46:06,495305,CS-TXE,Airbus A321neo,TAP Air Portugal,landing,arrivee,550,253.9,96.9,,,,
2026-06-07,04:49:15,495302,CS-TXB,Airbus A321neo,TAP Air Portugal,landing,arrivee,550,252.4,85.1,,,,
2026-06-07,05:13:07,49530b,CS-TXK,Airbus A321,TAP Air Portugal,landing,arrivee,550,250.8,95.7,,,,
2026-06-07,05:32:40,TAP202A,CS-TXM,Airbus A321,TAP Air Portugal,landing,arrivee,550,249.8,86.5,,,,
2026-06-07,05:35:15,TAP224,CS-TUB,Airbus A330-900neo,TAP Air Portugal,landing,arrivee,525,253.2,89.6,,,,
2026-06-07,05:50:15,495149,CS-TJI,Airbus A321neo,TAP Air Portugal,landing,arrivee,550,243.2,89.6,,,,
2026-06-07,05:55:41,4952ab,CS-TUK,Airbus A330-900neo,TAP Air Portugal,landing,arrivee,525,243.2,92.0,,,,
2026-06-07,06:01:23,TAP1937,CS-TAY,Embraer E195,TAP Air Portugal,landing,arrivee,475,246.3,98.2,,,,
2026-06-07,06:03:45,TAP96AW,CS-TNV,Airbus A320,TAP Air Portugal,landing,arrivee,500,238.4,93.7,,,,
2026-06-07,06:06:31,TAP1550,CS-TJJ,Airbus A321neo,TAP Air Portugal,landing,arrivee,550,241.5,93.2,,,,
2026-06-07,06:09:39,4952cd,CS-TVM,Airbus A320neo,TAP Air Portugal,landing,arrivee,525,253.2,91.3,,,,
2026-06-07,06:20:42,RYR9PX,EI-EGB,Boeing 737-800,Ryanair,landing,arrivee,500,270.8,95.1,,,,
2026-06-07,06:24:08,TAP11VP,CS-TPS,Embraer E190,TAP Air Portugal,landing,arrivee,500,223.2,92.2,,,,
2026-06-07,06:26:39,TAP1097,CS-TPQ,Embraer E190,TAP Air Portugal,landing,arrivee,500,230.8,85.3,,,,
2026-06-07,06:29:25,c06a76,C-GOIF,Airbus A321neo,Air Transat,landing,arrivee,525,236.7,93.5,,,,
2026-06-07,06:34:00,TAP104,CS-TUM,Airbus A330-900neo,TAP Air Portugal,landing,arrivee,500,244.8,98.5,,,,
2026-06-07,06:39:14,AZU8750,CS-TGD,Airbus A330-200,Azul,landing,arrivee,500,241.5,99.1,,,,
2026-06-07,06:41:50,e48ba8,PT-MUE,Boeing 777-300ER,LATAM Airlines,landing,arrivee,525,255.6,97.8,,,,
2026-06-07,06:44:33,TAP9004,CS-TVO,Airbus A320neo,TAP Air Portugal,landing,arrivee,500,236.7,91.8,,,,
2026-06-07,06:47:30,495297,CS-TTW,Embraer E195,TAP Air Portugal,landing,arrivee,500,246.7,88.4,,,,
2026-06-07,06:50:04,4951d5,CS-TNU,Airbus A320,TAP Air Portugal,landing,arrivee,550,238.2,82.5,,,,
2026-06-07,06:54:18,AEA1159,EC-NUZ,Boeing 737-800,Air Europa,landing,arrivee,500,244.8,94.4,,,,
2026-06-07,06:58:34,TAP296,CS-TUE,Airbus A330-900neo,TAP Air Portugal,landing,arrivee,500,238.4,97.7,,,,
2026-06-07,07:01:11,DTA650,D2-TEK,Boeing 777-300ER,TAAG Angola Airlines,landing,arrivee,525,271.3,96.7,,,,
2026-06-07,07:03:32,4951d1,CS-TNQ,Airbus A320,TAP Air Portugal,landing,arrivee,500,234.3,95.8,,,,
2026-06-07,07:06:22,TAP1023,CS-TVL,Airbus A320,TAP Air Portugal,landing,arrivee,525,255.6,92.7,,,,
2026-06-07,07:09:17,TAP1139,CS-TPW,Embraer E190,TAP Air Portugal,landing,arrivee,500,233.5,93.2,,,,
2026-06-07,07:12:08,497cdd,26902,E390,,landing,arrivee,550,243.2,89.5,,,,
2026-06-07,07:14:44,4951ce,CS-TNN,Airbus A320,TAP Air Portugal,landing,arrivee,550,245.6,87.3,,,,
2026-06-07,07:17:51,TAP441,CS-TVJ,Airbus A320neo,TAP Air Portugal,landing,arrivee,500,254.1,95.5,,,,
2026-06-07,07:20:56,TAP475,CS-TPV,Embraer E190,TAP Air Portugal,landing,arrivee,500,229.8,89.2,,,,
2026-06-07,07:24:13,TAP85CE,CS-TTZ,Embraer E195,TAP Air Portugal,landing,arrivee,500,244.8,99.3,,,,
2026-06-07,07:27:38,89648a,A6-BLJ,Boeing 787-9,Etihad Airways,landing,arrivee,475,275.6,95.5,,,,
2026-06-07,07:30:35,TAP945,CS-TJE,Airbus A321,TAP Air Portugal,landing,arrivee,525,249.1,91.0,,,,
2026-06-07,07:36:09,TAP9ML,CS-TVP,Airbus A320neo,TAP Air Portugal,landing,arrivee,525,234.3,88.2,,,,
2026-06-07,07:39:41,TAP244,CS-TUQ,Airbus A330-900neo,TAP Air Portugal,landing,arrivee,525,260.8,87.5,,,,
2026-06-07,07:42:52,TAP495Y,CS-TPZ,Embraer E190,TAP Air Portugal,landing,arrivee,500,231.5,87.5,,,,
2026-06-07,07:49:46,TAP647,CS-TNT,Airbus A320,TAP Air Portugal,landing,arrivee,525,258.9,90.6,,,,
2026-06-07,07:53:00,TAP1939,CS-TVI,Airbus A320neo,TAP Air Portugal,landing,arrivee,475,240.0,91.6,,,,
2026-06-07,07:56:00,a54137,N438DX,Airbus A330-900neo,Delta Air Lines,landing,arrivee,525,263.9,89.6,,,,
2026-06-07,07:58:53,TAP27UZ,CS-TPU,Embraer E190,TAP Air Portugal,landing,arrivee,500,236.7,88.0,,,,
2026-06-07,08:01:30,TAP006,CS-TXJ,Airbus A321neo,TAP Air Portugal,landing,arrivee,525,254.1,92.8,,,,
2026-06-07,08:04:13,49514d,CS-TJM,Airbus A321neo,TAP Air Portugal,landing,arrivee,550,260.8,76.8,,,,
2026-06-07,08:07:02,TAP8RL,CS-TJF,Airbus A321,TAP Air Portugal,landing,arrivee,475,262.4,99.6,,,,
2026-06-07,08:09:34,TAP575,CS-TNR,Airbus A320,TAP Air Portugal,landing,arrivee,500,261.5,99.7,,,,
2026-06-07,08:12:13,EZS79YP,HB-AYP,Airbus A320neo,easyJet Switzerland,landing,arrivee,500,259.7,92.1,,,,
2026-06-07,08:14:47,VLG46AX,EC-MQL,Airbus A321,Vueling,landing,arrivee,475,256.5,96.4,,,,
2026-06-07,08:17:38,TAP56DP,CS-TNJ,Airbus A320,TAP Air Portugal,landing,arrivee,525,253.2,89.2,,,,
2026-06-07,08:20:33,TAP557H,CS-TJS,Airbus A321neo,TAP Air Portugal,landing,arrivee,500,252.4,88.2,,,,
2026-06-07,08:23:07,440141,OE-IJX,Airbus A320,easyJet Europe,landing,arrivee,500,267.2,95.2,,,,
2026-06-07,08:26:14,TAP53EI,CS-TJN,Airbus A321neo,TAP Air Portugal,landing,arrivee,475,267.2,98.6,,,,
2026-06-07,08:30:22,c0582b,C-GHKC,Airbus A330-300,Air Canada,landing,arrivee,500,250.8,96.1,,,,
2026-06-07,08:33:48,4952d2,CS-TVR,Airbus A320neo,TAP Air Portugal,landing,arrivee,525,236.7,80.3,,,,
2026-06-07,08:36:35,3c49d5,D-ABNU,Airbus A320,Eurowings,landing,arrivee,550,255.9,79.7,,,,
2026-06-07,08:39:24,AFR35VY,F-GKXZ,Airbus A320,Air France,landing,arrivee,550,258.0,85.5,,,,
2026-06-07,08:43:02,TAP757P,CS-TNS,Airbus A320,TAP Air Portugal,landing,arrivee,550,262.8,66.8,,,,
2026-06-07,08:46:59,TVF55WH,F-HXSI,Airbus A320neo,Transavia France,landing,arrivee,500,253.2,86.5,,,,
2026-06-07,08:51:33,497c83,16805,C130,,landing,arrivee,500,244.8,93.5,,,,
2026-06-07,08:55:48,4952c2,CS-TVB,Airbus A320neo,TAP Air Portugal,landing,arrivee,500,244.8,89.9,,,,
2026-06-07,08:59:58,TAP443,CS-TVK,Airbus A320neo,TAP Air Portugal,landing,arrivee,475,255.6,95.7,,,,
2026-06-07,09:02:44,EZY46AK,G-EZWH,Airbus A320,easyJet,landing,arrivee,500,253.2,91.6,,,,
2026-06-07,09:05:14,RYR8AT,EI-EMD,Boeing 737-800,Ryanair,landing,arrivee,500,274.5,95.4,,,,
2026-06-07,09:13:44,406017,G-EZTN,Airbus A320,easyJet,landing,arrivee,500,249.1,89.2,,,,
2026-06-07,09:16:44,TSC480,C-GUBF,Airbus A330-200,Air Transat,cruise,,500,0.0,87.8,,,,
2026-06-07,09:19:17,RYR4ZF,EI-IHS,Boeing 737 MAX 8,Ryanair,landing,arrivee,475,264.1,93.9,,,,
2026-06-07,09:24:03,TAP072,CS-TUC,Airbus A330-900neo,TAP Air Portugal,landing,arrivee,475,257.2,95.8,,,,
2026-06-07,09:29:41,TAP3178,CS-TUH,Airbus A330-900neo,TAP Air Portugal,landing,arrivee,475,253.9,98.1,,,,
2026-06-07,09:35:34,TAP012,CS-TXG,Airbus A321neo,TAP Air Portugal,landing,arrivee,500,257.2,94.5,,,,
2026-06-07,09:38:16,a11bc8,N17017,Boeing 787-10,United Airlines,landing,arrivee,475,273.9,99.6,,,,
2026-06-07,09:41:21,TAP036,EC-OLG,Airbus A330-300,TAP Air Portugal,landing,arrivee,500,247.2,98.9,,,,
2026-06-07,09:44:03,THY3WE,TC-LTK,Airbus A321neo,Turkish Airlines,landing,arrivee,550,253.2,94.4,,,,
2026-06-07,09:46:36,NSZ3616,SE-RYC,Boeing 737 MAX 8,Norwegian Air Sweden AOC AB,landing,arrivee,475,270.8,94.9,,,,
2026-06-07,09:49:48,BAW50P,G-DBCF,Airbus A319,British Airways,landing,arrivee,475,234.6,98.3,,,,
2026-06-07,09:53:59,495309,CS-TXI,Airbus A321neo,TAP Air Portugal,landing,arrivee,500,266.5,96.2,,,,
2026-06-07,09:56:42,4cad7c,EI-NSC,Airbus A320neo,Aer Lingus,landing,arrivee,450,243.2,99.2,,,,
2026-06-07,09:59:12,TAP1921,CS-TVQ,Airbus A320neo,TAP Air Portugal,landing,arrivee,500,265.6,88.5,,,,
2026-06-07,10:02:04,440b1e,OE-IWW,Airbus A320,easyJet Europe,landing,arrivee,525,256.5,80.7,,,,
2026-06-07,10:08:09,N143QS,N143QS,Global 6000,NetJets,landing,arrivee,450,214.1,87.2,,,,
2026-06-07,10:10:54,TAP234Y,CS-TXF,Airbus A321neo,TAP Air Portugal,landing,arrivee,500,264.8,90.9,,,,
2026-06-07,10:14:17,c01753,C-FIVQ,Boeing 777-300ER,Air Canada,landing,arrivee,425,267.2,92.7,,,,
2026-06-07,10:17:00,406fda,G-EZPD,Airbus A320,easyJet,landing,arrivee,475,243.2,86.7,,,,
2026-06-07,10:20:04,DAL124,N413DX,Airbus A330-900neo,Delta Air Lines,landing,arrivee,425,258.4,98.3,,,,
2026-06-07,10:23:04,UAL942,N796UA,Boeing 777-200,United Airlines,landing,arrivee,475,270.0,97.2,,,,
2026-06-07,10:28:06,AEA1153,EC-MVY,Boeing 737-800,Air Europa,landing,arrivee,450,263.4,92.6,,,,
2026-06-07,10:30:38,4caee4,EI-ILD,Boeing 737 MAX 8,Ryanair,landing,arrivee,475,274.1,88.2,,,,
2026-06-07,10:33:40,4952c3,CS-TVC,Airbus A320neo,TAP Air Portugal,cruise,,525,0.0,84.2,,,,
2026-06-07,10:37:32,4867c3,PH-AXH,Airbus A321neo,KLM,landing,arrivee,450,263.2,99.8,,,,
2026-06-07,10:40:25,EZY31FV,G-EZOP,Airbus A320,easyJet,landing,arrivee,425,254.8,98.6,,,,
2026-06-07,10:43:27,495218,CS-TPX,Embraer E190,TAP Air Portugal,landing,arrivee,475,234.6,91.1,,,,
2026-06-07,10:46:20,TAP1923,CS-TVA,Airbus A320neo,TAP Air Portugal,landing,arrivee,475,246.7,97.5,,,,
2026-06-07,10:48:07,TAP088,CS-TUI,Airbus A330-900neo,TAP Air Portugal,landing,arrivee,425,270.8,98.3,,,,
2026-06-07,10:51:19,TAP68JP,CS-TJH,Airbus A321,TAP Air Portugal,landing,arrivee,500,252.2,83.8,,,,
2026-06-07,10:53:59,TAP048,CS-TXD,Airbus A321neo,TAP Air Portugal,landing,arrivee,475,262.4,80.8,,,,
2026-06-07,10:59:09,48af07,SP-LVH,Boeing 737 MAX 8,Buzz,landing,arrivee,450,274.1,86.2,,,,
2026-06-07,11:01:15,4951f0,CS-TOP,Airbus A330-200,TAP Air Portugal,landing,arrivee,475,236.7,93.5,,,,
2026-06-07,11:03:36,BEL2DY,OO-SNO,Airbus A320,Brussels Airlines,landing,arrivee,450,260.4,92.5,,,,
2026-06-07,11:06:28,RYR3RB,EI-EFJ,Boeing 737-800,Ryanair,landing,arrivee,425,282.4,95.8,,,,
2026-06-07,11:09:20,394c18,F-GTAY,Airbus A321,Air France,landing,arrivee,500,267.2,83.2,,,,
2026-06-07,11:12:35,4952a1,CS-TUA,Airbus A330-900neo,TAP Air Portugal,landing,arrivee,475,249.1,96.5,,,,
2026-06-07,11:15:03,49514b,CS-TJK,Airbus A321neo,TAP Air Portugal,landing,arrivee,525,258.9,80.2,,,,
2026-06-07,11:18:15,348342,EC-OND,Airbus A330-300,,landing,arrivee,475,253.9,94.0,,,,
2026-06-07,11:21:03,EJU15UG,OE-LUE,Airbus A320neo,easyJet Europe,landing,arrivee,475,273.2,97.6,,,,
2026-06-07,11:23:38,EJU74EF,OE-LSF,Airbus A320neo,easyJet Europe,landing,arrivee,475,257.2,96.7,,,,
2026-06-07,11:27:28,4952a4,CS-TUD,Airbus A330-900neo,TAP Air Portugal,landing,arrivee,450,269.7,97.0,,,,
2026-06-07,11:30:31,TAP11WQ,CS-TNQ,Airbus A320,TAP Air Portugal,landing,arrivee,475,260.8,96.6,,,,
2026-06-07,11:33:17,TAP248,CS-TUN,Airbus A330-900neo,TAP Air Portugal,landing,arrivee,425,264.8,96.6,,,,
2026-06-07,11:35:53,TAP429,CS-TTX,Embraer E195,TAP Air Portugal,landing,arrivee,475,256.3,90.5,,,,
2026-06-07,11:38:40,343694,EC-LKF,Bombardier CRJ-1000,Air Nostrum,landing,arrivee,475,260.4,91.5,,,,
2026-06-07,11:40:59,4cafd2,EI-GXM,Boeing 737-800,Ryanair,landing,arrivee,500,273.2,88.9,,,,
2026-06-07,11:44:09,440cc1,OE-LSP,Airbus A320,easyJet Europe,landing,arrivee,475,236.3,81.3,,,,
2026-06-07,11:46:45,RZO120,CS-TSK,Airbus A320,TAP Air Portugal,landing,arrivee,475,245.6,89.5,,,,
2026-06-07,11:53:36,TVF32VF,F-HUYB,Boeing 737-800,Transavia France,landing,arrivee,400,287.2,92.8,,,,
2026-06-07,11:56:18,8963d8,A6-EPI,Boeing 777-300ER,Emirates,landing,arrivee,500,273.2,93.1,,,,
2026-06-07,11:58:52,3c64ad,D-AIEM,Airbus A321neo,Lufthansa,landing,arrivee,500,249.1,92.1,,,,
2026-06-07,12:00:40,4951d2,CS-TNR,Airbus A320,TAP Air Portugal,landing,arrivee,475,265.6,90.8,,,,
2026-06-07,12:02:29,440cf8,OE-IBF,Airbus A320,easyJet Europe,landing,arrivee,550,270.8,88.8,,,,
2026-06-07,12:05:34,EJU92TK,OE-IDU,Airbus A320,easyJet Europe,landing,arrivee,500,256.5,88.9,,,,
2026-06-07,12:16:22,TAP1902,CS-TVG,Airbus A320neo,TAP Air Portugal,landing,arrivee,450,235.6,99.2,,,,
2026-06-07,12:19:12,OBS852,CS-TCF,Airbus A330-900neo,TAP Air Portugal,landing,arrivee,450,264.8,97.1,,,,
2026-06-07,12:21:52,495299,CS-TTY,Embraer E195,TAP Air Portugal,landing,arrivee,475,258.9,97.1,,,,
2026-06-07,12:23:47,49d2b7,OK-TVW,Boeing 737-800,Eurowings,landing,arrivee,475,290.4,90.3,,,,
2026-06-07,12:26:33,RYR59QQ,9H-QDW,Boeing 737-800,Malta Air,landing,arrivee,400,270.8,95.4,,,,
2026-06-07,12:28:58,49529a,CS-TTZ,Embraer E195,TAP Air Portugal,landing,arrivee,475,244.3,91.8,,,,
2026-06-07,12:32:15,TAP1031,CS-TNM,Airbus A320,TAP Air Portugal,landing,arrivee,400,262.4,96.8,,,,
2026-06-07,12:34:43,4ca2d5,EI-DLI,Boeing 737-800,Ryanair,landing,arrivee,450,274.5,93.2,,,,
2026-06-07,12:37:07,4d2387,9H-VUZ,Boeing 737 MAX 8,Malta Air,landing,arrivee,450,269.7,94.9,,,,
2026-06-07,12:38:53,TAP1151,CS-TVN,Airbus A320neo,TAP Air Portugal,approach,arrivee,475,249.1,87.4,,,,
2026-06-07,13:02:02,VLG8JM,EC-MOO,Airbus A321,Vueling,landing,arrivee,475,254.8,90.5,,,,
2026-06-07,13:07:06,TAP145W,CS-TPZ,Embraer E190,TAP Air Portugal,landing,arrivee,450,235.6,84.0,,,,
2026-06-07,13:09:43,440075,OE-LSV,Airbus A320neo,easyJet Europe,landing,arrivee,550,261.5,93.3,,,,
2026-06-07,13:12:17,4400ec,OE-IVU,Airbus A320,easyJet Europe,landing,arrivee,550,252.2,78.5,,,,
2026-06-07,13:15:56,EJU38DF,OE-IDT,Airbus A320,easyJet Europe,landing,arrivee,475,264.1,84.3,,,,
2026-06-07,13:20:27,495268,CS-TSH,Airbus A321neo,Azores Airlines,landing,arrivee,475,244.3,91.2,,,,
2026-06-07,13:23:21,TAP10VL,CS-TPU,Embraer E190,TAP Air Portugal,landing,arrivee,475,233.2,94.6,,,,
2026-06-07,13:28:07,DLH47T,D-AIEA,Airbus A321neo,Lufthansa,approach,arrivee,475,263.9,89.8,,,,
2026-06-07,13:31:14,440db0,OE-IDX,Airbus A320,easyJet Europe,cruise,,475,0.0,91.6,,,,
2026-06-07,13:33:51,495214,CS-TPT,Embraer E190,TAP Air Portugal,landing,arrivee,475,258.9,89.5,,,,
2026-06-07,13:36:38,RZO122,CS-TSH,Airbus A321neo,Azores Airlines,landing,arrivee,475,265.4,98.6,,,,
2026-06-07,13:39:27,495149,CS-TJI,Airbus A321neo,TAP Air Portugal,landing,arrivee,475,263.9,87.4,,,,
2026-06-07,13:42:14,TAP86GM,CS-TNL,Airbus A320,TAP Air Portugal,landing,arrivee,475,244.8,87.4,,,,
2026-06-07,13:44:53,TAP1736,CS-TJE,Airbus A321,TAP Air Portugal,landing,arrivee,500,263.2,78.3,,,,
2026-06-07,13:47:56,SWR32F,HB-JCF,C Series 300,Swiss,landing,arrivee,475,243.2,94.8,,,,
2026-06-07,13:50:21,RYR55AR,9H-QDQ,Boeing 737-800,Malta Air,landing,arrivee,500,280.0,89.8,,,,
2026-06-07,13:53:08,TAP481,CS-TPS,Embraer E190,TAP Air Portugal,landing,arrivee,475,235.6,87.7,,,,
2026-06-07,13:55:05,4951cb,CS-TNK,Airbus A320,TAP Air Portugal,landing,arrivee,475,238.2,91.0,,,,
2026-06-07,13:57:14,4952c8,CS-TVH,Airbus A320neo,TAP Air Portugal,landing,arrivee,525,243.2,92.6,,,,
2026-06-07,13:59:11,TAP11EG,CS-TAY,Embraer E195,TAP Air Portugal,landing,arrivee,500,255.6,91.9,,,,
2026-06-07,14:01:32,TAP831,CS-TJP,Airbus A321neo,TAP Air Portugal,landing,arrivee,475,263.2,88.9,,,,
2026-06-07,14:04:21,RZO3150,CS-TKQ,Airbus A320,TAP Air Portugal,landing,arrivee,500,246.7,88.9,,,,
2026-06-07,14:07:19,TAP1013,CS-TPQ,Embraer E190,TAP Air Portugal,landing,arrivee,475,237.4,93.4,,,,
2026-06-07,14:09:44,TAP8RT,CS-TPR,Embraer E190,TAP Air Portugal,landing,arrivee,450,231.5,90.1,,,,
2026-06-07,14:11:57,49514c,CS-TJL,Airbus A321neo,TAP Air Portugal,landing,arrivee,500,261.5,86.9,,,,
2026-06-07,14:14:44,49514f,CS-TJO,Airbus A321neo,TAP Air Portugal,landing,arrivee,450,266.5,94.4,,,,
2026-06-07,14:17:47,4952cf,CS-TVO,Airbus A320neo,TAP Air Portugal,landing,arrivee,525,240.8,88.3,,,,
2026-06-07,14:20:31,TAP401P,CS-TTW,Embraer E195,TAP Air Portugal,landing,arrivee,475,260.8,90.4,,,,
2026-06-07,14:23:16,RZO140,CS-TKP,Airbus A320,TAP Air Portugal,landing,arrivee,500,256.5,79.3,,,,
2026-06-07,14:26:21,096028,D4-CCJ,Boeing 737 MAX 8,TACV Cabo Verde Airlines,landing,arrivee,500,234.8,86.9,,,,
2026-06-07,14:28:46,495292,CS-TTR,Airbus A319,TAP Air Portugal,landing,arrivee,525,232.4,85.2,,,,
2026-06-07,14:31:47,TAP23SL,CS-TUP,Airbus A330-900neo,TAP Air Portugal,landing,arrivee,475,249.8,99.2,,,,
2026-06-07,14:34:56,TAP941,CS-TVP,Airbus A320neo,TAP Air Portugal,landing,arrivee,475,255.6,91.0,,,,
2026-06-07,14:37:39,440031,OE-IVC,Airbus A320,Iberia,landing,arrivee,500,249.1,89.7,,,,
2026-06-07,14:46:35,SWR2BK,HB-JPE,Airbus A321neo,Swiss,landing,arrivee,550,244.3,84.8,,,,
2026-06-07,14:49:14,4d224c,9H-QAT,Boeing 737-800,Malta Air,landing,arrivee,500,275.8,95.0,,,,
2026-06-07,14:51:51,40756c,G-UZHN,Airbus A320neo,easyJet,landing,arrivee,525,265.6,85.1,,,,
2026-06-07,14:54:33,440b1e,OE-IWW,Airbus A320,easyJet Europe,landing,arrivee,525,269.7,87.0,,,,
2026-06-07,15:00:27,4868f7,PH-AXP,Airbus A321neo,KLM,landing,arrivee,550,246.3,68.6,,,,
2026-06-07,15:07:10,4951d4,CS-TNT,Airbus A320,TAP Air Portugal,cruise,,550,0.0,75.2,,,,
2026-06-07,15:16:00,TAP931L,CS-TNU,Airbus A320,TAP Air Portugal,landing,arrivee,475,245.6,98.8,,,,
2026-06-07,15:18:36,AFR37EQ,F-GKXG,Airbus A320,Air France,landing,arrivee,500,250.8,85.3,,,,
2026-06-07,15:22:50,3c648c,D-AIDL,Airbus A321,Lufthansa,landing,arrivee,500,264.8,78.7,,,,
2026-06-07,15:33:02,461f31,OH-LVD,Airbus A319,Finnair,landing,arrivee,500,237.4,86.6,,,,
2026-06-07,15:35:43,TAP75CH,CS-TNV,Airbus A320,TAP Air Portugal,landing,arrivee,475,258.4,93.4,,,,
2026-06-07,15:38:21,4bb203,TC-LPC,Airbus A321,Turkish Airlines,landing,arrivee,525,246.7,81.0,,,,
2026-06-07,15:41:08,TAP016,CS-TXC,Airbus A321neo,TAP Air Portugal,landing,arrivee,525,229.1,85.2,,,,
2026-06-07,15:43:49,4952a6,CS-TUF,Airbus A330-900neo,TAP Air Portugal,landing,arrivee,525,258.4,93.2,,,,
2026-06-07,15:46:27,TAP763,EC-OCT,Airbus A321,TAP Air Portugal,landing,arrivee,550,264.1,89.8,,,,
2026-06-07,15:49:08,4951ce,CS-TNN,Airbus A320,TAP Air Portugal,landing,arrivee,500,254.1,92.4,,,,
2026-06-07,15:51:47,495298,CS-TTX,Embraer E195,TAP Air Portugal,landing,arrivee,475,265.6,98.7,,,,
2026-06-07,15:54:35,TAP90EH,CS-TUL,Airbus A330-900neo,TAP Air Portugal,landing,arrivee,500,249.1,94.5,,,,
2026-06-07,15:57:19,RYR21WA,SP-RZO,Boeing 737 MAX 8,Buzz,landing,arrivee,475,257.6,94.2,,,,
2026-06-07,16:00:10,TAP10NL,CS-TJS,Airbus A321neo,TAP Air Portugal,landing,arrivee,525,272.1,90.5,,,,
2026-06-07,16:02:45,4952d2,CS-TVR,Airbus A320neo,TAP Air Portugal,cruise,,525,0.0,87.8,,,,
2026-06-07,16:05:28,TAP56DT,CS-TVL,Airbus A320,TAP Air Portugal,landing,arrivee,500,245.6,94.2,,,,
2026-06-07,16:08:00,4952ca,CS-TVJ,Airbus A320neo,TAP Air Portugal,landing,arrivee,500,249.8,93.0,,,,
2026-06-07,16:10:36,IBE0533,EC-NFZ,Airbus A320neo,Iberia,landing,arrivee,475,236.7,94.0,,,,
2026-06-07,16:13:03,RYR5KT,EI-ILD,Boeing 737 MAX 8,Ryanair,landing,arrivee,475,266.5,93.9,,,,
2026-06-07,16:15:47,TAP31DB,CS-TXB,Airbus A321neo,TAP Air Portugal,landing,arrivee,550,261.5,85.2,,,,
2026-06-07,16:18:04,345543,EC-MRI,Bombardier CRJ-1000,Air Nostrum,landing,arrivee,525,213.4,78.7,,,,
2026-06-07,16:20:28,TAP669,CS-TXE,Airbus A321neo,TAP Air Portugal,landing,arrivee,475,262.4,90.9,,,,
2026-06-07,16:22:27,495290,CS-TTP,Airbus A319,TAP Air Portugal,landing,arrivee,525,234.8,86.8,,,,
2026-06-07,16:24:14,BAW5DW,G-TTOE,Airbus A320,British Airways,landing,arrivee,500,258.9,84.7,,,,
2026-06-07,16:26:55,4d23f8,9H-VVD,Boeing 737 MAX 8,Malta Air,landing,arrivee,475,271.3,93.6,,,,
2026-06-07,16:29:53,4952c2,CS-TVB,Airbus A320neo,TAP Air Portugal,landing,arrivee,475,253.9,97.6,,,,
2026-06-07,16:32:26,TAP571,CS-TXM,Airbus A321,TAP Air Portugal,landing,arrivee,525,259.3,99.3,,,,
2026-06-07,16:35:10,49514a,CS-TJJ,Airbus A321neo,TAP Air Portugal,landing,arrivee,550,244.8,82.8,,,,
2026-06-07,16:37:28,440072,OE-LSF,Airbus A320neo,easyJet Europe,landing,arrivee,500,256.5,88.4,,,,
2026-06-07,16:39:41,49520f,CS-TPO,Embraer E190,TAP Air Portugal,landing,arrivee,450,221.5,93.9,,,,
2026-06-07,16:42:03,TAP1359,CS-TXK,Airbus A321,TAP Air Portugal,landing,arrivee,550,268.0,85.6,,,,
2026-06-07,16:44:53,TAP15NC,CS-TNR,Airbus A320,TAP Air Portugal,landing,arrivee,450,262.4,94.1,,,,
2026-06-07,16:47:32,TAP1143,CS-TAW,Embraer E195,TAP Air Portugal,landing,arrivee,475,257.2,87.3,,,,
2026-06-07,16:50:10,NSZ2WK,SE-RTA,Boeing 737 MAX 8,Norwegian Air Sweden AOC,landing,arrivee,500,268.9,93.9,,,,
2026-06-07,16:52:56,4841a9,PH-HZW,Boeing 737-800,Transavia,landing,arrivee,475,267.1,94.4,,,,
2026-06-07,16:56:11,TAP1824,CS-TVQ,Airbus A320neo,TAP Air Portugal,landing,arrivee,450,253.9,95.6,,,,
2026-06-07,17:06:57,440daf,OE-IDU,Airbus A320,easyJet Europe,landing,arrivee,500,265.6,86.0,,,,
2026-06-07,17:10:06,EWG25P,D-AIDV,Airbus A321,Eurowings,landing,arrivee,500,263.9,89.7,,,,
2026-06-07,17:13:25,4cafd2,EI-GXM,Boeing 737-800,Ryanair,landing,arrivee,450,262.2,94.8,,,,
2026-06-07,17:17:03,RYR29TL,EI-EKT,Boeing 737-800,Ryanair,landing,arrivee,475,269.7,93.8,,,,
2026-06-07,17:21:54,348206,EC-OKG,Airbus A320,Vueling,landing,arrivee,475,253.2,89.9,,,,
2026-06-07,17:32:51,EJU15PC,OE-LSP,Airbus A320,easyJet Europe,landing,arrivee,500,237.4,86.4,,,,
2026-06-07,17:38:45,RAM982,CN-RGE,Boeing 737-800,Royal Air Maroc,landing,arrivee,500,273.2,86.9,,,,
2026-06-07,17:46:16,4952cb,CS-TVK,Airbus A320neo,TAP Air Portugal,landing,arrivee,475,251.1,93.4,,,,
2026-06-07,17:52:32,RYR36JX,9H-QCX,Boeing 737-800,Malta Air,landing,arrivee,475,263.2,92.0,,,,
2026-06-07,17:56:23,TAP1558,CS-TVM,Airbus A320neo,TAP Air Portugal,landing,arrivee,450,250.8,99.1,,,,
2026-06-07,17:59:34,TAP1852,CS-TVF,Airbus A320neo,TAP Air Portugal,landing,arrivee,500,227.4,73.8,,,,
2026-06-07,18:02:22,406250,G-EUYI,Airbus A320,British Airways,landing,arrivee,500,246.7,94.9,,,,
2026-06-07,18:07:48,TVF72AP,F-HTVN,Boeing 737-800,Transavia France,landing,arrivee,450,264.8,92.3,,,,
2026-06-07,18:10:23,TAP15CV,CS-TJN,Airbus A321neo,TAP Air Portugal,landing,arrivee,525,262.2,74.0,,,,
2026-06-07,18:12:52,VLG7PA,EC-JSY,Airbus A320,Vueling,landing,arrivee,500,249.1,85.0,,,,
2026-06-07,18:15:33,484186,PH-HZL,Boeing 737-800,Transavia,landing,arrivee,475,267.1,93.5,,,,
2026-06-07,18:18:36,LGL3753,LX-LBR,Boeing 737-700,Luxair,landing,arrivee,500,247.1,91.3,,,,
2026-06-07,18:23:14,TAP435,CS-TNS,Airbus A320,TAP Air Portugal,landing,arrivee,500,235.4,85.5,,,,
2026-06-07,18:26:03,49526d,CS-TSM,Airbus A320,TAP Air Portugal,landing,arrivee,475,224.3,95.9,,,,
2026-06-07,18:28:24,495039,CS-TAY,Embraer E195,TAP Air Portugal,landing,arrivee,450,235.6,94.5,,,,
2026-06-07,18:31:05,4d22b6,9H-LAX,Airbus A320,Lauda Europe,landing,arrivee,500,242.4,90.5,,,,
2026-06-07,18:33:49,TAP1439,CS-TPS,Embraer E190,TAP Air Portugal,landing,arrivee,450,230.8,87.5,,,,
2026-06-07,18:36:34,34324e,EC-KUB,Airbus A319,Iberia,landing,arrivee,525,253.9,85.0,,,,
2026-06-07,18:39:07,AFR24MF,F-HEPE,Airbus A320,Air France,landing,arrivee,450,258.9,98.8,,,,
2026-06-07,18:42:04,KLM71Y,PH-AXR,Airbus A321neo,KLM,landing,arrivee,550,263.9,69.6,,,,
2026-06-07,18:46:52,406445,G-EZGH,Airbus A319,easyJet,landing,arrivee,525,239.1,86.6,,,,
2026-06-07,18:49:31,TAP35BL,CS-TNJ,Airbus A320,TAP Air Portugal,landing,arrivee,500,258.4,93.6,,,,
2026-06-07,18:52:20,TAP1542,CS-TJF,Airbus A321,TAP Air Portugal,landing,arrivee,475,253.9,87.9,,,,
2026-06-07,18:55:04,BEL2DT,OO-SBG,Airbus A320neo,Brussels Airlines,landing,arrivee,500,231.9,87.9,,,,
2026-06-07,18:56:51,440cf8,OE-IBF,Airbus A320,easyJet Europe,landing,arrivee,475,236.7,98.5,,,,
2026-06-07,18:58:58,TAP10EV,CS-TPT,Embraer E190,TAP Air Portugal,landing,arrivee,475,224.3,95.8,,,,
2026-06-07,19:00:30,TAP1862,CS-TVG,Airbus A320neo,TAP Air Portugal,landing,arrivee,500,248.0,92.6,,,,
2026-06-07,19:03:20,RYR647X,EI-EPD,Boeing 737-800,Ryanair,landing,arrivee,475,264.8,98.6,,,,
2026-06-07,19:06:09,49514c,CS-TJL,Airbus A321neo,TAP Air Portugal,landing,arrivee,550,262.2,74.2,,,,
2026-06-07,19:09:04,39d318,F-HUYY,Boeing 737-800,Transavia France,landing,arrivee,475,255.6,96.0,,,,
2026-06-07,19:11:44,WMT1489,HA-LDN,Airbus A321neo,,landing,arrivee,500,260.0,92.0,,,,
2026-06-07,19:14:16,4952c1,CS-TVA,Airbus A320neo,TAP Air Portugal,landing,arrivee,525,238.4,98.1,,,,
2026-06-07,19:16:50,TVF90KW,F-HUYF,Boeing 737-800,Transavia France,landing,arrivee,475,274.1,93.1,,,,
2026-06-07,19:19:43,347307,EC-NUZ,Boeing 737-800,Air Europa,landing,arrivee,475,261.5,88.0,,,,
2026-06-07,19:22:24,4869c1,PH-YHP,Airbus A321neo,,landing,arrivee,525,234.8,69.4,,,,
2026-06-07,19:25:03,8963d5,A6-EPF,Boeing 777-300ER,Emirates,landing,arrivee,475,266.5,94.9,,,,
2026-06-07,19:27:47,TAP1361,CS-TVI,Airbus A320neo,TAP Air Portugal,landing,arrivee,500,245.6,83.0,,,,
2026-06-07,19:30:24,4d2519,9H-QFB,Boeing 737-800,Malta Air,cruise,,500,0.0,80.2,,,,
2026-06-07,19:33:31,TAP671,CS-TJM,Airbus A321neo,TAP Air Portugal,landing,arrivee,500,262.4,90.5,,,,
2026-06-07,19:37:57,495211,CS-TPQ,Embraer E190,TAP Air Portugal,landing,arrivee,450,238.2,99.4,,,,
2026-06-07,19:40:38,TAP403Z,CS-TPZ,Embraer E190,TAP Air Portugal,landing,arrivee,475,228.9,93.0,,,,
2026-06-07,19:43:19,RYR21UN,SP-RZY,Boeing 737 MAX 8,Buzz,landing,arrivee,450,264.7,95.3,,,,
2026-06-07,19:46:22,P4BFX,P4-BFX,GLF4,,landing,arrivee,475,222.2,93.1,,,,
2026-06-07,19:51:13,495299,CS-TTY,Embraer E195,TAP Air Portugal,landing,arrivee,475,253.9,92.5,,,,
2026-06-07,19:54:00,TAP835,CS-TJH,Airbus A321,TAP Air Portugal,landing,arrivee,500,264.8,91.1,,,,
2026-06-07,19:57:00,TAP473H,CS-TPV,Embraer E190,TAP Air Portugal,landing,arrivee,450,225.8,79.2,,,,
2026-06-07,19:59:27,4d2007,9H-WNK,Airbus A321neo,Lauda Europe,cruise,,475,0.0,82.5,,,,
2026-06-07,20:02:36,34604c,EC-MXA,Bombardier CRJ-1000,Air Nostrum,landing,arrivee,475,230.0,94.9,,,,
2026-06-07,20:06:47,495290,CS-TTP,Airbus A319,TAP Air Portugal,landing,arrivee,500,240.8,98.1,,,,
2026-06-07,20:09:29,4952ce,CS-TVN,Airbus A320neo,TAP Air Portugal,landing,arrivee,475,243.2,94.8,,,,
2026-06-07,20:12:20,71c084,HL8084,Boeing 787-9,Korean Air,landing,arrivee,475,255.6,88.1,,,,
2026-06-07,20:15:11,VLG8UE,EC-KDX,Airbus A320,Vueling,landing,arrivee,475,252.4,86.5,,,,
2026-06-07,20:18:13,TAP1065,CS-TPR,Embraer E190,TAP Air Portugal,landing,arrivee,475,238.4,89.8,,,,
2026-06-07,20:20:33,0900f0,D2-TEJ,Boeing 777-300ER,TAAG Angola Airlines,landing,arrivee,475,273.2,92.8,,,,
2026-06-07,20:23:39,EZY47LC,G-EZWY,Airbus A320,easyJet,landing,arrivee,450,253.2,85.4,,,,
2026-06-07,20:26:24,c052ca,CA-GFJD,Boeing 737 MAX 8,WestJet,landing,arrivee,450,245.6,97.9,,,,
2026-06-07,20:29:28,49328b,CS-LTK,Citation Latitude,NetJets,landing,arrivee,550,199.1,88.7,,,,
2026-06-07,20:31:59,RYR668T,9H-VVF,Boeing 737 MAX 8,Malta Air,landing,arrivee,450,255.6,92.7,,,,
2026-06-07,20:34:46,495217,CS-TPW,Embraer E190,TAP Air Portugal,landing,arrivee,450,245.6,84.7,,,,
2026-06-07,20:37:39,49529a,CS-TTZ,Embraer E195,TAP Air Portugal,landing,arrivee,450,242.4,89.5,,,,
2026-06-07,20:39:57,495307,CS-TXG,Airbus A321neo,TAP Air Portugal,landing,arrivee,475,257.6,99.8,,,,
2026-06-07,20:42:42,4405ea,OE-LQT,Airbus A319,easyJet Europe,landing,arrivee,500,243.9,78.0,,,,
2026-06-07,20:45:20,TAP1019,CS-TJS,Airbus A321neo,TAP Air Portugal,landing,arrivee,500,263.9,86.4,,,,
2026-06-07,20:48:01,738061,4X-EKT,Boeing 737-800,El Al,landing,arrivee,475,279.7,96.3,,,,
2026-06-07,20:50:51,TAP1313,CS-TNM,Airbus A320,TAP Air Portugal,landing,arrivee,500,227.4,77.7,,,,
2026-06-07,20:56:19,4951d4,CS-TNT,Airbus A320,TAP Air Portugal,landing,arrivee,475,260.4,86.5,,,,
2026-06-07,20:58:57,345645,EC-MXG,Airbus A320,Vueling,landing,arrivee,475,259.3,91.8,,,,
2026-06-07,21:01:40,VLG4JP,EC-OFU,Airbus A320,Vueling,landing,arrivee,400,256.5,94.1,,,,
2026-06-07,21:04:13,ICE578,TF-ICE,Boeing 737 MAX 8,Icelandair,landing,arrivee,425,285.0,96.1,,,,
2026-06-07,21:07:03,RYR95SN,EI-DYR,Boeing 737-800,Ryanair,landing,arrivee,425,266.9,97.2,,,,
2026-06-07,21:17:05,EIN4PT,EI-DEN,Airbus A320,Aer Lingus,landing,arrivee,450,243.0,93.9,,,,
2026-06-07,21:20:03,WMT537,HA-LGY,Airbus A321neo,SAS Scandinavian,landing,arrivee,475,230.4,94.1,,,,
2026-06-07,21:22:41,TAP1455,CS-TAW,Embraer E195,TAP Air Portugal,landing,arrivee,450,252.2,97.3,,,,
2026-06-07,21:25:54,TAP863Y,CS-TPU,Embraer E190,TAP Air Portugal,landing,arrivee,450,234.8,93.3,,,,
2026-06-07,21:28:36,4952d0,CS-TVP,Airbus A320neo,TAP Air Portugal,landing,arrivee,475,240.8,88.1,,,,
2026-06-07,21:31:19,495298,CS-TTX,Embraer E195,TAP Air Portugal,landing,arrivee,450,248.4,89.6,,,,
2026-06-07,21:34:02,495218,CS-TPX,Embraer E190,TAP Air Portugal,landing,arrivee,450,229.1,93.9,,,,
2026-06-07,21:36:38,EZY25BM,G-EZUC,Airbus A320,easyJet,landing,arrivee,475,251.5,90.8,,,,
2026-06-07,21:39:22,4d2387,9H-VUZ,Boeing 737 MAX 8,Malta Air,landing,arrivee,425,268.2,98.0,,,,
2026-06-07,21:42:08,495297,CS-TTW,Embraer E195,TAP Air Portugal,landing,arrivee,475,254.8,90.3,,,,
2026-06-07,21:44:47,495170,CS-TKP,Airbus A320,TAP Air Portugal,landing,arrivee,450,258.0,92.8,,,,
2026-06-07,21:47:35,VOE54GD,EC-NNY,Airbus A320,Volotea,landing,arrivee,450,237.4,92.5,,,,
2026-06-07,21:49:36,4952c8,CS-TVH,Airbus A320neo,TAP Air Portugal,landing,arrivee,450,253.2,96.7,,,,
2026-06-07,21:51:44,49514f,CS-TJO,Airbus A321neo,TAP Air Portugal,landing,arrivee,475,254.8,91.0,,,,
2026-06-07,21:53:34,4951d1,CS-TNQ,Airbus A320,TAP Air Portugal,landing,arrivee,475,260.0,98.2,,,,
2026-06-07,21:55:35,DLH34J,D-AISI,Airbus A321,Lufthansa,landing,arrivee,450,245.2,93.6,,,,
2026-06-07,21:58:23,4d23fb,9H-QES,Boeing 737-800,Malta Air,landing,arrivee,400,261.5,94.8,,,,
2026-06-07,22:00:55,TAP783,CS-TVC,Airbus A320neo,TAP Air Portugal,landing,arrivee,475,234.3,84.2,,,,
2026-06-07,22:03:02,TAP555,CS-TNK,Airbus A320,TAP Air Portugal,landing,arrivee,525,253.9,81.2,,,,
2026-06-07,22:05:04,49514b,CS-TJK,Airbus A321neo,TAP Air Portugal,landing,arrivee,500,273.2,87.2,,,,
2026-06-07,22:07:03,495150,CS-TJP,Airbus A321neo,TAP Air Portugal,landing,arrivee,450,251.5,89.4,,,,
2026-06-07,22:09:24,RZO134,CS-TSY,Airbus A320,TAP Air Portugal,landing,arrivee,450,241.5,95.1,,,,
2026-06-07,22:12:12,4952cb,CS-TVK,Airbus A320neo,TAP Air Portugal,landing,arrivee,450,275.6,94.0,,,,
2026-06-07,22:14:58,49520f,CS-TPO,Embraer E190,TAP Air Portugal,landing,arrivee,400,240.8,98.0,,,,
2026-06-07,22:17:09,440075,OE-LSV,Airbus A320neo,easyJet Europe,landing,arrivee,425,238.4,97.2,,,,
2026-06-07,22:18:41,TAP837,CS-TJE,Airbus A321,TAP Air Portugal,landing,arrivee,425,274.1,92.8,,,,
2026-06-07,22:21:39,SEH922,SX-IOB,Airbus A320neo,,landing,arrivee,425,240.8,87.9,,,,
2026-06-07,22:23:54,4d2269,9H-QAU,Boeing 737-800,Malta Air,cruise,,475,0.0,81.8,,,,
2026-06-07,22:26:54,AFR64PQ,F-GKXC,Airbus A320,Air France,landing,arrivee,450,249.1,95.9,,,,
2026-06-07,22:29:36,EJU49AN,OE-LUE,Airbus A320neo,easyJet Europe,landing,arrivee,450,258.9,93.6,,,,
2026-06-07,22:32:18,TAP1369,CS-TVO,Airbus A320neo,TAP Air Portugal,landing,arrivee,450,252.4,87.2,,,,
2026-06-07,22:34:59,3964f1,F-GZHR,Boeing 737-800,Transavia France,landing,arrivee,425,258.9,93.0,,,,
2026-06-07,22:38:07,490d07,CS-CHG,Challenger 350,NetJets,landing,arrivee,450,215.2,74.8,,,,
2026-06-07,22:40:22,TAP5AS,CS-TNL,Airbus A320,TAP Air Portugal,landing,arrivee,425,237.4,94.0,,,,
2026-06-07,22:43:07,3475c9,EC-OCT,Airbus A321,TAP Air Portugal,landing,arrivee,450,255.9,94.6,,,,
2026-06-07,22:45:53,495292,CS-TTR,Airbus A319,TAP Air Portugal,approach,arrivee,450,230.8,94.4,,,,
2026-06-07,22:48:33,TAP645,CS-TNU,Airbus A320,TAP Air Portugal,landing,arrivee,450,250.0,89.1,,,,
2026-06-07,22:51:32,NJE746D,CS-CHM,Challenger 350,NetJets,landing,arrivee,425,220.8,81.8,,,,
2026-06-07,22:54:20,EJU72RG,OE-LSF,Airbus A320neo,easyJet Europe,landing,arrivee,425,254.1,97.0,,,,
2026-06-07,22:56:56,440b1e,OE-IWW,Airbus A320,easyJet Europe,landing,arrivee,425,243.2,99.3,,,,
2026-06-07,22:59:32,495149,CS-TJI,Airbus A321neo,TAP Air Portugal,landing,arrivee,475,253.9,93.7,,,,
2026-06-07,23:02:01,440cc1,OE-LSP,Airbus A320,easyJet Europe,approach,arrivee,500,246.9,75.3,,,,
2026-06-07,23:04:53,440daf,OE-IDU,Airbus A320,easyJet Europe,landing,arrivee,450,242.4,90.2,,,,
2026-06-07,23:07:55,TAP21MM,CS-TAY,Embraer E195,TAP Air Portugal,landing,arrivee,375,250.8,98.3,,,,
2026-06-07,23:10:34,TAP64M,CS-TVB,Airbus A320neo,TAP Air Portugal,landing,arrivee,400,249.8,93.4,,,,
2026-06-07,23:13:15,40097e,G-EUUC,Airbus A320,British Airways,landing,arrivee,450,240.8,94.2,,,,
2026-06-07,23:16:01,4cafd2,EI-GXM,Boeing 737-800,Ryanair,landing,arrivee,400,263.2,95.4,,,,
2026-06-07,23:18:42,RYR4XW,9H-VVC,Boeing 737 MAX 8,Malta Air,landing,arrivee,375,270.4,94.2,,,,
2026-06-07,23:20:30,440cf8,OE-IBF,Airbus A320,easyJet Europe,landing,arrivee,425,243.9,86.5,,,,
2026-06-07,23:22:06,4400ec,OE-IVU,Airbus A320,easyJet Europe,landing,arrivee,450,252.4,79.0,,,,
2026-06-07,23:23:59,4869c3,PH-AXT,Airbus A321neo,KLM,landing,arrivee,500,253.2,77.8,,,,
2026-06-07,23:25:54,4b181c,HB-JDK,Airbus A320neo,Swiss,landing,arrivee,450,240.8,82.7,,,,
2026-06-07,23:28:50,RYR12SN,EI-DLI,Boeing 737-800,Ryanair,landing,arrivee,400,269.7,94.4,,,,
2026-06-07,23:30:57,4952c4,CS-TVD,Airbus A320neo,TAP Air Portugal,landing,arrivee,450,237.4,92.5,,,,
2026-06-07,23:32:32,4caee4,EI-ILD,Boeing 737 MAX 8,Ryanair,landing,arrivee,425,268.0,93.6,,,,
2026-06-07,23:34:52,TAP94KM,CS-TPS,Embraer E190,TAP Air Portugal,landing,arrivee,375,229.8,99.1,,,,
2026-06-07,23:36:22,THY2ES,TC-JHK,Boeing 737-800,Turkish Airlines,landing,arrivee,350,274.8,90.8,,,,
2026-06-07,23:38:08,3c65e1,D-AIOA,Airbus A321neo,Lufthansa,landing,arrivee,450,222.2,91.8,,,,
2026-06-07,23:40:17,34134d,EC-HUH,Airbus A321,Iberia,landing,arrivee,400,247.6,97.4,,,,
2026-06-07,23:43:14,46b8b5,SX-NEU,Airbus A320neo,,cruise,,500,0.0,83.8,,,,
2026-06-07,23:47:59,39d310,F-HUYQ,Boeing 737-800,Transavia France,landing,arrivee,400,267.2,98.1,,,,
2026-06-07,23:52:18,DLH64P,D-AIEI,Airbus A321neo,Lufthansa,landing,arrivee,425,229.5,85.2,,,,
2026-06-07,23:56:34,TAP39PT,CS-TVR,Airbus A320neo,TAP Air Portugal,landing,arrivee,475,239.1,76.5,,,,
2026-06-08,00:53:43,RZO128,CS-TKQ,Airbus A320,TAP Air Portugal,landing,arrivee,400,238.4,95.5,,,,
2026-06-08,04:42:43,TAP1528,CS-TXL,Airbus A321neo,TAP Air Portugal,landing,arrivee,375,238.4,93.9,,,,
2026-06-08,04:44:26,4952af,CS-TUO,Airbus A330-900neo,TAP Air Portugal,landing,arrivee,425,250.8,95.0,,,,
2026-06-08,04:51:05,TAY1MN,OE-IAM,737 490SF,Iberia,landing,arrivee,375,261.7,93.8,,,,
2026-06-08,04:55:16,TAP082,CS-TUS,Airbus A330-900neo,TAP Air Portugal,landing,arrivee,425,254.8,96.6,,,,
2026-06-08,04:58:21,TAP25YZ,CS-TXJ,Airbus A321neo,TAP Air Portugal,landing,arrivee,450,253.9,93.9,,,,
2026-06-08,05:25:55,4951ef,CS-TOO,Airbus A330-200,TAP Air Portugal,landing,arrivee,450,243.2,99.2,,,,
2026-06-08,05:41:54,495306,CS-TXF,Airbus A321neo,TAP Air Portugal,landing,arrivee,475,255.9,91.5,,,,
2026-06-08,05:48:55,4952ce,CS-TVN,Airbus A320neo,TAP Air Portugal,landing,arrivee,450,244.8,90.5,,,,
2026-06-08,05:50:56,4951d5,CS-TNU,Airbus A320,TAP Air Portugal,landing,arrivee,475,240.8,76.5,,,,
2026-06-08,05:53:25,TAP1484,CS-TJM,Airbus A321neo,TAP Air Portugal,landing,arrivee,450,241.5,98.2,,,,
2026-06-08,06:00:27,TAP96AW,CS-TNK,Airbus A320,TAP Air Portugal,landing,arrivee,400,245.6,98.0,,,,
2026-06-08,06:03:09,TAP232Y,CS-TXI,Airbus A321neo,TAP Air Portugal,landing,arrivee,450,240.8,88.8,,,,
2026-06-08,06:04:59,TAP218,CS-TXD,Airbus A321neo,TAP Air Portugal,landing,arrivee,450,234.8,86.6,,,,
2026-06-08,06:07:46,3c1bae,D-AZMN,A306,,landing,arrivee,425,233.2,98.0,,,,
2026-06-08,06:10:31,TAP1544,CS-TJF,Airbus A321,TAP Air Portugal,landing,arrivee,425,245.9,98.6,,,,
2026-06-08,06:17:48,TAP11VP,CS-TPU,Embraer E190,TAP Air Portugal,landing,arrivee,425,221.5,97.5,,,,
2026-06-08,06:21:28,AZU8900,CS-TSW,Boeing 777-200,Azul,landing,arrivee,425,250.8,97.4,,,,
2026-06-08,06:24:31,TAP1097,CS-TPV,Embraer E190,TAP Air Portugal,landing,arrivee,400,221.1,98.9,,,,
2026-06-08,06:32:44,4952c7,CS-TVG,Airbus A320neo,TAP Air Portugal,landing,arrivee,475,223.2,84.0,,,,
2026-06-08,06:37:03,0900bb,D2-TEG,Boeing 777-300ER,TAAG Angola Airlines,landing,arrivee,425,281.3,92.1,,,,
2026-06-08,06:40:02,49514f,CS-TJO,Airbus A321neo,TAP Air Portugal,landing,arrivee,450,254.8,89.4,,,,
2026-06-08,06:42:56,ac308f,N885BP,Boeing 787-8,Wilmington Trust Co Trustee,landing,arrivee,425,250.8,91.1,,,,
2026-06-08,06:45:58,347481,EC-NZR,Boeing 737-800,Air Europa,landing,arrivee,425,266.5,94.5,,,,
2026-06-08,06:48:53,TAM8146,PT-MUH,Boeing 777-300ER,LATAM Airlines,landing,arrivee,450,270.0,89.5,,,,
2026-06-08,06:52:04,SRR6646,OY-SRM,767 25EBDSF,Star Air,landing,arrivee,400,225.0,98.6,,,,
2026-06-08,06:54:48,TAP104,CS-TUQ,Airbus A330-900neo,TAP Air Portugal,landing,arrivee,425,249.1,97.0,,,,
2026-06-08,06:58:23,4952d0,CS-TVP,Airbus A320neo,TAP Air Portugal,landing,arrivee,450,248.4,83.7,,,,
2026-06-08,07:01:23,495299,CS-TTY,Embraer E195,TAP Air Portugal,landing,arrivee,400,257.2,86.2,,,,
2026-06-08,07:06:20,4951cd,CS-TNM,Airbus A320,TAP Air Portugal,landing,arrivee,425,241.5,87.5,,,,
2026-06-08,07:09:17,TAP40MR,CS-TPQ,Embraer E190,TAP Air Portugal,landing,arrivee,400,219.8,98.0,,,,
2026-06-08,07:19:27,495037,CS-TAW,Embraer E195,TAP Air Portugal,landing,arrivee,400,236.7,97.4,,,,
2026-06-08,07:21:18,TSC680,C-GTSD,Airbus A330-300,Air Transat,landing,arrivee,400,232.2,97.2,,,,
2026-06-08,07:26:27,DAL272,N427DX,Airbus A330-900neo,Delta Air Lines,landing,arrivee,400,240.6,98.3,,,,
2026-06-08,07:29:17,IBE05TR,EC-LXQ,Airbus A320,Iberia,landing,arrivee,400,256.5,97.8,,,,
2026-06-08,07:32:10,TAP441,CS-TVF,Airbus A320neo,TAP Air Portugal,landing,arrivee,400,228.4,96.9,,,,
2026-06-08,07:35:02,4951d3,CS-TNS,Airbus A320,TAP Air Portugal,landing,arrivee,450,251.9,83.8,,,,
2026-06-08,07:38:04,TAP945,CS-TJN,Airbus A321neo,TAP Air Portugal,landing,arrivee,425,238.2,91.6,,,,
2026-06-08,07:43:03,EZS79YP,HB-AYP,Airbus A320neo,easyJet Switzerland,landing,arrivee,425,248.4,87.8,,,,
2026-06-08,07:45:54,4951ca,CS-TNJ,Airbus A320,TAP Air Portugal,landing,arrivee,450,234.8,86.7,,,,
2026-06-08,07:48:40,TAP9ML,CS-TJH,Airbus A321,TAP Air Portugal,landing,arrivee,425,261.5,91.0,,,,
2026-06-08,07:53:13,EZS98FK,HB-JXU,Airbus A320,easyJet Switzerland SA,landing,arrivee,375,252.2,97.6,,,,
2026-06-08,07:56:13,495298,CS-TTX,Embraer E195,TAP Air Portugal,landing,arrivee,425,251.5,95.4,,,,
2026-06-08,07:59:15,TAP1939,CS-TTP,Airbus A319,TAP Air Portugal,landing,arrivee,450,227.1,91.2,,,,
2026-06-08,08:02:29,TAP495Y,CS-TPT,Embraer E190,TAP Air Portugal,landing,arrivee,425,231.9,84.0,,,,
2026-06-08,08:04:59,4951ce,CS-TNN,Airbus A320,TAP Air Portugal,landing,arrivee,400,242.2,90.1,,,,
2026-06-08,08:07:46,TAP1023,CS-TJS,Airbus A321neo,TAP Air Portugal,landing,arrivee,375,253.5,94.0,,,,
2026-06-08,08:10:44,a0f428,N16009,Boeing 787-10,United Airlines,landing,arrivee,400,258.4,97.4,,,,
2026-06-08,08:13:44,4951d2,CS-TNR,Airbus A320,TAP Air Portugal,landing,arrivee,425,238.2,86.3,,,,
2026-06-08,08:17:13,BLAST67,,,,landing,arrivee,450,235.6,93.6,,,,
2026-06-08,08:20:07,495212,CS-TPR,Embraer E190,TAP Air Portugal,landing,arrivee,400,219.1,94.8,,,,
2026-06-08,08:22:54,TAP56DP,CS-TVL,Airbus A320,TAP Air Portugal,landing,arrivee,425,247.2,92.4,,,,
2026-06-08,08:25:30,TAP244,CS-TUI,Airbus A330-900neo,TAP Air Portugal,cruise,,450,0.0,86.2,,,,
2026-06-08,08:33:56,VLG46AX,EC-MOO,Airbus A321,Vueling,landing,arrivee,400,244.8,96.3,,,,
2026-06-08,08:37:43,AFR35VY,F-HEPI,Airbus A320,Air France,landing,arrivee,400,245.6,97.8,,,,
2026-06-08,08:44:53,TVF55WH,F-GZHZ,Boeing 737-800,Transavia France,landing,arrivee,425,262.8,92.5,,,,
2026-06-08,08:48:40,RYR3RB,EI-EFH,Boeing 737-800,Ryanair,landing,arrivee,400,266.5,90.2,,,,
2026-06-08,08:51:53,TAP53EI,CS-TNV,Airbus A320,TAP Air Portugal,landing,arrivee,375,239.8,84.8,,,,
2026-06-08,08:54:23,49514c,CS-TJL,Airbus A321neo,TAP Air Portugal,landing,arrivee,425,253.2,88.1,,,,
2026-06-08,08:56:54,4cae8c,EI-IKJ,Boeing 737 MAX 8,Ryanair,landing,arrivee,400,259.3,87.5,,,,
2026-06-08,08:59:41,RYR2078,EI-EMC,Boeing 737-800,Ryanair,landing,arrivee,400,258.9,95.9,,,,
2026-06-08,09:02:31,TAP757P,CS-TVI,Airbus A320neo,TAP Air Portugal,landing,arrivee,375,245.6,91.5,,,,
2026-06-08,09:05:21,ACA812,C-GFAH,Airbus A330-300,Air Canada,landing,arrivee,400,234.3,99.6,,,,
2026-06-08,09:08:10,ab30e6,N820AL,Boeing 787-9,American Airlines,landing,arrivee,400,267.2,90.4,,,,
2026-06-08,09:11:19,4952ad,CS-TUM,Airbus A330-900neo,TAP Air Portugal,landing,arrivee,400,252.2,91.0,,,,
2026-06-08,09:14:24,TAP557H,CS-TVK,Airbus A320neo,TAP Air Portugal,landing,arrivee,400,222.6,91.6,,,,
2026-06-08,09:16:54,HERKY27,,,,landing,arrivee,450,257.2,96.7,,,,
2026-06-08,09:19:38,TAP443,CS-TVJ,Airbus A320neo,TAP Air Portugal,landing,arrivee,425,258.0,99.4,,,,
2026-06-08,09:22:22,4952c1,CS-TVA,Airbus A320neo,TAP Air Portugal,landing,arrivee,400,252.4,98.0,,,,
2026-06-08,09:24:55,4ca2d5,EI-DLI,Boeing 737-800,Ryanair,landing,arrivee,425,263.2,91.0,,,,
2026-06-08,09:27:44,49514a,CS-TJJ,Airbus A321neo,TAP Air Portugal,landing,arrivee,425,249.1,91.7,,,,
2026-06-08,09:30:20,4952a5,CS-TUE,Airbus A330-900neo,TAP Air Portugal,landing,arrivee,425,244.8,95.8,,,,
2026-06-08,09:33:17,348310,EC-OLG,Airbus A330-300,TAP Air Portugal,landing,arrivee,400,243.2,94.0,,,,
2026-06-08,09:35:58,TSC480,C-GUBF,Airbus A330-200,Air Transat,landing,arrivee,400,241.3,99.7,,,,
2026-06-08,09:41:45,TRA27L,PH-HXD,Boeing 737-800,Transavia,landing,arrivee,400,260.0,95.6,,,,
2026-06-08,09:52:43,407534,G-TTND,Airbus A320neo,British Airways,landing,arrivee,425,230.0,89.5,,,,
2026-06-08,09:55:29,4952d1,CS-TVQ,Airbus A320neo,TAP Air Portugal,landing,arrivee,450,232.4,91.1,,,,
2026-06-08,09:58:17,495308,CS-TXH,Airbus A321neo,TAP Air Portugal,landing,arrivee,400,253.2,99.2,,,,
2026-06-08,10:01:36,TAP11SV,CS-TPV,Embraer E190,TAP Air Portugal,landing,arrivee,350,240.8,98.1,,,,
2026-06-08,10:04:21,THY3WE,TC-LSN,Airbus A321neo,Turkish Airlines,landing,arrivee,400,230.8,98.1,,,,
2026-06-08,10:07:08,4952a7,CS-TUG,Airbus A330-900neo,TAP Air Portugal,landing,arrivee,450,249.8,89.9,,,,
2026-06-08,10:10:18,4073a0,G-UZHC,Airbus A320neo,easyJet,landing,arrivee,450,242.4,87.5,,,,
2026-06-08,10:13:01,TAP254,CS-TXK,Airbus A321,TAP Air Portugal,landing,arrivee,400,250.0,80.7,,,,
2026-06-08,10:16:03,TAP1826,CS-TTZ,Embraer E195,TAP Air Portugal,landing,arrivee,400,238.4,85.9,,,,
2026-06-08,10:18:55,aaa4dc,N785UA,Boeing 777-200,United Airlines,landing,arrivee,450,247.2,91.1,,,,
2026-06-08,10:26:28,440cc1,OE-LSP,Airbus A320,easyJet Europe,landing,arrivee,450,255.6,80.8,,,,
2026-06-08,10:29:16,4951f0,CS-TOP,Airbus A330-200,TAP Air Portugal,landing,arrivee,375,233.2,95.3,,,,
2026-06-08,10:31:47,495302,CS-TXB,Airbus A321neo,TAP Air Portugal,landing,arrivee,400,256.5,97.0,,,,
2026-06-08,10:34:52,497cdd,26902,E390,,landing,arrivee,450,238.2,89.3,,,,
2026-06-08,10:38:19,AEA1153,EC-MPG,Boeing 737-800,Air Europa,landing,arrivee,400,259.7,94.7,,,,
2026-06-08,10:40:57,DAL124,N432DX,Airbus A330-900neo,Delta Air Lines,landing,arrivee,400,251.7,99.7,,,,
2026-06-08,10:44:27,4ca63a,EI-DVG,Airbus A320,Aer Lingus,landing,arrivee,425,238.4,91.7,,,,
2026-06-08,10:46:59,AZU8752,CS-TGD,Airbus A330-200,Azul,landing,arrivee,425,252.4,89.5,,,,
2026-06-08,10:49:55,ACA810,CA-FITL,Boeing 777-300ER,Air Canada,landing,arrivee,400,264.8,96.5,,,,
2026-06-08,10:52:54,495215,CS-TPU,Embraer E190,TAP Air Portugal,landing,arrivee,425,231.5,90.6,,,,
2026-06-08,10:55:19,4952cd,CS-TVM,Airbus A320neo,TAP Air Portugal,landing,arrivee,500,228.0,73.0,,,,
2026-06-08,10:57:47,LOT4HT,SP-LVC,Boeing 737 MAX 8,LOT Polish Airlines,landing,arrivee,400,263.9,92.1,,,,
2026-06-08,10:59:49,4951cc,CS-TNL,Airbus A320,TAP Air Portugal,landing,arrivee,450,233.9,85.1,,,,
2026-06-08,11:02:28,TAP68JP,CS-TPZ,Embraer E190,TAP Air Portugal,landing,arrivee,375,240.0,88.8,,,,
2026-06-08,11:04:09,484559,PH-BGB,Boeing 737-800,KLM,landing,arrivee,450,273.2,93.4,,,,
2026-06-08,11:06:17,TAP204A,CS-TUD,Airbus A330-900neo,TAP Air Portugal,landing,arrivee,425,235.6,81.5,,,,
2026-06-08,11:08:42,LGL51P,LX-LGU,Boeing 737-800,Luxair,landing,arrivee,375,265.6,95.5,,,,
2026-06-08,11:10:46,ENT6BJ,SP-ESQ,Boeing 737-800,,landing,arrivee,400,238.4,92.1,,,,
2026-06-08,11:13:51,EJU74EF,OE-IWW,Airbus A320,easyJet Europe,landing,arrivee,450,249.1,86.6,,,,
2026-06-08,11:19:31,502d10,YL-AAT,A220 300,Air Serbia,landing,arrivee,425,246.7,90.8,,,,
2026-06-08,11:22:30,RZO1130,CS-TSH,Airbus A321neo,Azores Airlines,landing,arrivee,500,241.5,85.0,,,,
2026-06-08,11:25:05,49530d,CS-TXM,Airbus A321,TAP Air Portugal,landing,arrivee,400,248.0,91.3,,,,
2026-06-08,11:27:47,BEL2DY,OO-SNE,Airbus A320,Brussels Airlines,landing,arrivee,375,249.1,96.0,,,,
2026-06-08,11:30:21,TAP028,CS-TUP,Airbus A330-900neo,TAP Air Portugal,landing,arrivee,425,243.2,92.6,,,,
2026-06-08,11:34:02,TAP248,CS-TUR,Airbus A330-900neo,TAP Air Portugal,landing,arrivee,400,241.5,90.8,,,,
2026-06-08,11:38:26,347288,EC-NTP,Airbus A320neo,Iberia,cruise,,500,0.0,68.2,,,,
2026-06-08,11:41:45,VJA541,N541XJ,Challenger 300,XO,landing,arrivee,450,226.7,83.8,,,,
2026-06-08,11:44:38,TAP11WQ,CS-TJF,Airbus A321,TAP Air Portugal,landing,arrivee,400,252.4,86.4,,,,
2026-06-08,11:47:56,02005b,CN-ROC,Boeing 737-800,Royal Air Maroc,landing,arrivee,400,251.5,86.5,,,,
2026-06-08,11:53:24,TAP1925,CS-TJN,Airbus A321neo,TAP Air Portugal,landing,arrivee,450,257.2,88.1,,,,
2026-06-08,11:56:20,49526d,CS-TSM,Airbus A320,TAP Air Portugal,landing,arrivee,450,246.7,88.4,,,,
2026-06-08,11:58:58,440075,OE-LSV,Airbus A320neo,easyJet Europe,landing,arrivee,475,266.5,88.8,,,,
2026-06-08,12:02:07,EJU14YR,OE-IDU,Airbus A320,easyJet Europe,landing,arrivee,400,252.4,85.2,,,,
2026-06-08,12:04:57,495297,CS-TTW,Embraer E195,TAP Air Portugal,landing,arrivee,400,258.9,92.4,,,,
2026-06-08,12:06:38,39e68a,F-HZUK,A220-300,Air France,landing,arrivee,400,249.1,88.5,,,,
2026-06-08,12:09:56,896317,A6-ENU,Boeing 777-300ER,Emirates,landing,arrivee,375,273.9,93.2,,,,
2026-06-08,12:20:40,4951ca,CS-TNJ,Airbus A320,TAP Air Portugal,landing,arrivee,400,238.4,98.6,,,,
2026-06-08,12:27:13,4d24e7,9H-SWC,Airbus A320,Eurowings,landing,arrivee,450,240.6,83.7,,,,
2026-06-08,12:29:52,RYR7GJ,EI-GXM,Boeing 737-800,Ryanair,landing,arrivee,400,255.6,98.9,,,,
2026-06-08,12:34:10,495066,CS-TCF,Airbus A330-900neo,TAP Air Portugal,landing,arrivee,425,258.0,89.1,,,,
2026-06-08,12:47:26,4400ec,OE-IVU,Airbus A320,easyJet Europe,landing,arrivee,450,251.5,88.5,,,,
2026-06-08,12:50:09,3964f1,F-GZHR,Boeing 737-800,Transavia France,landing,arrivee,425,271.7,92.6,,,,
2026-06-08,12:52:44,RYR4ZF,EI-EKF,Boeing 737-800,Ryanair,landing,arrivee,400,272.1,95.0,,,,
2026-06-08,12:55:45,RZO122,CS-TSJ,Airbus A321neo,TAP Air Portugal,landing,arrivee,425,261.5,93.3,,,,
2026-06-08,12:59:55,440cf8,OE-IBF,Airbus A320,easyJet Europe,landing,arrivee,450,245.6,77.8,,,,
2026-06-08,13:02:39,495214,CS-TPT,Embraer E190,TAP Air Portugal,landing,arrivee,425,222.6,86.0,,,,
2026-06-08,13:05:42,4952c7,CS-TVG,Airbus A320neo,TAP Air Portugal,landing,arrivee,425,220.8,93.0,,,,
2026-06-08,13:08:33,EJU64TB,OE-LSF,Airbus A320neo,easyJet Europe,landing,arrivee,475,263.2,76.3,,,,
2026-06-08,13:11:28,TAP91TL,CS-TTY,Embraer E195,TAP Air Portugal,landing,arrivee,375,253.9,84.7,,,,
2026-06-08,13:14:24,495037,CS-TAW,Embraer E195,TAP Air Portugal,landing,arrivee,375,256.5,98.4,,,,
2026-06-08,13:17:05,TAP1687,CS-TJL,Airbus A321neo,TAP Air Portugal,landing,arrivee,425,257.2,98.3,,,,
2026-06-08,13:19:48,TAP10VL,CS-TPR,Embraer E190,TAP Air Portugal,landing,arrivee,400,224.3,96.6,,,,
2026-06-08,13:22:12,3c6655,D-AIRU,Airbus A321,Lufthansa,landing,arrivee,400,262.4,97.0,,,,
2026-06-08,13:24:59,34768d,EC-OFV,Airbus A320,Vueling,landing,arrivee,425,237.6,81.3,,,,
2026-06-08,13:27:42,EJU38DF,OE-LUE,Airbus A320neo,easyJet Europe,landing,arrivee,450,236.3,85.1,,,,
2026-06-08,13:30:26,4d2418,9H-EWH,Airbus A320,Eurowings,landing,arrivee,400,240.8,99.2,,,,
2026-06-08,13:33:01,440db0,OE-IDX,Airbus A320,easyJet Europe,landing,arrivee,425,246.7,91.6,,,,
2026-06-08,13:35:49,495218,CS-TPX,Embraer E190,TAP Air Portugal,landing,arrivee,425,240.0,98.9,,,,
2026-06-08,13:38:16,495149,CS-TJI,Airbus A321neo,TAP Air Portugal,landing,arrivee,500,234.3,83.2,,,,
2026-06-08,13:44:05,495145,CS-TJE,Airbus A321,TAP Air Portugal,landing,arrivee,425,266.3,89.8,,,,
2026-06-08,13:46:37,TAP226,CS-TUA,Airbus A330-900neo,TAP Air Portugal,landing,arrivee,500,254.8,89.7,,,,
2026-06-08,13:49:23,49328b,CS-LTK,Citation Latitude,NetJets,landing,arrivee,450,186.1,87.3,,,,
2026-06-08,13:52:27,TAP86GM,CS-TTR,Airbus A319,TAP Air Portugal,landing,arrivee,425,243.2,89.2,,,,
2026-06-08,13:55:09,495148,CS-TJH,Airbus A321,TAP Air Portugal,landing,arrivee,400,259.3,97.2,,,,
2026-06-08,13:57:54,SWR32F,HB-JCI,C Series 300,Swiss,landing,arrivee,475,251.7,81.0,,,,
2026-06-08,14:00:42,495309,CS-TXI,Airbus A321neo,TAP Air Portugal,landing,arrivee,425,260.0,97.1,,,,
2026-06-08,14:03:25,RZO140,CS-TKQ,Airbus A320,TAP Air Portugal,landing,arrivee,375,249.8,95.1,,,,
2026-06-08,14:06:09,DLH47T,D-AIEC,Airbus A321neo,Lufthansa,landing,arrivee,400,236.7,95.5,,,,
2026-06-08,14:08:44,495217,CS-TPW,Embraer E190,TAP Air Portugal,landing,arrivee,425,227.4,96.6,,,,
2026-06-08,14:11:00,4952ae,CS-TUN,Airbus A330-900neo,TAP Air Portugal,landing,arrivee,450,244.8,87.6,,,,
2026-06-08,14:13:36,TAP481,CS-TAY,Embraer E195,TAP Air Portugal,landing,arrivee,425,253.7,92.6,,,,
2026-06-08,14:16:06,4951d2,CS-TNR,Airbus A320,TAP Air Portugal,landing,arrivee,425,238.4,99.2,,,,
2026-06-08,14:18:26,RYR1316,EI-ILD,Boeing 737 MAX 8,Ryanair,takeoff,depart,850,278.0,90.8,,,,
2026-06-08,14:21:15,4952cf,CS-TVO,Airbus A320neo,TAP Air Portugal,landing,arrivee,425,255.6,87.9,,,,
2026-06-08,14:23:53,495150,CS-TJP,Airbus A321neo,TAP Air Portugal,landing,arrivee,425,252.4,98.8,,,,
2026-06-08,14:26:26,KLM97N,PH-AXH,Airbus A321neo,KLM,landing,arrivee,450,239.3,90.1,,,,
2026-06-08,14:30:25,TAP1013,CS-TNR,Airbus A320,TAP Air Portugal,landing,arrivee,425,247.2,95.8,,,,
2026-06-08,14:34:26,4caee4,EI-ILD,Boeing 737 MAX 8,Ryanair,landing,arrivee,425,268.2,93.2,,,,
2026-06-08,14:49:05,4952ca,CS-TVJ,Airbus A320neo,TAP Air Portugal,landing,arrivee,450,253.2,87.4,,,,
2026-06-08,14:52:18,440cc1,OE-LSP,Airbus A320,easyJet Europe,landing,arrivee,475,253.2,84.5,,,,
2026-06-08,14:55:06,4b194c,HB-JPC,Airbus A321,Swiss,landing,arrivee,475,232.4,75.8,,,,
2026-06-08,15:04:42,TAP691P,CS-TVC,Airbus A320neo,TAP Air Portugal,landing,arrivee,450,257.2,89.5,,,,
2026-06-08,15:07:11,3991e6,F-HEPG,Airbus A320,Air France,landing,arrivee,475,239.8,66.4,,,,
2026-06-08,15:09:54,RYR67UV,EI-EKX,Boeing 737-800,Ryanair,landing,arrivee,425,266.5,88.5,,,,
2026-06-08,15:13:17,BLAST67,,,,landing,arrivee,475,231.5,88.5,,,,
2026-06-08,15:16:29,TAP941,CS-TJK,Airbus A321neo,TAP Air Portugal,landing,arrivee,400,252.2,97.0,,,,
2026-06-08,15:20:26,40756c,G-UZHN,Airbus A320neo,easyJet,landing,arrivee,450,225.0,87.7,,,,
2026-06-08,15:23:24,3c65d8,D-AINX,Airbus A320neo,Lufthansa,landing,arrivee,500,256.5,75.5,,,,
2026-06-08,15:28:33,TAP008,CS-TXC,Airbus A321neo,TAP Air Portugal,landing,arrivee,475,240.8,86.4,,,,
2026-06-08,15:31:12,4bb292,TC-LTR,Airbus A321,Turkish Airlines,landing,arrivee,500,265.6,78.7,,,,
2026-06-08,15:34:07,TAP541W,CS-TPQ,Embraer E190,TAP Air Portugal,landing,arrivee,425,220.2,94.5,,,,
2026-06-08,15:37:15,4951cd,CS-TNM,Airbus A320,TAP Air Portugal,landing,arrivee,450,243.2,88.4,,,,
2026-06-08,15:40:29,502d0c,YL-AAP,A220 300,Air Baltic,landing,arrivee,475,239.1,88.9,,,,
2026-06-08,15:45:43,TAP3834,CS-TPS,Embraer E190,TAP Air Portugal,landing,arrivee,400,241.5,93.2,,,,
2026-06-08,15:48:38,TAP10NL,CS-TTX,Embraer E195,TAP Air Portugal,landing,arrivee,425,255.9,88.8,,,,
2026-06-08,15:52:05,TAP016,CS-TXG,Airbus A321neo,TAP Air Portugal,landing,arrivee,450,241.5,88.7,,,,
2026-06-08,15:55:17,461fa7,OH-LZR,Airbus A321,Finnair,landing,arrivee,500,267.2,90.4,,,,
2026-06-08,15:59:04,TAP669,CS-TVF,Airbus A320neo,TAP Air Portugal,landing,arrivee,400,262.4,97.3,,,,
2026-06-08,16:02:36,TAP571,CS-TNK,Airbus A320,TAP Air Portugal,landing,arrivee,400,254.8,94.7,,,,
2026-06-08,16:05:25,AEA12AT,EC-NZN,Boeing 737-800,Air Europa,landing,arrivee,450,254.8,93.8,,,,
2026-06-08,16:08:23,TAP763,EC-OCT,Airbus A321,TAP Air Portugal,landing,arrivee,475,258.0,89.1,,,,
2026-06-08,16:11:16,TAP83RS,CS-TNU,Airbus A320,TAP Air Portugal,landing,arrivee,450,258.4,92.6,,,,
2026-06-08,16:14:06,TAP56DT,CS-TVN,Airbus A320neo,TAP Air Portugal,landing,arrivee,450,247.2,90.9,,,,
2026-06-08,16:17:16,ANE91TE,EC-MNQ,Bombardier CRJ-1000,Air Nostrum,approach,arrivee,500,241.3,76.0,,,,
2026-06-08,16:20:02,49530c,CS-TXL,Airbus A321neo,TAP Air Portugal,approach,arrivee,475,261.5,85.6,,,,
2026-06-08,16:23:10,TAP1359,CS-TVL,Airbus A320,TAP Air Portugal,landing,arrivee,450,244.3,95.8,,,,
2026-06-08,16:25:55,4952c8,CS-TVH,Airbus A320neo,TAP Air Portugal,landing,arrivee,500,230.8,93.7,,,,
2026-06-08,16:28:31,4ca2d5,EI-DLI,Boeing 737-800,Ryanair,landing,arrivee,425,262.4,93.5,,,,
2026-06-08,16:31:34,49514d,CS-TJM,Airbus A321neo,TAP Air Portugal,approach,arrivee,525,257.2,80.8,,,,
2026-06-08,16:34:38,4952c2,CS-TVB,Airbus A320neo,TAP Air Portugal,landing,arrivee,450,239.1,91.1,,,,
2026-06-08,16:37:30,49521a,CS-TPZ,Embraer E190,TAP Air Portugal,landing,arrivee,450,226.7,89.8,,,,
2026-06-08,16:40:17,TAP71VE,CS-TVP,Airbus A320neo,TAP Air Portugal,landing,arrivee,450,247.2,92.6,,,,
2026-06-08,16:43:16,BAW5DW,G-EUPN,Airbus A319,British Airways,landing,arrivee,425,227.4,95.2,,,,
2026-06-08,16:45:56,RYR5KT,9H-QCZ,Boeing 737-800,Malta Air,landing,arrivee,425,268.7,97.7,,,,
2026-06-08,16:48:46,49520f,CS-TPO,Embraer E190,TAP Air Portugal,landing,arrivee,500,239.1,89.4,,,,
2026-06-08,16:51:39,TAM8150,PS-LAA,Boeing 787-9,LATAM Airlines,landing,arrivee,425,264.8,97.6,,,,
2026-06-08,16:54:26,440b1e,OE-IWW,Airbus A320,easyJet Europe,landing,arrivee,525,248.0,75.7,,,,
2026-06-08,16:57:02,RYR68VC,SP-RSF,Boeing 737-800,Buzz,landing,arrivee,425,260.8,93.5,,,,
2026-06-08,16:59:39,348209,EC-OKJ,Airbus A320,Vueling,landing,arrivee,475,257.2,80.7,,,,
2026-06-08,17:03:49,4d22b6,9H-LAX,Airbus A320,Lauda Europe,landing,arrivee,450,240.8,96.2,,,,
2026-06-08,17:07:24,EJU95BR,OE-IDU,Airbus A320,easyJet Europe,landing,arrivee,450,243.2,89.1,,,,
2026-06-08,17:10:08,TAP1824,CS-TJJ,Airbus A321neo,TAP Air Portugal,landing,arrivee,450,252.8,94.9,,,,
2026-06-08,17:13:00,4951d3,CS-TNS,Airbus A320,TAP Air Portugal,landing,arrivee,475,248.4,77.7,,,,
2026-06-08,17:15:34,4d2387,9H-VUZ,Boeing 737 MAX 8,Malta Air,landing,arrivee,425,265.2,91.2,,,,
2026-06-08,17:18:41,EWG8602,D-AENC,Airbus A320neo,Eurowings,landing,arrivee,450,233.2,98.8,,,,
2026-06-08,17:21:47,TAP1929,CS-TXH,Airbus A321neo,TAP Air Portugal,landing,arrivee,475,256.5,96.6,,,,
2026-06-08,17:28:16,TRA9H,PH-HSB,Boeing 737-800,Turkish Airlines,landing,arrivee,475,274.5,91.2,,,,
2026-06-08,17:45:32,4952a6,CS-TUF,Airbus A330-900neo,TAP Air Portugal,landing,arrivee,475,224.3,95.5,,,,
2026-06-08,17:50:16,406a3d,G-EUYT,Airbus A320,British Airways,landing,arrivee,475,247.2,91.0,,,,
2026-06-08,17:52:47,4952c4,CS-TVD,Airbus A320neo,TAP Air Portugal,landing,arrivee,500,243.2,91.3,,,,
2026-06-08,17:55:28,TAP781,CS-TJO,Airbus A321neo,TAP Air Portugal,landing,arrivee,500,264.8,93.4,,,,
2026-06-08,17:59:15,VJT765,9H-VTE,Global 6000,VistaJet,landing,arrivee,475,204.3,62.4,,,,
2026-06-08,18:02:26,RYR59QQ,9H-QDW,Boeing 737-800,Malta Air,landing,arrivee,475,254.1,94.5,,,,
2026-06-08,18:05:16,3991e0,F-HEPA,Airbus A320,Air France,landing,arrivee,500,234.8,92.1,,,,
2026-06-08,18:07:53,TAP282,CS-TUL,Airbus A330-900neo,TAP Air Portugal,landing,arrivee,450,249.8,95.1,,,,
2026-06-08,18:10:48,4952d2,CS-TVR,Airbus A320neo,TAP Air Portugal,landing,arrivee,475,223.2,80.8,,,,
2026-06-08,18:13:33,WMT6155,HA-LXG,Airbus A321,Wizz Air,landing,arrivee,400,237.4,98.0,,,,
2026-06-08,18:16:06,348208,EC-OKI,Airbus A320,Vueling,landing,arrivee,500,258.9,89.1,,,,
2026-06-08,18:18:47,0201a2,CN-RHE,Boeing 737 MAX 8,Royal Air Maroc,landing,arrivee,425,255.2,93.5,,,,
2026-06-08,18:22:04,4952c9,CS-TVI,Airbus A320neo,TAP Air Portugal,landing,arrivee,475,268.9,93.6,,,,
2026-06-08,18:34:29,495214,CS-TPT,Embraer E190,TAP Air Portugal,landing,arrivee,450,240.0,82.0,,,,
2026-06-08,18:37:11,495290,CS-TTP,Airbus A319,TAP Air Portugal,landing,arrivee,475,234.6,92.8,,,,
2026-06-08,18:39:54,KLM71Y,PH-AXE,Airbus A321neo,KLM,landing,arrivee,450,263.2,92.0,,,,
2026-06-08,18:42:43,4400be,OE-IAM,737 490SF,Iberia,landing,arrivee,525,234.3,89.9,,,,
2026-06-08,18:45:47,4869bd,PH-YHF,Airbus A321neo,,landing,arrivee,475,245.6,93.8,,,,
2026-06-08,18:48:20,495037,CS-TAW,Embraer E195,TAP Air Portugal,landing,arrivee,500,252.4,98.9,,,,
2026-06-08,18:51:17,EZS62YX,HB-AYO,Airbus A320neo,easyJet Switzerland,landing,arrivee,500,242.4,88.9,,,,
2026-06-08,18:53:55,49526d,CS-TSM,Airbus A320,TAP Air Portugal,landing,arrivee,450,254.8,99.4,,,,
2026-06-08,18:56:31,RYR24SE,9H-QFA,Boeing 737-800,Malta Air,landing,arrivee,450,267.2,93.2,,,,
2026-06-08,18:59:36,495145,CS-TJE,Airbus A321,TAP Air Portugal,landing,arrivee,475,256.5,91.5,,,,
2026-06-08,19:02:39,TAP1931,CS-TPQ,Embraer E190,TAP Air Portugal,landing,arrivee,450,230.8,97.2,,,,
2026-06-08,19:05:16,EJU67HP,OE-LQT,Airbus A319,easyJet Europe,landing,arrivee,450,241.7,91.1,,,,
2026-06-08,19:07:50,44cc42,OO-SBB,Airbus A320,Brussels Airlines,landing,arrivee,525,252.4,79.3,,,,
2026-06-08,19:09:47,TAP10EV,CS-TAY,Embraer E195,TAP Air Portugal,landing,arrivee,450,260.0,94.8,,,,
2026-06-08,19:13:00,8963da,A6-EPK,Boeing 777-300ER,Emirates,landing,arrivee,475,269.3,91.0,,,,
2026-06-08,19:18:35,VLG7PA,EC-OJF,Airbus A320,Vueling,landing,arrivee,450,240.8,97.0,,,,
2026-06-08,19:22:43,3ccd46,,,,landing,arrivee,525,258.9,82.7,,,,
2026-06-08,19:25:39,407793,G-UZLA,Airbus A320neo,easyJet,landing,arrivee,475,244.3,92.0,,,,
2026-06-08,19:28:34,4952d1,CS-TVQ,Airbus A320neo,TAP Air Portugal,approach,arrivee,500,0.0,80.8,,,,
2026-06-08,19:31:16,4951d6,CS-TNV,Airbus A320,TAP Air Portugal,landing,arrivee,475,241.7,92.1,,,,
2026-06-08,19:33:57,TAP1906,CS-TNU,Airbus A320,TAP Air Portugal,landing,arrivee,475,238.2,84.7,,,,
2026-06-08,19:36:43,44061b,OE-LKK,Airbus A319,easyJet Europe,landing,arrivee,475,230.8,95.1,,,,
2026-06-08,19:39:17,348609,EC-OTA,Boeing 737 MAX 8,Air Europa,landing,arrivee,450,268.9,88.9,,,,
2026-06-08,19:42:10,TAP1455,CS-TTR,Airbus A319,TAP Air Portugal,landing,arrivee,475,239.8,93.7,,,,
2026-06-08,19:44:59,495153,CS-TJS,Airbus A321neo,TAP Air Portugal,landing,arrivee,500,240.0,88.3,,,,
2026-06-08,19:46:32,TAP835,CS-TNN,Airbus A320,TAP Air Portugal,landing,arrivee,450,254.8,89.5,,,,
2026-06-08,19:49:36,WZZ477,9H-WDI,Airbus A321,Wizz Air,landing,arrivee,475,249.1,89.6,,,,
2026-06-08,19:52:17,49514e,CS-TJN,Airbus A321neo,TAP Air Portugal,landing,arrivee,525,249.8,87.0,,,,
2026-06-08,19:55:04,440611,OE-ISB,Airbus A321neo,easyJet Europe,landing,arrivee,525,257.6,90.8,,,,
2026-06-08,20:00:30,342210,EC-JGS,Airbus A321,Iberia,landing,arrivee,475,254.8,85.4,,,,
2026-06-08,20:03:25,DTA652,D2-TEJ,Boeing 777-300ER,TAAG Angola Airlines,landing,arrivee,500,274.1,94.4,,,,
2026-06-08,20:06:42,TAP403Z,CS-TPR,Embraer E190,TAP Air Portugal,landing,arrivee,425,239.1,99.0,,,,
2026-06-08,20:18:12,RYR56BR,EI-GXM,Boeing 737-800,Ryanair,landing,arrivee,450,253.5,95.1,,,,
2026-06-08,20:25:21,WMT537,9H-WDV,Airbus A321,Lauda Europe,landing,arrivee,525,239.1,77.2,,,,
2026-06-08,20:28:09,49d13d,OK-TVL,Boeing 737-800,Eurowings,approach,arrivee,475,270.8,86.6,,,,
2026-06-08,20:30:56,4952cd,CS-TVM,Airbus A320neo,TAP Air Portugal,landing,arrivee,475,257.2,88.7,,,,
2026-06-08,20:34:06,TAP94VA,CS-TVA,Airbus A320neo,TAP Air Portugal,landing,arrivee,475,246.7,93.2,,,,
2026-06-08,20:37:13,TAP473H,CS-TTY,Embraer E195,TAP Air Portugal,landing,arrivee,400,247.2,96.6,,,,
2026-06-08,20:40:05,4400ec,OE-IVU,Airbus A320,easyJet Europe,landing,arrivee,500,248.0,68.2,,,,
2026-06-08,20:43:08,TAP1313,CS-TPU,Embraer E190,TAP Air Portugal,landing,arrivee,375,234.8,96.8,,,,
2026-06-08,20:45:48,49521a,CS-TPZ,Embraer E190,TAP Air Portugal,landing,arrivee,450,232.2,95.2,,,,
2026-06-08,20:48:15,495213,CS-TPS,Embraer E190,TAP Air Portugal,landing,arrivee,450,217.6,87.6,,,,
2026-06-08,20:51:01,RYR36JX,EI-IFR,Boeing 737 MAX 8,Ryanair,landing,arrivee,425,252.2,97.0,,,,
2026-06-08,20:53:35,40775c,G-RUKA,Boeing 737-800,Ryanair UK,landing,arrivee,525,261.7,80.7,,,,
2026-06-08,20:56:28,4cadb7,EI-IFW,Boeing 737 MAX 8,Ryanair,landing,arrivee,525,260.0,82.3,,,,
2026-06-08,20:59:36,495297,CS-TTW,Embraer E195,TAP Air Portugal,landing,arrivee,450,253.2,98.1,,,,
2026-06-08,21:02:09,TVF46GH,F-HUYF,Boeing 737-800,Transavia France,landing,arrivee,450,255.9,70.8,,,,
2026-06-08,21:04:23,738058,4X-EKU,Boeing 737-800,El Al,landing,arrivee,450,263.2,94.1,,,,
2026-06-08,21:07:30,TAP1155,CS-TVC,Airbus A320neo,TAP Air Portugal,landing,arrivee,525,230.8,83.5,,,,
2026-06-08,21:10:09,40653d,G-EZGN,Airbus A319,easyJet,landing,arrivee,500,234.3,82.0,,,,
2026-06-08,21:12:44,3444ca,EC-MAI,Airbus A320,Vueling,landing,arrivee,525,246.7,77.7,,,,
2026-06-08,21:14:41,4d21ed,9H-QAE,Boeing 737-800,Malta Air,landing,arrivee,475,253.9,93.3,,,,
2026-06-08,21:19:34,4951ca,CS-TNJ,Airbus A320,TAP Air Portugal,landing,arrivee,525,246.7,80.0,,,,
2026-06-08,21:22:37,WJA32,CA-GPFT,Boeing 737 MAX 8,WestJet,landing,arrivee,425,261.5,97.9,,,,
2026-06-08,21:24:54,495279,CS-TSY,Airbus A320,TAP Air Portugal,landing,arrivee,525,239.1,82.0,,,,
2026-06-08,21:26:49,TAP755,CS-TVK,Airbus A320neo,TAP Air Portugal,landing,arrivee,450,252.4,99.1,,,,
2026-06-08,21:28:54,TAR318,TS-ITA,Airbus A320,Tunisair,landing,arrivee,500,236.7,86.4,,,,
2026-06-08,21:31:24,49514c,CS-TJL,Airbus A321neo,TAP Air Portugal,landing,arrivee,500,249.8,82.2,,,,
2026-06-08,21:33:54,49529a,CS-TTZ,Embraer E195,TAP Air Portugal,landing,arrivee,475,242.4,91.9,,,,
2026-06-08,21:38:51,RZO152,CS-TKQ,Airbus A320,TAP Air Portugal,landing,arrivee,475,253.2,88.8,,,,
2026-06-08,21:40:53,EZY26YM,G-ZXIA,Airbus A321neo,easyJet,landing,arrivee,500,259.7,78.2,,,,
2026-06-08,21:46:33,452124,LZ-ROM,A220-300,Bulgaria Air,landing,arrivee,475,229.8,77.3,,,,
2026-06-08,21:49:17,EJU91TW,OE-IBF,Airbus A320,easyJet Europe,cruise,,500,0.0,83.2,,,,
2026-06-08,21:52:33,PGT1561,TC-NCA,Airbus A320neo,Pegasus,landing,arrivee,450,232.4,95.8,,,,
2026-06-08,21:56:21,TAP67U,CS-TJI,Airbus A321neo,TAP Air Portugal,landing,arrivee,450,229.1,97.6,,,,
2026-06-08,21:59:33,4952c6,CS-TVF,Airbus A320neo,TAP Air Portugal,landing,arrivee,475,258.0,86.4,,,,
2026-06-08,22:02:06,TAP1325,CS-TPW,Embraer E190,TAP Air Portugal,landing,arrivee,450,229.1,95.9,,,,
2026-06-08,22:04:35,TAP827V,CS-TVO,Airbus A320neo,TAP Air Portugal,landing,arrivee,425,239.1,87.9,,,,
2026-06-08,22:07:16,RYR20EE,9H-QBB,Boeing 737-800,Malta Air,landing,arrivee,425,254.8,94.0,,,,
2026-06-08,22:10:26,4ca815,EI-EKW,Boeing 737-800,Ryanair,landing,arrivee,400,250.8,93.9,,,,
2026-06-08,22:13:41,495216,CS-TPV,Embraer E190,TAP Air Portugal,landing,arrivee,425,239.1,97.9,,,,
2026-06-08,22:16:06,3c6544,D-AIJD,Airbus A320neo,Lufthansa,landing,arrivee,500,240.0,84.0,,,,
2026-06-08,22:18:47,TAP437X,CS-TJP,Airbus A321neo,TAP Air Portugal,landing,arrivee,450,245.6,89.3,,,,
2026-06-08,22:22:24,495218,CS-TPX,Embraer E190,TAP Air Portugal,landing,arrivee,450,236.7,83.0,,,,
2026-06-08,22:24:23,RYR8AT,EI-EBK,Boeing 737-800,Ryanair,landing,arrivee,450,255.2,88.3,,,,
2026-06-08,22:27:38,TAP5AS,CS-TVG,Airbus A320neo,TAP Air Portugal,landing,arrivee,500,249.1,78.7,,,,
2026-06-08,22:30:19,4951cb,CS-TNK,Airbus A320,TAP Air Portugal,landing,arrivee,500,245.6,79.0,,,,
2026-06-08,22:32:19,TAP837,CS-TJH,Airbus A321,TAP Air Portugal,landing,arrivee,500,254.7,87.2,,,,
2026-06-08,22:34:50,TAP1243,CS-TJF,Airbus A321,TAP Air Portugal,landing,arrivee,475,242.8,87.2,,,,
2026-06-08,22:37:00,495214,CS-TPT,Embraer E190,TAP Air Portugal,landing,arrivee,425,214.8,89.5,,,,
2026-06-08,22:38:41,EJU15PC,OE-IDU,Airbus A320,easyJet Europe,landing,arrivee,450,230.8,96.8,,,,
2026-06-08,22:40:22,3c65d7,D-AINW,Airbus A320neo,Lufthansa,landing,arrivee,450,248.4,88.4,,,,
2026-06-08,22:47:58,39cea2,F-HTVC,Boeing 737-800,Transavia France,landing,arrivee,425,268.7,94.8,,,,
2026-06-08,22:50:55,TAP1369,CS-TJK,Airbus A321neo,TAP Air Portugal,landing,arrivee,475,235.9,82.7,,,,
2026-06-08,22:53:33,4952c2,CS-TVB,Airbus A320neo,TAP Air Portugal,landing,arrivee,425,227.6,93.8,,,,
2026-06-08,22:55:49,392ae9,F-GKXJ,Airbus A320,Air France,landing,arrivee,475,243.2,87.8,,,,
2026-06-08,22:59:01,440cc1,OE-LSP,Airbus A320,easyJet Europe,landing,arrivee,500,232.8,63.2,,,,
2026-06-08,23:02:55,BAW508,G-TNEJ,Airbus A321neo,British Airways,landing,arrivee,475,239.1,75.7,,,,
2026-06-08,23:05:50,TVF47RH,F-HTVN,Boeing 737-800,Transavia France,landing,arrivee,450,261.1,89.3,,,,
2026-06-08,23:09:28,VJH313,D-CRTP,C56X,,landing,arrivee,500,202.6,81.8,,,,
2026-06-08,23:12:21,TAP43RY,EC-OCT,Airbus A321,TAP Air Portugal,landing,arrivee,450,237.6,87.5,,,,
2026-06-08,23:15:17,TAP645,CS-TNM,Airbus A320,TAP Air Portugal,landing,arrivee,475,229.1,85.3,,,,
2026-06-08,23:17:55,4867c4,PH-AXI,Airbus A321neo,KLM,landing,arrivee,500,252.4,89.8,,,,
2026-06-08,23:21:00,3475d5,EC-OCS,Airbus A320,Iberia,approach,arrivee,500,237.4,80.5,,,,
2026-06-08,23:23:25,TAP555,CS-TNR,Airbus A320,TAP Air Portugal,landing,arrivee,400,242.4,97.3,,,,
2026-06-08,23:25:08,4951d8,CS-TNX,Airbus A320,TAP Air Portugal,landing,arrivee,500,215.8,67.6,,,,
2026-06-08,23:27:12,3c6742,D-AIZB,Airbus A320,Lufthansa,landing,arrivee,500,245.6,65.0,,,,
2026-06-08,23:30:05,440072,OE-LSF,Airbus A320neo,easyJet Europe,cruise,,475,0.0,93.0,,,,
2026-06-08,23:32:30,SWR755L,HB-JDD,Airbus A320neo,Swiss,landing,arrivee,475,252.4,78.7,,,,
2026-06-08,23:34:27,AEE7PT,SX-NER,Airbus A320neo,Aegean Airlines,landing,arrivee,475,254.8,85.6,,,,
2026-06-08,23:36:28,440115,OE-LUE,Airbus A320neo,easyJet Europe,landing,arrivee,500,256.5,88.3,,,,
2026-06-08,23:40:24,440cb9,OE-IXI,Gulfstream G700,Iberia,landing,arrivee,450,193.3,77.5,,,,
2026-06-08,23:42:20,4bb212,TC-LPR,Airbus A321neo,Turkish Airlines,landing,arrivee,525,249.8,67.8,,,,
2026-06-08,23:44:25,RYR85KH,EI-ILD,Boeing 737 MAX 8,Ryanair,landing,arrivee,450,263.2,96.5,,,,
2026-06-08,23:52:29,TAP1738,CS-TAW,Embraer E195,TAP Air Portugal,landing,arrivee,450,247.2,84.0,,,,
2026-06-08,23:57:27,WZZ84UJ,9H-WNJ,Airbus A321neo,Wizz Air,landing,arrivee,450,257.1,94.1,,,,
2026-06-09,00:03:43,RYR29TL,EI-DLI,Boeing 737-800,Ryanair,landing,arrivee,400,249.1,97.5,,,,
2026-06-09,00:07:06,RYR55AR,9H-VUZ,Boeing 737 MAX 8,Malta Air,landing,arrivee,400,272.4,97.4,,,,
2026-06-09,00:14:35,EJU19TV,OE-IWW,Airbus A320,easyJet Europe,landing,arrivee,475,240.0,88.5,,,,
2026-06-09,00:19:06,TAP1692,CS-TTX,Embraer E195,TAP Air Portugal,landing,arrivee,425,263.2,92.1,,,,
2026-06-09,00:41:13,49520f,CS-TPO,Embraer E190,TAP Air Portugal,landing,arrivee,450,251.5,95.1,,,,
2026-06-09,01:13:15,4cafd2,EI-GXM,Boeing 737-800,Ryanair,landing,arrivee,475,255.6,94.1,,,,
2026-06-09,01:21:10,RZO128,CS-TSM,Airbus A320,TAP Air Portugal,landing,arrivee,475,235.6,88.1,,,,
2026-06-09,04:43:18,4952a3,CS-TUC,Airbus A330-900neo,TAP Air Portugal,landing,arrivee,475,259.3,81.5,,,,
2026-06-09,04:47:24,4952a8,CS-TUH,Airbus A330-900neo,TAP Air Portugal,landing,arrivee,525,249.8,97.5,,,,
2026-06-09,05:08:42,MACOR,M-ACOR,CL35,,landing,arrivee,550,235.9,65.6,,,,
2026-06-09,05:18:44,TAP202A,CS-TXM,Airbus A321,TAP Air Portugal,landing,arrivee,500,259.7,97.7,,,,
2026-06-09,05:43:16,495302,CS-TXB,Airbus A321neo,TAP Air Portugal,landing,arrivee,525,250.8,98.1,,,,
2026-06-09,05:48:25,495153,CS-TJS,Airbus A321neo,TAP Air Portugal,landing,arrivee,550,260.4,92.2,,,,
2026-06-09,05:50:37,TAP25YZ,CS-TXF,Airbus A321neo,TAP Air Portugal,landing,arrivee,550,263.2,87.4,,,,
2026-06-09,05:52:40,TAP224,CS-TUK,Airbus A330-900neo,TAP Air Portugal,landing,arrivee,475,247.2,98.5,,,,
2026-06-09,05:55:09,TAP96AW,CS-TJH,Airbus A321,TAP Air Portugal,landing,arrivee,475,269.7,96.7,,,,
2026-06-09,06:01:25,495297,CS-TTW,Embraer E195,TAP Air Portugal,cruise,,525,0.0,90.9,,,,
2026-06-09,06:04:24,TAP232Y,CS-TXK,Airbus A321,TAP Air Portugal,landing,arrivee,500,258.0,87.8,,,,
2026-06-09,06:07:57,TAP058,CS-TUB,Airbus A330-900neo,TAP Air Portugal,landing,arrivee,450,232.8,98.6,,,,
2026-06-09,06:18:33,4951ef,CS-TOO,Airbus A330-200,TAP Air Portugal,landing,arrivee,450,243.5,94.2,,,,
2026-06-09,06:24:52,c078ac,C-GTSD,Airbus A330-300,Air Transat,landing,arrivee,500,240.8,96.7,,,,
2026-06-09,06:28:17,e4a3d7,PR-ANU,Airbus A330-900neo,Azul,landing,arrivee,550,234.8,83.2,,,,
2026-06-09,06:30:59,4952d1,CS-TVQ,Airbus A320neo,TAP Air Portugal,approach,arrivee,525,245.6,86.2,,,,
2026-06-09,06:34:04,4951ca,CS-TNJ,Airbus A320,TAP Air Portugal,landing,arrivee,500,228.4,95.2,,,,
2026-06-09,06:37:37,TAY1MN,OE-LEX,Airbus A320,,approach,arrivee,475,258.4,93.2,,,,
2026-06-09,06:40:56,TAP41SN,CS-TPS,Embraer E190,TAP Air Portugal,landing,arrivee,475,227.6,98.5,,,,
2026-06-09,06:44:08,AEA1159,EC-NUZ,Boeing 737-800,Air Europa,landing,arrivee,475,247.2,94.2,,,,
2026-06-09,06:47:57,DTA650,D2-TEG,Boeing 777-300ER,TAAG Angola Airlines,landing,arrivee,475,283.0,91.9,,,,
2026-06-09,07:01:46,TAM8146,PT-MUD,Boeing 777-300ER,LATAM Airlines,landing,arrivee,425,264.8,93.9,,,,
2026-06-09,07:12:02,49514b,CS-TJK,Airbus A321neo,TAP Air Portugal,landing,arrivee,525,259.3,93.2,,,,
2026-06-09,07:24:05,SRR6646,OY-SRG,767 219ERBDSF,Star Air,landing,arrivee,475,206.5,93.3,,,,
2026-06-09,07:27:30,ETD7LG,A6-BLJ,Boeing 787-9,Etihad Airways,landing,arrivee,450,272.4,98.0,,,,
2026-06-09,07:36:32,IBE05TR,EC-NZP,Airbus A320,Iberia,landing,arrivee,500,214.1,92.7,,,,
2026-06-09,07:41:48,TAP1939,CS-TNT,Airbus A320,TAP Air Portugal,landing,arrivee,500,229.1,96.6,,,,
2026-06-09,07:44:47,495145,CS-TJE,Airbus A321,TAP Air Portugal,landing,arrivee,475,216.7,86.6,,,,
2026-06-09,07:47:38,3ce18f,D-CMSL,PC-24,Volkswagen Air Service GmbH,landing,arrivee,475,198.7,86.6,,,,
2026-06-09,07:50:12,DAL272,N403DX,Airbus A330-900neo,Delta Air Lines,landing,arrivee,500,250.0,91.8,,,,
2026-06-09,07:52:56,49514e,CS-TJN,Airbus A321neo,TAP Air Portugal,landing,arrivee,525,227.1,89.8,,,,
2026-06-09,07:55:37,TAP8RL,CS-TNU,Airbus A320,TAP Air Portugal,landing,arrivee,475,253.9,95.7,,,,
2026-06-09,07:58:43,4952c1,CS-TVA,Airbus A320neo,TAP Air Portugal,landing,arrivee,525,237.4,84.5,,,,
2026-06-09,08:01:25,4952cd,CS-TVM,Airbus A320neo,TAP Air Portugal,landing,arrivee,525,244.8,89.2,,,,
2026-06-09,08:04:18,3c1bad,D-AZMM,A306,,landing,arrivee,525,202.4,72.4,,,,
2026-06-09,08:07:05,TAP495Y,CS-TAY,Embraer E195,TAP Air Portugal,landing,arrivee,475,225.2,97.9,,,,
2026-06-09,08:09:22,4b1a24,HB-JXK,Airbus A320,Austrian Airlines,landing,arrivee,500,248.4,77.8,,,,
2026-06-09,08:12:26,OCEAN32,16805,C130,,landing,arrivee,450,248.4,89.8,,,,
2026-06-09,08:15:41,UAL64,N12020,Boeing 787-10,United Airlines,landing,arrivee,475,254.8,93.2,,,,
2026-06-09,08:18:31,TAP441,CS-TVN,Airbus A320neo,TAP Air Portugal,landing,arrivee,475,258.9,96.6,,,,
2026-06-09,08:21:04,VLG46AX,EC-NLV,Airbus A321,Vueling,landing,arrivee,500,245.6,92.8,,,,
2026-06-09,08:23:55,4951d3,CS-TNS,Airbus A320,TAP Air Portugal,landing,arrivee,500,239.1,86.2,,,,
2026-06-09,08:26:32,49514d,CS-TJM,Airbus A321neo,TAP Air Portugal,landing,arrivee,525,243.9,90.8,,,,
2026-06-09,08:29:23,348342,EC-OND,Airbus A330-300,,landing,arrivee,475,247.2,96.7,,,,
2026-06-09,08:32:13,4869c1,PH-YHP,Airbus A321neo,,landing,arrivee,500,257.2,91.7,,,,
2026-06-09,08:34:24,TAP557H,CS-TVL,Airbus A320,TAP Air Portugal,landing,arrivee,475,260.0,98.2,,,,
2026-06-09,08:36:15,RYR63TC,9H-VUV,Boeing 737 MAX 8,Malta Air,landing,arrivee,475,255.9,95.9,,,,
2026-06-09,08:38:24,AAL258,N820AL,Boeing 787-9,American Airlines,landing,arrivee,425,243.2,95.8,,,,
2026-06-09,08:40:51,RYR7GJ,EI-EKJ,Boeing 737-800,Ryanair,landing,arrivee,525,265.6,85.6,,,,
2026-06-09,08:43:00,3991ea,F-HEPK,Airbus A320,Air France,landing,arrivee,475,244.3,92.8,,,,
2026-06-09,08:46:12,4952d0,CS-TVP,Airbus A320neo,TAP Air Portugal,landing,arrivee,500,225.0,94.7,,,,
2026-06-09,08:49:00,RYR24SE,EI-EMH,Boeing 737-800,Ryanair,landing,arrivee,500,254.1,88.5,,,,
2026-06-09,08:52:13,4d00f2,LX-LBT,Boeing 737-700,Luxair,landing,arrivee,450,243.2,95.3,,,,
2026-06-09,08:55:14,39de45,F-HXSF,Airbus A320neo,Transavia France,landing,arrivee,500,226.5,82.7,,,,
2026-06-09,08:57:51,485061,PH-HSJ,Boeing 737-800,Transavia,landing,arrivee,475,261.5,96.7,,,,
2026-06-09,09:00:57,TAP3178,CS-TUG,Airbus A330-900neo,TAP Air Portugal,landing,arrivee,500,233.2,87.6,,,,
2026-06-09,09:03:45,c05840,C-GHKX,Airbus A330-300,Air Canada,landing,arrivee,500,238.4,91.6,,,,
2026-06-09,09:06:32,OBS852,CS-TCF,Airbus A330-900neo,TAP Air Portugal,landing,arrivee,550,248.7,84.2,,,,
2026-06-09,09:09:22,TAP443,CS-TVI,Airbus A320neo,TAP Air Portugal,landing,arrivee,475,239.1,94.9,,,,
2026-06-09,09:11:58,RYR4ZF,EI-EMM,Boeing 737-800,Ryanair,landing,arrivee,500,273.9,91.7,,,,
2026-06-09,09:14:46,49514a,CS-TJJ,Airbus A321neo,TAP Air Portugal,landing,arrivee,500,248.4,93.8,,,,
2026-06-09,09:17:07,406d90,G-EZOK,Airbus A320,easyJet,landing,arrivee,450,240.8,94.9,,,,
2026-06-09,09:31:54,c07a14,C-GUFZ,Airbus A330-200,Air Transat,landing,arrivee,500,221.5,88.7,,,,
2026-06-09,09:35:52,TAP3832,CS-TPR,Embraer E190,TAP Air Portugal,landing,arrivee,450,237.4,97.3,,,,
2026-06-09,09:38:58,TAP66PD,CS-TJL,Airbus A321neo,TAP Air Portugal,landing,arrivee,475,252.4,98.5,,,,
2026-06-09,09:41:57,EWG36AZ,LY-CAP,Airbus A320,Eurowings,landing,arrivee,450,233.2,97.7,,,,
2026-06-09,09:46:12,495303,CS-TXC,Airbus A321neo,TAP Air Portugal,landing,arrivee,475,242.4,92.1,,,,
2026-06-09,09:49:12,4bb210,TC-LPP,Airbus A321neo,Turkish Airlines,landing,arrivee,525,229.1,92.2,,,,
2026-06-09,09:52:01,BAW50P,G-DBCC,Airbus A319,British Airways,landing,arrivee,450,234.3,92.4,,,,
2026-06-09,09:54:30,TAP216L,CS-TXL,Airbus A321neo,TAP Air Portugal,landing,arrivee,500,260.8,84.3,,,,
2026-06-09,09:57:11,TAP1921,CS-TVJ,Airbus A320neo,TAP Air Portugal,landing,arrivee,525,238.4,90.7,,,,
2026-06-09,10:00:05,440cf8,OE-IBF,Airbus A320,easyJet Europe,landing,arrivee,475,248.4,91.8,,,,
2026-06-09,10:03:05,348310,EC-OLG,Airbus A330-300,TAP Air Portugal,landing,arrivee,475,238.4,90.1,,,,
2026-06-09,10:06:03,EZY79RV,G-EZOF,Airbus A320,easyJet,landing,arrivee,475,245.6,92.2,,,,
2026-06-09,10:09:23,TAP210,CS-TUA,Airbus A330-900neo,TAP Air Portugal,landing,arrivee,475,247.2,96.0,,,,
2026-06-09,10:11:45,TAP254,CS-TXH,Airbus A321neo,TAP Air Portugal,landing,arrivee,525,249.1,78.2,,,,
2026-06-09,10:14:39,TAP1826,CS-TVC,Airbus A320neo,TAP Air Portugal,approach,arrivee,525,237.4,69.4,,,,
2026-06-09,10:29:17,TAP11MG,CS-TPQ,Embraer E190,TAP Air Portugal,landing,arrivee,475,214.3,91.6,,,,
2026-06-09,10:31:43,4cafd2,EI-GXM,Boeing 737-800,Ryanair,landing,arrivee,475,262.8,93.4,,,,
2026-06-09,10:34:17,4d2387,9H-VUZ,Boeing 737 MAX 8,Malta Air,landing,arrivee,500,263.2,94.9,,,,
2026-06-09,10:36:58,495277,CS-TSW,Boeing 777-200,Azul,landing,arrivee,500,244.8,92.1,,,,
2026-06-09,10:39:30,495309,CS-TXI,Airbus A321neo,TAP Air Portugal,landing,arrivee,525,253.2,86.1,,,,
2026-06-09,10:42:22,DAL124,N416DX,Airbus A330-900neo,Delta Air Lines,landing,arrivee,450,244.8,95.8,,,,
2026-06-09,10:45:09,a20433,N229UA,Boeing 777-200,United Airlines,landing,arrivee,525,244.8,84.5,,,,
2026-06-09,10:48:11,TAP11SV,CS-TPZ,Embraer E190,TAP Air Portugal,landing,arrivee,450,235.6,94.1,,,,
2026-06-09,10:50:34,AEA1153,EC-LPQ,Boeing 737-800,Air Europa,landing,arrivee,475,263.2,92.6,,,,
2026-06-09,10:53:14,495150,CS-TJP,Airbus A321neo,TAP Air Portugal,landing,arrivee,550,250.0,86.5,,,,
2026-06-09,10:55:51,RYR98HW,9H-QEU,Boeing 737-800,Malta Air,approach,arrivee,475,268.0,93.7,,,,
2026-06-09,10:58:30,TAP13LH,CS-TVD,Airbus A320neo,TAP Air Portugal,landing,arrivee,500,250.8,85.9,,,,
2026-06-09,11:01:20,495307,CS-TXG,Airbus A321neo,TAP Air Portugal,landing,arrivee,500,239.1,98.0,,,,
2026-06-09,11:03:17,RYR3RB,EI-DWY,Boeing 737-800,Ryanair,landing,arrivee,475,268.0,92.5,,,,
2026-06-09,11:06:22,4952ae,CS-TUN,Airbus A330-900neo,TAP Air Portugal,landing,arrivee,475,246.7,95.4,,,,
2026-06-09,11:08:54,c02cf1,C-FRAM,Boeing 777-300ER,Air Canada,landing,arrivee,525,267.2,89.1,,,,
2026-06-09,11:12:28,TAP1923,CS-TTR,Airbus A319,TAP Air Portugal,landing,arrivee,525,242.4,78.3,,,,
2026-06-09,11:15:09,495304,CS-TXD,Airbus A321neo,TAP Air Portugal,landing,arrivee,450,257.2,99.2,,,,
2026-06-09,11:17:47,392af3,F-GKXT,Airbus A320,Air France,landing,arrivee,500,244.8,96.7,,,,
2026-06-09,11:20:21,TAP028,CS-TUP,Airbus A330-900neo,TAP Air Portugal,landing,arrivee,525,249.8,90.9,,,,
2026-06-09,11:22:59,TAP23SL,CS-TUQ,Airbus A330-900neo,TAP Air Portugal,landing,arrivee,475,239.1,93.9,,,,
2026-06-09,11:25:50,TAP088,CS-TUE,Airbus A330-900neo,TAP Air Portugal,landing,arrivee,525,244.8,89.9,,,,
2026-06-09,11:28:59,BEL2DY,OO-SBG,Airbus A320neo,Brussels Airlines,landing,arrivee,475,238.4,96.8,,,,
2026-06-09,11:35:17,RZO120,CS-TSM,Airbus A320,TAP Air Portugal,landing,arrivee,450,253.2,99.4,,,,
2026-06-09,11:37:58,IBE05FV,EC-JDR,Airbus A321,Iberia,landing,arrivee,525,261.7,84.8,,,,
2026-06-09,11:40:55,49529a,CS-TTZ,Embraer E195,TAP Air Portugal,landing,arrivee,500,258.9,91.3,,,,
2026-06-09,11:43:12,4d2301,9H-VUC,Boeing 737 MAX 8,Malta Air,landing,arrivee,450,262.4,95.5,,,,
2026-06-09,11:46:09,TAP11WQ,CS-TVO,Airbus A320neo,TAP Air Portugal,landing,arrivee,475,251.7,83.2,,,,
2026-06-09,11:48:17,4867c3,PH-AXH,Airbus A321neo,KLM,landing,arrivee,550,266.3,74.0,,,,
2026-06-09,11:51:56,TAP1925,CS-TNR,Airbus A320,TAP Air Portugal,landing,arrivee,500,238.4,86.2,,,,
2026-06-09,11:57:59,TAP1902,CS-TVG,Airbus A320neo,TAP Air Portugal,landing,arrivee,525,255.6,81.5,,,,
2026-06-09,12:01:50,TAP1123,CS-TPS,Embraer E190,TAP Air Portugal,landing,arrivee,500,237.4,85.6,,,,
2026-06-09,12:04:21,DLH39X,D-AINZ,Airbus A320neo,Lufthansa,landing,arrivee,525,253.2,96.2,,,,
2026-06-09,12:10:32,TAM8148,PT-MUB,Boeing 777-300ER,LATAM Airlines,landing,arrivee,500,269.7,87.2,,,,
2026-06-09,12:14:09,UAE3MV,A6-ENV,Boeing 777-300ER,Emirates,landing,arrivee,500,276.5,91.9,,,,
2026-06-09,12:17:12,EJU38DF,OE-IWW,Airbus A320,easyJet Europe,landing,arrivee,525,252.2,87.5,,,,
2026-06-09,12:20:07,4951cd,CS-TNM,Airbus A320,TAP Air Portugal,landing,arrivee,525,249.8,91.7,,,,
2026-06-09,12:23:52,EWG37V,OK-TVV,Boeing 737-800,Eurowings,landing,arrivee,525,254.8,76.3,,,,
2026-06-09,12:30:21,RYR12VQ,EI-DLI,Boeing 737-800,Ryanair,landing,arrivee,500,268.9,95.5,,,,
2026-06-09,12:41:44,EJU94NF,OE-LSF,Airbus A320neo,easyJet Europe,landing,arrivee,500,232.8,92.3,,,,
2026-06-09,12:48:09,RZO122,CS-TSI,Airbus A321neo,TAP Air Portugal,landing,arrivee,500,255.9,94.1,,,,
2026-06-09,12:52:54,4951ca,CS-TNJ,Airbus A320,TAP Air Portugal,approach,arrivee,525,230.8,89.3,,,,
2026-06-09,12:56:17,34734f,EC-NYC,Airbus A321,Vueling,landing,arrivee,525,227.4,78.8,,,,
2026-06-09,13:01:25,495301,CS-TXA,Airbus A321neo,TAP Air Portugal,landing,arrivee,500,237.4,89.4,,,,
2026-06-09,13:12:50,495298,CS-TTX,Embraer E195,TAP Air Portugal,landing,arrivee,500,253.2,98.1,,,,
2026-06-09,13:17:20,440db0,OE-IDX,Airbus A320,easyJet Europe,landing,arrivee,525,259.7,86.8,,,,
2026-06-09,13:24:58,TAP831,CS-TVR,Airbus A320neo,TAP Air Portugal,landing,arrivee,525,258.4,92.8,,,,
2026-06-09,13:27:46,TAP1736,CS-TVH,Airbus A320neo,TAP Air Portugal,landing,arrivee,550,232.4,90.7,,,,
2026-06-09,13:30:22,39cea8,F-HTVI,Boeing 737-800,Transavia France,landing,arrivee,550,263.9,85.8,,,,
2026-06-09,13:33:13,LOT4HT,SP-LWC,Boeing 737-800,LOT Polish Airlines,landing,arrivee,475,263.4,94.8,,,,
2026-06-09,13:35:58,TAP110,CS-TOP,Airbus A330-200,TAP Air Portugal,landing,arrivee,500,234.3,99.4,,,,
2026-06-09,13:38:25,RYR85MR,EI-ILD,Boeing 737 MAX 8,Ryanair,landing,arrivee,425,266.9,98.4,,,,
2026-06-09,13:41:09,3c64a5,D-AIEE,Airbus A321neo,Lufthansa,landing,arrivee,575,242.2,86.9,,,,
2026-06-09,13:44:02,4b1801,HB-JCJ,C Series 300,Swiss,landing,arrivee,550,248.0,89.7,,,,
2026-06-09,13:46:39,495148,CS-TJH,Airbus A321,TAP Air Portugal,landing,arrivee,500,280.0,86.9,,,,
2026-06-09,13:49:29,4d2103,9H-JOY,Bombardier CRJ-200,Air X Charter,cruise,,600,0.0,64.6,,,,
2026-06-09,13:52:30,49514b,CS-TJK,Airbus A321neo,TAP Air Portugal,cruise,,575,0.0,78.5,,,,
2026-06-09,13:55:11,EJU69GW,OE-IDU,Airbus A320,easyJet Europe,landing,arrivee,550,245.6,81.2,,,,
2026-06-09,13:57:54,EZS1465,HB-JXE,Airbus A320,Austrian Airlines,landing,arrivee,550,241.5,88.0,,,,
2026-06-09,14:00:04,440075,OE-LSV,Airbus A320neo,easyJet Europe,cruise,,525,0.0,94.0,,,,
2026-06-09,14:02:32,TAP8RT,CS-TPU,Embraer E190,TAP Air Portugal,landing,arrivee,475,244.8,96.7,,,,
2026-06-09,14:04:38,TAP869,CS-TPT,Embraer E190,TAP Air Portugal,landing,arrivee,475,236.7,90.5,,,,
2026-06-09,14:07:35,VPC004,ES-BTC,CL60,,landing,arrivee,525,233.9,94.2,,,,
2026-06-09,14:09:38,TAP36GS,CS-TJO,Airbus A321neo,TAP Air Portugal,landing,arrivee,575,260.8,71.2,,,,
2026-06-09,14:12:59,4951cb,CS-TNK,Airbus A320,TAP Air Portugal,landing,arrivee,550,245.6,79.3,,,,
2026-06-09,14:16:16,4952cb,CS-TVK,Airbus A320neo,TAP Air Portugal,landing,arrivee,475,258.0,98.2,,,,
2026-06-09,14:19:04,TAP084,CS-TUR,Airbus A330-900neo,TAP Air Portugal,landing,arrivee,550,230.0,88.0,,,,
2026-06-09,14:29:01,TAP88TM,CS-TJF,Airbus A321,TAP Air Portugal,landing,arrivee,475,258.0,94.6,,,,
2026-06-09,14:31:53,EJU76WL,OE-LSR,Airbus A320,easyJet Europe,landing,arrivee,550,231.9,83.3,,,,
2026-06-09,14:34:28,TAP1013,CS-TTY,Embraer E195,TAP Air Portugal,landing,arrivee,500,250.8,99.0,,,,
2026-06-09,14:46:22,440115,OE-LUE,Airbus A320neo,easyJet Europe,landing,arrivee,550,245.9,77.8,,,,
2026-06-09,14:52:02,NSZ3616,SE-NAE,Boeing 737 MAX 8,,landing,arrivee,525,267.2,93.3,,,,
2026-06-09,14:56:51,738443,4X-AGH,Airbus A321neo,Arkia,landing,arrivee,550,229.8,89.3,,,,
2026-06-09,15:00:15,49520f,CS-TPO,Embraer E190,TAP Air Portugal,landing,arrivee,500,214.3,96.3,,,,
2026-06-09,15:02:55,394c0c,F-GTAM,Airbus A321,Air France,landing,arrivee,525,242.4,85.9,,,,
2026-06-09,15:06:01,AEA12AT,EC-ORK,Boeing 737 MAX 8,Air Europa,landing,arrivee,500,256.5,92.0,,,,
2026-06-09,15:09:00,4951d3,CS-TNS,Airbus A320,TAP Air Portugal,landing,arrivee,525,229.1,92.2,,,,
2026-06-09,15:11:50,40631a,G-EZFV,Airbus A319,easyJet,landing,arrivee,550,234.8,91.9,,,,
2026-06-09,15:13:49,RYR8HG,9H-VUZ,Boeing 737 MAX 8,Malta Air,landing,arrivee,500,268.9,95.6,,,,
2026-06-09,15:17:03,4c01ee,YU-APO,Airbus A320,Air Serbia,landing,arrivee,550,251.5,83.7,,,,
2026-06-09,15:19:44,SWR2BK,HB-JPA,Airbus A321neo,Swiss,landing,arrivee,475,256.5,94.9,,,,
2026-06-09,15:22:54,495039,CS-TAY,Embraer E195,TAP Air Portugal,landing,arrivee,500,254.1,92.4,,,,
2026-06-09,15:29:17,EJU51EP,OE-LSP,Airbus A320,easyJet Europe,landing,arrivee,525,231.5,87.2,,,,
2026-06-09,15:32:27,TAP541W,CS-TPX,Embraer E190,TAP Air Portugal,landing,arrivee,500,227.4,93.6,,,,
2026-06-09,15:35:30,502ce3,YL-CSI,C Series 300,Swiss,landing,arrivee,525,238.4,70.8,,,,
2026-06-09,15:38:16,TAP1143,CS-TVL,Airbus A320,TAP Air Portugal,landing,arrivee,550,250.0,96.9,,,,
2026-06-09,15:41:35,THY4GH,TC-LSY,Airbus A321neo,Turkish Airlines,landing,arrivee,550,240.0,94.0,,,,
2026-06-09,15:45:04,495297,CS-TTW,Embraer E195,TAP Air Portugal,landing,arrivee,575,252.4,96.5,,,,
2026-06-09,15:49:03,3c65c5,D-AINE,Airbus A320neo,Lufthansa,landing,arrivee,600,243.2,91.8,,,,
2026-06-09,15:51:48,TAP83RS,CS-TNX,Airbus A320,TAP Air Portugal,landing,arrivee,550,239.1,93.4,,,,
2026-06-09,15:54:46,4082ab,G-UZML,Airbus A321neo,,landing,arrivee,575,254.7,92.8,,,,
2026-06-09,15:57:46,4952d0,CS-TVP,Airbus A320neo,TAP Air Portugal,landing,arrivee,525,243.2,93.6,,,,
2026-06-09,16:00:42,4952c2,CS-TVB,Airbus A320neo,TAP Air Portugal,landing,arrivee,575,241.5,86.4,,,,
2026-06-09,16:03:16,FIN96W,OH-LZP,Airbus A321,Finnair,landing,arrivee,500,268.2,93.1,,,,
2026-06-09,16:06:00,TAP931L,CS-TXK,Airbus A321,TAP Air Portugal,landing,arrivee,575,258.9,79.8,,,,
2026-06-09,16:07:59,4ca2d5,EI-DLI,Boeing 737-800,Ryanair,landing,arrivee,500,274.1,93.8,,,,
2026-06-09,16:10:36,TAP433,CS-TJJ,Airbus A321neo,TAP Air Portugal,landing,arrivee,550,253.9,83.5,,,,
2026-06-09,16:13:18,TAP553R,CS-TXB,Airbus A321neo,TAP Air Portugal,landing,arrivee,575,253.2,80.5,,,,
2026-06-09,16:16:08,EJU45HZ,OE-IBF,Airbus A320,easyJet Europe,landing,arrivee,525,260.0,88.9,,,,
2026-06-09,16:18:43,4952c6,CS-TVF,Airbus A320neo,TAP Air Portugal,landing,arrivee,550,249.8,84.5,,,,
2026-06-09,16:21:56,TAP10NL,CS-TPR,Embraer E190,TAP Air Portugal,landing,arrivee,525,231.5,90.5,,,,
2026-06-09,16:24:47,AEE2PT,SX-NER,Airbus A320neo,Aegean Airlines,landing,arrivee,600,230.0,74.6,,,,
2026-06-09,16:27:30,BAW5DW,G-EUUB,Airbus A320,British Airways,landing,arrivee,500,257.2,97.9,,,,
2026-06-09,16:30:03,ANE91TE,EC-LOJ,Bombardier CRJ-1000,Air Nostrum,landing,arrivee,575,239.1,88.4,,,,
2026-06-09,16:32:03,495153,CS-TJS,Airbus A321neo,TAP Air Portugal,landing,arrivee,550,283.5,85.2,,,,
2026-06-09,16:36:39,TAM8150,CC-BGR,Boeing 787-9,LATAM Airlines,landing,arrivee,500,272.4,90.8,,,,
2026-06-09,16:40:04,TAP070,CS-TUO,Airbus A330-900neo,TAP Air Portugal,landing,arrivee,525,235.9,99.1,,,,
2026-06-09,16:47:05,RYR59QQ,EI-DLY,Boeing 737-800,Ryanair,landing,arrivee,500,266.5,95.2,,,,
2026-06-09,16:49:52,4d251b,9H-QEW,Boeing 737-800,Malta Air,landing,arrivee,500,268.9,92.7,,,,
2026-06-09,16:53:24,TAP1359,CS-TJN,Airbus A321neo,TAP Air Portugal,landing,arrivee,625,242.4,82.2,,,,
2026-06-09,16:55:57,TAP1929,CS-TTZ,Embraer E195,TAP Air Portugal,landing,arrivee,575,249.8,89.6,,,,
2026-06-09,16:58:57,4952cf,CS-TVO,Airbus A320neo,TAP Air Portugal,landing,arrivee,525,233.2,89.9,,,,
2026-06-09,17:01:31,4952c1,CS-TVA,Airbus A320neo,TAP Air Portugal,landing,arrivee,575,272.1,86.2,,,,
2026-06-09,17:11:04,440b1e,OE-IWW,Airbus A320,easyJet Europe,landing,arrivee,550,239.1,92.7,,,,
2026-06-09,17:13:52,4d2273,9H-QDQ,Boeing 737-800,Malta Air,landing,arrivee,550,268.9,91.8,,,,
2026-06-09,17:16:35,34258f,EC-KDX,Airbus A320,Vueling,landing,arrivee,575,265.8,87.4,,,,
2026-06-09,17:28:53,RYR2JL,SP-RZD,Boeing 737 MAX 8,Buzz,landing,arrivee,500,266.5,97.8,,,,
2026-06-09,17:32:30,SWR36K,HB-JCM,C Series 300,Swiss,landing,arrivee,550,227.4,88.7,,,,
2026-06-09,17:37:07,4cafd2,EI-GXM,Boeing 737-800,Ryanair,landing,arrivee,550,255.4,92.8,,,,
2026-06-09,17:43:21,4952a9,CS-TUI,Airbus A330-900neo,TAP Air Portugal,landing,arrivee,600,216.7,86.3,,,,
2026-06-09,17:48:08,EWG25P,D-AIDU,Airbus A321,Eurowings,landing,arrivee,500,256.5,99.2,,,,
2026-06-09,17:51:34,MEDIC30,,,,landing,arrivee,625,209.1,84.5,,,,
2026-06-09,17:54:33,EWG66L,9H-AMV,Airbus A320,Eurowings,landing,arrivee,525,234.8,95.4,,,,
2026-06-09,17:57:21,EJU81TJ,OE-LSF,Airbus A320neo,easyJet Europe,landing,arrivee,525,251.5,95.3,,,,
2026-06-09,18:00:27,4952cd,CS-TVM,Airbus A320neo,TAP Air Portugal,approach,arrivee,525,240.0,94.6,,,,
2026-06-09,18:03:09,73806e,4X-EKJ,Boeing 737-800,El Al,approach,arrivee,525,280.4,96.0,,,,
2026-06-09,18:06:12,4952d1,CS-TVQ,Airbus A320neo,TAP Air Portugal,landing,arrivee,550,233.9,87.9,,,,
2026-06-09,18:09:00,OCEAN32,16805,C130,,landing,arrivee,550,253.9,89.9,,,,
2026-06-09,18:11:55,440132,OE-LQI,Airbus A319,easyJet Europe,landing,arrivee,525,239.1,99.8,,,,
2026-06-09,18:14:43,TAP643,CS-TJL,Airbus A321neo,TAP Air Portugal,landing,arrivee,600,247.8,76.0,,,,
2026-06-09,18:17:30,345116,EC-MJR,Airbus A321,Vueling,landing,arrivee,525,263.2,91.8,,,,
2026-06-09,18:20:27,BAW506,G-EUYU,Airbus A320,British Airways,landing,arrivee,500,241.5,96.3,,,,
2026-06-09,18:24:36,TAP1455,CS-TNQ,Airbus A320,TAP Air Portugal,landing,arrivee,550,238.9,77.3,,,,
2026-06-09,18:27:29,RYR68VC,SP-RSF,Boeing 737-800,Buzz,landing,arrivee,525,246.7,92.3,,,,
2026-06-09,18:30:35,RZO124,CS-TSM,Airbus A320,TAP Air Portugal,landing,arrivee,575,230.0,93.2,,,,
2026-06-09,18:33:27,495292,CS-TTR,Airbus A319,TAP Air Portugal,landing,arrivee,550,233.9,89.5,,,,
2026-06-09,18:36:16,40653d,G-EZGN,Airbus A319,easyJet,landing,arrivee,550,224.3,84.7,,,,
2026-06-09,18:39:01,49514d,CS-TJM,Airbus A321neo,TAP Air Portugal,landing,arrivee,575,254.8,91.3,,,,
2026-06-09,18:42:06,4401e2,OE-LEX,Airbus A320,,landing,arrivee,575,234.8,93.6,,,,
2026-06-09,18:45:05,TAP10EV,CS-TPU,Embraer E190,TAP Air Portugal,landing,arrivee,550,229.1,91.7,,,,
2026-06-09,18:46:36,TVF46GH,F-GZHT,Boeing 737-800,Transavia France,landing,arrivee,475,259.3,93.8,,,,
2026-06-09,18:48:47,AFR24MF,F-GTAJ,Airbus A321,Air France,landing,arrivee,525,260.8,97.5,,,,
2026-06-09,18:51:01,TAP1862,CS-TVG,Airbus A320neo,TAP Air Portugal,landing,arrivee,600,249.8,89.8,,,,
2026-06-09,18:53:16,TAP35BL,CS-TNR,Airbus A320,TAP Air Portugal,landing,arrivee,550,244.8,81.7,,,,
2026-06-09,18:55:26,RAM982,CN-RGK,Boeing 737-800,Royal Air Maroc,landing,arrivee,475,272.1,95.7,,,,
2026-06-09,18:58:13,TAP1931,CS-TVK,Airbus A320neo,TAP Air Portugal,landing,arrivee,550,254.1,93.1,,,,
2026-06-09,19:00:02,4cad3b,EI-HGS,Boeing 737 MAX 8,Ryanair,landing,arrivee,525,258.9,99.5,,,,
2026-06-09,19:02:33,3964f3,F-GZHT,Boeing 737-800,Transavia France,landing,arrivee,525,253.9,93.2,,,,
2026-06-09,19:05:28,UAE5M,A6-EPS,Boeing 777-300ER,Emirates,landing,arrivee,500,265.6,94.8,,,,
2026-06-09,19:08:45,TAP1337,CS-TPZ,Embraer E190,TAP Air Portugal,landing,arrivee,500,243.9,87.3,,,,
2026-06-09,19:10:42,3453cc,EC-MQP,Boeing 737-800,Air Europa,landing,arrivee,525,257.2,94.4,,,,
2026-06-09,19:13:29,TRA69R,PH-YHW,Airbus A321neo,Transavia,descending,arrivee,525,235.6,96.5,,,,
2026-06-09,19:16:07,EJU71TK,OE-IVE,Airbus A320,easyJet Europe,landing,arrivee,550,247.2,91.7,,,,
2026-06-09,19:19:05,44cc47,OO-SBG,Airbus A320neo,Brussels Airlines,approach,arrivee,550,231.9,94.9,,,,
2026-06-09,19:22:09,4d2489,9H-VCX,CL35,,landing,arrivee,600,205.6,77.8,,,,
2026-06-09,19:24:57,TAP825,CS-TNU,Airbus A320,TAP Air Portugal,landing,arrivee,525,240.8,93.7,,,,
2026-06-09,19:26:46,RYR7VL,9H-QED,Boeing 737-800,Malta Air,landing,arrivee,525,250.0,83.7,,,,
2026-06-09,22:44:09,AFR64PQ,F-HBNH,Airbus A320,Air France,landing,arrivee,575,235.9,79.3,,,,
2026-06-09,22:48:21,TAP1369,CS-TVL,Airbus A320,TAP Air Portugal,landing,arrivee,350,244.3,91.7,,,,
2026-06-09,22:49:53,TAP64M,CS-TVB,Airbus A320neo,TAP Air Portugal,landing,arrivee,750,233.2,73.6,,,,
2026-06-09,22:51:58,3475c9,EC-OCT,Airbus A321,TAP Air Portugal,landing,arrivee,1050,251.5,65.0,,,,
2026-06-09,22:54:39,EJU36BG,OE-IDU,Airbus A320,easyJet Europe,landing,arrivee,1125,235.6,86.1,,,,
2026-06-09,22:59:45,TAP21MM,CS-TAY,Embraer E195,TAP Air Portugal,landing,arrivee,250,258.9,70.2,,,,
2026-06-09,23:01:17,TVF47RH,F-GZHI,Boeing 737-800,Transavia France,landing,arrivee,575,274.5,91.6,,,,
2026-06-09,23:04:32,BAW508,G-TTNK,Airbus A320neo,British Airways,landing,arrivee,750,226.5,87.3,,,,
2026-06-09,23:06:47,RYR3952,9H-VUZ,Boeing 737 MAX 8,Malta Air,landing,arrivee,1025,239.8,100,,,,
2026-06-09,23:09:50,EJU64TB,OE-LSV,Airbus A320neo,easyJet Europe,landing,arrivee,1025,236.7,100,,,,
2026-06-10,00:01:59,TAP94KM,CS-TVF,Airbus A320neo,TAP Air Portugal,landing,arrivee,500,229.1,77.5,,,,
2026-06-10,01:39:03,TAP16LN,CS-TPZ,Embraer E190,TAP Air Portugal,landing,arrivee,475,232.2,83.5,,,,
2026-06-10,03:16:07,TAP3834,CS-TJO,Airbus A321neo,TAP Air Portugal,landing,arrivee,525,244.8,89.7,,,,
2026-06-10,04:50:04,TAP074,CS-TUL,Airbus A330-900neo,TAP Air Portugal,landing,arrivee,550,229.8,80.7,,,,
2026-06-10,04:53:13,TAP082,CS-TUF,Airbus A330-900neo,TAP Air Portugal,landing,arrivee,500,236.3,89.1,,,,
2026-06-10,05:45:55,TAP218,CS-TXI,Airbus A321neo,TAP Air Portugal,landing,arrivee,500,244.8,87.0,,,,
2026-06-10,06:01:17,TAP224,CS-TUM,Airbus A330-900neo,TAP Air Portugal,landing,arrivee,550,241.5,83.3,,,,
2026-06-10,06:10:19,TAP1937,CS-TPY,Embraer E190,TAP Air Portugal,approach,arrivee,450,223.9,86.5,,,,
2026-06-10,06:15:43,WPT3154,EC-OND,Airbus A330-300,,landing,arrivee,500,232.4,84.4,,,,
2026-06-10,06:26:45,TAP11VP,CS-TPQ,Embraer E190,TAP Air Portugal,landing,arrivee,450,220.8,85.5,,,,
2026-06-10,06:29:25,RYR8AT,EI-EFG,Boeing 737-800,Ryanair,landing,arrivee,500,253.2,81.7,,,,
2026-06-10,06:32:19,AZU8750,CS-TGD,Airbus A330-200,Azul,landing,arrivee,475,252.4,86.1,,,,
2026-06-10,06:35:52,TAY1MN,OE-IXP,Boeing 737-800,,landing,arrivee,525,233.2,77.8,,,,
2026-06-10,06:39:09,TAP8RL,CS-TTR,Airbus A319,TAP Air Portugal,landing,arrivee,525,242.4,77.8,,,,
2026-06-10,06:42:52,AEA1159,EC-NUY,Boeing 737-800,Air Europa,landing,arrivee,475,230.0,90.0,,,,
2026-06-10,06:45:22,DTA650,D2-TEG,Boeing 777-300ER,TAAG Angola Airlines,landing,arrivee,475,250.8,90.0,,,,
2026-06-10,06:48:13,TAP1908,CS-TNT,Airbus A320,TAP Air Portugal,landing,arrivee,525,244.8,80.1,,,,
2026-06-10,06:51:38,TAP41SN,CS-TTX,Embraer E195,TAP Air Portugal,landing,arrivee,500,230.8,86.9,,,,
2026-06-10,06:54:23,TSC680,CA-GOIX,Airbus A321,Air Transat,landing,arrivee,475,250.8,90.2,,,,
2026-06-10,07:03:50,TAP058,CS-TUK,Airbus A330-900neo,TAP Air Portugal,landing,arrivee,525,247.2,83.0,,,,
2026-06-10,07:19:13,TAP98CX,CS-TJP,Airbus A321neo,TAP Air Portugal,landing,arrivee,500,257.2,86.3,,,,
2026-06-10,07:22:26,TAM8146,PT-MUC,Boeing 777-300ER,LATAM Airlines,landing,arrivee,500,259.7,85.2,,,,
2026-06-10,07:27:38,BCS2FC,D-AZMM,A306,,landing,arrivee,500,225.9,92.5,,,,
2026-06-10,07:30:21,IBE05TR,EC-JEJ,Airbus A321,Iberia,landing,arrivee,475,245.6,89.3,,,,
2026-06-10,07:33:39,EZS79YP,HB-JXP,Airbus A320,Austrian Airlines,landing,arrivee,525,247.6,80.1,,,,
2026-06-10,07:36:49,ETD7LG,A6-BLU,Boeing 787-9,Etihad Airways,approach,arrivee,475,267.2,86.9,,,,
2026-06-10,07:40:07,TAP945,CS-TVA,Airbus A320neo,TAP Air Portugal,landing,arrivee,525,239.8,86.0,,,,
2026-06-10,07:43:03,TAP647,CS-TJL,Airbus A321neo,TAP Air Portugal,landing,arrivee,525,249.1,83.3,,,,
2026-06-10,07:46:51,TAP1939,CS-TPU,Embraer E190,TAP Air Portugal,landing,arrivee,475,234.8,89.6,,,,
2026-06-10,07:52:29,UAL64,N17015,Boeing 787-10,United Airlines,landing,arrivee,525,267.2,80.0,,,,
2026-06-10,07:55:32,DAL272,N438DX,Airbus A330-900neo,Delta Air Lines,landing,arrivee,525,249.1,81.8,,,,
2026-06-10,08:10:48,VLG46AX,EC-NLY,Airbus A321,Vueling,landing,arrivee,500,256.5,83.1,,,,
2026-06-10,08:31:50,TAP757P,CS-TVJ,Airbus A320neo,TAP Air Portugal,landing,arrivee,525,251.5,76.7,,,,
2026-06-10,08:37:19,AFR35VY,F-GTAU,Airbus A321,Air France,landing,arrivee,475,244.5,87.5,,,,
2026-06-10,08:50:58,TAP006,CS-TXH,Airbus A321neo,TAP Air Portugal,landing,arrivee,500,254.8,81.1,,,,
2026-06-10,08:53:54,TAP443,CS-TVP,Airbus A320neo,TAP Air Portugal,landing,arrivee,500,258.9,86.0,,,,
2026-06-10,09:02:42,TAP675,CS-TJK,Airbus A321neo,TAP Air Portugal,landing,arrivee,525,271.3,81.5,,,,
2026-06-10,09:05:34,TRA9H,PH-HSJ,Boeing 737-800,Transavia,landing,arrivee,475,273.9,86.4,,,,
2026-06-10,09:08:34,ACA812,C-FDHG,Airbus A330-300,Air Canada,landing,arrivee,425,237.4,89.8,,,,
2026-06-10,09:27:50,TRA27L,PH-HSF,Boeing 737-800,Transavia,landing,arrivee,500,247.2,81.8,,,,
2026-06-10,09:39:38,TAP66PD,CS-TVC,Airbus A320neo,TAP Air Portugal,landing,arrivee,500,257.2,83.9,,,,
2026-06-10,09:46:48,TAP036,EC-OLG,Airbus A330-300,TAP Air Portugal,landing,arrivee,450,243.5,93.1,,,,
2026-06-10,09:50:06,BAW50P,G-TTSA,Airbus A320neo,British Airways,landing,arrivee,500,223.9,87.1,,,,
2026-06-10,09:53:00,TAP216L,CS-TXB,Airbus A321neo,TAP Air Portugal,landing,arrivee,500,251.5,76.3,,,,
2026-06-10,10:01:34,TAP210,CS-TUQ,Airbus A330-900neo,TAP Air Portugal,landing,arrivee,500,234.3,78.8,,,,
2026-06-10,10:03:56,RYR24SE,9H-QBW,Boeing 737-800,Malta Air,landing,arrivee,475,265.8,88.9,,,,
2026-06-10,10:11:40,EJU69VE,OE-IDX,Airbus A320,easyJet Europe,landing,arrivee,450,251.5,88.0,,,,
2026-06-10,10:14:26,AEE2PT,SX-NEV,Airbus A320neo,,landing,arrivee,475,230.0,90.1,,,,
2026-06-10,10:23:23,TAP088,CS-TUJ,Airbus A330-900neo,TAP Air Portugal,landing,arrivee,525,251.5,78.0,,,,
2026-06-10,10:26:32,TAP1826,CS-TNR,Airbus A320,TAP Air Portugal,landing,arrivee,500,244.8,79.2,,,,
2026-06-10,10:29:12,TAP234Y,CS-TXL,Airbus A321neo,TAP Air Portugal,landing,arrivee,500,236.7,80.4,,,,
2026-06-10,10:31:58,AZU8900,CS-TSW,Boeing 777-200,Azul,landing,arrivee,475,235.9,82.9,,,,
2026-06-10,10:34:45,TAP13LH,CS-TVM,Airbus A320neo,TAP Air Portugal,landing,arrivee,525,223.2,78.4,,,,
2026-06-10,10:43:51,KLM1579,PH-AXA,Airbus A321neo,KLM,landing,arrivee,475,243.9,84.7,,,,
2026-06-10,10:49:36,EJU75FP,OE-LUE,Airbus A320neo,easyJet Europe,landing,arrivee,475,249.1,89.7,,,,
2026-06-10,10:52:09,LGL51P,LX-LGU,Boeing 737-800,Luxair,landing,arrivee,475,263.2,77.8,,,,
2026-06-10,10:55:18,ACA810,C-FIUL,Boeing 777-300ER,Air Canada,landing,arrivee,450,258.9,95.5,,,,
2026-06-10,11:00:10,TAP204A,CS-TOP,Airbus A330-200,TAP Air Portugal,landing,arrivee,500,241.7,87.9,,,,
2026-06-10,11:05:51,AEA1153,EC-NUZ,Boeing 737-800,Air Europa,approach,arrivee,475,262.2,87.9,,,,
2026-06-10,11:07:33,AFR41GW,F-GKXY,Airbus A320,Air France,landing,arrivee,475,260.8,84.2,,,,
2026-06-10,11:09:54,UAL942,N783UA,Boeing 777-200,United Airlines,landing,arrivee,525,266.5,86.1,,,,
2026-06-10,11:29:40,TAP028,CS-TUE,Airbus A330-900neo,TAP Air Portugal,landing,arrivee,500,261.5,80.9,,,,
2026-06-10,11:35:13,N650VC,N650VC,G650 ER,Lockheed Martin Corp,landing,arrivee,525,256.5,75.1,,,,
2026-06-10,11:37:58,TAP248,CS-TUB,Airbus A330-900neo,TAP Air Portugal,landing,arrivee,475,258.4,86.2,,,,
2026-06-10,11:46:25,RZO120,CS-TSH,Airbus A321neo,Azores Airlines,landing,arrivee,500,252.4,87.1,,,,
2026-06-10,11:54:11,TAP1925,CS-TPU,Embraer E190,TAP Air Portugal,landing,arrivee,550,243.9,80.0,,,,
2026-06-10,12:03:50,UAE3MV,A6-ENX,Boeing 777-300ER,Emirates,landing,arrivee,525,274.8,79.5,,,,
2026-06-10,12:09:56,EWG37V,9H-EUN,Airbus A320,Eurowings,landing,arrivee,525,243.2,81.0,,,,
2026-06-10,12:12:57,TAP11WQ,CS-TNL,Airbus A320,TAP Air Portugal,landing,arrivee,525,252.4,80.8,,,,
2026-06-10,12:22:46,9HGME,,,,approach,arrivee,550,118.2,55.7,,,,
2026-06-10,12:27:39,TAM8148,CC-BGR,Boeing 787-9,LATAM Airlines,landing,arrivee,575,257.2,56.1,,,,
2026-06-10,12:30:35,TAP143P,CS-TPX,Embraer E190,TAP Air Portugal,landing,arrivee,525,241.7,63.7,,,,
2026-06-10,12:33:48,P4BVM,,,,landing,arrivee,550,203.3,61.6,,,,
2026-06-10,12:36:22,EJU32WQ,OE-IBF,Airbus A320,easyJet Europe,landing,arrivee,525,254.8,79.9,,,,
2026-06-10,12:39:09,TAP63CT,CS-TTW,Embraer E195,TAP Air Portugal,landing,arrivee,550,250.8,62.5,,,,
2026-06-10,12:42:12,EJU38DF,OE-IDU,Airbus A320,easyJet Europe,approach,arrivee,550,253.2,67.2,,,,
2026-06-10,12:44:49,LOT4HT,SP-LVB,Boeing 737 MAX 8,LOT Polish Airlines,landing,arrivee,525,272.1,67.5,,,,
2026-06-10,12:48:22,RZO122,CS-TSF,Airbus A321neo,TAP Air Portugal,landing,arrivee,575,258.0,64.6,,,,
2026-06-10,12:52:57,VJT457,9H-VCY,CL35,,landing,arrivee,550,222.6,59.9,,,,
2026-06-10,12:56:42,TAP1031,CS-TJH,Airbus A321,TAP Air Portugal,landing,arrivee,550,260.0,58.7,,,,
2026-06-10,12:59:57,EJU56VP,OE-IWW,Airbus A320,easyJet Europe,landing,arrivee,550,253.2,61.3,,,,
2026-06-10,13:02:50,VLG8JM,EC-NYC,Airbus A321,Vueling,landing,arrivee,550,240.0,63.1,,,,
2026-06-10,13:09:12,TVF46JB,F-GZHR,Boeing 737-800,Transavia France,landing,arrivee,600,264.1,59.1,,,,
2026-06-10,13:12:10,TAP145W,CS-TTR,Airbus A319,TAP Air Portugal,landing,arrivee,575,237.4,57.6,,,,
2026-06-10,13:23:38,EZY31FV,G-EZRZ,Airbus A320,easyJet,landing,arrivee,550,258.9,73.2,,,,
2026-06-10,13:26:31,TAP1335,CS-TTZ,Embraer E195,TAP Air Portugal,landing,arrivee,550,261.5,61.7,,,,
2026-06-10,13:29:05,RYR977W,EI-EMO,Boeing 737-800,Ryanair,landing,arrivee,575,273.9,61.3,,,,
2026-06-10,13:32:08,TAP831,CS-TVG,Airbus A320neo,TAP Air Portugal,landing,arrivee,575,258.0,58.7,,,,
2026-06-10,13:34:53,TAP43JD,CS-TVB,Airbus A320neo,TAP Air Portugal,landing,arrivee,575,249.8,62.0,,,,
2026-06-10,13:37:54,TAP1736,CS-TNT,Airbus A320,TAP Air Portugal,landing,arrivee,575,271.3,56.8,,,,
2026-06-10,13:40:25,DLH47T,D-AIEI,Airbus A321neo,Lufthansa,landing,arrivee,550,266.5,65.4,,,,
2026-06-10,13:43:38,EJU98EV,OE-LKO,Airbus A319,easyJet Europe,landing,arrivee,550,236.7,55.0,,,,
2026-06-10,13:46:22,EJU76WL,OE-IJQ,Airbus A320,easyJet Europe,landing,arrivee,575,254.8,56.2,,,,
2026-06-10,13:49:09,TCV606,D4-CCI,Boeing 737-700,Cabo Verde Airlines,landing,arrivee,575,233.0,58.0,,,,
2026-06-10,13:51:23,TAP23V,CS-TPS,Embraer E190,TAP Air Portugal,landing,arrivee,550,226.5,60.8,,,,
2026-06-10,13:53:50,TAP1860,CS-TVD,Airbus A320neo,TAP Air Portugal,landing,arrivee,575,236.7,60.0,,,,
2026-06-10,13:56:49,TAP36GS,CS-TVF,Airbus A320neo,TAP Air Portugal,landing,arrivee,575,266.5,61.2,,,,
2026-06-10,13:59:39,TAP641,CS-TJI,Airbus A321neo,TAP Air Portugal,landing,arrivee,600,268.9,55.6,,,,
2026-06-10,14:02:27,TAP10VL,CS-TPO,Embraer E190,TAP Air Portugal,landing,arrivee,550,242.8,57.2,,,,
2026-06-10,14:05:24,TAP11EG,CS-TTY,Embraer E195,TAP Air Portugal,landing,arrivee,600,260.8,65.0,,,,
2026-06-10,14:07:41,RZO140,CS-TKQ,Airbus A320,TAP Air Portugal,landing,arrivee,550,258.0,66.0,,,,
2026-06-10,14:09:59,TAP1013,CS-TJJ,Airbus A321neo,TAP Air Portugal,landing,arrivee,600,267.2,58.0,,,,
2026-06-10,14:12:27,TAP401P,CS-TTX,Embraer E195,TAP Air Portugal,landing,arrivee,600,253.2,64.8,,,,
2026-06-10,14:15:03,TAP481,CS-TPZ,Embraer E190,TAP Air Portugal,landing,arrivee,575,238.4,66.4,,,,
2026-06-10,14:17:44,TAP8RT,CS-TPW,Embraer E190,TAP Air Portugal,landing,arrivee,600,230.8,78.6,,,,
2026-06-10,14:20:01,SWR32F,HB-JCK,C Series 300,Swiss,landing,arrivee,575,247.2,58.4,,,,
2026-06-10,14:22:42,TAP118,CS-TUA,Airbus A330-900neo,TAP Air Portugal,landing,arrivee,600,267.2,71.1,,,,
2026-06-10,14:28:06,TAP691P,CS-TNV,Airbus A320,TAP Air Portugal,landing,arrivee,600,259.7,62.0,,,,
2026-06-10,14:30:04,TAP88TM,CS-TJP,Airbus A321neo,TAP Air Portugal,landing,arrivee,600,277.2,56.3,,,,
2026-06-10,14:44:17,TAP471A,CS-TPY,Embraer E190,TAP Air Portugal,landing,arrivee,625,246.9,59.8,,,,
2026-06-10,14:46:30,EJU98XP,OE-LSV,Airbus A320neo,easyJet Europe,landing,arrivee,625,234.8,88.0,,,,
2026-06-10,14:49:24,KLM97N,PH-AXT,Airbus A321neo,KLM,landing,arrivee,600,261.5,58.2,,,,
2026-06-10,14:52:34,EZY35DC,G-EZBH,Airbus A319,easyJet,landing,arrivee,575,228.4,77.4,,,,
2026-06-10,14:54:57,RYR4XW,EI-EVX,Boeing 737-800,Ryanair,landing,arrivee,600,272.4,62.3,,,,
2026-06-10,14:57:55,TAP883,CS-TNM,Airbus A320,TAP Air Portugal,landing,arrivee,625,254.8,56.2,,,,
2026-06-10,15:00:52,RRYR55AR,EI-DLY,Boeing 737-800,Ryanair,landing,arrivee,600,278.0,54.6,,,,
2026-06-10,15:03:25,SWR2BK,HB-JPF,Airbus A321neo,Swiss,landing,arrivee,625,263.2,55.2,,,,
2026-06-10,15:06:48,TAP941,CS-TVA,Airbus A320neo,TAP Air Portugal,landing,arrivee,600,260.8,61.3,,,,
2026-06-10,15:09:51,EJU41HA,OE-LSF,Airbus A320neo,easyJet Europe,landing,arrivee,600,253.9,55.1,,,,
2026-06-10,15:12:58,BAW5DW,G-TTSE,Airbus A320neo,British Airways,landing,arrivee,625,243.2,54.6,,,,
2026-06-10,15:15:43,AEA12AT,EC-MUZ,Boeing 737-800,Air Europa,landing,arrivee,600,273.2,59.1,,,,
2026-06-10,15:19:30,AFR37EQ,F-GTAJ,Airbus A321,Air France,landing,arrivee,600,265.6,53.9,,,,
2026-06-10,15:28:02,FIN96W,OH-LZS,Airbus A321,Finnair,landing,arrivee,700,270.8,109.5,,,,
2026-06-10,15:32:38,TVF50ZX,F-HXSX,Airbus A320neo,Transavia France,landing,arrivee,600,230.8,62.2,,,,
2026-06-10,15:35:23,TAP83RS,CS-TNK,Airbus A320,TAP Air Portugal,landing,arrivee,575,260.8,60.0,,,,
2026-06-10,15:38:23,TAP1137,CS-TAW,Embraer E195,TAP Air Portugal,landing,arrivee,600,258.9,83.5,,,,
2026-06-10,15:42:53,TAP016,CS-TXF,Airbus A321neo,TAP Air Portugal,landing,arrivee,600,250.8,83.4,,,,
2026-06-10,15:45:36,TAP75CH,CS-TVH,Airbus A320neo,TAP Air Portugal,landing,arrivee,600,258.4,85.2,,,,
2026-06-10,15:48:17,TAP56DT,CS-TVL,Airbus A320,TAP Air Portugal,landing,arrivee,625,250.0,83.0,,,,
2026-06-10,15:50:56,THY4GH,TC-LSE,Airbus A321neo,Turkish Airlines,approach,arrivee,1125,263.9,58.1,,,,
2026-06-10,15:54:18,TAP669,CS-TVO,Airbus A320neo,TAP Air Portugal,landing,arrivee,600,245.9,75.3,,,,
2026-06-10,15:56:58,EZY46AK,G-EZUO,Airbus A320,easyJet,landing,arrivee,600,232.2,83.8,,,,
2026-06-10,16:00:00,DLH03H,D-AINA,Airbus A320neo,Lufthansa,landing,arrivee,600,233.5,74.6,,,,
2026-06-10,16:02:36,TAP10NL,CS-TXA,Airbus A321neo,TAP Air Portugal,landing,arrivee,600,263.2,85.9,,,,
2026-06-10,16:05:23,TAP71VE,CS-TVK,Airbus A320neo,TAP Air Portugal,landing,arrivee,575,241.5,83.6,,,,
2026-06-10,16:07:47,TAP1241,CS-TJS,Airbus A321neo,TAP Air Portugal,landing,arrivee,575,268.9,79.2,,,,
2026-06-10,16:10:29,TAP90EH,CS-TUM,Airbus A330-900neo,TAP Air Portugal,landing,arrivee,750,252.4,84.5,,,,
2026-06-10,16:13:41,TAP931L,CS-TVI,Airbus A320neo,TAP Air Portugal,landing,arrivee,600,255.6,80.2,,,,
2026-06-10,16:16:26,TAP571,CS-TXC,Airbus A321neo,TAP Air Portugal,landing,arrivee,625,255.4,83.0,,,,
2026-06-10,16:19:09,ANE91TE,EC-MSL,Bombardier CRJ-1000,Air Nostrum,landing,arrivee,600,247.6,82.2,,,,
2026-06-10,16:21:38,RYR76WW,9H-VUZ,Boeing 737 MAX 8,Malta Air,landing,arrivee,600,268.2,84.6,,,,
2026-06-10,16:24:45,SWT131,EC-MAF,ATR 72 500F,Swiftair,landing,arrivee,600,191.9,85.1,,,,
2026-06-10,16:27:11,TAP1359,CS-TJN,Airbus A321neo,TAP Air Portugal,landing,arrivee,625,263.2,78.4,,,,
2026-06-10,16:30:01,EWG66L,9H-AMV,Airbus A320,Eurowings,landing,arrivee,600,241.5,84.4,,,,
2026-06-10,16:32:40,TAP433,CS-TJK,Airbus A321neo,TAP Air Portugal,landing,arrivee,600,249.1,83.7,,,,
2026-06-10,16:35:21,TAP553R,CS-TVN,Airbus A320neo,TAP Air Portugal,landing,arrivee,625,245.6,84.6,,,,
2026-06-10,16:38:09,TAP31DB,CS-TVR,Airbus A320neo,TAP Air Portugal,landing,arrivee,600,255.6,72.7,,,,
2026-06-10,16:40:56,RYR68VC,SP-RZS,Boeing 737 MAX 8,Buzz,landing,arrivee,575,271.3,81.7,,,,
2026-06-10,16:43:48,TAP15NC,CS-TXM,Airbus A321,TAP Air Portugal,landing,arrivee,650,254.8,83.5,,,,
2026-06-10,16:52:24,RYR7P,9H-QEH,Boeing 737-800,Malta Air,landing,arrivee,575,258.4,85.0,,,,
2026-06-10,16:54:42,RYR9PX,EI-EFF,Boeing 737-800,Ryanair,landing,arrivee,625,258.9,85.6,,,,
2026-06-10,16:57:36,TAP298,CS-TUI,Airbus A330-900neo,TAP Air Portugal,landing,arrivee,625,245.6,86.6,,,,
2026-06-10,17:00:34,EWG36AZ,D-AEEA,Airbus A321neo,Eurowings,landing,arrivee,575,264.7,82.3,,,,
2026-06-10,17:02:48,TAP226,CS-TUN,Airbus A330-900neo,TAP Air Portugal,landing,arrivee,625,253.9,86.1,,,,
2026-06-10,17:05:53,RYR67UV,9H-QEC,Boeing 737-800,Malta Air,landing,arrivee,625,264.1,85.2,,,,
2026-06-10,17:08:44,TAP1824,CS-TNS,Airbus A320,TAP Air Portugal,landing,arrivee,600,244.8,85.5,,,,
2026-06-10,17:11:51,EJU15PC,OE-LUE,Airbus A320neo,easyJet Europe,landing,arrivee,575,239.8,71.3,,,,
2026-06-10,17:29:05,4952c9,CS-TVI,Airbus A320neo,TAP Air Portugal,cruise,,925,0.0,54.3,,,,
2026-06-10,17:31:25,VLG9QY,EC-MBS,Airbus A320,Vueling,landing,arrivee,625,241.5,84.3,,,,
2026-06-10,17:35:34,WMT6155,HA-LVH,Airbus A321neo,Wizz Air,landing,arrivee,625,254.8,83.3,,,,
2026-06-10,17:38:29,RYR29TL,EI-EKT,Boeing 737-800,Ryanair,landing,arrivee,650,260.4,86.4,,,,
2026-06-10,17:42:03,TAP240,CS-TUH,Airbus A330-900neo,TAP Air Portugal,landing,arrivee,625,234.3,85.4,,,,
2026-06-10,17:46:07,TAP781,EC-OCT,Airbus A321,TAP Air Portugal,landing,arrivee,600,274.5,85.8,,,,
2026-06-10,17:48:50,AFR24MF,F-HBNE,Airbus A320,Air France,landing,arrivee,600,251.5,85.5,,,,
2026-06-10,17:51:29,EJU45HZ,OE-IBF,Airbus A320,easyJet Europe,landing,arrivee,600,258.0,83.9,,,,
2026-06-10,17:54:37,TAP643,CS-TVP,Airbus A320neo,TAP Air Portugal,landing,arrivee,625,247.2,81.8,,,,
2026-06-10,17:57:00,RYR668T,EI-GXM,Boeing 737-800,Ryanair,landing,arrivee,650,262.4,85.6,,,,
2026-06-10,17:59:17,TAP1558,CS-TVQ,Airbus A320neo,TAP Air Portugal,landing,arrivee,975,218.4,75.0,,,,
2026-06-10,18:06:56,TAP1017,CS-TPS,Embraer E190,TAP Air Portugal,landing,arrivee,600,224.3,84.4,,,,
2026-06-10,18:09:39,TRA951N,PH-YHB,Airbus A321neo,Transavia,landing,arrivee,625,238.4,84.7,,,,
2026-06-10,18:12:09,TVF72AP,F-GZHY,Boeing 737-800,Transavia France,landing,arrivee,625,267.2,85.8,,,,
2026-06-10,18:16:46,RAM982,CN-ROY,Boeing 737-800,Royal Air Maroc,landing,arrivee,625,263.9,86.9,,,,
2026-06-10,18:19:13,NOZ6GA,LN-FGJ,Boeing 737 MAX 8,Norwegian,landing,arrivee,700,266.3,84.9,,,,
2026-06-10,18:22:20,TAP282,CS-TUR,Airbus A330-900neo,TAP Air Portugal,landing,arrivee,650,238.2,85.4,,,,
2026-06-10,18:25:01,TAP1542,CS-TJO,Airbus A321neo,TAP Air Portugal,landing,arrivee,625,255.6,72.7,,,,
2026-06-10,18:30:12,VLG5YW,EC-MOG,Airbus A320,Vueling,landing,arrivee,600,250.8,83.4,,,,
2026-06-10,18:31:49,RZO124,CS-TSM,Airbus A320,TAP Air Portugal,landing,arrivee,625,239.1,85.8,,,,
2026-06-10,18:36:29,TAP1439,CS-TPV,Embraer E190,TAP Air Portugal,landing,arrivee,600,226.7,61.4,,,,
2026-06-10,18:39:02,TAP35BL,CS-TTW,Embraer E195,TAP Air Portugal,landing,arrivee,600,261.5,75.1,,,,
2026-06-10,18:41:40,RYR85MR,9H-LOA,Airbus A320,Lauda Europe,landing,arrivee,600,249.8,85.9,,,,
2026-06-10,18:45:05,TAP1906,CS-TPU,Embraer E190,TAP Air Portugal,landing,arrivee,600,228.4,78.0,,,,
2026-06-10,18:47:27,TAP1455,CS-TPO,Embraer E190,TAP Air Portugal,landing,arrivee,625,251.5,72.2,,,,
2026-06-10,18:49:36,TAP1862,CS-TJL,Airbus A321neo,TAP Air Portugal,landing,arrivee,625,256.5,84.0,,,,
2026-06-10,18:52:45,TAP9540,CS-TUD,Airbus A330-900neo,TAP Air Portugal,landing,arrivee,625,239.1,85.9,,,,
2026-06-10,18:55:41,TAP1143,CS-TNT,Airbus A320,TAP Air Portugal,landing,arrivee,650,234.3,83.9,,,,
2026-06-10,18:57:54,EJU67HP,OE-LQT,Airbus A319,easyJet Europe,approach,arrivee,1075,239.1,57.9,,,,
2026-06-10,19:00:43,BEL2DT,OO-SBA,Airbus A320,Brussels Airlines,landing,arrivee,1025,225.8,59.9,,,,
2026-06-10,19:03:52,UAE5M,A6-EPM,Boeing 777-300ER,Emirates,landing,arrivee,625,260.0,88.7,,,,
2026-06-10,19:06:32,KLM71Y,PH-AXG,Airbus A321neo,KLM,landing,arrivee,650,262.4,84.5,,,,
2026-06-10,19:08:45,AEA1157,EC-NUZ,Boeing 737-800,Air Europa,landing,arrivee,600,257.2,83.6,,,,
2026-06-10,19:11:51,TAP435,CS-TNL,Airbus A320,TAP Air Portugal,landing,arrivee,650,253.2,84.7,,,,
2026-06-10,19:23:18,WZZ477,9H-LAW,B734,Wizz Air,landing,arrivee,600,226.7,76.8,,,,
2026-06-10,19:26:06,TAP671,CS-TVC,Airbus A320neo,TAP Air Portugal,landing,arrivee,600,255.6,78.0,,,,
2026-06-10,19:29:26,TAP1931,CS-TNK,Airbus A320,TAP Air Portugal,landing,arrivee,600,244.8,83.4,,,,
2026-06-10,19:33:45,EJU71TK,OE-ING,Airbus A320,easyJet Europe,landing,arrivee,600,238.4,84.2,,,,
2026-06-10,19:37:41,TAP871,CS-TPT,Embraer E190,TAP Air Portugal,landing,arrivee,600,226.7,83.6,,,,
2026-06-10,19:41:07,TAP825,CS-TVM,Airbus A320neo,TAP Air Portugal,landing,arrivee,600,236.7,84.0,,,,
2026-06-10,19:44:58,TAP25AC,CS-TPW,Embraer E190,TAP Air Portugal,landing,arrivee,775,235.6,82.5,,,,
2026-06-10,19:47:52,EJU9628,OE-LSV,Airbus A320neo,easyJet Europe,landing,arrivee,600,243.2,78.4,,,,
2026-06-10,19:50:07,TAP69UX,CS-TPQ,Embraer E190,TAP Air Portugal,landing,arrivee,900,211.9,85.2,,,,
2026-06-10,19:52:39,TAP563,CS-TNR,Airbus A320,TAP Air Portugal,approach,arrivee,1050,227.4,66.0,,,,
2026-06-10,19:55:50,KAL921,HL8576,Boeing 787-10,Korean Air,landing,arrivee,625,249.1,86.8,,,,
2026-06-10,19:58:26,TAP835,CS-TVJ,Airbus A320neo,TAP Air Portugal,landing,arrivee,600,251.5,83.5,,,,
2026-06-10,20:00:08,N5VJ,N5VJ,Falcon 900EX,Gama Aviation Signature,landing,arrivee,600,220.8,78.0,,,,
2026-06-10,20:02:35,RYR4ZF,EI-EBF,Boeing 737-800,Ryanair,landing,arrivee,600,258.4,55.0,,,,
2026-06-10,20:05:18,TAP53ED,CS-TTS,Airbus A319,TAP Air Portugal,landing,arrivee,600,230.8,83.7,,,,
2026-06-10,20:08:00,4ca569,EI-DWD,Boeing 737-800,Ryanair,landing,arrivee,1050,235.9,85.5,,,,
2026-06-10,20:11:28,TAP1155,CS-TVD,Airbus A320neo,TAP Air Portugal,landing,arrivee,625,207.4,84.4,,,,
2026-06-10,20:13:38,BLAST63,,,,landing,arrivee,1000,214.1,82.0,,,,
2026-06-10,20:18:21,WMT537,9H-WDQ,Airbus A321,Wizz Air,landing,arrivee,600,221.9,85.6,,,,
2026-06-10,20:21:10,TAP1019,CS-TTY,Embraer E195,TAP Air Portugal,landing,arrivee,575,239.1,81.8,,,,
2026-06-10,20:23:42,RYR5BP,9H-QBB,Boeing 737-800,Malta Air,landing,arrivee,600,254.8,61.2,,,,
2026-06-10,20:26:32,TAP94VA,CS-TVG,Airbus A320neo,TAP Air Portugal,landing,arrivee,625,244.3,78.4,,,,
2026-06-10,20:29:02,VLG8UE,EC-NUO,Airbus A320,Vueling,landing,arrivee,600,253.2,83.9,,,,
2026-06-10,20:31:45,IBE0537,EC-NDN,Airbus A320neo,Iberia,landing,arrivee,600,250.8,76.1,,,,
2026-06-10,20:34:17,RYR384,EI-IKI,Boeing 737 MAX 8,Ryanair,landing,arrivee,575,264.8,79.9,,,,
2026-06-10,20:37:11,TAP4TL,CS-TPX,Embraer E190,TAP Air Portugal,landing,arrivee,575,236.7,82.1,,,,
2026-06-10,20:39:45,VLG14YF,EC-JTR,Airbus A320,Vueling,landing,arrivee,650,250.4,85.0,,,,
2026-06-10,20:42:53,DTA652,D2-TEJ,Boeing 777-300ER,TAAG Angola Airlines,landing,arrivee,600,269.7,58.0,,,,
2026-06-10,20:44:39,TAP93ZS,CS-TJH,Airbus A321,TAP Air Portugal,landing,arrivee,1075,262.2,62.8,,,,
2026-06-10,20:48:08,RYR7GJ,9H-QAE,Boeing 737-800,Malta Air,landing,arrivee,550,262.8,68.3,,,,
2026-06-10,20:50:49,ELY375,4X-EKU,Boeing 737-800,El Al,landing,arrivee,550,279.7,70.4,,,,
2026-06-10,20:53:35,EJU89NC,OE-IDX,Airbus A320,easyJet Europe,landing,arrivee,575,251.5,78.1,,,,
2026-06-10,20:56:48,LBT6846,TS-INT,Airbus A320,Nouvelair Tunisie,landing,arrivee,600,249.5,60.7,,,,
2026-06-10,21:00:00,TAP1207,CS-TJM,Airbus A321neo,TAP Air Portugal,landing,arrivee,600,226.7,56.5,,,,
2026-06-10,21:01:50,RYR5KT,EI-DLY,Boeing 737-800,Ryanair,landing,arrivee,575,257.2,86.2,,,,
2026-06-10,21:04:38,RYR14SC,EI-IGI,Boeing 737 MAX 8,Ryanair,landing,arrivee,575,269.7,65.5,,,,
2026-06-10,21:07:36,EZY15UP,G-EZGX,Airbus A320,easyJet,landing,arrivee,575,266.5,59.6,,,,
2026-06-10,21:10:07,TAP437X,CS-TNJ,Airbus A320,TAP Air Portugal,landing,arrivee,575,256.5,77.6,,,,
2026-06-10,21:12:51,TAP1692,CS-TAW,Embraer E195,TAP Air Portugal,landing,arrivee,550,258.4,68.4,,,,
2026-06-10,21:16:02,TAP37CN,CS-TTX,Embraer E195,TAP Air Portugal,landing,arrivee,600,253.9,61.1,,,,
2026-06-10,21:18:08,EIN4PT,EI-DVM,Airbus A320,Aer Lingus,landing,arrivee,950,244.3,84.6,,,,
2026-06-10,21:21:26,RZO152,CS-TKQ,Airbus A320,TAP Air Portugal,landing,arrivee,575,250.8,63.0,,,,
2026-06-10,21:24:10,VOE54GD,EC-KMI,Airbus A320,Volotea,landing,arrivee,575,249.8,72.2,,,,
2026-06-10,21:26:58,RSX6077,,,,landing,arrivee,575,271.3,76.3,,,,
2026-06-10,21:29:50,TAP67U,CS-TVB,Airbus A320neo,TAP Air Portugal,landing,arrivee,575,246.7,67.4,,,,
2026-06-10,21:31:45,FIN20D,OH-LXB,Airbus A320,Finnair,landing,arrivee,975,244.3,85.2,,,,
2026-06-10,21:35:14,RYR2JL,EI-ILD,Boeing 737 MAX 8,Ryanair,landing,arrivee,575,270.4,67.9,,,,
2026-06-10,21:38:20,TAP863Y,CS-TPR,Embraer E190,TAP Air Portugal,landing,arrivee,550,225.0,73.4,,,,
2026-06-10,21:41:01,TAP57W,CS-TJI,Airbus A321neo,TAP Air Portugal,landing,arrivee,575,258.0,62.0,,,,
2026-06-10,21:43:39,RZO134,CS-TSY,Airbus A320,TAP Air Portugal,landing,arrivee,575,252.2,76.8,,,,
2026-06-10,21:45:23,EJU74LC,OE-IWW,Airbus A320,easyJet Europe,landing,arrivee,550,243.2,65.0,,,,
2026-06-10,21:52:22,TAP5AS,CS-TTR,Airbus A319,TAP Air Portugal,landing,arrivee,550,250.0,67.6,,,,
2026-06-10,21:54:56,TAP827V,CS-TNV,Airbus A320,TAP Air Portugal,landing,arrivee,575,245.9,63.9,,,,
2026-06-10,21:57:35,WJA32,C-GWJU,737NG 6CT,WestJet,landing,arrivee,600,252.4,77.3,,,,
2026-06-10,21:59:26,DLH34J,D-AIZS,Airbus A320,Lufthansa,landing,arrivee,550,243.5,66.4,,,,
2026-06-10,22:01:25,FIA5811,ER-00001,Airbus A321,Fly One,landing,arrivee,550,249.1,65.3,,,,
2026-06-10,22:04:43,EJU97HA,OE-LSF,Airbus A320neo,easyJet Europe,landing,arrivee,550,223.2,77.0,,,,
2026-06-10,22:07:20,TVF34QV,F-HTVR,Boeing 737-800,Transavia France,landing,arrivee,575,246.7,81.1,,,,
2026-06-10,22:10:13,TAP76EN,CS-TJF,Airbus A321,TAP Air Portugal,landing,arrivee,575,263.9,61.6,,,,
2026-06-10,22:13:26,TAP837,CS-TJJ,Airbus A321neo,TAP Air Portugal,landing,arrivee,575,223.2,70.2,,,,
2026-06-10,22:16:02,AFR64PQ,F-HEPH,Airbus A320,Air France,landing,arrivee,550,232.4,80.4,,,,
2026-06-10,22:18:47,EJU36BG,OE-IDS,Airbus A320,easyJet Europe,landing,arrivee,550,247.2,76.0,,,,
2026-06-10,22:22:20,TAP1933,CS-TPS,Embraer E190,TAP Air Portugal,landing,arrivee,550,215.2,77.8,,,,
2026-06-10,22:24:47,DLH64P,D-AIEJ,Airbus A321neo,Lufthansa,landing,arrivee,575,232.4,65.8,,,,
2026-06-10,22:26:25,BAW508,G-TNEB,Airbus A321neo,British Airways,landing,arrivee,550,250.8,59.1,,,,
2026-06-10,22:28:36,LZB563,LZ-ROM,A220-300,Bulgaria Air,landing,arrivee,575,235.2,78.2,,,,
2026-06-10,22:33:21,KLM35W,PH-AXD,Airbus A321neo,KLM,landing,arrivee,575,265.6,62.1,,,,
2026-06-10,22:36:29,TAP555,CS-TVF,Airbus A320neo,TAP Air Portugal,landing,arrivee,550,242.2,63.7,,,,
2026-06-10,22:39:02,TAP645,CS-TNM,Airbus A320,TAP Air Portugal,landing,arrivee,550,267.2,67.3,,,,
2026-06-10,22:42:17,TAP1369,CS-TJP,Airbus A321neo,TAP Air Portugal,landing,arrivee,550,268.9,61.7,,,,
2026-06-10,22:45:08,TAP64M,CS-TVH,Airbus A320neo,TAP Air Portugal,landing,arrivee,575,249.8,67.7,,,,
2026-06-10,22:50:17,AEE7PT,SX-NAW,Airbus A321neo,,landing,arrivee,575,254.8,63.3,,,,
2026-06-10,22:53:16,TVF47RH,F-GZHT,Boeing 737-800,Transavia France,landing,arrivee,550,263.9,69.5,,,,
2026-06-10,22:56:04,EJU74EP,OE-LUE,Airbus A320neo,easyJet Europe,landing,arrivee,550,258.9,68.4,,,,
2026-06-10,22:58:59,SEH922,SX-IOA,Airbus A320neo,,landing,arrivee,575,238.4,76.7,,,,
2026-06-10,23:01:53,TAP43RY,CS-TVI,Airbus A320neo,TAP Air Portugal,landing,arrivee,550,235.6,74.0,,,,
2026-06-10,23:03:54,THY2ES,TC-LPF,Airbus A321neo,Turkish Airlines,landing,arrivee,550,243.9,81.3,,,,
2026-06-10,23:05:55,TAP2308,CS-TNU,Airbus A320,TAP Air Portugal,landing,arrivee,550,254.7,76.6,,,,
2026-06-10,23:09:00,IBE0539,EC-IXD,Airbus A321,Iberia,landing,arrivee,525,270.0,67.3,,,,
2026-06-10,23:11:51,SWR755L,HB-JPF,Airbus A321neo,Swiss,landing,arrivee,550,278.0,72.4,,,,
2026-06-10,23:14:30,RYR67PW,9H-VUZ,Boeing 737 MAX 8,Malta Air,landing,arrivee,525,263.9,85.1,,,,
2026-06-10,23:18:04,TAP35MT,CS-TVA,Airbus A320neo,TAP Air Portugal,landing,arrivee,550,226.7,80.6,,,,
2026-06-10,23:23:10,EJU86ME,OE-IBF,Airbus A320,easyJet Europe,landing,arrivee,550,253.5,83.4,,,,
2026-06-10,23:26:17,DLH23C,D-AIJD,Airbus A320neo,Lufthansa,landing,arrivee,550,243.2,84.7,,,,
2026-06-10,23:29:18,EJU49AN,OE-LSP,Airbus A320,easyJet Europe,landing,arrivee,525,239.8,80.1,,,,
2026-06-10,23:31:28,TAP39PT,EC-OCT,Airbus A321,TAP Air Portugal,landing,arrivee,550,258.4,84.0,,,,
2026-06-10,23:37:47,TAP94KM,CS-TNS,Airbus A320,TAP Air Portugal,landing,arrivee,550,249.1,84.1,,,,
2026-06-10,23:54:14,EJU7690,OE-LSV,Airbus A320neo,easyJet Europe,landing,arrivee,575,224.3,78.2,,,,
2026-06-11,00:03:57,RYR65MU,EI-GJT,Boeing 737-800,Ryanair,landing,arrivee,550,267.2,62.1,,,,
2026-06-11,01:03:52,RZO128,CS-TSM,Airbus A320,TAP Air Portugal,landing,arrivee,550,244.8,82.4,,,,
2026-06-11,04:00:27,SWT133,EC-MAF,ATR 72 500F,Swiftair,landing,arrivee,550,160.9,84.0,,,,
2026-06-11,04:36:03,TAP1528,CS-TXD,Airbus A321neo,TAP Air Portugal,landing,arrivee,600,233.2,84.1,,,,
2026-06-11,04:38:33,TAP074,CS-TUP,Airbus A330-900neo,TAP Air Portugal,landing,arrivee,600,242.4,84.9,,,,
2026-06-11,04:44:36,TAP082,CS-TUO,Airbus A330-900neo,TAP Air Portugal,landing,arrivee,600,245.6,84.8,,,,
2026-06-11,05:26:35,TAP96AW,CS-TNT,Airbus A320,TAP Air Portugal,landing,arrivee,600,255.6,82.4,,,,
2026-06-11,05:44:45,TAP25YZ,CS-TXH,Airbus A321neo,TAP Air Portugal,landing,arrivee,600,257.2,82.7,,,,
2026-06-11,05:56:23,TAP1550,CS-TVM,Airbus A320neo,TAP Air Portugal,landing,arrivee,575,241.5,82.4,,,,
2026-06-11,05:58:33,TAP1937,CS-TNJ,Airbus A320,TAP Air Portugal,landing,arrivee,575,239.1,82.3,,,,
2026-06-11,06:00:40,TAP1544,CS-TVC,Airbus A320neo,TAP Air Portugal,landing,arrivee,575,240.8,80.6,,,,
2026-06-11,06:03:32,TAP202A,CS-TXG,Airbus A321neo,TAP Air Portugal,landing,arrivee,575,256.5,82.1,,,,
2026-06-11,06:06:10,TAP224,CS-TUF,Airbus A330-900neo,TAP Air Portugal,landing,arrivee,625,251.5,83.9,,,,
2026-06-11,06:09:23,TAP1484,CS-TVQ,Airbus A320neo,TAP Air Portugal,landing,arrivee,600,238.4,82.1,,,,
2026-06-11,06:12:04,TAP218,CS-TXL,Airbus A321neo,TAP Air Portugal,landing,arrivee,575,238.4,83.3,,,,
2026-06-11,06:15:08,TAP1097,CS-TPQ,Embraer E190,TAP Air Portugal,landing,arrivee,600,232.4,81.6,,,,
2026-06-11,06:23:36,TAP11VP,CS-TPX,Embraer E190,TAP Air Portugal,landing,arrivee,550,226.7,82.0,,,,
2026-06-11,06:26:12,TSC680,C-GPTS,Airbus A330-200,Air Transat,landing,arrivee,575,245.6,83.2,,,,
2026-06-11,06:29:06,TAP1139,CS-TPU,Embraer E190,TAP Air Portugal,landing,arrivee,575,225.0,81.8,,,,
2026-06-11,06:31:48,TAP232Y,CS-TXJ,Airbus A321neo,TAP Air Portugal,landing,arrivee,575,237.4,82.9,,,,
2026-06-11,06:34:59,TAY1MN,OE-IXB,Boeing 737-800,ASL Airlines Belgium,landing,arrivee,600,245.6,57.0,,,,
2026-06-11,06:36:51,49514d,CS-TJM,Airbus A321neo,TAP Air Portugal,landing,arrivee,1200,256.5,82.0,,,,
2026-06-11,06:44:26,TAP104,CS-TOO,Airbus A330-200,TAP Air Portugal,landing,arrivee,575,249.1,62.9,,,,
2026-06-11,06:50:57,TAP1908,CS-TTR,Airbus A319,TAP Air Portugal,landing,arrivee,575,225.8,65.3,,,,
2026-06-11,06:53:52,AEA1159,EC-MUZ,Boeing 737-800,Air Europa,landing,arrivee,550,255.9,60.3,,,,
2026-06-11,07:08:23,SRR6646,OY-SRM,767 25EBDSF,Star Air,landing,arrivee,625,207.4,56.5,,,,
2026-06-11,07:10:59,TAM8146,PT-MUA,Boeing 777-300ER,LATAM Airlines,landing,arrivee,600,251.5,59.8,,,,
2026-06-11,07:13:40,TAP441,CS-TJN,Airbus A321neo,TAP Air Portugal,landing,arrivee,575,255.6,56.5,,,,
2026-06-11,07:16:29,TAP98CX,CS-TJP,Airbus A321neo,TAP Air Portugal,landing,arrivee,575,258.9,66.2,,,,
2026-06-11,07:19:20,TAP058,CS-TUS,Airbus A330-900neo,TAP Air Portugal,landing,arrivee,575,239.1,60.6,,,,
2026-06-11,07:22:30,BCS2FC,D-AEAT,A300 B4-622RF,DHL Air,landing,arrivee,575,230.8,59.2,,,,
2026-06-11,07:25:41,IBE05TR,EC-NFH,Airbus A320neo,Iberia,landing,arrivee,575,231.5,58.0,,,,
2026-06-11,07:28:42,TAP9ML,CS-TVG,Airbus A320neo,TAP Air Portugal,landing,arrivee,625,249.8,59.6,,,,
2026-06-11,07:38:03,TAP945,CS-TVP,Airbus A320neo,TAP Air Portugal,landing,arrivee,575,222.8,58.1,,,,
2026-06-11,07:41:02,EZS98FK,HB-JXO,Airbus A320,easyJet Switzerland,landing,arrivee,575,250.8,60.6,,,,
2026-06-11,07:43:46,TAP9RH,CS-TVN,Airbus A320neo,TAP Air Portugal,landing,arrivee,550,250.8,63.3,,,,
2026-06-11,07:46:29,TAP8RL,CS-TNL,Airbus A320,TAP Air Portugal,landing,arrivee,575,238.2,60.3,,,,
2026-06-11,07:48:48,DAL272,N427DX,Airbus A330-900neo,Delta Air Lines,landing,arrivee,575,250.8,62.9,,,,
2026-06-11,07:51:22,RYR24SE,9H-QAC,Boeing 737-800,Malta Air,landing,arrivee,550,250.8,56.3,,,,
2026-06-11,07:53:14,TAP647,CS-TNK,Airbus A320,TAP Air Portugal,landing,arrivee,575,244.8,65.3,,,,
2026-06-11,07:56:22,VLG7PA,EC-KCU,Airbus A320,Vueling,landing,arrivee,575,244.8,57.0,,,,
2026-06-11,07:59:17,TAP1023,CS-TVK,Airbus A320neo,TAP Air Portugal,landing,arrivee,550,229.8,73.7,,,,
2026-06-11,08:02:10,AZU8750,CS-TGD,Airbus A330-200,Azul,landing,arrivee,550,244.8,82.6,,,,
2026-06-11,08:05:08,TAP1939,CS-TPW,Embraer E190,TAP Air Portugal,landing,arrivee,525,230.8,81.3,,,,
2026-06-11,08:07:46,TAP575,CS-TVO,Airbus A320neo,TAP Air Portugal,landing,arrivee,550,222.6,75.2,,,,
2026-06-11,08:10:36,TAP557H,CS-TJK,Airbus A321neo,TAP Air Portugal,landing,arrivee,575,222.6,81.4,,,,
2026-06-11,08:13:28,TAP27UZ,CS-TPV,Embraer E190,TAP Air Portugal,landing,arrivee,525,219.1,81.8,,,,
2026-06-11,08:16:10,VLG46AX,EC-NLV,Airbus A321,Vueling,landing,arrivee,525,256.5,83.7,,,,
2026-06-11,08:18:56,TAP53EI,CS-TNQ,Airbus A320,TAP Air Portugal,landing,arrivee,550,239.8,84.6,,,,
2026-06-11,08:29:53,AFR35VY,F-GRXF,Airbus A319,Air France,landing,arrivee,525,231.9,85.4,,,,
2026-06-11,08:33:03,TAP63GL,CS-TJL,Airbus A321neo,TAP Air Portugal,landing,arrivee,525,258.9,82.9,,,,
2026-06-11,08:35:56,TAP244,CS-TUJ,Airbus A330-900neo,TAP Air Portugal,landing,arrivee,550,249.8,85.7,,,,
2026-06-11,08:38:47,TAP757P,CS-TVL,Airbus A320,TAP Air Portugal,landing,arrivee,525,250.8,81.8,,,,
2026-06-11,08:41:40,TVF55WH,F-HUYA,Boeing 737-800,Transavia France,landing,arrivee,525,260.8,85.3,,,,
2026-06-11,08:46:50,EWG37V,OK-TSU,Boeing 737-800,Eurowings,landing,arrivee,550,269.7,86.8,,,,
2026-06-11,08:49:00,RYR98HW,EI-IKT,Boeing 737 MAX 8,Ryanair,landing,arrivee,850,267.2,86.5,,,,
2026-06-11,08:51:31,EJU71TK,OE-LQG,Airbus A319,easyJet Europe,landing,arrivee,550,246.7,85.8,,,,
2026-06-11,08:55:02,UAL64,N12020,Boeing 787-10,United Airlines,landing,arrivee,500,270.8,86.7,,,,
2026-06-11,09:03:20,SWT130,EC-MAF,ATR 72 500F,Swiftair,approach,arrivee,525,210.2,85.6,,,,
2026-06-11,09:10:00,RYR4XW,EI-EVX,Boeing 737-800,Ryanair,landing,arrivee,525,284.8,87.5,,,,
2026-06-11,09:13:14,TAP443,CS-TJS,Airbus A321neo,TAP Air Portugal,landing,arrivee,550,258.9,82.6,,,,
2026-06-11,09:16:01,EZY79RV,G-UJEC,Airbus A320neo,easyJet,landing,arrivee,550,261.5,84.0,,,,
2026-06-11,09:18:06,NSZ3616,SE-RTV,Boeing 737 MAX 8,,landing,arrivee,1025,258.9,60.9,,,,
2026-06-11,09:23:59,AAL258,N835AN,Boeing 787-9,American Airlines,landing,arrivee,550,273.2,85.5,,,,
2026-06-11,09:26:52,TSC480,C-GUFZ,Airbus A330-200,Air Transat,landing,arrivee,550,251.5,87.2,,,,
2026-06-11,09:29:37,TAP052,CS-TXI,Airbus A321neo,TAP Air Portugal,landing,arrivee,550,264.8,84.3,,,,
2026-06-11,09:32:34,TAP072,CS-TUK,Airbus A330-900neo,TAP Air Portugal,landing,arrivee,525,245.6,86.3,,,,
2026-06-11,09:35:24,TAP036,EC-OLG,Airbus A330-300,TAP Air Portugal,landing,arrivee,550,258.7,86.8,,,,
2026-06-11,09:38:07,TAP66PD,CS-TVJ,Airbus A320neo,TAP Air Portugal,landing,arrivee,525,279.7,85.6,,,,
2026-06-11,09:50:55,EJU93DL,OE-ISC,Airbus A321neo,easyJet Europe,landing,arrivee,550,269.7,84.8,,,,
2026-06-11,09:53:29,TAP832,CS-TJN,Airbus A321neo,TAP Air Portugal,landing,arrivee,550,274.8,83.7,,,,
2026-06-11,09:55:54,THY3WE,TC-LTG,Airbus A321neo,Turkish Airlines,landing,arrivee,525,250.8,85.0,,,,
2026-06-11,09:58:42,AEE2PT,SX-NAQ,Airbus A321neo,,landing,arrivee,525,245.6,85.9,,,,
2026-06-11,10:01:32,ACA812,C-FDHG,Airbus A330-300,Air Canada,landing,arrivee,525,254.1,86.1,,,,
2026-06-11,10:04:01,TRA97Q,PH-YHV,Airbus A321neo,Transavia,landing,arrivee,525,271.3,85.5,,,,
2026-06-11,10:06:33,TAP1921,CS-TNV,Airbus A320,TAP Air Portugal,landing,arrivee,600,243.2,85.2,,,,
2026-06-11,10:09:20,TAP012,CS-TUC,Airbus A330-900neo,TAP Air Portugal,landing,arrivee,550,263.2,87.3,,,,
2026-06-11,10:12:24,EJU97VT,OE-IBF,Airbus A320,easyJet Europe,landing,arrivee,525,263.2,85.5,,,,
2026-06-11,10:15:02,TAP088,CS-TUQ,Airbus A330-900neo,TAP Air Portugal,landing,arrivee,550,264.1,89.0,,,,
2026-06-11,10:17:25,TAP216L,CS-TXF,Airbus A321neo,TAP Air Portugal,landing,arrivee,1050,258.9,63.2,,,,
2026-06-11,10:20:46,EZY47LC,G-EZWP,Airbus A320,easyJet,landing,arrivee,525,247.2,86.6,,,,
2026-06-11,10:23:32,TAP210,CS-TUB,Airbus A330-900neo,TAP Air Portugal,landing,arrivee,575,253.9,86.4,,,,
2026-06-11,10:26:12,RYR3WD,EI-ILD,Boeing 737 MAX 8,Ryanair,landing,arrivee,525,269.7,84.5,,,,
2026-06-11,10:28:54,TAP254,CS-TXM,Airbus A321,TAP Air Portugal,landing,arrivee,525,254.8,85.1,,,,
2026-06-11,10:31:50,TAP13LH,CS-TJO,Airbus A321neo,TAP Air Portugal,landing,arrivee,550,268.0,84.4,,,,
2026-06-11,10:34:27,TAP1826,CS-TVD,Airbus A320neo,TAP Air Portugal,landing,arrivee,525,255.6,84.3,,,,
2026-06-11,10:37:38,AZU8752,PR-ANU,Airbus A330-900neo,Azul,landing,arrivee,600,243.2,89.3,,,,
2026-06-11,10:40:37,DAL124,N406DX,Airbus A330-900neo,Delta Air Lines,landing,arrivee,575,264.8,84.7,,,,
2026-06-11,10:43:23,AEA1153,EC-NUZ,Boeing 737-800,Air Europa,landing,arrivee,525,272.1,85.2,,,,
2026-06-11,10:45:41,KLM1579,PH-AXK,Airbus A321neo,KLM,landing,arrivee,550,246.7,84.3,,,,
2026-06-11,10:47:27,TAP1923,CS-TTW,Embraer E195,TAP Air Portugal,landing,arrivee,500,252.4,84.1,,,,
2026-06-11,10:49:21,EIN82T,EI-DVM,Airbus A320,Aer Lingus,landing,arrivee,550,249.8,85.0,,,,
2026-06-11,10:52:34,LGL51P,LX-LBR,Boeing 737-700,Luxair,landing,arrivee,525,250.8,85.5,,,,
2026-06-11,10:55:22,TAP68JP,CS-TAW,Embraer E195,TAP Air Portugal,landing,arrivee,500,253.2,84.7,,,,
2026-06-11,10:58:04,EJU74EF,OE-IDX,Airbus A320,easyJet Europe,landing,arrivee,525,255.6,86.2,,,,
2026-06-11,11:00:39,TAP234Y,CS-TXC,Airbus A321neo,TAP Air Portugal,landing,arrivee,550,263.9,85.7,,,,
2026-06-11,11:03:26,BEL2DY,OO-SBC,Airbus A320,Brussels Airlines,landing,arrivee,525,258.0,85.2,,,,
2026-06-11,11:05:55,TAP204A,CS-TUA,Airbus A330-900neo,TAP Air Portugal,landing,arrivee,575,246.7,86.3,,,,
2026-06-11,11:08:29,TAP262M,CS-TXA,Airbus A321neo,TAP Air Portugal,landing,arrivee,550,263.2,84.9,,,,
2026-06-11,11:10:23,39e68f,F-HZUP,BD-500-1A11,Air France,cruise,,1050,0.0,60.4,,,,
2026-06-11,11:13:50,EJU4763,OE-IVS,Airbus A320,easyJet Europe,landing,arrivee,550,257.2,84.8,,,,
2026-06-11,11:28:37,RYR1316,EI-ENL,Boeing 737-800,Ryanair,landing,arrivee,550,278.9,87.0,,,,
2026-06-11,11:32:05,DLH39X,D-AIEM,Airbus A321neo,Lufthansa,landing,arrivee,575,259.7,86.6,,,,
2026-06-11,11:34:32,UAL942,N783UA,Boeing 777-200,United Airlines,landing,arrivee,600,251.7,89.2,,,,
2026-06-11,11:37:22,RZO120,CS-TSJ,Airbus A321neo,TAP Air Portugal,landing,arrivee,525,278.7,87.4,,,,
2026-06-11,11:39:48,ACA810,C-FITU,Boeing 777-300ER,Air Canada,landing,arrivee,550,274.5,90.3,,,,
2026-06-11,11:42:39,RAM980E,CN-ROR,Boeing 737-800,Royal Air Maroc,landing,arrivee,525,283.5,86.0,,,,
2026-06-11,11:45:28,TAP429,CS-TPR,Embraer E190,TAP Air Portugal,landing,arrivee,575,254.8,84.2,,,,
2026-06-11,11:48:06,TAP11WQ,CS-TVI,Airbus A320neo,TAP Air Portugal,landing,arrivee,525,268.0,81.5,,,,
2026-06-11,11:50:09,TAP23SL,CS-TUL,Airbus A330-900neo,TAP Air Portugal,landing,arrivee,1000,258.9,70.1,,,,
2026-06-11,11:53:22,RYR95SN,EI-GXM,Boeing 737-800,Ryanair,landing,arrivee,550,273.9,87.0,,,,
2026-06-11,11:56:08,TAP1925,CS-TVK,Airbus A320neo,TAP Air Portugal,landing,arrivee,525,260.8,84.3,,,,
2026-06-11,11:58:43,TAP028,CS-TUM,Airbus A330-900neo,TAP Air Portugal,landing,arrivee,550,263.9,85.3,,,,
2026-06-11,12:01:40,IBE05FV,EC-KHM,Airbus A319,Iberia,landing,arrivee,550,252.4,84.4,,,,
2026-06-11,12:04:09,UAE3MV,A6-EPD,Boeing 777-300ER,Emirates,landing,arrivee,525,288.9,91.3,,,,
2026-06-11,12:06:53,EJU14GP,OE-LSV,Airbus A320neo,easyJet Europe,landing,arrivee,525,268.2,84.4,,,,
2026-06-11,12:09:09,TAP1902,CS-TNR,Airbus A320,TAP Air Portugal,landing,arrivee,550,262.4,86.0,,,,
2026-06-11,12:11:52,TAP110,CS-TOP,Airbus A330-200,TAP Air Portugal,landing,arrivee,550,253.9,60.6,,44.87,,
2026-06-11,12:16:37,348342,EC-OND,Airbus A330-300,,landing,arrivee,1025,260.8,63.1,,7.54,,
2026-06-11,12:20:03,EWG66L,D-ABHF,Airbus A320,Eurowings,landing,arrivee,550,255.6,60.0,,38.01,,
2026-06-11,12:22:30,RYR63TC,9H-VUZ,Boeing 737 MAX 8,Malta Air,landing,arrivee,550,285.8,85.8,,,,
2026-06-11,12:31:28,EJU56VP,OE-LUE,Airbus A320neo,easyJet Europe,landing,arrivee,525,247.2,84.4,,,,
2026-06-11,12:34:10,EJU38DF,OE-IDS,Airbus A320,easyJet Europe,landing,arrivee,525,268.9,62.5,,27.27,,
2026-06-11,12:39:37,49520f,CS-TPO,Embraer E190,TAP Air Portugal,cruise,,1025,0.0,59.3,,7.38,,
2026-06-11,12:44:31,TAP1151,CS-TAX,Embraer E195,TAP Air Portugal,landing,arrivee,550,274.1,86.7,,,,
2026-06-11,12:47:01,EJU76WL,OE-IJD,Airbus A320,easyJet Europe,landing,arrivee,1175,273.9,59.2,,,,
2026-06-11,12:52:47,RZO122,CS-TSI,Airbus A321neo,TAP Air Portugal,landing,arrivee,550,284.1,59.5,,26.06,,
2026-06-11,12:55:15,TVF46JB,F-GZHA,Boeing 737-800,Transavia France,landing,arrivee,950,284.5,57.5,,45.05,,
2026-06-11,13:00:42,TAP1031,CS-TJH,Airbus A321,TAP Air Portugal,landing,arrivee,550,290.6,62.4,,25.86,,
2026-06-11,13:03:42,TAP145W,CS-TTY,Embraer E195,TAP Air Portugal,approach,arrivee,550,269.3,59.5,,22.26,,
2026-06-11,13:06:50,VLG8JM,EC-NYF,Airbus A321,Vueling,landing,arrivee,525,259.7,58.7,,27.66,,
2026-06-11,13:10:14,TAP1335,CS-TNT,Airbus A320,TAP Air Portugal,landing,arrivee,600,261.5,57.2,,31.73,,
2026-06-11,13:13:30,EJU74WP,OE-IJL,Airbus A320,easyJet Europe,landing,arrivee,525,273.2,84.0,,,,
2026-06-11,13:16:18,TAP831,CS-TJI,Airbus A321neo,TAP Air Portugal,landing,arrivee,575,263.9,86.4,,,,
2026-06-11,13:18:52,TAP1736,CS-TPW,Embraer E190,TAP Air Portugal,landing,arrivee,550,260.8,66.3,,20.98,,
2026-06-11,13:21:46,EJU98EV,OE-IVU,Airbus A320,easyJet Europe,landing,arrivee,550,278.9,85.9,,,,
2026-06-11,13:27:01,TAP641,CS-TVM,Airbus A320neo,TAP Air Portugal,landing,arrivee,525,276.5,84.4,,,,
2026-06-11,13:33:14,SWR32F,HB-JCT,A220 300,Swiss,landing,arrivee,550,270.8,62.8,,23.36,,
2026-06-11,13:36:04,EJU94NF,OE-LSF,Airbus A320neo,easyJet Europe,landing,arrivee,550,285.6,86.3,,,,
2026-06-11,13:38:46,TAP3961,CS-TXB,Airbus A321neo,TAP Air Portugal,landing,arrivee,575,258.0,83.1,,,,
2026-06-11,13:41:25,DLH47T,D-AIEJ,Airbus A321neo,Lufthansa,landing,arrivee,600,270.8,57.4,,25.71,,
2026-06-11,13:46:02,TAP823,CS-TVH,Airbus A320neo,TAP Air Portugal,landing,arrivee,550,281.3,57.1,,24.02,,
2026-06-11,13:49:00,RZO150,CS-TKQ,Airbus A320,TAP Air Portugal,landing,arrivee,575,273.2,86.9,,,,
2026-06-11,13:52:09,TCV606,D4-CCI,Boeing 737-700,Cabo Verde Airlines,cruise,,525,268.0,67.9,,24.88,,
2026-06-11,13:54:46,TAP1860,CS-TJM,Airbus A321neo,TAP Air Portugal,landing,arrivee,575,264.8,87.1,,,,
2026-06-11,13:57:19,TAP1013,CS-TVO,Airbus A320neo,TAP Air Portugal,landing,arrivee,550,263.2,59.0,,18.13,,
2026-06-11,13:59:51,TAP43JD,CS-TNM,Airbus A320,TAP Air Portugal,landing,arrivee,575,270.8,87.0,,,,
2026-06-11,14:02:57,TAP86GM,CS-TVB,Airbus A320neo,TAP Air Portugal,landing,arrivee,550,259.7,62.0,,22.09,,
2026-06-11,14:05:53,TAP1155,CS-TPU,Embraer E190,TAP Air Portugal,landing,arrivee,550,262.4,59.2,,20.96,,
2026-06-11,14:08:32,BAW5LI,G-TTNX,Airbus A320neo,British Airways,landing,arrivee,550,261.5,60.1,,19.68,,
2026-06-11,14:11:09,TAP88TM,CS-TPT,Embraer E190,TAP Air Portugal,landing,arrivee,600,267.2,58.8,,34.55,,
2026-06-11,14:16:46,TAP36GS,CS-TVC,Airbus A320neo,TAP Air Portugal,landing,arrivee,600,295.8,58.1,,26.62,,
2026-06-11,14:19:23,RYR3663,EI-EKR,Boeing 737-800,Ryanair,landing,arrivee,625,301.3,88.3,,,,
2026-06-11,14:23:35,TAP084,CS-TUE,Airbus A330-900neo,TAP Air Portugal,landing,arrivee,600,274.8,59.6,,28.78,,
2026-06-11,14:32:42,AFR37EQ,F-HBNJ,Airbus A320,Air France,landing,arrivee,800,288.5,87.1,,,,
2026-06-11,14:35:58,SWR2BK,HB-JPE,Airbus A321neo,Swiss,landing,arrivee,625,275.6,55.5,,23.3,,
2026-06-11,14:38:38,KLM97N,PH-AXE,Airbus A321neo,KLM,landing,arrivee,625,274.1,55.2,,24.86,,
2026-06-11,14:40:58,RYR12SN,EI-ENM,Boeing 737-800,Ryanair,landing,arrivee,575,302.1,88.1,,,,
2026-06-11,14:44:00,EJU41HA,OE-LSP,Airbus A320,easyJet Europe,landing,arrivee,625,288.9,56.3,,26.66,,
2026-06-11,14:50:10,TAP941,CS-TJP,Airbus A321neo,TAP Air Portugal,landing,arrivee,600,290.4,58.4,,20.79,,
2026-06-11,14:52:46,EJU32WQ,OE-IWW,Airbus A320,easyJet Europe,landing,arrivee,575,273.9,85.6,,,,
2026-06-11,14:55:24,TAP1127,CS-TTR,Airbus A319,TAP Air Portugal,landing,arrivee,550,274.8,87.9,,,,
2026-06-11,14:57:41,RYR4ZF,9H-QCB,Boeing 737-800,Malta Air,landing,arrivee,575,300.6,87.0,,,,
2026-06-11,15:36:40,TAP1105,CS-TPR,Embraer E190,TAP Air Portugal,landing,arrivee,550,264.8,82.9,,,,
2026-06-11,15:43:57,TAP553R,CS-TXG,Airbus A321neo,TAP Air Portugal,landing,arrivee,575,272.4,86.3,,,,
2026-06-11,15:49:26,TAP669,CS-TXL,Airbus A321neo,TAP Air Portugal,landing,arrivee,575,278.2,66.1,,27.86,,
2026-06-11,15:51:17,TAP571,CS-TVA,Airbus A320neo,TAP Air Portugal,landing,arrivee,550,270.8,87.2,,,,
2026-06-11,15:54:26,TAP931L,CS-TVP,Airbus A320neo,TAP Air Portugal,landing,arrivee,575,270.8,84.6,,,,
2026-06-11,15:58:59,TAP31DB,CS-TXK,Airbus A321,TAP Air Portugal,landing,arrivee,625,280.6,85.7,,,,
2026-06-11,16:00:51,EWG25P,D-AIDP,Airbus A321,Eurowings,landing,arrivee,925,298.2,87.8,,,,
2026-06-11,16:04:12,ANE91TE,EC-MNQ,Bombardier CRJ-1000,Air Nostrum,landing,arrivee,600,283.0,84.0,,,,
2026-06-11,16:08:38,TAP90EH,CS-TPV,Embraer E190,TAP Air Portugal,landing,arrivee,550,268.2,86.7,,,,
2026-06-11,16:11:03,TAP10NL,CS-TNV,Airbus A320,TAP Air Portugal,landing,arrivee,575,278.9,87.7,,,,
2026-06-11,16:15:20,TAP17RA,CS-TVR,Airbus A320neo,TAP Air Portugal,landing,arrivee,275,267.2,62.0,,,,
2026-06-11,16:16:51,EZY46AK,G-UZHU,Airbus A320neo,easyJet,landing,arrivee,400,274.8,88.0,,76.69,,
2026-06-11,16:19:41,BAW5DW,G-TNEF,Airbus A321neo,British Airways,landing,arrivee,575,278.9,88.3,,,,
2026-06-11,16:22:15,TAP1137,CS-TTW,Embraer E195,TAP Air Portugal,landing,arrivee,575,269.3,86.5,,,,
2026-06-11,16:23:45,TAP433,CS-TNS,Airbus A320,TAP Air Portugal,landing,arrivee,675,280.0,89.7,,,,
2026-06-11,16:25:45,TAP763,EC-OCT,Airbus A321,TAP Air Portugal,landing,arrivee,575,301.3,89.3,,,,
2026-06-11,16:28:00,TAP120R,CS-TNU,Airbus A320,TAP Air Portugal,landing,arrivee,575,275.6,89.5,,,,
2026-06-11,16:29:59,EJU95BR,OE-IDX,Airbus A320,easyJet Europe,landing,arrivee,575,275.6,61.3,,24.53,,
2026-06-11,16:32:35,TAP1359,CS-TXJ,Airbus A321neo,TAP Air Portugal,landing,arrivee,650,298.9,84.0,,,,
2026-06-11,16:34:07,RYR32KG,EI-EVP,Boeing 737-800,Ryanair,landing,arrivee,400,296.5,61.2,,,,
2026-06-11,16:35:39,TAP9647,CS-TJR,Airbus A321neo,TAP Air Portugal,landing,arrivee,600,259.7,85.0,,,,
2026-06-11,16:37:24,EJU78LB,OE-ISC,Airbus A321neo,easyJet Europe,landing,arrivee,600,294.8,63.4,,22.97,,
2026-06-11,16:41:00,MMZ100P,,,,landing,arrivee,575,254.1,92.1,,,,
2026-06-11,16:45:30,TAP15NC,CS-TVK,Airbus A320neo,TAP Air Portugal,landing,arrivee,625,260.8,61.8,,18.5,,
2026-06-11,16:55:44,RYR9654,9H-VUF,Boeing 737 MAX 8,Malta Air,landing,arrivee,575,289.3,89.0,,,,
2026-06-11,16:58:36,TAP1929,CS-TNQ,Airbus A320,TAP Air Portugal,landing,arrivee,600,257.2,61.8,,25.0,,
2026-06-11,17:01:15,TAP1824,CS-TJJ,Airbus A321neo,TAP Air Portugal,landing,arrivee,800,278.2,62.5,,21.54,,
2026-06-11,17:04:45,VLG9QY,EC-KRH,Airbus A320,Vueling,landing,arrivee,600,278.9,65.5,,22.0,,
2026-06-11,17:07:25,TAP226,CS-TUI,Airbus A330-900neo,TAP Air Portugal,landing,arrivee,600,282.1,91.1,,,,
2026-06-11,17:10:00,WMT1489,9H-WBP,Airbus A320,Lauda Europe,landing,arrivee,575,258.9,87.3,,,,
2026-06-11,17:12:27,RYR9QJ,EI-EMD,Boeing 737-800,Ryanair,landing,arrivee,575,293.7,64.9,,29.72,,
2026-06-11,17:15:10,TRA27L,PH-HXJ,Boeing 737-800,Transavia,landing,arrivee,575,293.0,90.0,,,,
2026-06-11,17:17:51,RYR85MR,9H-LOZ,Airbus A320,Lauda Europe,landing,arrivee,600,266.3,62.7,,30.57,,
2026-06-11,17:19:49,TVF72AP,F-HUYH,Boeing 737-800,Transavia France,landing,arrivee,950,283.0,61.0,,55.49,,
2026-06-11,17:23:05,TAP83RS,CS-TJN,Airbus A321neo,TAP Air Portugal,landing,arrivee,600,252.4,87.8,,,,
2026-06-11,17:25:13,RAM982,CN-RHK,Boeing 737 MAX 8,Royal Air Maroc,landing,arrivee,925,286.5,89.6,,,,
2026-06-11,17:28:35,EJU45HZ,OE-LSV,Airbus A320neo,easyJet Europe,landing,arrivee,550,247.2,65.3,,16.5,,
2026-06-11,17:30:35,RYR7GJ,EI-DCX,Boeing 737-800,Ryanair,landing,arrivee,850,281.7,63.6,,47.84,,
2026-06-11,17:36:59,AFR24MF,F-HBLV,Embraer E190,Air France,landing,arrivee,550,253.2,86.1,,,,
2026-06-11,17:38:30,TAP1337,CS-TNL,Airbus A320,TAP Air Portugal,landing,arrivee,825,276.3,62.6,,26.96,,
2026-06-11,17:41:32,BAW506,G-DBCG,Airbus A319,British Airways,landing,arrivee,600,249.1,61.3,,24.48,,
2026-06-11,17:43:41,TRA9H,PH-HSB,Boeing 737-800,Turkish Airlines,landing,arrivee,775,290.6,61.6,,31.75,,
2026-06-11,17:46:38,TAP1558,CS-TVQ,Airbus A320neo,TAP Air Portugal,landing,arrivee,600,258.9,64.7,,17.73,,
2026-06-11,17:49:26,TAP643,CS-TJL,Airbus A321neo,TAP Air Portugal,landing,arrivee,575,254.7,88.7,,,,
2026-06-11,17:54:41,TAP298,CS-TUR,Airbus A330-900neo,TAP Air Portugal,landing,arrivee,625,264.8,61.6,,38.05,,
2026-06-11,18:05:57,TAP1852,CS-TPQ,Embraer E190,TAP Air Portugal,landing,arrivee,550,229.1,61.4,,20.65,,
2026-06-11,18:13:33,TAP1542,CS-TVG,Airbus A320neo,TAP Air Portugal,landing,arrivee,600,259.7,62.9,,20.13,,
2026-06-11,18:16:28,RZO124,CS-TSK,Airbus A320,TAP Air Portugal,landing,arrivee,600,258.9,87.4,,,,
2026-06-11,18:18:13,RYR5KT,EI-EFD,Boeing 737-800,Ryanair,landing,arrivee,950,288.0,61.7,,56.83,,
2026-06-11,18:21:38,VLG5YW,EC-MAH,Airbus A320,Vueling,landing,arrivee,550,259.7,66.9,,27.2,,
2026-06-11,18:24:29,TRA951N,PH-YHR,Airbus A321neo,Transavia,landing,arrivee,575,253.9,89.8,,,,
2026-06-11,18:29:29,NSZ2WK,SE-RTG,Boeing 737 MAX 8,Norwegian Air Sweden AOC,landing,arrivee,575,289.8,87.7,,,,
2026-06-11,18:32:22,TAP1439,CS-TNM,Airbus A320,TAP Air Portugal,landing,arrivee,575,250.8,62.9,,34.78,,
2026-06-11,18:34:15,TAP435,CS-TJO,Airbus A321neo,TAP Air Portugal,landing,arrivee,975,260.8,87.8,,,,
2026-06-11,18:37:25,EZY25BM,G-EZBH,Airbus A319,easyJet,landing,arrivee,575,249.8,88.5,,,,
2026-06-11,18:40:06,TAP1017,CS-TVB,Airbus A320neo,TAP Air Portugal,landing,arrivee,575,249.1,61.4,,18.93,,
2026-06-11,18:42:39,TVF35GD,F-GZHP,Boeing 737-800,Transavia France,landing,arrivee,550,277.2,89.4,,,,
2026-06-11,18:45:23,TAP35BL,CS-TPZ,Embraer E190,TAP Air Portugal,landing,arrivee,550,249.8,87.0,,,,
2026-06-11,18:48:13,TAY2MN,OE-IXB,Boeing 737-800,ASL Airlines Belgium,landing,arrivee,575,253.2,87.3,,,,
2026-06-11,18:50:56,EJU92TK,OE-LQN,Airbus A319,easyJet Europe,landing,arrivee,575,253.9,61.2,,24.13,,
2026-06-11,18:53:33,TAP1906,CS-TTR,Airbus A319,TAP Air Portugal,landing,arrivee,575,255.4,89.0,,,,
2026-06-11,18:56:11,BEL2DT,OO-SNL,Airbus A320,Brussels Airlines,landing,arrivee,575,254.8,63.5,,29.17,,
2026-06-11,18:58:41,KLM71Y,PH-AXI,Airbus A321neo,KLM,landing,arrivee,575,275.6,62.8,,18.63,,
2026-06-11,19:01:31,TAP10EV,CS-TPX,Embraer E190,TAP Air Portugal,landing,arrivee,575,249.8,87.4,,,,
2026-06-11,19:10:11,WZZ477,HA-LZX,Airbus A321neo,Wizz Air,landing,arrivee,575,270.8,65.2,,20.83,,
2026-06-11,19:14:03,TAP1931,CS-TVP,Airbus A320neo,TAP Air Portugal,landing,arrivee,600,233.2,61.3,,18.58,,
2026-06-11,19:17:16,RYR20EE,9H-QCY,Boeing 737-800,Malta Air,landing,arrivee,575,282.8,90.7,,,,
2026-06-11,19:19:51,UAE5M,A6-EPJ,Boeing 777-300ER,Emirates,landing,arrivee,600,277.2,92.5,,,,
2026-06-11,19:23:58,TAP1361,CS-TVF,Airbus A320neo,TAP Air Portugal,landing,arrivee,650,261.5,61.4,,25.7,,
2026-06-11,19:26:35,AEA1157,EC-NUZ,Boeing 737-800,Air Europa,landing,arrivee,575,268.9,65.0,,30.48,,
2026-06-11,19:29:18,TAP671,CS-TVI,Airbus A320neo,TAP Air Portugal,landing,arrivee,850,254.1,86.1,,,,
2026-06-11,19:38:05,TAP543W,CS-TAW,Embraer E195,TAP Air Portugal,landing,arrivee,750,263.9,62.6,,18.79,,
2026-06-11,19:41:45,RYR1082,EI-ILD,Boeing 737 MAX 8,Ryanair,landing,arrivee,575,278.0,62.1,,26.73,,
2026-06-11,19:44:37,TAP563,CS-TVL,Airbus A320,TAP Air Portugal,landing,arrivee,575,255.6,86.1,,,,
2026-06-11,19:47:31,TAP825,CS-TJF,Airbus A321,TAP Air Portugal,landing,arrivee,600,271.3,65.3,,26.82,,
2026-06-11,19:50:07,RYR647X,EI-EFZ,Boeing 737-800,Ryanair,landing,arrivee,550,276.3,90.5,,,,
2026-06-11,19:52:13,ANE44TG,EC-MLC,Bombardier CRJ-1000,Air Nostrum,landing,arrivee,975,260.0,86.3,,,,
2026-06-11,19:55:31,TAP871,CS-TTZ,Embraer E195,TAP Air Portugal,landing,arrivee,550,257.2,67.4,,21.22,,
2026-06-11,19:57:58,EZY26YM,G-EZDN,Airbus A319,easyJet,landing,arrivee,600,249.8,87.8,,,,
2026-06-11,20:01:08,TAP4TL,CS-TPU,Embraer E190,TAP Air Portugal,landing,arrivee,600,246.7,87.2,,,,
2026-06-11,20:03:21,TAP53ED,CS-TVD,Airbus A320neo,TAP Air Portugal,landing,arrivee,550,249.1,66.4,,20.97,,
2026-06-11,20:05:24,TAP48M,CS-TAX,Embraer E195,TAP Air Portugal,landing,arrivee,875,258.9,88.9,,,,
2026-06-11,20:08:42,EWG6TR,9H-EWI,Airbus A320,Eurowings,landing,arrivee,575,257.2,63.0,,34.58,,
2026-06-11,20:11:09,WMT537,HA-LVE,Airbus A321neo,Wizz Air,landing,arrivee,575,264.8,87.6,,,,
2026-06-11,20:13:44,RYR56BR,EI-GXM,Boeing 737-800,Ryanair,landing,arrivee,725,274.1,89.6,,,,
2026-06-11,20:17:01,TAP403Z,CS-TPW,Embraer E190,TAP Air Portugal,landing,arrivee,600,243.2,86.0,,,,
2026-06-11,20:19:24,VLG8UE,EC-MVD,Airbus A320,Vueling,landing,arrivee,600,260.8,88.4,,,,
2026-06-11,20:25:09,ELY375,4X-EKL,Boeing 737-800,El Al,landing,arrivee,950,273.2,90.6,,,,
2026-06-11,20:28:18,RYR384,EI-IKI,Boeing 737 MAX 8,Ryanair,landing,arrivee,575,278.0,62.0,,26.03,,
2026-06-11,20:30:48,TAP835,CS-TVN,Airbus A320neo,TAP Air Portugal,landing,arrivee,875,241.7,89.4,,,,
2026-06-11,20:34:02,TAP94VA,CS-TNR,Airbus A320,TAP Air Portugal,landing,arrivee,575,272.1,66.6,,22.99,,
2026-06-11,20:39:40,TAP1019,CS-TNJ,Airbus A320,TAP Air Portugal,landing,arrivee,575,253.2,65.9,,27.48,,
2026-06-11,20:42:34,VLG14YF,EC-MAO,Airbus A320,Vueling,landing,arrivee,575,251.5,88.6,,,,
2026-06-11,20:45:18,TAP93ZS,CS-TJH,Airbus A321,TAP Air Portugal,landing,arrivee,575,259.7,62.5,,26.92,,
2026-06-11,20:47:48,RYR59QQ,EI-DPR,Boeing 737-800,Ryanair,landing,arrivee,600,280.0,88.6,,,,
2026-06-11,20:54:24,TAP877,CS-TPO,Embraer E190,TAP Air Portugal,landing,arrivee,575,229.1,66.1,,27.97,,
2026-06-11,20:57:22,TAP37CN,CS-TTX,Embraer E195,TAP Air Portugal,landing,arrivee,600,258.9,62.5,,21.78,,
2026-06-11,20:59:43,TAP1692,CS-TPR,Embraer E190,TAP Air Portugal,landing,arrivee,825,245.9,87.7,,,,
2026-06-11,21:02:16,TAP437X,CS-TVO,Airbus A320neo,TAP Air Portugal,landing,arrivee,575,259.7,65.7,,28.41,,
2026-06-11,21:06:03,TAP755,CS-TJK,Airbus A321neo,TAP Air Portugal,landing,arrivee,600,270.4,86.0,,,,
2026-06-11,21:08:36,TAP1313,CS-TTY,Embraer E195,TAP Air Portugal,landing,arrivee,550,271.3,87.3,,,,
2026-06-11,21:11:09,ICE578,TF-ICS,Boeing 737 MAX 8,Icelandair,landing,arrivee,575,274.8,64.2,,22.73,,
2026-06-11,21:13:24,TAP863Y,CS-TNT,Airbus A320,TAP Air Portugal,landing,arrivee,975,261.5,71.9,,,,
2026-06-11,21:16:34,TAP67U,CS-TXA,Airbus A321neo,TAP Air Portugal,landing,arrivee,550,265.6,68.4,,19.77,,
2026-06-11,21:19:19,RZO142,CS-TKQ,Airbus A320,TAP Air Portugal,landing,arrivee,550,250.8,64.6,,27.84,,
2026-06-11,21:30:01,TAP57W,CS-TVM,Airbus A320neo,TAP Air Portugal,landing,arrivee,550,254.8,71.5,,27.25,,
2026-06-11,21:33:41,RZO134,CS-TSY,Airbus A320,TAP Air Portugal,landing,arrivee,575,249.8,87.8,,,,
2026-06-11,21:35:34,TAP1325,CS-TPT,Embraer E190,TAP Air Portugal,landing,arrivee,550,233.2,61.5,,23.11,,
2026-06-11,21:42:14,RYR8AT,EI-DHX,Boeing 737-800,Ryanair,landing,arrivee,550,267.1,90.5,,,,
2026-06-11,21:44:54,RYR7VL,9H-VUZ,Boeing 737 MAX 8,Malta Air,landing,arrivee,550,272.1,61.4,,29.67,,
2026-06-11,21:47:49,TAP783,CS-TVJ,Airbus A320neo,TAP Air Portugal,landing,arrivee,575,251.5,67.0,,26.37,,
2026-06-11,21:51:11,EJU74EP,OE-IDX,Airbus A320,easyJet Europe,landing,arrivee,575,257.2,87.3,,,,
2026-06-11,21:54:37,TAP885,CS-TNK,Airbus A320,TAP Air Portugal,landing,arrivee,575,250.8,62.4,,28.28,,
2026-06-11,21:56:30,DLH34J,D-AINZ,Airbus A320neo,Lufthansa,landing,arrivee,575,241.5,86.3,,,,
2026-06-11,21:58:46,TAP1933,CS-TPQ,Embraer E190,TAP Air Portugal,landing,arrivee,600,215.0,85.4,,,,
2026-06-11,22:01:14,RYR8HG,EI-IHA,Boeing 737 MAX 8,Ryanair,landing,arrivee,550,256.5,67.3,,23.06,,
2026-06-11,22:04:02,TAP837,CS-TVH,Airbus A320neo,TAP Air Portugal,landing,arrivee,575,229.8,62.3,,22.07,,
2026-06-11,22:06:19,TAP555,CS-TJM,Airbus A321neo,TAP Air Portugal,landing,arrivee,600,235.6,86.5,,,,
2026-06-11,22:08:04,TAP127M,CS-TJI,Airbus A321neo,TAP Air Portugal,landing,arrivee,750,251.5,86.5,,,,
2026-06-11,22:10:53,AEE7PT,SX-NAZ,Airbus A321neo,,landing,arrivee,575,233.2,86.9,,,,
2026-06-11,22:14:03,EJU91TW,OE-IDS,Airbus A320,easyJet Europe,landing,arrivee,575,251.5,87.7,,,,
2026-06-11,22:16:50,TAP1369,CS-TJP,Airbus A321neo,TAP Air Portugal,landing,arrivee,575,253.9,61.2,,21.43,,
2026-06-11,22:19:43,EJU69GW,OE-LSF,Airbus A320neo,easyJet Europe,landing,arrivee,575,229.8,86.2,,,,
2026-06-11,22:22:15,TVF34QV,F-HUYK,Boeing 737-800,Transavia France,landing,arrivee,600,249.8,89.3,,,,
2026-06-11,22:25:23,DLH64P,D-AIDH,Airbus A321,Lufthansa,landing,arrivee,550,263.2,61.0,,26.57,,
2026-06-11,22:28:04,AFR64PQ,F-GKXI,Airbus A320,Air France,landing,arrivee,575,251.5,64.4,,30.75,,
2026-06-11,22:31:01,DAH3004,7T-VKG,Boeing 737-800,Air Algerie,landing,arrivee,575,256.5,87.7,,,,
2026-06-11,22:33:49,RYR3RB,EI-DLY,Boeing 737-800,Ryanair,landing,arrivee,550,263.9,88.5,,,,
2026-06-11,22:37:00,EJU7690,OE-IDO,Airbus A320,easyJet Europe,landing,arrivee,575,245.6,87.4,,,,
2026-06-11,22:41:31,ASL41G,YU-APL,Airbus A319,Air Serbia,landing,arrivee,600,230.6,87.5,,,,
2026-06-11,22:44:09,TVF47RH,F-HUYM,Boeing 737-800,Transavia France,landing,arrivee,625,255.2,60.5,,37.39,,
2026-06-11,22:59:59,EJU93ZB,OE-LUE,Airbus A320neo,easyJet Europe,landing,arrivee,575,245.6,87.5,,,,
2026-06-11,23:02:23,EJU69VE,OE-LSV,Airbus A320neo,easyJet Europe,landing,arrivee,575,233.9,60.1,,24.11,,
2026-06-11,23:03:58,KLM35W,PH-AXC,Airbus A321neo,KLM,landing,arrivee,575,244.8,88.2,,,,
2026-06-11,23:05:32,EJU36BG,OE-LSP,Airbus A320,easyJet Europe,landing,arrivee,600,250.8,86.8,,,,
2026-06-11,23:08:20,RYR9PX,EI-GXM,Boeing 737-800,Ryanair,landing,arrivee,600,257.2,59.3,,51.67,,
2026-06-11,23:10:24,TAP39PT,CS-TTW,Embraer E195,TAP Air Portugal,landing,arrivee,600,239.8,63.0,,25.92,,
2026-06-11,23:12:39,TAP43RY,EC-OCT,Airbus A321,TAP Air Portugal,landing,arrivee,550,258.9,61.5,,27.18,,
2026-06-11,23:15:11,BAW508,G-NEOV,Airbus A321neo,British Airways,landing,arrivee,600,234.8,59.6,,23.16,,
2026-06-11,23:18:34,SWR755L,HB-JPF,Airbus A321neo,Swiss,landing,arrivee,575,243.9,95.9,,25.14,,
2026-06-11,23:20:23,DLH23C,D-AIEF,Airbus A321neo,Lufthansa,landing,arrivee,575,266.5,99.7,,26.97,,
2026-06-11,23:22:51,EJU32GK,OE-IWW,Airbus A320,easyJet Europe,landing,arrivee,550,238.4,95.3,,27.09,,
2026-06-11,23:24:32,TAP94KM,CS-TVQ,Airbus A320neo,TAP Air Portugal,landing,arrivee,575,251.5,99.1,,,,
2026-06-11,23:27:16,TAP3834,CS-TPY,Embraer E190,TAP Air Portugal,landing,arrivee,600,227.4,100,,24.73,,
2026-06-11,23:29:27,TAP1478,CS-TJS,Airbus A321neo,TAP Air Portugal,landing,arrivee,575,261.5,96.1,,23.27,,
2026-06-11,23:31:43,THY2ES,TC-JVU,Boeing 737-800,Turkish Airlines,landing,arrivee,625,262.4,94.9,,37.65,,
2026-06-11,23:41:48,TAP64M,CS-TJJ,Airbus A321neo,TAP Air Portugal,landing,arrivee,600,263.2,97.4,,26.96,,
2026-06-11,23:58:03,IBE0539,EC-JQZ,Airbus A321,Iberia,landing,arrivee,575,256.5,99.4,,36.99,,
2026-06-12,00:27:13,RYR5PJ,EI-DCX,Boeing 737-800,Ryanair,landing,arrivee,600,261.5,94.8,,35.24,,
2026-06-12,00:48:24,RZO128,CS-TSK,Airbus A320,TAP Air Portugal,landing,arrivee,575,263.2,97.6,,22.3,,
2026-06-12,04:27:38,TAP074,CS-TUN,Airbus A330-900neo,TAP Air Portugal,landing,arrivee,600,297.2,99.7,,43.58,,
2026-06-12,04:48:58,TAP082,CS-TUH,Airbus A330-900neo,TAP Air Portugal,landing,arrivee,625,281.3,99.5,,35.46,,
2026-06-12,05:30:24,TAP218,CS-TXF,Airbus A321neo,TAP Air Portugal,landing,arrivee,575,279.7,96.2,,26.12,,
2026-06-12,05:33:02,TAP96AW,CS-TVL,Airbus A320,TAP Air Portugal,landing,arrivee,600,292.1,97.8,,,,
2026-06-12,05:43:02,TAP202A,CS-TXH,Airbus A321neo,TAP Air Portugal,landing,arrivee,625,281.3,95.9,,24.14,,
2026-06-12,05:45:26,TAP1550,CS-TVF,Airbus A320neo,TAP Air Portugal,landing,arrivee,575,279.7,87.6,,23.49,,
2026-06-12,05:52:35,TAP9012,CS-TNK,Airbus A320,TAP Air Portugal,landing,arrivee,600,279.7,99.5,,31.84,,
2026-06-12,05:54:45,TAP1937,CS-TNJ,Airbus A320,TAP Air Portugal,landing,arrivee,575,271.3,95.6,,29.94,,
2026-06-12,05:56:34,TAP25YZ,CS-TXD,Airbus A321neo,TAP Air Portugal,landing,arrivee,600,299.7,99.5,,25.17,,
2026-06-12,06:03:23,TAP232Y,CS-TXI,Airbus A321neo,TAP Air Portugal,landing,arrivee,600,292.2,98.7,,22.08,,
2026-06-12,06:06:43,TAY1MN,OE-IXB,Boeing 737-800,ASL Airlines Belgium,landing,arrivee,550,288.2,97.0,,33.92,,
2026-06-12,06:09:21,TAP058,CS-TUD,Airbus A330-900neo,TAP Air Portugal,landing,arrivee,625,278.2,99.0,,35.09,,
2026-06-12,06:15:36,TAP11VP,CS-TPR,Embraer E190,TAP Air Portugal,landing,arrivee,550,271.3,96.5,,23.52,,
2026-06-12,06:22:22,TAP224,CS-TUF,Airbus A330-900neo,TAP Air Portugal,landing,arrivee,650,287.2,100,,,,
2026-06-12,06:26:16,TAP1097,CS-TAW,Embraer E195,TAP Air Portugal,landing,arrivee,575,288.9,97.1,,34.24,,
2026-06-12,06:35:27,TAP104,CS-TOO,Airbus A330-200,TAP Air Portugal,landing,arrivee,625,270.4,100,,38.78,,
2026-06-12,06:38:47,TAP475,CS-TPU,Embraer E190,TAP Air Portugal,landing,arrivee,575,277.2,97.7,,24.45,,
2026-06-12,06:41:36,AEA1159,EC-MXM,Boeing 737-800,Air Europa,landing,arrivee,675,295.4,95.8,,33.66,,
2026-06-12,06:44:27,TAP41SN,CS-TVO,Airbus A320neo,TAP Air Portugal,landing,arrivee,600,278.0,99.1,,28.19,,
2026-06-12,06:47:01,TAM8146,PT-MUE,Boeing 777-300ER,LATAM Airlines,landing,arrivee,625,300.2,96.3,,44.9,,
2026-06-12,06:50:08,TAP1544,CS-TJF,Airbus A321,TAP Air Portugal,landing,arrivee,575,280.4,99.0,,,,
2026-06-12,06:53:01,DTA650,D2-TEJ,Boeing 777-300ER,TAAG Angola Airlines,landing,arrivee,550,309.7,94.2,,65.87,,
2026-06-12,06:56:04,TAP1908,CS-TNT,Airbus A320,TAP Air Portugal,landing,arrivee,575,285.6,99.7,,31.96,,
2026-06-12,06:58:40,TAP1139,CS-TTZ,Embraer E195,TAP Air Portugal,landing,arrivee,575,280.6,98.0,,32.78,,
2026-06-12,07:13:30,SRR6646,OY-SRM,767 25EBDSF,Star Air,landing,arrivee,575,246.7,99.9,,28.12,,
2026-06-12,07:15:58,TAP495Y,CS-TPZ,Embraer E190,TAP Air Portugal,landing,arrivee,550,253.2,94.7,,22.84,,
2026-06-12,07:17:44,BCS2FC,D-AZML,A306,,landing,arrivee,575,262.4,96.2,,41.48,,
2026-06-12,07:20:37,TAP98CX,CS-TVH,Airbus A320neo,TAP Air Portugal,landing,arrivee,575,250.8,95.0,,22.07,,
2026-06-12,07:23:29,TAP441,CS-TVR,Airbus A320neo,TAP Air Portugal,landing,arrivee,550,249.1,99.7,,24.67,,
2026-06-12,07:25:59,AZU8900,CS-TSW,Boeing 777-200,Azul,landing,arrivee,600,263.2,96.4,,40.54,,
2026-06-12,07:28:36,RYR7VL,9H-QDA,Boeing 737-800,Malta Air,landing,arrivee,575,285.6,95.4,,39.73,,
2026-06-12,07:31:31,TAP647,CS-TVC,Airbus A320neo,TAP Air Portugal,landing,arrivee,550,251.5,98.9,,26.87,,
2026-06-12,07:33:24,TAP945,CS-TVK,Airbus A320neo,TAP Air Portugal,landing,arrivee,550,249.8,92.2,,,,
2026-06-12,07:36:04,TAP9ML,CS-TNR,Airbus A320,TAP Air Portugal,landing,arrivee,525,257.2,99.7,,29.83,,
2026-06-12,07:38:42,IBE05TR,EC-NFI,Airbus A320neo,Iberia,landing,arrivee,550,254.8,97.8,,30.51,,
2026-06-12,07:41:01,EZY46AK,G-UZHU,Airbus A320neo,easyJet,landing,arrivee,550,268.9,92.3,,23.72,,
2026-06-12,07:44:00,TAP8RL,CS-TJO,Airbus A321neo,TAP Air Portugal,landing,arrivee,550,254.7,95.5,,25.65,,
2026-06-12,07:46:35,TAP1023,CS-TVN,Airbus A320neo,TAP Air Portugal,landing,arrivee,550,255.6,99.4,,23.11,,
2026-06-12,07:50:56,TAP1939,CS-TPV,Embraer E190,TAP Air Portugal,landing,arrivee,550,254.8,98.7,,20.68,,
2026-06-12,07:53:29,VLG14YF,EC-MAO,Airbus A320,Vueling,landing,arrivee,525,273.9,99.6,,27.65,,
2026-06-12,07:56:30,TAP9RH,CS-TNL,Airbus A320,TAP Air Portugal,landing,arrivee,550,258.9,96.3,,32.97,,
2026-06-12,08:03:10,TAP27UZ,CS-TAX,Embraer E195,TAP Air Portugal,landing,arrivee,600,265.6,96.1,,28.75,,
2026-06-12,08:07:36,TAP575,CS-TNV,Airbus A320,TAP Air Portugal,landing,arrivee,525,251.5,96.4,,30.83,,
2026-06-12,08:10:09,TAP56DP,CS-TNU,Airbus A320,TAP Air Portugal,landing,arrivee,550,250.8,96.7,,35.21,,
2026-06-12,08:12:54,VLG46AX,EC-NLY,Airbus A321,Vueling,landing,arrivee,525,263.2,98.7,,,,
2026-06-12,08:16:40,RYR384,EI-IKI,Boeing 737 MAX 8,Ryanair,landing,arrivee,500,284.1,94.6,,27.56,,
2026-06-12,08:19:36,TAP557H,CS-TJN,Airbus A321neo,TAP Air Portugal,landing,arrivee,525,263.2,98.0,,27.45,,
2026-06-12,08:28:42,TAP53EI,CS-TNS,Airbus A320,TAP Air Portugal,landing,arrivee,575,250.0,97.5,,26.84,,
2026-06-12,08:31:09,RYR4XW,EI-IKW,Boeing 737 MAX 8,Ryanair,landing,arrivee,550,280.6,91.9,,32.58,,
2026-06-12,08:36:06,TVF55WH,F-HXSQ,Airbus A320neo,Transavia France,landing,arrivee,525,235.6,94.7,,23.15,,
2026-06-12,08:39:03,TAP63GL,CS-TVG,Airbus A320neo,TAP Air Portugal,landing,arrivee,525,239.8,92.8,,25.79,,
2026-06-12,08:42:39,DAL272,N403DX,Airbus A330-900neo,Delta Air Lines,landing,arrivee,550,260.8,95.6,,40.01,,
2026-06-12,08:49:13,TAP675,CS-TVA,Airbus A320neo,TAP Air Portugal,landing,arrivee,950,254.8,100,,18.87,,
2026-06-12,08:53:40,RYR14SC,EI-ILB,Boeing 737 MAX 8,Ryanair,landing,arrivee,550,271.3,96.2,,26.79,,
2026-06-12,08:57:32,UAL64,N14001,Boeing 787-10,United Airlines,landing,arrivee,950,290.6,96.2,,48.15,,
2026-06-12,09:05:04,TAP443,CS-TVB,Airbus A320neo,TAP Air Portugal,landing,arrivee,550,258.9,96.6,,31.95,,
2026-06-12,09:07:30,EZY47LC,G-EZTR,Airbus A320,easyJet,landing,arrivee,525,256.5,97.2,,30.97,,
2026-06-12,09:10:08,RYR67UV,EI-ESV,Boeing 737-800,Ryanair,landing,arrivee,550,261.5,95.9,,50.56,,
2026-06-12,09:13:14,VJT495,9H-VCQ,Challenger 350,VistaJet,landing,arrivee,525,223.9,98.8,,14.18,,
2026-06-12,09:16:23,TAP242,CS-TUS,Airbus A330-900neo,TAP Air Portugal,landing,arrivee,625,256.5,98.6,,41.52,,
2026-06-12,09:19:12,AAL258,N824AN,Boeing 787-9,American Airlines,landing,arrivee,500,280.6,97.3,,35.05,,
2026-06-12,09:27:11,THY3WE,TC-LPL,Airbus A321neo,Turkish Airlines,landing,arrivee,525,243.2,94.6,,36.26,,
2026-06-12,09:31:59,EZY79RV,G-EZDK,Airbus A319,easyJet,landing,arrivee,525,251.7,96.8,,,,
2026-06-12,09:37:17,TAP072,CS-TUO,Airbus A330-900neo,TAP Air Portugal,landing,arrivee,600,266.5,95.7,,41.25,,
2026-06-12,09:40:39,TAP66PD,CS-TVD,Airbus A320neo,TAP Air Portugal,landing,arrivee,525,243.2,94.6,,,,
2026-06-12,09:43:28,BAW50P,G-NEOP,Airbus A321neo,British Airways,landing,arrivee,550,250.0,96.2,,22.5,,
2026-06-12,09:46:12,TAP012,CS-TXB,Airbus A321neo,TAP Air Portugal,landing,arrivee,525,269.3,98.7,,,,
2026-06-12,09:49:06,TAP1921,CS-TVF,Airbus A320neo,TAP Air Portugal,landing,arrivee,525,253.2,96.6,,18.8,,
2026-06-12,09:51:56,TSC480,C-GUFZ,Airbus A330-200,Air Transat,landing,arrivee,500,247.6,97.0,,39.47,,
2026-06-12,10:01:32,EJU97VT,OE-IBF,Airbus A320,easyJet Europe,landing,arrivee,550,255.4,100,,29.12,,
2026-06-12,10:05:35,RYR668T,EI-IKS,Boeing 737 MAX 8,Ryanair,landing,arrivee,525,278.9,94.7,,30.05,,
2026-06-12,10:08:33,TAP11SV,CS-TTW,Embraer E195,TAP Air Portugal,landing,arrivee,525,264.8,96.6,,28.77,,
2026-06-12,10:11:02,TAP216L,CS-TXK,Airbus A321,TAP Air Portugal,landing,arrivee,525,244.8,95.2,,25.53,,
2026-06-12,10:15:00,ACA812,C-FDHU,Airbus A330-300,Air Canada,landing,arrivee,600,248.4,97.9,,34.88,,
2026-06-12,10:21:19,TAP088,CS-TUG,Airbus A330-900neo,TAP Air Portugal,landing,arrivee,550,254.8,96.1,,55.54,,
2026-06-12,10:24:27,RYR4ZF,EI-DYL,Boeing 737-800,Ryanair,landing,arrivee,575,276.5,94.5,,32.21,,
2026-06-12,10:29:28,TAP036,EC-OLG,Airbus A330-300,TAP Air Portugal,landing,arrivee,525,253.9,96.9,,36.08,,
2026-06-12,10:33:43,LGL51P,LX-LGS,Boeing 737-700,Luxair,landing,arrivee,475,253.2,95.6,,30.98,,
2026-06-12,10:36:16,TAP13LH,CS-TJL,Airbus A321neo,TAP Air Portugal,landing,arrivee,525,270.0,96.3,,,,
2026-06-12,10:39:09,KLM1579,PH-AXL,Airbus A321neo,KLM,landing,arrivee,500,249.1,96.1,,18.78,,
2026-06-12,10:41:59,TAP1923,CS-TVM,Airbus A320neo,TAP Air Portugal,landing,arrivee,500,232.4,89.1,,20.92,,
2026-06-12,10:44:49,AEA1153,EC-NUZ,Boeing 737-800,Air Europa,landing,arrivee,500,268.0,94.4,,43.9,,
2026-06-12,10:47:20,ACA810,C-FIVM,Boeing 777-300ER,Air Canada,landing,arrivee,550,270.8,95.2,,47.64,,
2026-06-12,10:49:49,TAP68JP,CS-TJM,Airbus A321neo,TAP Air Portugal,landing,arrivee,500,255.6,91.5,,25.1,,
2026-06-12,10:51:52,TAP11MG,CS-TPO,Embraer E190,TAP Air Portugal,landing,arrivee,500,241.5,97.1,,24.23,,
2026-06-12,10:54:21,RYR20EE,EI-GXM,Boeing 737-800,Ryanair,landing,arrivee,525,273.9,92.5,,34.97,,
2026-06-12,10:56:49,DAL124,N430DX,Airbus A330-900neo,Delta Air Lines,landing,arrivee,525,265.6,98.5,,36.55,,
2026-06-12,10:59:24,TRA55J,PH-YHZ,Airbus A320,Transavia,landing,arrivee,525,272.1,97.6,,21.33,,
2026-06-12,11:01:53,TAP204A,CS-TUJ,Airbus A330-900neo,TAP Air Portugal,landing,arrivee,525,256.3,97.4,,33.66,,
2026-06-12,11:05:01,TAP210,CS-TOP,Airbus A330-200,TAP Air Portugal,landing,arrivee,525,247.2,99.5,,,,
2026-06-12,11:07:14,EJU74EF,OE-IDX,Airbus A320,easyJet Europe,landing,arrivee,475,268.9,98.1,,25.8,,
2026-06-12,11:10:35,TAP234Y,CS-TXL,Airbus A321neo,TAP Air Portugal,landing,arrivee,500,257.2,95.4,,,,
2026-06-12,11:13:25,RYR3RB,9H-QAO,Boeing 737-800,Malta Air,landing,arrivee,450,288.9,89.0,,30.51,,
2026-06-12,11:16:07,EJU15PC,OE-IWW,Airbus A320,easyJet Europe,landing,arrivee,500,261.5,93.3,,22.5,,
2026-06-12,11:19:03,AZU8752,PR-ANU,Airbus A330-900neo,Azul,landing,arrivee,475,255.6,93.5,,34.82,,
2026-06-12,11:21:35,UAL942,N69020,Boeing 777-200,United Airlines,landing,arrivee,525,266.5,94.2,,35.62,,
2026-06-12,11:27:21,BEL2DY,OO-SBB,Airbus A320,Brussels Airlines,landing,arrivee,500,263.2,96.8,,19.23,,
2026-06-12,11:30:04,TAP429,CS-TPT,Embraer E190,TAP Air Portugal,landing,arrivee,475,249.1,99.7,,,,
2026-06-12,11:32:32,TAP11WQ,CS-TNT,Airbus A320,TAP Air Portugal,landing,arrivee,500,258.9,95.4,,28.28,,
2026-06-12,11:35:07,DLH39X,D-AIEG,Airbus A321neo,Lufthansa,landing,arrivee,550,284.8,99.2,,22.83,,
2026-06-12,11:37:51,IBE05FV,EC-KUB,Airbus A319,Iberia,landing,arrivee,500,241.5,95.9,,29.83,,
2026-06-12,11:40:32,RZO120,CS-TSK,Airbus A320,TAP Air Portugal,landing,arrivee,500,251.5,94.2,,24.4,,
2026-06-12,11:43:20,TAP028,CS-TUC,Airbus A330-900neo,TAP Air Portugal,landing,arrivee,500,265.6,90.7,,33.43,,
2026-06-12,11:46:00,EJU74LC,OE-LSV,Airbus A320neo,easyJet Europe,landing,arrivee,500,268.9,90.6,,25.53,,
2026-06-12,11:49:38,AFR41GW,F-GTAM,Airbus A321,Air France,landing,arrivee,500,280.6,96.8,,38.87,,
2026-06-12,11:52:57,N5VJ,N5VJ,Falcon 900EX,Gama Aviation Signature,landing,arrivee,500,261.5,92.6,,13.8,,
2026-06-12,11:56:32,TAP262M,CS-TXM,Airbus A321,TAP Air Portugal,landing,arrivee,475,253.9,91.9,,20.76,,
2026-06-12,11:59:22,EWG8602,D-AEWP,Airbus A320,Eurowings,landing,arrivee,500,258.4,98.1,,36.36,,
2026-06-12,12:01:51,UAE3MV,A6-EPH,Boeing 777-300ER,Emirates,landing,arrivee,525,286.5,92.8,,46.72,,
2026-06-12,12:05:55,T7BTC,,,,landing,arrivee,500,249.8,94.2,,19.65,,
2026-06-12,12:18:20,EWG66L,9H-AMV,Airbus A320,Eurowings,landing,arrivee,525,262.2,96.6,,22.82,,
2026-06-12,12:20:12,TAP1031,CS-TJP,Airbus A321neo,TAP Air Portugal,landing,arrivee,900,273.9,96.8,,18.48,,
2026-06-12,12:24:16,N513MA,N513MA,G550,Presidential Aviation,landing,arrivee,500,224.3,91.5,,15.89,,
2026-06-12,12:27:03,TVF46JB,F-GZHZ,Boeing 737-800,Transavia France,landing,arrivee,500,289.8,95.2,,25.84,,
2026-06-12,12:31:28,TAP118,CS-TUA,Airbus A330-900neo,TAP Air Portugal,landing,arrivee,550,263.2,100,,34.95,,
2026-06-12,12:33:39,UNI137,D-CUNI,45,Unicair,landing,arrivee,850,252.2,96.7,,18.23,,
2026-06-12,12:40:34,EJU78QH,OE-LSF,Airbus A320neo,easyJet Europe,landing,arrivee,550,261.5,98.4,,,,
2026-06-12,12:45:04,TAP63CT,CS-TPY,Embraer E190,TAP Air Portugal,landing,arrivee,875,244.8,99.2,,16.77,,
2026-06-12,12:50:46,TAM8148,PT-MUB,Boeing 777-300ER,LATAM Airlines,landing,arrivee,550,287.2,96.9,,47.4,,
2026-06-12,12:53:33,RZO122,CS-TSI,Airbus A321neo,TAP Air Portugal,landing,arrivee,825,263.9,95.0,,26.5,,
2026-06-12,12:56:14,EJU15DB,OE-ICD,Airbus A320,easyJet Europe,landing,arrivee,525,256.5,97.6,,26.15,,
2026-06-12,12:58:19,RYR16GW,EI-DCX,Boeing 737-800,Ryanair,landing,arrivee,925,294.8,94.5,,36.48,,
2026-06-12,13:01:42,TAP27PS,CS-TNL,Airbus A320,TAP Air Portugal,landing,arrivee,550,251.5,99.3,,,,
2026-06-12,13:04:06,VLG8JM,EC-MHS,Airbus A321,Vueling,landing,arrivee,475,270.8,98.2,,30.04,,
2026-06-12,13:07:46,EJU38DF,OE-IDO,Airbus A320,easyJet Europe,landing,arrivee,550,273.2,96.9,,26.46,,
2026-06-12,13:10:28,EJU14YR,OE-IDS,Airbus A320,easyJet Europe,landing,arrivee,525,254.8,96.3,,23.35,,
2026-06-12,13:13:06,TAP43JD,CS-TNX,Airbus A320,TAP Air Portugal,landing,arrivee,525,273.2,97.2,,,,
2026-06-12,13:15:44,DLH47T,D-AIEH,Airbus A321neo,Lufthansa,landing,arrivee,525,263.2,88.2,,22.48,,
2026-06-12,13:18:23,TAP831,CS-TJI,Airbus A321neo,TAP Air Portugal,landing,arrivee,550,262.2,95.5,,21.7,,
2026-06-12,13:21:00,EJU98EV,OE-IVU,Airbus A320,easyJet Europe,landing,arrivee,525,275.6,99.0,,,,
2026-06-12,13:24:05,TAP145W,CS-TVH,Airbus A320neo,TAP Air Portugal,landing,arrivee,525,251.5,94.7,,18.08,,
2026-06-12,13:26:48,LOT4HT,SP-LVP,Boeing 737 MAX 8,LOT Polish Airlines,landing,arrivee,500,294.1,97.3,,27.02,,
2026-06-12,13:29:35,TAP23V,CS-TTY,Embraer E195,TAP Air Portugal,landing,arrivee,500,281.3,97.5,,22.34,,
2026-06-12,13:32:29,TAP1736,CS-TVC,Airbus A320neo,TAP Air Portugal,landing,arrivee,500,253.2,93.3,,22.29,,
2026-06-12,13:34:29,SWR32F,HB-JCR,A220 300,Swiss,landing,arrivee,900,276.5,99.2,,26.49,,
2026-06-12,13:37:48,TAP91TL,CS-TTX,Embraer E195,TAP Air Portugal,landing,arrivee,850,269.7,99.6,,23.79,,
2026-06-12,13:40:51,RZO150,CS-TKQ,Airbus A320,TAP Air Portugal,landing,arrivee,525,270.8,93.4,,37.75,,
2026-06-12,13:43:31,TAP641,CS-TNJ,Airbus A320,TAP Air Portugal,landing,arrivee,550,266.5,96.5,,27.76,,
2026-06-12,13:45:58,TAP1860,CS-TVQ,Airbus A320neo,TAP Air Portugal,landing,arrivee,825,251.5,99.0,,24.07,,
2026-06-12,13:48:59,TAP86GM,CS-TVL,Airbus A320,TAP Air Portugal,landing,arrivee,525,251.5,97.2,,20.39,,
2026-06-12,13:50:52,RYR85MR,9H-VUZ,Boeing 737 MAX 8,Malta Air,landing,arrivee,925,293.5,97.7,,24.24,,
2026-06-12,13:56:28,TAP11EG,CS-TPX,Embraer E190,TAP Air Portugal,landing,arrivee,825,258.9,98.6,,21.96,,
2026-06-12,13:59:43,NJE792P,CS-PHT,Phenom 300,NetJets,landing,arrivee,550,230.0,94.1,,14.25,,
2026-06-12,14:02:14,TAP481,CS-TPR,Embraer E190,TAP Air Portugal,landing,arrivee,875,273.2,99.5,,24.31,,
2026-06-12,14:07:32,TAP1013,CS-TAX,Embraer E195,TAP Air Portugal,landing,arrivee,900,270.8,98.5,,18.27,,
2026-06-12,14:10:21,TAP869,CS-TVJ,Airbus A320neo,TAP Air Portugal,landing,arrivee,750,252.4,98.8,,20.83,,
2026-06-12,14:13:11,EZY31FV,G-EZWI,Airbus A320,easyJet,landing,arrivee,575,272.4,98.9,,25.9,,
2026-06-12,14:16:14,TAP8RT,CS-TPS,Embraer E190,TAP Air Portugal,landing,arrivee,550,259.7,93.9,,21.74,,
2026-06-12,14:18:29,TAP084,CS-TUL,Airbus A330-900neo,TAP Air Portugal,landing,arrivee,950,264.7,93.0,,170.42,,
2026-06-12,14:22:08,TAP401P,CS-TPU,Embraer E190,TAP Air Portugal,landing,arrivee,525,247.2,99.5,,27.05,,
2026-06-12,14:24:34,TAP823,CS-TJH,Airbus A321,TAP Air Portugal,landing,arrivee,525,289.7,99.0,,28.5,,
2026-06-12,14:29:00,TCV612,D4-CCI,Boeing 737-700,Cabo Verde Airlines,landing,arrivee,500,240.6,91.9,,22.64,,
2026-06-12,14:37:27,SWR2BK,HB-JPB,Airbus A321neo,Swiss,landing,arrivee,525,279.7,97.9,,21.59,,
2026-06-12,14:40:18,EJU41HA,OE-LSP,Airbus A320,easyJet Europe,landing,arrivee,550,255.6,92.1,,19.58,,
2026-06-12,14:43:04,AFR37EQ,F-HBNH,Airbus A320,Air France,landing,arrivee,550,264.8,99.0,,37.51,,
2026-06-12,14:45:51,TAP88TM,CS-TVG,Airbus A320neo,TAP Air Portugal,landing,arrivee,550,276.5,97.8,,23.74,,
2026-06-12,14:48:42,TAP883,CS-TNM,Airbus A320,TAP Air Portugal,landing,arrivee,550,255.9,94.2,,28.91,,
2026-06-12,14:51:18,KLM97N,PH-AXI,Airbus A321neo,KLM,landing,arrivee,550,259.7,94.8,,25.27,,
2026-06-12,14:54:56,TAP941,CS-TTR,Airbus A319,TAP Air Portugal,landing,arrivee,550,254.8,95.5,,23.66,,
2026-06-12,14:57:26,EZY35DC,G-UZLX,Airbus A320neo,easyJet,landing,arrivee,550,271.3,93.5,,17.55,,
2026-06-12,14:59:23,TAP236,CS-TUK,Airbus A330-900neo,TAP Air Portugal,landing,arrivee,550,259.7,97.2,,,,
2026-06-12,15:01:56,RYR12SN,EI-DLY,Boeing 737-800,Ryanair,landing,arrivee,575,280.4,92.5,,37.79,,
2026-06-12,15:05:00,TAP36GS,CS-TJR,Airbus A321neo,TAP Air Portugal,landing,arrivee,575,274.8,95.6,,17.79,,
2026-06-12,15:07:52,SWT131,EC-MAF,ATR 72 500F,Swiftair,approach,arrivee,525,195.0,97.3,,17.62,,
2026-06-12,15:10:16,TAP541W,CS-TPZ,Embraer E190,TAP Air Portugal,landing,arrivee,550,253.9,98.0,,28.58,,
2026-06-12,15:12:21,AEA12AT,EC-ORJ,Boeing 737 MAX 8,Air Europa,landing,arrivee,550,285.6,94.6,,26.19,,
2026-06-12,15:15:03,EJU51EP,OE-LUE,Airbus A320neo,easyJet Europe,landing,arrivee,550,274.8,96.7,,21.92,,
2026-06-12,15:17:52,BTI7FR,YL-AAX,A220 300,Air Baltic,landing,arrivee,525,259.7,99.1,,20.65,,
2026-06-12,15:20:23,RYR9PX,EI-EFK,Boeing 737-800,Ryanair,landing,arrivee,575,280.6,95.1,,44.26,,
2026-06-12,15:23:18,TAP1143,CS-TVA,Airbus A320neo,TAP Air Portugal,landing,arrivee,575,260.8,96.6,,21.65,,
2026-06-12,15:28:32,THY4GH,TC-LSJ,Airbus A321neo,Turkish Airlines,landing,arrivee,550,265.6,94.4,,26.76,,
2026-06-12,15:31:19,TAP931L,CS-TVO,Airbus A320neo,TAP Air Portugal,landing,arrivee,550,248.4,93.5,,23.8,,
2026-06-12,15:33:59,TAP471A,CS-TTZ,Embraer E195,TAP Air Portugal,landing,arrivee,600,264.1,99.3,,26.16,,
2026-06-12,15:35:57,DLH03H,D-AINB,Airbus A320neo,Lufthansa,landing,arrivee,550,264.8,93.7,,25.03,,
2026-06-12,15:37:56,BAW5DW,G-EUYS,Airbus A320,British Airways,landing,arrivee,550,267.2,94.9,,30.67,,
2026-06-12,15:39:55,TAP17RA,CS-TPV,Embraer E190,TAP Air Portugal,landing,arrivee,550,253.9,91.9,,23.16,,
2026-06-12,15:41:53,VLG7PA,EC-LVT,Airbus A320,Vueling,landing,arrivee,550,263.2,97.4,,20.93,,
2026-06-12,15:44:04,FIN96W,OH-LZN,Airbus A321,Finnair,landing,arrivee,525,278.2,89.2,,39.8,,
2026-06-12,15:46:12,TAP669,CS-TXH,Airbus A321neo,TAP Air Portugal,landing,arrivee,550,279.7,91.1,,20.51,,
2026-06-12,15:49:13,TAP10NL,CS-TTW,Embraer E195,TAP Air Portugal,landing,arrivee,550,278.9,98.2,,25.92,,
2026-06-12,15:51:52,TAP90EH,CS-TPO,Embraer E190,TAP Air Portugal,landing,arrivee,550,246.7,99.2,,31.62,,
2026-06-12,15:55:15,TAP571,CS-TVP,Airbus A320neo,TAP Air Portugal,landing,arrivee,575,252.4,97.6,,25.03,,
2026-06-12,15:57:58,TAP31DB,CS-TXG,Airbus A321neo,TAP Air Portugal,landing,arrivee,550,258.9,94.2,,20.93,,
2026-06-12,15:59:51,TAP83RS,CS-TVR,Airbus A320neo,TAP Air Portugal,landing,arrivee,950,245.9,98.2,,13.42,,
2026-06-12,16:03:41,OBS130P,CS-TCF,Airbus A330-900neo,TAP Air Portugal,landing,arrivee,575,249.1,97.1,,28.48,,
2026-06-12,16:06:34,ASL53X,YU-APO,Airbus A320,Air Serbia,landing,arrivee,575,251.5,95.7,,,,
2026-06-12,16:08:56,TAP553R,CS-TNR,Airbus A320,TAP Air Portugal,landing,arrivee,975,268.2,98.9,,,,
2026-06-12,16:11:59,TAP71VE,CS-TJK,Airbus A321neo,TAP Air Portugal,landing,arrivee,725,277.2,98.8,,26.49,,
2026-06-12,16:14:12,TAP75CH,CS-TXJ,Airbus A321neo,TAP Air Portugal,landing,arrivee,975,277.2,98.7,,18.99,,
2026-06-12,16:19:15,ANE91TE,EC-MVZ,Bombardier CRJ-1000,Air Nostrum,landing,arrivee,575,259.7,87.6,,19.37,,
2026-06-12,16:20:59,TAP433,CS-TNU,Airbus A320,TAP Air Portugal,landing,arrivee,600,259.7,98.9,,25.68,,
2026-06-12,16:24:05,TAP1359,CS-TJN,Airbus A321neo,TAP Air Portugal,approach,arrivee,575,258.9,91.3,,22.4,,
2026-06-12,16:28:20,TAP1862,CS-TVF,Airbus A320neo,TAP Air Portugal,landing,arrivee,575,250.8,93.8,,18.05,,
2026-06-12,16:32:06,EJU45HZ,OE-IWW,Airbus A320,easyJet Europe,landing,arrivee,575,273.2,95.2,,24.14,,
2026-06-12,16:37:30,TAP298,CS-TUI,Airbus A330-900neo,TAP Air Portugal,landing,arrivee,950,278.2,96.7,,35.23,,
2026-06-12,16:40:42,RYR36JX,9H-QDI,Boeing 737-800,Malta Air,landing,arrivee,575,284.5,97.5,,31.24,,
2026-06-12,16:43:49,TAP15NC,CS-TXF,Airbus A321neo,TAP Air Portugal,landing,arrivee,575,257.2,94.4,,17.95,,
2026-06-12,16:46:24,TAP1929,CS-TNT,Airbus A320,TAP Air Portugal,landing,arrivee,600,272.4,97.1,,21.77,,
2026-06-12,16:48:48,RYR59QQ,EI-HMS,Boeing 737 MAX 8,Ryanair,landing,arrivee,550,292.1,95.4,,22.56,,
2026-06-12,16:51:15,RYR5KT,EI-GXM,Boeing 737-800,Ryanair,landing,arrivee,575,286.1,91.8,,29.54,,
2026-06-12,16:56:14,TAP1824,CS-TJO,Airbus A321neo,TAP Air Portugal,landing,arrivee,575,267.2,94.1,,24.43,,
2026-06-12,16:59:12,EWG25P,D-AEEB,Airbus A321,Eurowings,landing,arrivee,575,264.8,94.8,,18.2,,
2026-06-12,17:06:11,TAP250,CS-TUQ,Airbus A330-900neo,TAP Air Portugal,landing,arrivee,650,269.7,98.3,,39.03,,
2026-06-12,17:08:50,SWR36K,HB-AZJ,EMB-195 E2,Swiss,landing,arrivee,600,271.7,99.1,,61.88,,
2026-06-12,17:11:21,VLG9QY,EC-ODM,Airbus A320,Vueling,landing,arrivee,575,280.6,96.4,,22.71,,
2026-06-12,17:13:50,EJU87HG,OE-LSF,Airbus A320neo,easyJet Europe,landing,arrivee,600,277.2,95.4,,21.54,,
2026-06-12,17:29:27,TAP781,EC-OCT,Airbus A321,TAP Air Portugal,landing,arrivee,550,282.4,95.8,,25.93,,
2026-06-12,17:37:44,RAM982,CN-RGG,Boeing 737-800,Royal Air Maroc,landing,arrivee,550,282.1,98.3,,32.92,,
2026-06-12,17:40:34,RYR98HW,9H-VVR,Boeing 737 MAX 8,Malta Air,landing,arrivee,525,288.9,99.2,,23.67,,
2026-06-12,17:43:58,TAP643,CS-TVB,Airbus A320neo,TAP Air Portugal,landing,arrivee,600,268.9,94.7,,20.28,,
2026-06-12,17:51:46,EJU69VE,OE-IDX,Airbus A320,easyJet Europe,landing,arrivee,550,249.1,96.1,,23.5,,
2026-06-12,17:54:41,TRA27L,PH-HXD,Boeing 737-800,Transavia,landing,arrivee,625,282.4,92.5,,32.48,,
2026-06-12,17:57:54,TAP435,CS-TVM,Airbus A320neo,TAP Air Portugal,landing,arrivee,600,274.8,99.9,,,,
2026-06-12,18:01:04,TVF46GH,F-GZHY,Boeing 737-800,Transavia France,landing,arrivee,600,274.8,94.9,,26.47,,
2026-06-12,18:03:57,BAW506,G-TTSH,Airbus A320neo,British Airways,landing,arrivee,575,267.6,92.3,,18.61,,
2026-06-12,18:06:33,TAP1017,CS-TTY,Embraer E195,TAP Air Portugal,landing,arrivee,550,276.5,98.9,,20.18,,
2026-06-12,18:09:01,AFR24MF,F-HBNE,Airbus A320,Air France,landing,arrivee,575,249.1,92.2,,24.22,,
2026-06-12,18:11:44,TAP56DT,CS-TNK,Airbus A320,TAP Air Portugal,landing,arrivee,575,263.2,95.7,,24.88,,
2026-06-12,18:14:57,TAP15CV,CS-TJS,Airbus A321neo,TAP Air Portugal,landing,arrivee,600,254.7,96.0,,19.67,,
2026-06-12,18:19:38,RYR95SN,EI-DWV,Boeing 737-800,Ryanair,landing,arrivee,575,276.5,98.8,,33.26,,
2026-06-12,18:27:40,TAP1542,CS-TVI,Airbus A320neo,TAP Air Portugal,landing,arrivee,600,249.1,95.7,,18.38,,
2026-06-12,18:30:45,TVF90KW,F-HUYG,Boeing 737-800,Transavia France,landing,arrivee,550,274.8,90.7,,34.46,,
2026-06-12,18:33:24,RYR55AR,EI-DWO,Boeing 737-800,Ryanair,landing,arrivee,575,286.5,90.4,,33.46,,
2026-06-12,18:36:06,EZS62YX,HB-AYR,Airbus A320neo,easyJet Europe,landing,arrivee,600,239.1,93.3,,22.64,,
2026-06-12,18:38:19,TAP35BL,CS-TAW,Embraer E195,TAP Air Portugal,landing,arrivee,575,265.6,100,,22.88,,
2026-06-12,18:41:24,RZO124,CS-TSF,Airbus A321neo,TAP Air Portugal,landing,arrivee,600,266.5,98.8,,17.56,,
2026-06-12,18:47:24,VLG5YW,EC-MBT,Airbus A320,Vueling,landing,arrivee,600,247.2,99.4,,,,
2026-06-12,18:50:14,EJU71TK,OE-LQD,Airbus A319,easyJet Europe,landing,arrivee,575,251.5,92.8,,25.47,,
2026-06-12,18:52:48,WMT6155,HA-LXL,Airbus A321,SAS Scandinavian,landing,arrivee,550,256.5,95.7,,,,
2026-06-12,18:55:59,UAE5M,A6-EPM,Boeing 777-300ER,Emirates,landing,arrivee,575,275.6,93.8,,45.19,,
2026-06-12,18:58:30,EJU67HP,OE-LQI,Airbus A319,easyJet Europe,landing,arrivee,600,244.8,92.8,,18.37,,
2026-06-12,19:01:10,EJU4763,OE-IJO,Airbus A320,easyJet Europe,landing,arrivee,575,250.8,98.5,,,,
2026-06-12,19:03:59,MMZ352,,,,landing,arrivee,575,261.5,94.8,,36.85,,
2026-06-12,19:06:08,TAP1931,CS-TPU,Embraer E190,TAP Air Portugal,landing,arrivee,900,234.3,98.6,,22.85,,
2026-06-12,19:08:47,AEA1157,EC-NUZ,Boeing 737-800,Air Europa,landing,arrivee,575,247.2,93.2,,21.8,,
2026-06-12,19:11:28,BEL2DT,OO-SBB,Airbus A320,Brussels Airlines,landing,arrivee,550,241.5,92.3,,16.54,,
2026-06-12,19:14:43,EZY65DX,G-UZHH,Airbus A320neo,easyJet,landing,arrivee,575,258.0,97.5,,21.33,,
2026-06-12,19:17:22,KLM71Y,PH-AXC,Airbus A321neo,KLM,landing,arrivee,600,255.6,94.8,,26.9,,
2026-06-12,19:20:09,WZZ477,9H-WDI,Airbus A321,Wizz Air,landing,arrivee,600,240.8,95.0,,25.0,,
2026-06-12,19:22:47,RYR21WA,SP-RZU,Boeing 737 MAX 8,Ryanair,landing,arrivee,575,270.4,90.1,,23.71,,
2026-06-12,19:26:58,TAP671,CS-TVD,Airbus A320neo,TAP Air Portugal,landing,arrivee,575,250.8,96.4,,21.86,,
2026-06-12,19:30:27,TAY2MN,OE-IXB,Boeing 737-800,ASL Airlines Belgium,landing,arrivee,550,240.6,95.5,,47.32,,
2026-06-12,19:33:06,TAP825,CS-TJM,Airbus A321neo,TAP Air Portugal,landing,arrivee,600,251.5,96.9,,,,
2026-06-12,19:35:51,TAP25AC,CS-TPX,Embraer E190,TAP Air Portugal,landing,arrivee,550,237.4,93.7,,32.31,,
2026-06-12,19:38:38,TAP1558,CS-TVN,Airbus A320neo,TAP Air Portugal,landing,arrivee,600,246.7,90.5,,,,
2026-06-12,19:41:23,TRA951N,PH-YHC,Airbus A321neo,Transavia,landing,arrivee,575,243.2,95.0,,19.92,,
2026-06-12,19:43:58,IBE05RP,EC-NFI,Airbus A320neo,Iberia,landing,arrivee,575,241.5,88.2,,22.67,,
2026-06-12,19:46:34,RYR32KG,EI-EVV,Boeing 737-800,Ryanair,landing,arrivee,600,270.4,94.7,,33.54,,
2026-06-12,19:49:26,TAP543W,CS-TPT,Embraer E190,TAP Air Portugal,landing,arrivee,575,243.9,90.4,,22.32,,
2026-06-12,19:56:48,TAP93ZS,CS-TNV,Airbus A320,TAP Air Portugal,landing,arrivee,575,252.2,94.0,,23.24,,
2026-06-12,20:03:15,TAP94VA,CS-TVH,Airbus A320neo,TAP Air Portugal,landing,arrivee,600,258.9,100,,18.35,,
2026-06-12,20:06:45,TAP1155,CS-TVQ,Airbus A320neo,TAP Air Portugal,landing,arrivee,625,271.3,98.9,,18.22,,
2026-06-12,20:09:38,EZY26YM,G-EZGI,Airbus A319,easyJet,landing,arrivee,550,257.2,95.6,,22.36,,
2026-06-12,20:12:33,EWG37V,D-ABZL,Airbus A320,Eurowings,landing,arrivee,575,265.6,96.4,,28.22,,
2026-06-12,20:15:19,TAP1019,CS-TPV,Embraer E190,TAP Air Portugal,landing,arrivee,550,234.8,92.1,,21.74,,
2026-06-12,20:18:02,TJD850,I-TOPH,125 850XP,Aliserio,landing,arrivee,525,235.2,91.6,,11.38,,
2026-06-12,20:20:34,WMT537,9H-XLF,Airbus A321neo,Lauda Europe,landing,arrivee,575,254.8,91.3,,23.75,,
2026-06-12,20:23:17,DTA652,D2-TEG,Boeing 777-300ER,TAAG Angola Airlines,landing,arrivee,600,288.0,95.2,,60.4,,
2026-06-12,20:25:58,TAP69UX,CS-TNS,Airbus A320,TAP Air Portugal,landing,arrivee,575,257.2,98.1,,22.9,,
2026-06-12,20:30:40,TAP877,CS-TPY,Embraer E190,TAP Air Portugal,landing,arrivee,550,238.9,98.8,,28.54,,
2026-06-12,20:34:31,KAL921,HL8391,Boeing 787-9,Korean Air,landing,arrivee,550,276.5,97.0,,39.17,,
2026-06-12,20:39:38,TAP1207,CS-TJL,Airbus A321neo,TAP Air Portugal,landing,arrivee,575,272.1,95.2,,23.86,,
2026-06-12,20:43:10,EZY25BM,G-UZHX,Airbus A320neo,easyJet,landing,arrivee,550,243.2,95.1,,18.39,,
2026-06-12,20:55:52,TAP1692,CS-TPR,Embraer E190,TAP Air Portugal,landing,arrivee,525,239.8,88.9,,26.35,,
2026-06-12,20:58:15,TAP835,CS-TJP,Airbus A321neo,TAP Air Portugal,landing,arrivee,600,286.5,100,,20.28,,
2026-06-12,21:01:10,VLG8UE,EC-OLF,Airbus A320,Vueling,landing,arrivee,550,268.9,95.8,,30.77,,
2026-06-12,21:04:16,RYR76WW,EI-IHS,Boeing 737 MAX 8,Ryanair,landing,arrivee,525,285.6,96.8,,,,
2026-06-12,21:07:47,RZO152,CS-TKQ,Airbus A320,TAP Air Portugal,landing,arrivee,550,263.2,95.1,,,,
2026-06-12,21:12:04,TAP57W,CS-TVL,Airbus A320,TAP Air Portugal,landing,arrivee,600,261.5,98.3,,20.58,,
2026-06-12,21:14:47,IBE0537,EC-JLI,Airbus A321,Iberia,landing,arrivee,550,253.2,98.8,,29.71,,
2026-06-12,21:19:57,RZO134,CS-TSY,Airbus A320,TAP Air Portugal,landing,arrivee,600,251.5,96.0,,27.24,,
2026-06-12,21:22:44,TAP67U,CS-TVC,Airbus A320neo,TAP Air Portugal,landing,arrivee,550,243.0,95.4,,16.9,,
2026-06-12,21:24:17,TAP5AS,CS-TNL,Airbus A320,TAP Air Portugal,landing,arrivee,575,255.6,94.2,,26.58,,
2026-06-12,21:26:53,VOE54GD,EC-KMI,Airbus A320,Volotea,landing,arrivee,575,253.5,98.7,,25.97,,
2026-06-12,21:29:28,TAP437X,CS-TJI,Airbus A321neo,TAP Air Portugal,landing,arrivee,575,264.8,99.3,,20.52,,
2026-06-12,21:32:21,PGT1561,TC-NBJ,Airbus A320neo,Pegasus,landing,arrivee,550,234.8,95.3,,22.26,,
2026-06-12,21:34:42,RYR4RL,9H-QAK,Boeing 737-800,Malta Air,landing,arrivee,550,277.2,94.0,,33.82,,
2026-06-12,21:37:51,RYR3WD,EI-GXM,Boeing 737-800,Ryanair,landing,arrivee,550,278.7,97.5,,36.55,,
2026-06-12,21:44:41,TAP863Y,CS-TTX,Embraer E195,TAP Air Portugal,landing,arrivee,525,269.7,89.6,,24.1,,
2026-06-12,21:47:15,RYR24SE,EI-DCX,Boeing 737-800,Ryanair,landing,arrivee,550,278.9,99.0,,46.82,,
2026-06-12,22:02:40,TAP1933,CS-TPO,Embraer E190,TAP Air Portugal,landing,arrivee,525,243.5,98.1,,,,
2026-06-12,22:04:56,RYR7GJ,EI-ILD,Boeing 737 MAX 8,Ryanair,landing,arrivee,525,286.1,95.1,,27.31,,
2026-06-12,22:06:54,TAP1243,CS-TNX,Airbus A320,TAP Air Portugal,landing,arrivee,550,267.2,94.6,,,,
2026-06-12,22:10:08,WJA32,C-FKWS,Boeing 737-700,WestJet,landing,arrivee,500,283.0,94.2,,28.32,,
2026-06-12,22:13:02,TAP555,CS-TVJ,Airbus A320neo,TAP Air Portugal,landing,arrivee,550,265.6,95.8,,24.13,,
2026-06-12,22:15:34,DLH34J,D-AIZT,Airbus A320,Lufthansa,landing,arrivee,525,261.1,96.3,,29.25,,
2026-06-12,22:17:18,TAP1325,CS-TAX,Embraer E195,TAP Air Portugal,landing,arrivee,525,264.8,98.2,,22.24,,
2026-06-12,22:19:44,TVF34QV,F-HUYD,Boeing 737-800,Transavia France,landing,arrivee,525,286.5,96.2,,38.52,,
2026-06-12,22:22:06,AFR64PQ,F-GKXC,Airbus A320,Air France,landing,arrivee,525,265.6,97.1,,,,
2026-06-12,22:25:05,EJU91TW,OE-LSV,Airbus A320neo,easyJet Europe,landing,arrivee,525,241.5,99.1,,,,
2026-06-12,22:27:16,TAP1369,CS-TVA,Airbus A320neo,TAP Air Portugal,landing,arrivee,525,256.5,100,,,,
2026-06-12,22:32:06,EJU7690,OE-IDX,Airbus A320,easyJet Europe,landing,arrivee,550,255.6,92.6,,26.64,,
2026-06-12,22:34:00,TAP837,CS-TJH,Airbus A321,TAP Air Portugal,landing,arrivee,525,281.3,89.2,,,,
2026-06-12,22:36:41,DLH64P,D-AIRC,Airbus A321,Lufthansa,landing,arrivee,525,277.6,91.1,,,,
2026-06-12,22:39:39,TAP43RY,CS-TNM,Airbus A320,TAP Air Portugal,landing,arrivee,525,258.0,91.2,,23.03,,
2026-06-12,22:41:23,RYR68VC,9H-VUZ,Boeing 737 MAX 8,Malta Air,landing,arrivee,500,273.9,89.9,,,,
2026-06-12,22:44:00,TAP645,CS-TVG,Airbus A320neo,TAP Air Portugal,landing,arrivee,550,263.2,96.1,,,,
2026-06-12,22:45:41,RYR9QJ,EI-EMD,Boeing 737-800,Ryanair,landing,arrivee,525,272.8,94.1,,,,
2026-06-12,22:48:39,TAP21MM,CS-TVB,Airbus A320neo,TAP Air Portugal,landing,arrivee,525,257.2,99.7,,,,
2026-06-12,22:50:41,SEH922,SX-GRE,Airbus A320neo,Sky Express Greece,landing,arrivee,525,257.2,96.5,,,,
2026-06-12,22:52:43,EJU32GK,OE-LUE,Airbus A320neo,easyJet Europe,landing,arrivee,525,261.5,100,,23.51,,
2026-06-12,22:54:28,KLM35W,PH-AXN,Airbus A321neo,KLM,landing,arrivee,550,246.7,95.1,,24.24,,
2026-06-12,22:56:36,THY2ES,TC-LTG,Airbus A321neo,Turkish Airlines,landing,arrivee,550,247.2,91.7,,31.78,,
2026-06-12,22:59:03,EIN4PT,EI-DEI,Airbus A320,Aer Lingus,landing,arrivee,525,255.6,89.5,,,,
2026-06-12,23:01:36,TVF47RH,F-HTVD,Boeing 737-800,Transavia France,landing,arrivee,525,262.4,95.2,,46.72,,
2026-06-12,23:03:15,EJU95BR,OE-IWW,Airbus A320,easyJet Europe,landing,arrivee,525,251.5,99.5,,23.11,,
2026-06-12,23:06:22,EJU74EP,OE-LSF,Airbus A320neo,easyJet Europe,landing,arrivee,525,235.6,88.5,,,,
2026-06-12,23:08:17,TAP64M,CS-TJR,Airbus A321neo,TAP Air Portugal,landing,arrivee,550,240.8,92.2,,,,
2026-06-12,23:10:13,EJU64TB,OE-LSP,Airbus A320,easyJet Europe,landing,arrivee,550,258.9,92.6,,,,
2026-06-12,23:12:48,IBE0539,EC-NAY,Airbus A320neo,Iberia,landing,arrivee,550,267.2,91.5,,,,
2026-06-12,23:15:16,BAW508,G-EUYB,Airbus A320,British Airways,landing,arrivee,925,250.8,97.7,,26.64,,
2026-06-12,23:25:58,AEE7PT,SX-NAS,Airbus A321neo,Aegean Airlines,landing,arrivee,775,267.2,100,,18.91,,
2026-06-12,23:32:48,DLH23C,D-AIZE,Airbus A320,Lufthansa,landing,arrivee,525,260.8,87.9,,25.23,,
2026-06-12,23:35:14,TAP35MT,CS-TNQ,Airbus A320,TAP Air Portugal,landing,arrivee,550,248.0,94.6,,31.54,,
2026-06-12,23:37:32,RYR63TC,EI-DLY,Boeing 737-800,Ryanair,landing,arrivee,525,269.7,94.1,,32.63,,
2026-06-12,23:39:24,SWR755L,HB-JPF,Airbus A321neo,Swiss,landing,arrivee,550,276.3,95.8,,23.51,,
2026-06-12,23:42:00,TAP76EN,CS-TJF,Airbus A321,TAP Air Portugal,landing,arrivee,525,261.5,98.8,,,,
2026-06-12,23:43:34,TAP1151,CS-TTZ,Embraer E195,TAP Air Portugal,landing,arrivee,550,258.9,96.6,,30.92,,
2026-06-12,23:47:53,TAP39PT,EC-OCT,Airbus A321,TAP Air Portugal,landing,arrivee,525,261.7,88.4,,23.65,,
2026-06-12,23:50:27,WZZ84UJ,9H-WDT,Airbus A321,Wizz Air,landing,arrivee,550,238.4,93.6,,26.41,,
2026-06-13,00:58:22,RZO128,CS-TSF,Airbus A321neo,TAP Air Portugal,landing,arrivee,575,269.7,98.0,,20.84,,
2026-06-13,04:36:46,TAP1528,CS-TXD,Airbus A321neo,TAP Air Portugal,landing,arrivee,550,285.6,98.1,,27.44,,
2026-06-13,04:56:30,TAP074,CS-TUE,Airbus A330-900neo,TAP Air Portugal,landing,arrivee,575,263.2,97.2,,38.18,,
2026-06-13,05:01:51,TAP082,CS-TUR,Airbus A330-900neo,TAP Air Portugal,landing,arrivee,550,265.6,97.4,,31.9,,
2026-06-13,05:17:23,TAP218,CS-TXK,Airbus A321,TAP Air Portugal,landing,arrivee,550,280.6,97.2,,22.86,,
2026-06-13,05:20:24,TAP96AW,CS-TNV,Airbus A320,TAP Air Portugal,landing,arrivee,550,275.6,91.5,,27.6,,
2026-06-13,05:24:35,TAP224,CS-TUH,Airbus A330-900neo,TAP Air Portugal,landing,arrivee,550,279.7,96.6,,41.78,,
2026-06-13,05:38:43,TAP232Y,CS-TXB,Airbus A321neo,TAP Air Portugal,landing,arrivee,550,258.4,89.3,,22.55,,
2026-06-13,05:47:55,TAP25YZ,CS-TXA,Airbus A321neo,TAP Air Portugal,landing,arrivee,550,275.6,96.0,,25.27,,
2026-06-13,05:50:22,TAP1550,CS-TJM,Airbus A321neo,TAP Air Portugal,landing,arrivee,550,273.2,100,,21.27,,
2026-06-13,05:52:32,TAP202A,CS-TXC,Airbus A321neo,TAP Air Portugal,landing,arrivee,575,251.5,96.2,,23.63,,
2026-06-13,05:56:26,TAP1937,CS-TVA,Airbus A320neo,TAP Air Portugal,landing,arrivee,550,266.3,89.9,,21.86,,
2026-06-13,06:02:16,TAP1484,CS-TJS,Airbus A321neo,TAP Air Portugal,landing,arrivee,625,286.5,99.3,,22.28,,
2026-06-13,06:14:12,TAP1097,CS-TPT,Embraer E190,TAP Air Portugal,landing,arrivee,525,250.8,94.6,,24.37,,
2026-06-13,06:32:35,TSC680,C-GUBC,Airbus A330-200,Air Transat,landing,arrivee,525,266.3,95.4,,38.26,,
2026-06-13,06:34:37,TAP41SN,CS-TVC,Airbus A320neo,TAP Air Portugal,landing,arrivee,550,265.6,97.1,,24.41,,
2026-06-13,06:38:25,AEA1159,EC-NUZ,Boeing 737-800,Air Europa,landing,arrivee,550,278.0,87.3,,,,
2026-06-13,06:41:46,TAP104,CS-TUF,Airbus A330-900neo,TAP Air Portugal,landing,arrivee,600,288.0,93.2,,34.33,,
2026-06-13,06:44:01,TAM8146,PT-MUJ,Boeing 777-300ER,LATAM Airlines,landing,arrivee,550,293.7,91.8,,57.41,,
2026-06-13,06:46:18,TAP1023,CS-TTR,Airbus A319,TAP Air Portugal,landing,arrivee,550,258.0,94.6,,26.12,,
2026-06-13,06:49:15,TAP1908,CS-TVL,Airbus A320,TAP Air Portugal,landing,arrivee,550,277.2,96.6,,22.07,,
2026-06-13,06:52:23,DTA650,D2-TEJ,Boeing 777-300ER,TAAG Angola Airlines,landing,arrivee,550,315.4,93.9,,65.77,,
2026-06-13,06:58:33,TAP058,CS-TOO,Airbus A330-200,TAP Air Portugal,landing,arrivee,575,270.8,94.1,,37.75,,
2026-06-13,07:01:26,TAP1139,CS-TPX,Embraer E190,TAP Air Portugal,landing,arrivee,575,281.3,98.9,,31.69,,
2026-06-13,07:03:58,TAP98CX,CS-TVD,Airbus A320neo,TAP Air Portugal,landing,arrivee,550,284.8,96.6,,21.34,,
2026-06-13,07:06:41,TAP296,CS-TUG,Airbus A330-900neo,TAP Air Portugal,landing,arrivee,575,285.6,93.3,,39.6,,
2026-06-13,07:09:21,TAP9004,CS-TVN,Airbus A320neo,TAP Air Portugal,landing,arrivee,550,273.2,92.6,,24.96,,
2026-06-13,07:13:23,TAP475,CS-TAW,Embraer E195,TAP Air Portugal,landing,arrivee,550,291.3,95.9,,32.89,,
2026-06-13,07:16:06,TAP40MR,CS-TTY,Embraer E195,TAP Air Portugal,landing,arrivee,550,288.9,98.8,,25.73,,
2026-06-13,07:22:09,EJU95BW,OE-IDS,Airbus A320,easyJet Europe,takeoff,depart,1475,283.0,95.0,,25.02,,
2026-06-13,07:23:38,TAP762A,CS-TVG,Airbus A320neo,TAP Air Portugal,takeoff,depart,1700,293.0,91.5,,12.63,,
2026-06-13,07:27:57,TAP1920,CS-TNM,Airbus A320,TAP Air Portugal,takeoff,depart,1550,295.0,91.3,,23.53,,
2026-06-13,07:30:45,EJU15RE,OE-IDX,Airbus A320,easyJet Europe,takeoff,depart,1300,288.2,92.2,,27.21,,
2026-06-13,07:33:02,EJU75FP,OE-IDO,Airbus A320,easyJet Europe,takeoff,depart,1425,292.2,92.7,,26.02,,
2026-06-13,07:35:45,TAP1310,CS-TAX,Embraer E195,TAP Air Portugal,takeoff,depart,950,284.8,90.5,,28.69,,
2026-06-13,07:38:52,DLH99Y,D-AIZE,Airbus A320,Lufthansa,takeoff,depart,1475,275.8,91.1,,24.1,,
2026-06-13,07:41:59,TAP640,CS-TNL,Airbus A320,TAP Air Portugal,takeoff,depart,1500,274.8,93.9,,26.41,,
2026-06-13,07:44:24,TAP120Y,CS-TVB,Airbus A320neo,TAP Air Portugal,takeoff,depart,1425,271.3,91.6,,15.53,,
2026-06-13,07:47:04,TAP874H,CS-TPO,Embraer E190,TAP Air Portugal,takeoff,depart,1125,278.9,94.0,,27.63,,
2026-06-13,07:49:58,TAP34A,CS-TPY,Embraer E190,TAP Air Portugal,takeoff,depart,1200,281.3,92.5,,,,
2026-06-13,07:52:30,TAP13J,CS-TPR,Embraer E190,TAP Air Portugal,takeoff,depart,1100,283.7,91.7,,29.73,,
2026-06-13,07:55:24,TAP752,CS-TNX,Airbus A320,TAP Air Portugal,takeoff,depart,1200,301.7,90.3,,48.84,,
2026-06-13,07:58:24,TAP22MX,CS-TNV,Airbus A320,TAP Air Portugal,takeoff,depart,1300,284.1,91.3,,22.86,,
2026-06-13,08:01:07,TAP34CC,CS-TPV,Embraer E190,TAP Air Portugal,takeoff,depart,1425,280.0,91.8,,25.46,,
2026-06-13,08:04:28,RYR088,EI-GXM,Boeing 737-800,Ryanair,takeoff,depart,975,306.1,92.5,,38.61,,
2026-06-13,08:07:14,TAP868,CS-TTZ,Embraer E195,TAP Air Portugal,takeoff,depart,950,294.1,90.4,,96.79,,
2026-06-13,08:09:46,AEA93EM,EC-NUZ,Boeing 737-800,Air Europa,takeoff,depart,1000,297.2,90.7,,36.14,,
2026-06-13,08:12:55,TAP1102,CS-TPT,Embraer E190,TAP Air Portugal,takeoff,depart,1575,279.7,92.7,,24.2,,
2026-06-13,08:16:34,RZO151,CS-TKQ,Airbus A320,TAP Air Portugal,takeoff,depart,1200,287.2,95.2,,30.7,,
2026-06-13,08:18:15,TAP43PA,CS-TVA,Airbus A320neo,TAP Air Portugal,takeoff,depart,1125,287.4,99.2,,201.01,,
2026-06-13,08:21:15,TAP10MD,CS-TJF,Airbus A321,TAP Air Portugal,takeoff,depart,1175,286.5,94.0,,40.7,,
2026-06-13,08:23:51,TAP70VE,CS-TVC,Airbus A320neo,TAP Air Portugal,takeoff,depart,1500,315.8,92.0,,13.84,,
2026-06-13,08:25:30,TAP1922,CS-TJH,Airbus A321,TAP Air Portugal,takeoff,depart,1350,305.4,90.2,,25.51,,
2026-06-13,08:28:57,TAP560,CS-TVL,Airbus A320,TAP Air Portugal,takeoff,depart,1400,292.2,91.9,,12.44,,
2026-06-13,08:30:37,TAP30BC,CS-TJR,Airbus A321neo,TAP Air Portugal,takeoff,depart,1275,298.9,92.0,,16.88,,
2026-06-13,08:33:41,TAP780,EC-OCT,Airbus A321,TAP Air Portugal,takeoff,depart,1050,322.1,91.6,,60.71,,
2026-06-13,08:36:28,TAP1240,CS-TJP,Airbus A321neo,TAP Air Portugal,takeoff,depart,1575,320.0,91.8,,11.91,,
2026-06-13,08:45:16,TSC681,C-GUBC,Airbus A330-200,Air Transat,takeoff,depart,1250,322.6,91.1,,33.15,,
2026-06-13,08:48:10,TAP1356,CS-TXA,Airbus A321neo,TAP Air Portugal,takeoff,depart,1125,299.8,94.4,,17.83,,
2026-06-13,08:50:43,TAP832,CS-TVN,Airbus A320neo,TAP Air Portugal,takeoff,depart,1275,292.6,93.5,,14.07,,
2026-06-13,08:53:33,TAP7AB,CS-TTR,Airbus A319,TAP Air Portugal,takeoff,depart,1025,296.1,90.2,,29.53,,
2026-06-13,08:55:48,TAP1859,CS-TJM,Airbus A321neo,TAP Air Portugal,takeoff,depart,1050,318.9,94.0,,20.68,,
2026-06-13,08:58:30,ANE1140,EC-MJO,Bombardier CRJ-1000,Air Nostrum,takeoff,depart,875,304.1,92.3,,29.41,,
2026-06-13,09:01:47,LVKLH,LV-KLH,Gulfstream G550,,takeoff,depart,1800,378.7,97.1,,16.27,,
2026-06-13,09:04:22,TAP400,CS-TTW,Embraer E195,TAP Air Portugal,takeoff,depart,1025,297.2,91.8,,,,
2026-06-13,09:06:53,TAP49L,CS-TTY,Embraer E195,TAP Air Portugal,takeoff,depart,950,312.1,90.4,,22.91,,
2026-06-13,09:09:30,TAP93ZR,CS-TXD,Airbus A321neo,TAP Air Portugal,takeoff,depart,1150,313.0,93.9,,16.14,,
2026-06-13,09:11:58,TAP552N,CS-TXC,Airbus A321neo,TAP Air Portugal,takeoff,depart,1225,302.6,94.5,,18.64,,
2026-06-13,09:14:49,TAP1150,CS-TAW,Embraer E195,TAP Air Portugal,takeoff,depart,900,303.7,93.8,,27.96,,
2026-06-13,09:16:56,RZO131,CS-TSY,Airbus A320,TAP Air Portugal,takeoff,depart,1075,313.9,93.1,,42.29,,
2026-06-13,09:19:06,TAP1541,CS-TVM,Airbus A320neo,TAP Air Portugal,takeoff,depart,1475,324.7,93.0,,12.38,,
2026-06-13,09:22:35,TAP1924,CS-TNT,Airbus A320,TAP Air Portugal,takeoff,depart,1200,290.6,94.9,,23.66,,
2026-06-13,09:33:51,TAP052,CS-TXI,Airbus A321neo,TAP Air Portugal,landing,arrivee,550,268.2,93.5,,17.71,,
2026-06-13,09:36:55,TAP66PD,CS-TJI,Airbus A321neo,TAP Air Portugal,landing,arrivee,550,273.9,90.4,,23.98,,
2026-06-13,09:42:12,TAP036,EC-OLG,Airbus A330-300,TAP Air Portugal,landing,arrivee,550,268.2,98.1,,27.91,,
2026-06-13,09:45:13,TAP012,CS-TUA,Airbus A330-900neo,TAP Air Portugal,landing,arrivee,575,265.8,98.1,,30.32,,
2026-06-13,09:50:16,AEE2PT,SX-NEB,Airbus A320neo,Aegean Airlines,landing,arrivee,525,263.9,95.5,,24.63,,
2026-06-13,09:52:40,P4ADTW,,,,landing,arrivee,525,250.8,92.3,,18.86,,
2026-06-13,09:56:13,TAP1921,CS-TNM,Airbus A320,TAP Air Portugal,landing,arrivee,500,256.3,98.1,,21.08,,
2026-06-13,10:00:45,WPT3162,EC-OND,Airbus A330-300,,landing,arrivee,550,254.8,90.1,,29.9,,
2026-06-13,10:03:15,TAP010,CS-TXF,Airbus A321neo,TAP Air Portugal,landing,arrivee,550,267.2,99.1,,20.69,,
2026-06-13,10:06:06,TAP216L,CS-TXM,Airbus A321,TAP Air Portugal,landing,arrivee,525,266.5,92.8,,16.53,,
2026-06-13,10:08:32,NOZ1824,LN-DYT,Boeing 737-800,Norwegian,landing,arrivee,500,274.8,93.9,,35.08,,
2026-06-13,10:11:32,BAW50P,G-EUYJ,Airbus A320,British Airways,landing,arrivee,525,258.9,95.8,,24.67,,
2026-06-13,10:14:13,TAP210,CS-TUC,Airbus A330-900neo,TAP Air Portugal,landing,arrivee,550,258.0,92.7,,34.34,,
2026-06-13,10:16:50,EZY79RV,G-EZRZ,Airbus A320,easyJet,landing,arrivee,525,262.4,98.9,,28.78,,
2026-06-13,10:21:38,EJU97VT,OE-IDS,Airbus A320,easyJet Europe,landing,arrivee,550,258.9,97.1,,23.18,,
2026-06-13,10:26:34,TAP1826,CS-TVQ,Airbus A320neo,TAP Air Portugal,landing,arrivee,550,240.8,97.9,,17.61,,
2026-06-13,10:28:03,DAL124,N409DX,Airbus A330-900neo,Delta Air Lines,landing,arrivee,525,264.8,97.0,,33.44,,
2026-06-13,10:31:08,TAP204A,CS-TUK,Airbus A330-900neo,TAP Air Portugal,landing,arrivee,525,256.5,97.2,,30.98,,
2026-06-13,10:33:41,AEA1153,EC-MUZ,Boeing 737-800,Air Europa,landing,arrivee,550,284.8,93.6,,29.09,,
2026-06-13,10:35:53,EIN82T,EI-DEK,Airbus A320,Aer Lingus,landing,arrivee,525,252.4,97.0,,25.98,,
2026-06-13,10:38:26,TAP13LH,CS-TJN,Airbus A321neo,TAP Air Portugal,landing,arrivee,550,252.4,97.2,,22.42,,
2026-06-13,10:40:56,TAP088,CS-TUS,Airbus A330-900neo,TAP Air Portugal,landing,arrivee,575,258.0,96.4,,28.17,,
2026-06-13,10:43:47,TAP11MG,CS-TPV,Embraer E190,TAP Air Portugal,landing,arrivee,500,244.3,93.9,,26.93,,
2026-06-13,10:46:27,KLM1579,PH-AXP,Airbus A321neo,KLM,landing,arrivee,525,249.8,97.9,,17.22,,
2026-06-13,10:49:12,TAP11SV,CS-TPT,Embraer E190,TAP Air Portugal,landing,arrivee,500,249.1,99.4,,20.84,,
2026-06-13,10:51:44,TAP1923,CS-TJH,Airbus A321,TAP Air Portugal,landing,arrivee,525,264.1,97.7,,22.97,,
2026-06-13,10:54:20,TAP262M,CS-TXG,Airbus A321neo,TAP Air Portugal,landing,arrivee,550,268.0,91.2,,18.84,,
2026-06-13,10:56:59,UAL942,N226UA,Boeing 777-200,United Airlines,landing,arrivee,525,268.2,90.6,,29.41,,
2026-06-13,10:59:56,AZU8900,CS-TSW,Boeing 777-200,Azul,landing,arrivee,575,258.0,91.3,,39.19,,
2026-06-13,11:02:38,TAP68JP,CS-TJL,Airbus A321neo,TAP Air Portugal,landing,arrivee,550,267.2,93.3,,18.71,,
2026-06-13,11:05:09,TAP254,CS-TXJ,Airbus A321neo,TAP Air Portugal,landing,arrivee,550,270.0,96.4,,19.47,,
2026-06-13,11:07:33,OBS832,CS-TCF,Airbus A330-900neo,TAP Air Portugal,landing,arrivee,575,258.0,96.1,,28.77,,
2026-06-13,11:09:25,ACA810,C-FIVQ,Boeing 777-300ER,Air Canada,landing,arrivee,550,283.0,93.4,,53.68,,
2026-06-13,11:12:24,SWR36K,YL-CSE,C Series 300,Swiss,landing,arrivee,525,255.6,96.6,,21.63,,
2026-06-13,11:14:35,EJU74EF,OE-IDO,Airbus A320,easyJet Europe,landing,arrivee,550,267.2,94.5,,30.79,,
2026-06-13,11:16:29,AFR41GW,F-HPNT,Airbus A220-300,Air France,landing,arrivee,525,240.0,92.8,,18.08,,
2026-06-13,11:19:09,BEL2DY,OO-TCH,Airbus A320,Brussels Airlines,landing,arrivee,550,252.4,93.8,,28.09,,
2026-06-13,11:22:24,TAP248,CS-TUD,Airbus A330-900neo,TAP Air Portugal,landing,arrivee,550,261.5,95.6,,36.11,,
2026-06-13,11:30:35,RZO120,CS-TSF,Airbus A321neo,TAP Air Portugal,landing,arrivee,575,275.6,92.3,,20.71,,
2026-06-13,11:33:20,DLH39X,D-AIEM,Airbus A321neo,Lufthansa,landing,arrivee,550,265.6,92.8,,23.18,,
2026-06-13,11:36:23,TAP429,CS-TTX,Embraer E195,TAP Air Portugal,landing,arrivee,525,266.5,95.5,,19.14,,
2026-06-13,11:39:10,IBE05FV,EC-LEI,Airbus A319,Iberia,landing,arrivee,550,251.5,94.8,,24.58,,
2026-06-13,11:42:09,TAP1925,CS-TNT,Airbus A320,TAP Air Portugal,landing,arrivee,550,275.6,96.8,,24.23,,
2026-06-13,11:45:05,TVF46JB,F-HTVF,Boeing 737-800,Transavia France,landing,arrivee,525,288.9,96.1,,27.63,,
2026-06-13,11:48:48,TAP1902,CS-TNU,Airbus A320,TAP Air Portugal,landing,arrivee,525,262.4,95.0,,27.49,,
2026-06-13,11:55:01,UAL64,N12012,Boeing 787-10,United Airlines,landing,arrivee,525,290.6,92.5,,42.11,,
2026-06-13,11:57:51,RYR3WD,EI-GXM,Boeing 737-800,Ryanair,landing,arrivee,550,284.8,91.7,,28.32,,
2026-06-13,12:00:25,TAP11WQ,CS-TJF,Airbus A321,TAP Air Portugal,landing,arrivee,550,284.8,99.7,,25.4,,
2026-06-13,12:03:43,EJU74LC,OE-LSV,Airbus A320neo,easyJet Europe,landing,arrivee,525,249.3,93.2,,17.08,,
2026-06-13,12:06:12,EJU52PB,OE-LUE,Airbus A320neo,easyJet Europe,landing,arrivee,550,274.8,95.1,,17.81,,
2026-06-13,12:11:00,TAP3200,CS-TUM,Airbus A330-900neo,TAP Air Portugal,landing,arrivee,575,287.2,97.1,,31.79,,
2026-06-13,12:15:36,RYR95SN,9H-VUZ,Boeing 737 MAX 8,Malta Air,landing,arrivee,550,293.0,92.8,,20.85,,
2026-06-13,12:18:29,TAM8148,PS-LAA,Boeing 787-9,LATAM Airlines,landing,arrivee,525,275.6,99.1,,27.64,,
2026-06-13,12:21:11,RYR29TL,EI-ILD,Boeing 737 MAX 8,Ryanair,landing,arrivee,525,292.6,91.6,,21.68,,
2026-06-13,12:24:06,TAP1123,CS-TPQ,Embraer E190,TAP Air Portugal,landing,arrivee,550,249.1,98.6,,17.01,,
2026-06-13,12:26:40,UAE3MV,A6-EPL,Boeing 777-300ER,Emirates,landing,arrivee,575,289.7,92.7,,39.87,,
2026-06-13,12:36:44,TAP143P,CS-TPS,Embraer E190,TAP Air Portugal,landing,arrivee,525,241.5,98.4,,15.55,,
2026-06-13,12:39:29,TAP1031,CS-TJR,Airbus A321neo,TAP Air Portugal,landing,arrivee,575,282.4,95.4,,16.6,,
2026-06-13,12:42:12,EJU38DF,OE-IWW,Airbus A320,easyJet Europe,landing,arrivee,550,275.6,94.1,,25.37,,
2026-06-13,12:56:05,RZO122,CS-TSH,Airbus A321neo,Azores Airlines,landing,arrivee,575,296.5,99.0,,16.89,,
2026-06-13,13:01:56,TAP831,CS-TVJ,Airbus A320neo,TAP Air Portugal,landing,arrivee,575,258.9,95.8,,16.73,,
2026-06-13,13:04:13,RYR56BR,EI-DLY,Boeing 737-800,Ryanair,landing,arrivee,550,299.7,95.3,,30.27,,
2026-06-13,13:06:57,VLG8JM,EC-NYF,Airbus A321,Vueling,landing,arrivee,550,274.8,92.2,,20.75,,
2026-06-13,13:09:36,TAP145W,CS-TPX,Embraer E190,TAP Air Portugal,landing,arrivee,525,259.7,93.9,,18.07,,
2026-06-13,13:12:32,SWT131,EC-MAF,ATR 72 500F,Swiftair,landing,arrivee,525,201.9,91.2,,14.73,,
2026-06-13,13:15:07,TAP27PS,CS-TTS,Airbus A319,TAP Air Portugal,landing,arrivee,525,271.7,91.7,,16.71,,
2026-06-13,13:17:40,TAP10VL,CS-TPZ,Embraer E190,TAP Air Portugal,landing,arrivee,550,262.4,97.7,,15.55,,
2026-06-13,13:20:29,EJU69GW,OE-IDX,Airbus A320,easyJet Europe,landing,arrivee,550,273.2,98.7,,27.88,,
2026-06-13,13:23:18,TAP234Y,CS-TXL,Airbus A321neo,TAP Air Portugal,landing,arrivee,550,278.2,99.5,,22.53,,
2026-06-13,13:26:00,TAP91TL,CS-TTY,Embraer E195,TAP Air Portugal,landing,arrivee,550,292.2,90.6,,22.48,,
2026-06-13,13:28:43,TAP1335,CS-TPY,Embraer E190,TAP Air Portugal,landing,arrivee,550,271.3,91.1,,20.53,,
2026-06-13,13:33:31,TAP226,CS-TUL,Airbus A330-900neo,TAP Air Portugal,landing,arrivee,550,288.2,92.7,,39.66,,
2026-06-13,13:36:14,RZO150,CS-TKQ,Airbus A320,TAP Air Portugal,landing,arrivee,550,284.8,94.9,,30.64,,
2026-06-13,13:39:29,EJU94NF,OE-LSF,Airbus A320neo,easyJet Europe,landing,arrivee,550,265.6,100,,18.44,,
2026-06-13,13:43:32,TAP11EG,CS-TAX,Embraer E195,TAP Air Portugal,landing,arrivee,575,290.4,96.4,,30.45,,
2026-06-13,13:46:15,EWG37V,OK-TSU,Boeing 737-800,Eurowings,landing,arrivee,550,298.0,96.5,,27.29,,
2026-06-13,13:49:05,TAP23V,CS-TPR,Embraer E190,TAP Air Portugal,landing,arrivee,525,261.5,90.7,,23.05,,
2026-06-13,13:51:12,TAP43JD,CS-TVA,Airbus A320neo,TAP Air Portugal,landing,arrivee,1000,278.2,98.7,,17.35,,
2026-06-13,13:54:29,TAP1013,CS-TJK,Airbus A321neo,TAP Air Portugal,landing,arrivee,575,273.2,94.2,,22.52,,
2026-06-13,13:56:08,TAP1860,CS-TJM,Airbus A321neo,TAP Air Portugal,landing,arrivee,575,303.0,97.4,,21.79,,
2026-06-13,13:58:23,TAP1151,CS-TAW,Embraer E195,TAP Air Portugal,landing,arrivee,575,269.7,94.9,,19.75,,
2026-06-13,14:04:49,TAP43TR,CS-TJF,Airbus A321,TAP Air Portugal,takeoff,depart,1275,292.2,96.2,,43.56,,
2026-06-13,14:08:59,EJU45QL,OE-IDO,Airbus A320,easyJet Europe,takeoff,depart,1425,287.2,97.4,,17.33,,
2026-06-13,14:11:21,TAP1928,CS-TXG,Airbus A321neo,TAP Air Portugal,takeoff,depart,1475,294.1,93.2,,18.26,,
2026-06-13,14:13:50,TAP932,CS-TJN,Airbus A321neo,TAP Air Portugal,takeoff,depart,1250,304.1,96.4,,14.71,,
2026-06-13,14:16:40,RYR3628,EI-DLY,Boeing 737-800,Ryanair,takeoff,depart,1175,297.4,91.9,,35.3,,
2026-06-13,14:19:37,TAP295,CS-TUD,Airbus A330-900neo,TAP Air Portugal,takeoff,depart,1500,312.8,93.1,,14.62,,
2026-06-13,14:21:57,UAL65,N12012,Boeing 787-10,United Airlines,takeoff,depart,1300,357.3,96.4,,131.15,,
2026-06-13,14:25:00,EJU84EZ,OE-IWW,Airbus A320,easyJet Europe,takeoff,depart,1225,291.1,94.0,,16.55,,
2026-06-13,14:27:15,TAP1454,CS-TPX,Embraer E190,TAP Air Portugal,takeoff,depart,1175,278.9,94.4,,23.29,,
2026-06-13,14:30:05,VLG6LF,EC-NYF,Airbus A321,Vueling,takeoff,depart,1300,293.0,93.8,,13.51,,
2026-06-13,14:33:08,9HGMF,9H-GVA,GL5T,,approach,arrivee,750,102.0,92.4,,9.22,,
2026-06-13,14:38:11,RZO125,CS-TSH,Airbus A321neo,Azores Airlines,takeoff,depart,1275,300.9,94.5,,13.11,,
2026-06-13,14:41:44,TAP876,CS-TPS,Embraer E190,TAP Air Portugal,takeoff,depart,1600,296.5,95.3,,16.44,,
2026-06-13,14:44:29,TAP86VR,CS-TTS,Airbus A319,TAP Air Portugal,takeoff,depart,1150,292.2,96.1,,24.47,,
2026-06-13,14:46:48,TAP82LN,CS-TPZ,Embraer E190,TAP Air Portugal,takeoff,depart,1425,310.8,91.9,,24.02,,
2026-06-13,14:50:04,TAP1861,CS-TVJ,Airbus A320neo,TAP Air Portugal,takeoff,depart,1375,280.9,92.4,,11.41,,
2026-06-13,14:52:57,UAE192,A6-EPL,Boeing 777-300ER,Emirates,takeoff,depart,1125,358.7,90.5,,28.65,,
2026-06-13,14:59:24,TAP1034,CS-TJR,Airbus A321neo,TAP Air Portugal,takeoff,depart,1575,311.3,93.5,,11.06,,
2026-06-13,15:02:18,TAP472C,CS-TPR,Embraer E190,TAP Air Portugal,takeoff,depart,1175,273.5,93.9,,26.18,,
2026-06-13,15:05:49,EWG58E,OK-TSU,Boeing 737-800,Eurowings,takeoff,depart,925,324.5,92.3,,54.19,,
2026-06-13,15:08:37,TAP884,CS-TPY,Embraer E190,TAP Air Portugal,takeoff,depart,1000,296.9,92.8,,34.47,,
2026-06-13,15:12:16,EJU43QE,OE-IBF,Airbus A320,easyJet Europe,takeoff,depart,1250,300.4,92.8,,22.51,,
2026-06-13,15:16:42,RYR8618,EI-GJT,Boeing 737-800,Ryanair,takeoff,depart,1450,296.5,92.8,,29.37,,
2026-06-13,15:19:43,TAP10AD,CS-TAW,Embraer E195,TAP Air Portugal,takeoff,depart,1100,278.9,91.6,,26.8,,
2026-06-13,15:21:14,TAP554M,CS-TNQ,Airbus A320,TAP Air Portugal,takeoff,depart,1350,286.5,91.8,,21.41,,
2026-06-13,15:22:49,TAP42LV,CS-TNV,Airbus A320,TAP Air Portugal,takeoff,depart,1250,279.3,94.7,,29.87,,
2026-06-13,15:27:01,TAP50Y,CS-TVA,Airbus A320neo,TAP Air Portugal,takeoff,depart,1450,276.5,91.1,,12.08,,
2026-06-13,15:28:35,TAP826,CS-TJK,Airbus A321neo,TAP Air Portugal,takeoff,depart,1275,295.8,93.6,,12.0,,
2026-06-13,15:30:10,RZO143,CS-TKQ,Airbus A320,TAP Air Portugal,takeoff,depart,1150,286.9,93.6,,29.12,,
2026-06-13,15:32:54,TAP1064,CS-TTW,Embraer E195,TAP Air Portugal,takeoff,depart,1150,285.0,91.1,,24.77,,
2026-06-13,15:35:53,TAP836A,CS-TJM,Airbus A321neo,TAP Air Portugal,takeoff,depart,1250,300.2,92.5,,12.44,,
2026-06-13,15:38:50,BAW9273,G-EUYB,Airbus A320,British Airways,takeoff,depart,1725,301.7,96.9,,16.8,,
2026-06-13,15:42:17,DLH01A,D-AIRC,Airbus A321,Lufthansa,takeoff,depart,1700,317.8,81.7,,23.09,,
2026-06-13,15:43:48,TAP94EV,CS-TPO,Embraer E190,TAP Air Portugal,takeoff,depart,1525,278.9,70.4,,10.86,,
2026-06-13,15:45:18,LOT7KU,SP-LVO,Boeing 737 MAX 8,LOT Polish Airlines,takeoff,depart,775,329.8,92.3,,24.63,,
2026-06-13,15:48:17,RYR103K,9H-VUZ,Boeing 737 MAX 8,Malta Air,takeoff,depart,1150,323.4,93.9,,20.73,,
2026-06-13,15:51:23,TAP72LP,CS-TNL,Airbus A320,TAP Air Portugal,takeoff,depart,1225,288.2,93.5,,26.39,,
2026-06-13,15:53:38,EZS63BD,HB-JXF,Airbus A320,Austrian Airlines,takeoff,depart,1325,306.5,93.2,,24.02,,
2026-06-13,15:56:32,N604KJ,N604KJ,Challenger 604,Peter K Jaffe,takeoff,depart,1500,389.3,92.1,,9.02,,
2026-06-13,15:59:07,9HGMF,9H-GVA,GL5T,,descending,arrivee,250,1.3,91.8,,21.17,,
2026-06-13,16:03:44,RYR2GB,9H-QBD,Boeing 737-800,Malta Air,takeoff,depart,1125,312.6,93.3,,34.61,,
2026-06-13,16:06:58,WPT3153,EC-OND,Airbus A330-300,,takeoff,depart,1325,317.4,93.5,,21.16,,
2026-06-13,16:11:24,KLM80Z,PH-AXT,Airbus A321neo,KLM,takeoff,depart,1125,314.5,90.8,,15.06,,
2026-06-13,16:14:08,TAP1930,CS-TXL,Airbus A321neo,TAP Air Portugal,takeoff,depart,1275,303.0,91.9,,12.72,,
2026-06-13,16:16:19,EJU68GB,OE-LSF,Airbus A320neo,easyJet Europe,takeoff,depart,1475,297.2,92.4,,10.86,,
2026-06-13,16:19:02,TAP02MR,CS-TTZ,Embraer E195,TAP Air Portugal,takeoff,depart,1125,295.8,89.6,,26.43,,
2026-06-13,16:21:41,TAM8149,PS-LAA,Boeing 787-9,LATAM Airlines,takeoff,depart,925,351.1,92.1,,27.23,,
2026-06-13,16:24:58,TCV601,D4-CCI,Boeing 737-700,Cabo Verde Airlines,takeoff,depart,1025,302.1,97.4,,39.49,,
2026-06-13,16:27:45,EJU73LY,OE-IDX,Airbus A320,easyJet Europe,takeoff,depart,1300,290.6,90.6,,22.78,,
2026-06-13,16:30:18,TAP436,CS-TNK,Airbus A320,TAP Air Portugal,takeoff,depart,1325,292.2,92.0,,21.24,,
2026-06-13,16:32:57,TAP13HL,CS-TVR,Airbus A320neo,TAP Air Portugal,takeoff,depart,1400,288.0,92.2,,11.93,,
2026-06-13,16:35:59,AEA67QW,EC-MQP,Boeing 737-800,Air Europa,takeoff,depart,1075,300.4,88.4,,32.53,,
2026-06-13,16:38:59,AFR99MY,F-GKXO,Airbus A320,Air France,takeoff,depart,1350,292.2,90.2,,26.46,,
2026-06-13,16:41:53,EZY35AB,G-EZDJ,Airbus A319,easyJet,takeoff,depart,1350,290.6,94.5,,23.81,,
2026-06-13,16:44:37,TAP44BR,CS-TNJ,Airbus A320,TAP Air Portugal,takeoff,depart,1375,277.6,90.3,,20.75,,
2026-06-13,16:47:08,DLH42Y,D-AIJC,Airbus A320neo,Lufthansa,takeoff,depart,1500,299.7,94.0,,10.62,,
2026-06-13,17:02:07,TAP233,CS-TXA,Airbus A321neo,TAP Air Portugal,takeoff,depart,1550,348.5,93.9,,16.61,,
2026-06-13,17:05:49,BAW505,G-TTNN,Airbus A320neo,British Airways,takeoff,depart,1575,280.6,90.4,,11.64,,
2026-06-13,17:08:46,TAP91SR,CS-TAX,Embraer E195,TAP Air Portugal,takeoff,depart,1125,289.7,90.3,,23.18,,
2026-06-13,17:12:48,TAP1905,CS-TVN,Airbus A320neo,TAP Air Portugal,takeoff,depart,1500,282.1,94.0,,11.45,,
2026-06-13,17:16:44,BTI8HM,YL-ABA,A220 300,Air Baltic,takeoff,depart,1600,303.0,89.3,,11.05,,
2026-06-13,17:18:57,EWG36AZ,D-AEEB,Airbus A321,Eurowings,takeoff,depart,1425,298.9,92.7,,15.7,,
2026-06-13,17:21:07,TAP438T,CS-TTR,Airbus A319,TAP Air Portugal,takeoff,depart,1325,287.1,95.1,,26.74,,
2026-06-13,17:23:19,TAP1036,CS-TPT,Embraer E190,TAP Air Portugal,takeoff,depart,1550,303.5,94.4,,19.25,,
2026-06-13,17:25:26,ANE79CP,EC-MUG,Bombardier CRJ-1000,Air Nostrum,takeoff,depart,1050,290.0,90.7,,27.23,,
2026-06-13,17:28:17,SWR2GX,HB-JPA,Airbus A321neo,Swiss,takeoff,depart,1500,296.5,92.2,,17.61,,
2026-06-13,17:30:20,EJU78PV,OE-LSP,Airbus A320,easyJet Europe,takeoff,depart,1350,317.1,90.5,,14.22,,
2026-06-13,17:32:55,TAP1018,CS-TPV,Embraer E190,TAP Air Portugal,takeoff,depart,1325,268.0,95.6,,23.56,,
2026-06-13,17:36:13,TAP209K,CS-TUM,Airbus A330-900neo,TAP Air Portugal,takeoff,depart,1425,305.4,92.1,,20.48,,
2026-06-13,17:46:08,THY1DB,TC-LOM,Airbus A330-200,Turkish Airlines,takeoff,depart,1475,292.4,93.5,,23.51,,
2026-06-13,17:50:55,RYR1887,EI-DLY,Boeing 737-800,Ryanair,takeoff,depart,1125,306.5,92.4,,45.04,,
2026-06-13,17:55:42,FIN7FG,OH-LZM,Airbus A321,Finnair,takeoff,depart,1100,329.1,93.2,,76.79,,
2026-06-13,18:01:13,TAP011,CS-TXH,Airbus A321neo,TAP Air Portugal,takeoff,depart,1450,336.3,97.0,,18.1,,
2026-06-13,18:04:12,SWR2089,YL-ABK,A220-300,Swiss,takeoff,depart,1475,271.7,91.7,,11.61,,
2026-06-13,18:07:22,RYR31TE,EI-DCN,Boeing 737-800,Ryanair,takeoff,depart,925,321.3,94.7,,47.8,,
2026-06-13,18:10:49,TAP029,CS-TOP,Airbus A330-200,TAP Air Portugal,takeoff,depart,1325,316.0,94.7,,58.59,,
2026-06-13,18:13:38,TAP1863,CS-TVD,Airbus A320neo,TAP Air Portugal,takeoff,depart,1350,289.3,93.5,,13.37,,
2026-06-13,18:16:40,EJU34VC,OE-IDS,Airbus A320,easyJet Europe,takeoff,depart,1275,294.8,93.9,,25.47,,
2026-06-13,18:21:29,TAP4BE,CS-TVG,Airbus A320neo,TAP Air Portugal,takeoff,depart,1700,311.0,100,,14.42,,
2026-06-13,18:24:28,OBS851,CS-TCF,Airbus A330-900neo,TAP Air Portugal,takeoff,depart,1300,315.2,99.9,,16.98,,
2026-06-13,18:29:41,RYR1LX,9H-QBK,Boeing 737-800,Malta Air,takeoff,depart,1075,317.8,89.9,,48.39,,
2026-06-13,18:32:05,TAP564C,CS-TVC,Airbus A320neo,TAP Air Portugal,takeoff,depart,1425,291.9,92.5,,16.18,,
2026-06-13,18:37:34,SWT132,EC-MAF,ATR 72 500F,Swiftair,takeoff,depart,1225,237.8,91.5,,13.55,,
2026-06-13,18:40:08,VLG2CU,EC-NCF,Airbus A320neo,Vueling,takeoff,depart,1575,280.4,92.3,,12.52,,
2026-06-13,18:43:45,TAP57LK,CS-TNX,Airbus A320,TAP Air Portugal,takeoff,depart,1100,295.0,94.5,,37.51,,
2026-06-13,18:46:38,EJU41EH,OE-LSV,Airbus A320neo,easyJet Europe,takeoff,depart,1350,312.8,94.4,,14.2,,
2026-06-13,18:49:02,TAP1932,CS-TJI,Airbus A321neo,TAP Air Portugal,takeoff,depart,1475,289.7,92.4,,14.09,,
2026-06-13,18:51:37,TAP047,CS-TXE,Airbus A321neo,TAP Air Portugal,takeoff,depart,1625,320.6,92.3,,18.48,,
2026-06-13,18:54:02,TVF17NU,F-GZHB,Boeing 737-800,Transavia France,takeoff,depart,1375,318.4,89.8,,31.05,,
2026-06-13,19:00:01,TAP215,CS-TXC,Airbus A321neo,TAP Air Portugal,takeoff,depart,1475,336.9,89.8,,16.72,,
2026-06-13,19:06:38,MMZ661P,,,,takeoff,depart,2150,286.1,91.6,,25.7,,
2026-06-13,19:08:50,TAP6CY,CS-TVH,Airbus A320neo,TAP Air Portugal,takeoff,depart,1350,280.9,93.2,,15.82,,
2026-06-13,19:12:13,RYR9CZ,9H-QCW,Boeing 737-800,Malta Air,takeoff,depart,925,321.1,95.5,,55.18,,
2026-06-13,19:14:32,RYR8HM,EI-IGM,Boeing 737 MAX 8,Ryanair,takeoff,depart,875,335.0,98.9,,22.11,,
2026-06-13,19:16:33,TAP035,EC-OLG,Airbus A330-300,TAP Air Portugal,takeoff,depart,1125,330.2,92.8,,58.5,,
2026-06-13,19:19:01,EJU17CM,OE-LUE,Airbus A320neo,easyJet Europe,takeoff,depart,1375,295.8,93.0,,12.97,,
2026-06-13,19:21:08,TRA87Y,PH-HXN,Boeing 737-800,Transavia,takeoff,depart,950,314.5,90.8,,51.32,,
2026-06-13,19:25:36,TAP934,CS-TVO,Airbus A320neo,TAP Air Portugal,takeoff,depart,1425,285.6,94.4,,12.58,,
2026-06-13,19:27:56,TAP67NP,CS-TVL,Airbus A320,TAP Air Portugal,takeoff,depart,1425,293.7,95.6,,14.43,,
2026-06-13,19:31:06,RYR22RD,9H-QBX,Boeing 737-800,Malta Air,takeoff,depart,975,320.6,92.1,,51.78,,
2026-06-13,19:33:44,02008b,CN-ROS,Boeing 737-800,Royal Air Maroc,takeoff,depart,1400,299.7,92.2,,45.33,,
2026-06-13,19:36:09,EJU85UT,OE-LQR,Airbus A319,easyJet Europe,takeoff,depart,1325,288.2,92.8,,21.6,,
2026-06-13,19:45:48,RYR40MN,EI-DWD,Boeing 737-800,Ryanair,landing,arrivee,625,295.4,96.1,,33.39,,
2026-06-13,19:48:34,EJU19TV,OE-IWW,Airbus A320,easyJet Europe,landing,arrivee,575,273.2,96.8,,29.03,,
2026-06-13,19:51:10,RYR6626,9H-VUY,Boeing 737 MAX 8,Malta Air,landing,arrivee,525,288.0,90.8,,26.43,,
2026-06-13,19:53:49,TAP563,CS-TVI,Airbus A320neo,TAP Air Portugal,landing,arrivee,600,262.4,89.8,,20.38,,
2026-06-13,19:56:35,EWG9602,D-AIDV,Airbus A321,Eurowings,landing,arrivee,575,294.1,97.0,,29.2,,
2026-06-13,19:59:11,TAP69UX,CS-TNU,Airbus A320,TAP Air Portugal,landing,arrivee,625,263.9,94.0,,30.07,,
2026-06-13,20:02:04,TAP48M,CS-TPZ,Embraer E190,TAP Air Portugal,landing,arrivee,1000,272.4,99.5,,89.57,,
2026-06-13,20:05:26,VLG8UE,EC-KDX,Airbus A320,Vueling,landing,arrivee,575,260.4,97.0,,29.81,,
2026-06-13,20:09:36,DTA652,D2-TEG,Boeing 777-300ER,TAAG Angola Airlines,landing,arrivee,650,294.8,96.5,,48.18,,
2026-06-13,20:15:04,BTI8WF,YL-CSI,C Series 300,Air Baltic,landing,arrivee,550,262.8,95.1,,20.58,,
2026-06-13,20:17:40,TAP825,CS-TJL,Airbus A321neo,TAP Air Portugal,landing,arrivee,600,283.0,97.5,,24.35,,
2026-06-13,20:20:39,TAP1862,CS-TVJ,Airbus A320neo,TAP Air Portugal,landing,arrivee,575,260.0,93.3,,25.18,,
2026-06-13,20:23:28,TAP671,CS-TVP,Airbus A320neo,TAP Air Portugal,landing,arrivee,600,264.8,95.4,,19.88,,
2026-06-13,20:25:56,TAP835,CS-TJH,Airbus A321,TAP Air Portugal,landing,arrivee,550,275.6,97.1,,34.92,,
2026-06-13,20:28:40,TAP473H,CS-TPR,Embraer E190,TAP Air Portugal,landing,arrivee,575,243.2,95.6,,25.71,,
2026-06-13,20:31:12,TAP93ZS,CS-TJN,Airbus A321neo,TAP Air Portugal,landing,arrivee,625,279.7,95.7,,22.48,,
2026-06-13,20:33:51,TAP543W,CS-TTX,Embraer E195,TAP Air Portugal,landing,arrivee,575,263.2,87.6,,30.91,,
2026-06-13,20:36:42,PGT1741,TC-NBU,Airbus A320neo,Pegasus,landing,arrivee,575,252.2,96.2,,21.78,,
2026-06-13,20:39:04,TAP755,CS-TVQ,Airbus A320neo,TAP Air Portugal,landing,arrivee,600,270.8,91.5,,20.7,,
2026-06-13,20:41:52,EZY25BM,G-EZGN,Airbus A319,easyJet,landing,arrivee,600,257.2,94.4,,27.12,,
2026-06-13,20:44:32,TAP1019,CS-TPV,Embraer E190,TAP Air Portugal,landing,arrivee,550,249.1,94.9,,23.28,,
2026-06-13,20:47:09,EZY26YM,G-EZFW,Airbus A319,easyJet,landing,arrivee,600,263.2,98.2,,22.02,,
2026-06-13,20:49:55,WMT537,9H-WII,Citation VII,Luxwing Ltd,landing,arrivee,600,259.7,96.0,,28.15,,
2026-06-13,20:52:22,VLG14YF,EC-MYB,Airbus A320,Vueling,landing,arrivee,575,267.2,91.1,,32.78,,
2026-06-13,20:55:18,TAP877,CS-TPS,Embraer E190,TAP Air Portugal,landing,arrivee,550,263.9,90.4,,26.14,,
2026-06-13,20:57:40,TAP53ED,CS-TNR,Airbus A320,TAP Air Portugal,landing,arrivee,575,263.9,96.4,,30.81,,
2026-06-13,21:00:30,RYR85MR,EI-ILD,Boeing 737 MAX 8,Ryanair,landing,arrivee,600,289.3,95.2,,26.49,,
2026-06-13,21:03:59,EJU36BG,OE-IBF,Airbus A320,easyJet Europe,landing,arrivee,575,263.2,91.7,,32.49,,
2026-06-13,21:06:23,TAP1692,CS-TAX,Embraer E195,TAP Air Portugal,landing,arrivee,925,264.1,98.3,,34.17,,
2026-06-13,21:08:47,EWG6TR,9H-EURO,Airbus A320,Eurowings,landing,arrivee,575,250.8,93.0,,31.09,,
2026-06-13,21:10:31,TAP94VA,CS-TNV,Airbus A320,TAP Air Portugal,landing,arrivee,575,262.2,94.1,,24.75,,
2026-06-13,21:12:03,TAP863Y,CS-TTS,Airbus A319,TAP Air Portugal,landing,arrivee,575,254.7,95.4,,24.38,,
2026-06-13,21:15:13,BLAST31,,,,landing,arrivee,600,248.4,91.3,,66.19,,
2026-06-13,21:18:08,RZO142,CS-TKQ,Airbus A320,TAP Air Portugal,landing,arrivee,600,262.2,96.2,,25.31,,
2026-06-13,21:21:09,TAP57W,CS-TVA,Airbus A320neo,TAP Air Portugal,landing,arrivee,575,246.7,95.8,,25.65,,
2026-06-13,21:23:37,WJA32,C-FIBA,Boeing 737 MAX 8,WestJet,landing,arrivee,575,279.7,90.6,,34.93,,
2026-06-13,21:26:47,RZO134,CS-TSY,Airbus A320,TAP Air Portugal,landing,arrivee,600,249.8,95.7,,25.08,,
2026-06-13,21:29:17,LBT6148,TS-INO,Airbus A320,Nouvelair Tunisie,landing,arrivee,650,250.8,96.4,,28.34,,
2026-06-13,21:31:39,RYR9PA,9H-VVS,Boeing 737 MAX 8,Malta Air,landing,arrivee,575,279.7,93.0,,25.4,,
2026-06-13,21:34:24,TAP403Z,CS-TTZ,Embraer E195,TAP Air Portugal,landing,arrivee,550,257.2,99.7,,26.76,,
2026-06-13,21:36:34,RYR9QJ,9H-QAL,Boeing 737-800,Malta Air,landing,arrivee,550,279.7,94.8,,37.42,,
2026-06-13,21:38:50,TAP37CN,CS-TPT,Embraer E190,TAP Air Portugal,landing,arrivee,575,247.2,90.1,,25.12,,
2026-06-13,21:41:53,EJU71TK,OE-IDX,Airbus A320,easyJet Europe,landing,arrivee,600,251.5,95.3,,29.11,,
2026-06-13,21:44:29,TAP827V,CS-TJK,Airbus A321neo,TAP Air Portugal,landing,arrivee,575,254.8,96.3,,26.69,,
2026-06-13,21:46:53,FIA5811,ER-00003,Airbus A321,Fly One,landing,arrivee,550,267.2,98.2,,34.51,,
2026-06-13,21:49:31,LZB563,LZ-ROM,A220-300,Bulgaria Air,landing,arrivee,575,261.5,92.2,,26.41,,
2026-06-13,21:51:48,EJU32GK,OE-LSF,Airbus A320neo,easyJet Europe,landing,arrivee,600,253.2,95.8,,21.46,,
2026-06-13,21:55:14,EIN4PT,EI-DVE,Airbus A320,Aer Lingus,landing,arrivee,575,275.8,96.7,,29.84,,
2026-06-13,21:58:30,ASL41G,YU-APE,Airbus A319,Air Serbia,landing,arrivee,575,240.0,94.0,,32.06,,
2026-06-13,22:01:11,TAP837,CS-TJM,Airbus A321neo,TAP Air Portugal,landing,arrivee,575,253.9,94.4,,23.49,,
2026-06-13,22:04:15,DLH34J,D-AIEF,Airbus A321neo,Lufthansa,landing,arrivee,575,263.2,98.2,,29.84,,
2026-06-13,22:07:06,TAP555,CS-TNQ,Airbus A320,TAP Air Portugal,landing,arrivee,575,249.1,93.9,,32.59,,
2026-06-13,22:09:42,TAP437X,CS-TNK,Airbus A320,TAP Air Portugal,landing,arrivee,575,259.7,98.6,,27.14,,
2026-06-13,22:12:36,SAS2801,EI-SIA,Airbus A320neo,SAS Scandinavian,landing,arrivee,575,243.9,96.3,,29.36,,
2026-06-13,22:15:09,EJU74EP,OE-LSV,Airbus A320neo,easyJet Europe,landing,arrivee,600,273.2,96.4,,24.24,,
2026-06-13,22:17:59,TAP885,CS-TPY,Embraer E190,TAP Air Portugal,landing,arrivee,550,245.6,100,,32.33,,
2026-06-13,22:20:46,TAP1933,CS-TPU,Embraer E190,TAP Air Portugal,landing,arrivee,550,254.8,97.7,,28.49,,
2026-06-13,22:23:12,TAP5AS,CS-TNL,Airbus A320,TAP Air Portugal,landing,arrivee,600,263.2,91.9,,27.84,,
2026-06-13,22:24:58,TAP1369,CS-TVR,Airbus A320neo,TAP Air Portugal,landing,arrivee,550,256.3,89.4,,21.8,,
2026-06-13,22:26:42,TVF34QV,F-GZHM,Boeing 737-800,Transavia France,landing,arrivee,575,287.2,92.5,,36.7,,
2026-06-13,22:29:30,AFR64PQ,F-GKXH,Airbus A320,Air France,landing,arrivee,575,267.2,91.2,,29.31,,
2026-06-13,22:31:26,EJU97HA,OE-IDS,Airbus A320,easyJet Europe,landing,arrivee,550,264.8,97.1,,31.31,,
2026-06-13,22:35:54,DLH64P,D-AIEI,Airbus A321neo,Lufthansa,landing,arrivee,575,264.8,93.2,,33.33,,
2026-06-13,22:39:04,TAP21MM,CS-TPX,Embraer E190,TAP Air Portugal,landing,arrivee,525,249.1,87.6,,30.79,,
2026-06-13,22:41:52,TAP43RY,CS-TTR,Airbus A319,TAP Air Portugal,landing,arrivee,575,257.2,98.5,,27.53,,
2026-06-13,22:49:34,RYR98HW,9H-VUZ,Boeing 737 MAX 8,Malta Air,landing,arrivee,550,288.0,96.3,,25.68,,
2026-06-13,22:53:53,EJU69VE,OE-LUE,Airbus A320neo,easyJet Europe,landing,arrivee,550,267.2,86.3,,20.93,,
2026-06-13,22:56:44,TAP64M,CS-TVD,Airbus A320neo,TAP Air Portugal,landing,arrivee,600,248.0,98.2,,23.26,,
2026-06-13,22:58:58,KLM35W,PH-AXL,Airbus A321neo,KLM,landing,arrivee,600,261.5,96.3,,24.6,,
2026-06-13,23:01:01,IBE0539,EC-NER,Airbus A320neo,Iberia,landing,arrivee,550,254.8,98.5,,25.05,,
2026-06-13,23:05:58,TAP645,CS-TNJ,Airbus A320,TAP Air Portugal,landing,arrivee,575,258.4,95.7,,35.6,,
2026-06-13,23:08:13,BAW508,G-TTNN,Airbus A320neo,British Airways,landing,arrivee,575,251.5,96.5,,25.63,,
2026-06-13,23:10:06,AEE7PT,SX-NET,Airbus A320neo,Aegean Airlines,landing,arrivee,550,249.1,95.5,,25.23,,
2026-06-13,23:12:47,EJU45UK,OE-LSP,Airbus A320,easyJet Europe,landing,arrivee,575,264.8,98.3,,27.23,,
2026-06-13,23:15:25,RYR384,EI-GXM,Boeing 737-800,Ryanair,landing,arrivee,575,289.7,93.7,,38.63,,
2026-06-13,23:18:27,RYR67PW,EI-DLY,Boeing 737-800,Ryanair,landing,arrivee,575,280.6,93.8,,40.73,,
2026-06-13,23:21:21,TAP94KM,CS-TTY,Embraer E195,TAP Air Portugal,landing,arrivee,550,263.2,88.0,,24.52,,
2026-06-13,23:22:59,DLH23C,D-AIUJ,Airbus A320,Lufthansa,landing,arrivee,550,283.7,89.5,,36.2,,
2026-06-13,23:25:41,TVF47RH,F-HTVI,Boeing 737-800,Transavia France,landing,arrivee,550,286.5,95.0,,31.47,,
2026-06-13,23:27:35,SWR755L,HB-JPB,Airbus A321neo,Swiss,landing,arrivee,575,262.4,98.0,,30.78,,
2026-06-13,23:38:32,EJU95BR,OE-IDO,Airbus A320,easyJet Europe,landing,arrivee,550,249.8,98.4,,43.12,,
2026-06-14,00:06:23,TAP39PT,EC-OCT,Airbus A321,TAP Air Portugal,landing,arrivee,550,260.8,98.5,,29.74,,
2026-06-14,00:18:59,TAP1738,CS-TNM,Airbus A320,TAP Air Portugal,landing,arrivee,575,258.4,96.3,,27.27,,
2026-06-14,01:40:08,RZO128,CS-TSK,Airbus A320,TAP Air Portugal,landing,arrivee,550,255.6,99.1,,27.74,,
2026-06-14,03:08:34,SWT133,EC-MAF,ATR 72 500F,Swiftair,landing,arrivee,575,195.8,98.7,,21.09,,
2026-06-14,05:15:40,KLM44L,PH-AXL,Airbus A321neo,KLM,takeoff,depart,1350,305.2,89.2,,18.03,,
2026-06-14,05:23:12,DLH72K,D-AIEF,Airbus A321neo,Lufthansa,takeoff,depart,1475,306.5,92.2,,17.53,,
2026-06-14,05:33:22,TAP9268,CS-TPU,Embraer E190,TAP Air Portugal,takeoff,depart,2000,280.4,94.4,,20.7,,
2026-06-14,05:47:57,AFR18LZ,F-GKXH,Airbus A320,Air France,takeoff,depart,1275,297.2,94.5,,38.14,,
2026-06-14,06:05:53,RYR22UT,EI-GXM,Boeing 737-800,Ryanair,takeoff,depart,1050,306.5,92.8,,58.98,,
2026-06-14,06:11:23,EJU54HM,OE-LSP,Airbus A320,easyJet Europe,takeoff,depart,1575,309.3,92.5,,15.2,,
2026-06-14,06:18:12,EJU35WH,OE-IWW,Airbus A320,easyJet Europe,takeoff,depart,1450,293.5,93.3,,26.71,,
2026-06-14,06:21:12,WJA33,C-FIBA,Boeing 737 MAX 8,WestJet,takeoff,depart,1075,318.4,90.3,,27.77,,
2026-06-14,06:24:11,SWR2083,HB-JPB,Airbus A321neo,Swiss,takeoff,depart,1425,290.6,94.4,,19.27,,
2026-06-14,06:26:39,TVF77CD,F-GZHM,Boeing 737-800,Transavia France,takeoff,depart,1200,311.3,89.6,,54.54,,
2026-06-14,06:29:25,RZO121,CS-TSM,Airbus A320,TAP Air Portugal,takeoff,depart,1550,266.1,93.9,,15.62,,
2026-06-14,06:31:57,TAP428,CS-TTY,Embraer E195,TAP Air Portugal,takeoff,depart,1150,282.8,93.8,,29.02,,
2026-06-14,06:34:46,TAP830,CS-TTR,Airbus A319,TAP Air Portugal,takeoff,depart,1300,283.2,92.3,,30.92,,
2026-06-14,06:37:34,RYR8HM,EI-DLY,Boeing 737-800,Ryanair,takeoff,depart,1075,304.8,91.0,,56.94,,
2026-06-14,06:39:06,RYR088,EI-ILD,Boeing 737 MAX 8,Ryanair,takeoff,depart,1075,312.2,92.1,,21.72,,
2026-06-14,06:41:00,TAP1685,CS-TNM,Airbus A320,TAP Air Portugal,takeoff,depart,1300,294.8,92.7,,33.44,,
2026-06-14,06:43:20,DLH06E,D-AIEI,Airbus A321neo,Lufthansa,takeoff,depart,1825,309.7,92.0,,15.9,,
2026-06-14,06:46:39,EJU45WU,OE-IDS,Airbus A320,easyJet Europe,takeoff,depart,1350,295.2,90.3,,28.38,,
2026-06-14,06:49:09,RYR13QK,9H-VUZ,Boeing 737 MAX 8,Malta Air,takeoff,depart,1150,296.5,94.2,,23.59,,
2026-06-14,06:54:44,IBE05WK,EC-NER,Airbus A320neo,Iberia,takeoff,depart,1525,262.4,94.4,,16.32,,
2026-06-14,07:03:03,EJU15RE,OE-LUE,Airbus A320neo,easyJet Europe,takeoff,depart,1500,299.3,93.8,,16.61,,
2026-06-14,07:09:16,TAP1920,CS-TJH,Airbus A321,TAP Air Portugal,takeoff,depart,1600,278.9,92.5,,26.89,,
2026-06-14,07:11:55,TVF34BR,F-HTVI,Boeing 737-800,Transavia France,takeoff,depart,1075,307.8,92.1,,51.57,,
2026-06-14,07:14:18,TAP1122,CS-TPS,Embraer E190,TAP Air Portugal,takeoff,depart,1700,267.2,93.3,,20.32,,
2026-06-14,07:17:02,DLH99Y,D-AIUJ,Airbus A320,Lufthansa,takeoff,depart,1525,274.1,92.8,,28.85,,
2026-06-14,07:19:36,TAP34A,CS-TTZ,Embraer E195,TAP Air Portugal,takeoff,depart,1000,290.8,92.5,,45.52,,
2026-06-14,07:22:26,TAP86PZ,CS-TNQ,Airbus A320,TAP Air Portugal,takeoff,depart,1400,284.1,91.6,,25.1,,
2026-06-14,07:25:22,TAP120Y,CS-TVD,Airbus A320neo,TAP Air Portugal,takeoff,depart,1500,290.2,92.6,,22.17,,
2026-06-14,07:28:22,EJ75FP,OE-LSV,Airbus A320neo,easyJet Europe,takeoff,depart,1575,296.5,92.5,,17.31,,
2026-06-14,07:31:24,EJU38MQ,OE-IDO,Airbus A320,easyJet Europe,takeoff,depart,1375,295.2,92.3,,24.56,,
2026-06-14,07:34:26,TAP762A,EC-OCT,Airbus A321,TAP Air Portugal,takeoff,depart,1400,285.6,91.7,,93.04,,
2026-06-14,07:36:04,TAP1310,CS-TPX,Embraer E190,TAP Air Portugal,takeoff,depart,1100,282.4,95.6,,33.57,,
2026-06-14,07:38:50,TAP22MX,CS-TNJ,Airbus A320,TAP Air Portugal,takeoff,depart,1325,279.3,92.2,,25.91,,
2026-06-14,07:41:45,TAP13J,CS-TPW,Embraer E190,TAP Air Portugal,takeoff,depart,1400,283.5,91.8,,29.97,,
2026-06-14,07:44:58,EJU57PQ,OE-IDX,Airbus A320,easyJet Europe,takeoff,depart,1400,291.7,91.0,,23.88,,
2026-06-14,07:47:59,TAP874H,CS-TPY,Embraer E190,TAP Air Portugal,takeoff,depart,1125,279.3,96.7,,25.99,,
2026-06-14,07:50:33,TAP34CC,CS-TPZ,Embraer E190,TAP Air Portugal,takeoff,depart,1250,279.3,92.6,,24.54,,
2026-06-14,07:53:29,RYR3628,9H-QCN,Boeing 737-800,Malta Air,takeoff,depart,1100,294.8,90.5,,37.6,,
2026-06-14,07:56:12,TAP640,CS-TJM,Airbus A321neo,TAP Air Portugal,takeoff,depart,1275,297.2,92.1,,20.63,,
2026-06-14,07:59:11,AEA93EM,EC-OBP,Boeing 737-800,Air Europa,takeoff,depart,725,309.5,90.2,,46.91,,
2026-06-14,08:04:55,TAP752,CS-TVP,Airbus A320neo,TAP Air Portugal,takeoff,depart,1450,282.1,93.6,,17.05,,
2026-06-14,08:07:45,TAP1922,CS-TPT,Embraer E190,TAP Air Portugal,takeoff,depart,1450,261.9,94.2,,20.77,,
2026-06-14,08:10:24,BAW509,G-TTNN,Airbus A320neo,British Airways,takeoff,depart,1525,272.4,92.3,,16.48,,
2026-06-14,08:13:04,RZO141,CS-TKQ,Airbus A320,TAP Air Portugal,takeoff,depart,1250,285.0,92.6,,,,
2026-06-14,08:15:29,TAP43PA,CS-TNK,Airbus A320,TAP Air Portugal,takeoff,depart,1250,298.0,93.1,,34.03,,
2026-06-14,08:18:35,TAP6LX,CS-TNR,Airbus A320,TAP Air Portugal,takeoff,depart,1175,305.8,91.5,,36.22,,
2026-06-14,08:21:00,TAP30BC,CS-TVI,Airbus A320neo,TAP Air Portugal,takeoff,depart,1375,285.8,91.5,,13.4,,
2026-06-14,08:26:31,TAP10MD,CS-TVM,Airbus A320neo,TAP Air Portugal,takeoff,depart,1525,280.6,93.5,,13.86,,
2026-06-14,08:28:23,TSC681,C-GOIJ,Airbus A321neo,Air Transat,takeoff,depart,1550,338.5,93.5,,14.59,,
2026-06-14,08:31:33,TAP1150,CS-TNL,Airbus A320,TAP Air Portugal,takeoff,depart,1350,279.7,91.5,,28.98,,
2026-06-14,08:34:46,TAP1356,CS-TVQ,Airbus A320neo,TAP Air Portugal,takeoff,depart,1525,283.5,92.1,,15.53,,
2026-06-14,08:37:40,TAP53LB,CS-TXK,Airbus A321,TAP Air Portugal,takeoff,depart,1200,299.7,92.0,,17.4,,
2026-06-14,08:40:20,TAP48N,CS-TAX,Embraer E195,TAP Air Portugal,takeoff,depart,950,302.6,92.1,,25.33,,
2026-06-14,08:49:30,TAP560,CS-TVA,Airbus A320neo,TAP Air Portugal,takeoff,depart,1375,282.4,93.0,,17.17,,
2026-06-14,08:57:51,TAP1859,CS-TJK,Airbus A321neo,TAP Air Portugal,takeoff,depart,1600,321.5,92.6,,14.27,,
2026-06-14,08:59:45,TAP7AB,CS-TXF,Airbus A321neo,TAP Air Portugal,takeoff,depart,1225,299.3,93.5,,17.29,,
2026-06-14,09:02:37,TAP400,CS-TPR,Embraer E190,TAP Air Portugal,takeoff,depart,1100,290.6,90.9,,29.36,,
2026-06-14,09:05:55,TAP1452,CS-TPO,Embraer E190,TAP Air Portugal,takeoff,depart,1550,277.1,93.3,,20.66,,
2026-06-14,09:07:25,RZO131,CS-TSY,Airbus A320,TAP Air Portugal,takeoff,depart,1225,316.7,89.6,,29.94,,
2026-06-14,09:08:56,TAP832,CS-TJP,Airbus A321neo,TAP Air Portugal,takeoff,depart,1550,316.1,91.7,,13.73,,
2026-06-14,09:14:12,TAP6MS,CS-TVN,Airbus A320neo,TAP Air Portugal,takeoff,depart,925,275.6,100,,13.97,,
2026-06-14,09:17:06,TAP552N,CS-TXJ,Airbus A321neo,TAP Air Portugal,takeoff,depart,1300,291.3,92.4,,15.81,,
2026-06-14,09:19:12,TAP40GV,CS-TVB,Airbus A320neo,TAP Air Portugal,takeoff,depart,1400,278.9,92.4,,15.41,,
2026-06-14,09:20:52,TAP49L,CS-TPV,Embraer E190,TAP Air Portugal,takeoff,depart,1075,285.8,91.0,,22.93,,
2026-06-14,09:24:39,TAP5DL,CS-TTX,Embraer E195,TAP Air Portugal,takeoff,depart,1925,316.7,93.5,,16.81,,
2026-06-14,09:27:45,ETD87A,A6-BLI,Boeing 787-9,Etihad Airways,takeoff,depart,1200,347.1,93.0,,18.16,,
2026-06-14,09:30:10,TAP70YS,CS-TPQ,Embraer E190,TAP Air Portugal,takeoff,depart,1700,307.1,93.6,,19.27,,
2026-06-14,09:31:42,EJU56HG,OE-IJD,Airbus A320,easyJet Europe,takeoff,depart,1275,318.2,88.9,,19.26,,
2026-06-14,09:33:14,TAP93ZR,CS-TVJ,Airbus A320neo,TAP Air Portugal,takeoff,depart,1400,278.9,93.1,,13.42,,
2026-06-14,09:34:52,DTA651,D2-TEJ,Boeing 777-300ER,TAAG Angola Airlines,takeoff,depart,900,373.9,88.1,,29.09,,
2026-06-14,09:40:20,FIN8932,OH-LZN,Airbus A321,Finnair,takeoff,depart,1500,303.4,92.7,,24.63,,
2026-06-14,09:43:02,TAP1541,CS-TJS,Airbus A321neo,TAP Air Portugal,takeoff,depart,1525,337.8,90.7,,13.35,,
2026-06-14,09:46:00,495297,CS-TTW,Embraer E195,TAP Air Portugal,takeoff,depart,1050,298.9,91.6,,21.39,,
2026-06-14,09:49:56,TAP155A,CS-TVK,Airbus A320neo,TAP Air Portugal,takeoff,depart,1550,331.0,93.4,,11.81,,
2026-06-14,09:52:13,EWG66L,D-ABHF,Airbus A320,Eurowings,takeoff,depart,1350,283.0,93.4,,31.64,,
2026-06-14,09:53:51,TAP1735,CS-TJF,Airbus A321,TAP Air Portugal,takeoff,depart,1550,321.3,92.3,,19.51,,
2026-06-14,09:57:55,VLG1HR,EC-MOO,Airbus A321,Vueling,takeoff,depart,1150,297.2,92.4,,37.2,,
2026-06-14,10:02:15,EZS63BD,HB-AYO,Airbus A320neo,easyJet Switzerland,takeoff,depart,1425,303.0,92.4,,11.45,,
2026-06-14,10:04:18,RYR7UY,9H-QDE,Boeing 737-800,Malta Air,takeoff,depart,975,315.0,93.1,,35.99,,
2026-06-14,10:10:08,TAM8147,PT-MUC,Boeing 777-300ER,LATAM Airlines,takeoff,depart,775,389.1,90.8,,44.84,,
2026-06-14,10:13:12,TAP1901,CS-TNN,Airbus A320,TAP Air Portugal,takeoff,depart,1350,293.7,91.1,,24.15,,
2026-06-14,10:16:51,TVF24SV,F-HXSG,Airbus A320neo,Transavia France,takeoff,depart,1400,286.1,92.8,,11.75,,
2026-06-14,10:20:38,TAP26TS,CS-TNV,Airbus A320,TAP Air Portugal,takeoff,depart,1250,286.1,93.6,,19.84,,
2026-06-14,10:23:26,TJD850,I-TOPH,125 850XP,Aliserio,takeoff,depart,1350,319.1,95.4,,16.19,,
2026-06-14,10:26:14,TAP15LD,CS-TJJ,Airbus A321neo,TAP Air Portugal,takeoff,depart,1150,312.2,92.8,,14.57,,
2026-06-14,10:29:14,AFR32WF,F-HBNE,Airbus A320,Air France,takeoff,depart,1250,307.1,89.8,,26.17,,
2026-06-14,10:31:54,RYR27ST,EI-IJC,Boeing 737 MAX 8,Ryanair,takeoff,depart,950,324.3,91.0,,16.02,,
2026-06-14,10:41:38,ACA810,C-FITW,Boeing 777-300ER,Air Canada,landing,arrivee,575,287.2,93.4,,42.97,,
2026-06-14,10:44:32,TAP11MG,CS-TPZ,Embraer E190,TAP Air Portugal,landing,arrivee,575,260.8,90.7,,22.21,,
2026-06-14,10:48:34,RYR3RB,EI-DWG,Boeing 737-800,Ryanair,landing,arrivee,600,297.2,90.4,,23.48,,
2026-06-14,10:51:28,TAP68JP,CS-TNM,Airbus A320,TAP Air Portugal,landing,arrivee,600,265.6,89.5,,20.93,,
2026-06-14,10:54:06,EZY79RV,G-EZRZ,Airbus A320,easyJet,landing,arrivee,575,278.0,98.2,,19.8,,
2026-06-14,10:56:41,TAP1923,CS-TJI,Airbus A321neo,TAP Air Portugal,landing,arrivee,600,283.0,96.2,,15.39,,
2026-06-14,10:59:24,KLM1579,PH-AXA,Airbus A321neo,KLM,landing,arrivee,600,271.3,94.6,,16.53,,
2026-06-14,11:02:14,EZY31FV,G-EZUR,Airbus A320,easyJet,landing,arrivee,600,270.4,98.0,,23.31,,
2026-06-14,11:05:12,DAL124,N412DX,Airbus A330-900neo,Delta Air Lines,landing,arrivee,625,269.7,94.9,,36.16,,
2026-06-14,11:08:25,TAP048,CS-TXE,Airbus A321neo,TAP Air Portugal,landing,arrivee,600,283.0,91.9,,17.4,,
2026-06-14,11:10:59,BEL2DY,OO-SNN,Airbus A320,Brussels Airlines,landing,arrivee,575,281.3,93.5,,22.2,,
2026-06-14,11:13:27,EJU74EF,OE-LSV,Airbus A320neo,easyJet Europe,landing,arrivee,575,285.6,99.2,,20.91,,
2026-06-14,11:16:10,WPT3154,EC-OND,Airbus A330-300,,landing,arrivee,575,291.3,95.2,,25.71,,
2026-06-14,11:18:39,EJU15UG,OE-IWW,Airbus A320,easyJet Europe,landing,arrivee,575,281.3,95.6,,22.58,,
2026-06-14,11:21:11,TAP248,CS-TUO,Airbus A330-900neo,TAP Air Portugal,landing,arrivee,625,280.6,98.8,,33.7,,
2026-06-14,11:26:52,TAP11WQ,CS-TVM,Airbus A320neo,TAP Air Portugal,landing,arrivee,575,273.9,90.1,,16.77,,
2026-06-14,11:29:52,AFR41GW,F-HBLB,Embraer E190,Air France,landing,arrivee,600,270.8,97.7,,17.18,,
2026-06-14,11:32:40,DLH39X,D-AIRU,Airbus A321,Lufthansa,landing,arrivee,575,298.0,98.5,,21.23,,
2026-06-14,11:35:38,RZO120,CS-TSM,Airbus A320,TAP Air Portugal,landing,arrivee,575,278.0,98.7,,15.78,,
2026-06-14,11:38:12,EJU32GK,OE-LSF,Airbus A320neo,easyJet Europe,landing,arrivee,600,260.8,93.9,,15.16,,
2026-06-14,11:40:47,TAP028,CS-TOP,Airbus A330-200,TAP Air Portugal,landing,arrivee,600,275.6,96.3,,37.69,,
2026-06-14,11:44:01,LOT4HT,SP-LWF,Boeing 737-800,LOT Polish Airlines,landing,arrivee,575,302.8,94.6,,30.12,,
2026-06-14,11:46:45,IBE05FV,EC-LEI,Airbus A319,Iberia,landing,arrivee,600,254.8,93.9,,19.47,,
2026-06-14,11:49:21,TAP429,CS-TTY,Embraer E195,TAP Air Portugal,landing,arrivee,600,286.1,96.6,,19.05,,
2026-06-14,11:51:50,RYR7GJ,EI-GXM,Boeing 737-800,Ryanair,landing,arrivee,575,307.1,93.6,,24.5,,
2026-06-14,11:57:36,EJU32WQ,OE-LSP,Airbus A320,easyJet Europe,landing,arrivee,625,299.7,98.5,,17.06,,
2026-06-14,11:59:42,EJU92TK,OE-IDX,Airbus A320,easyJet Europe,landing,arrivee,575,287.2,93.6,,25.46,,
2026-06-14,12:02:08,UAE3MV,A6-ENR,Boeing 777-300ER,Emirates,landing,arrivee,625,310.6,96.2,,40.55,,
2026-06-14,12:13:05,TSC481,C-GUBD,Airbus A330-200,Air Transat,takeoff,depart,1400,315.2,93.7,,22.92,,
2026-06-14,12:15:52,TAP217C,CS-TXB,Airbus A321neo,TAP Air Portugal,takeoff,depart,1450,335.6,91.9,,12.74,,
2026-06-14,12:19:01,EZY72NL,G-EZUR,Airbus A320,easyJet,takeoff,depart,1350,292.1,94.7,,19.89,,
2026-06-14,12:22:52,TAP073,CS-TUN,Airbus A330-900neo,TAP Air Portugal,takeoff,depart,1350,313.7,94.6,,17.93,,
2026-06-14,12:25:36,KLM74L,PH-AXA,Airbus A321neo,KLM,takeoff,depart,1475,336.9,90.9,,10.9,,
2026-06-14,12:27:47,EJU17CM,OE-LSV,Airbus A320neo,easyJet Europe,takeoff,depart,1525,298.9,96.5,,10.23,,
2026-06-14,12:40:04,TAP1136,CS-TPZ,Embraer E190,TAP Air Portugal,takeoff,depart,1300,277.2,96.1,,20.41,,
2026-06-14,12:41:43,BEL3HE,OO-SNN,Airbus A320,Brussels Airlines,takeoff,depart,1300,277.6,92.1,,22.68,,
2026-06-14,12:43:54,AFR31PQ,F-HBLB,Embraer E190,Air France,takeoff,depart,1275,268.0,93.6,,18.82,,
2026-06-14,12:45:32,UAL943,N77014,Boeing 777-200,United Airlines,takeoff,depart,1350,339.5,95.6,,26.58,,
2026-06-14,12:47:44,TAP089,CS-TUD,Airbus A330-900neo,TAP Air Portugal,climb,depart,1450,320.6,93.8,,14.3,,
2026-06-14,12:50:36,TAP1851,CS-TVH,Airbus A320neo,TAP Air Portugal,takeoff,depart,1450,281.7,96.1,,10.38,,
2026-06-14,12:52:45,TAP43TR,CS-TJL,Airbus A321neo,TAP Air Portugal,takeoff,depart,1250,299.7,94.4,,15.67,,
2026-06-14,12:57:02,RYR22RD,EI-DWG,Boeing 737-800,Ryanair,takeoff,depart,1250,303.7,91.8,,40.03,,
2026-06-14,13:01:08,TAP824,CS-TJI,Airbus A321neo,TAP Air Portugal,takeoff,depart,1275,295.0,93.7,,13.53,,
2026-06-14,13:03:12,TAP670,CS-TJO,Airbus A321neo,TAP Air Portugal,takeoff,depart,1350,289.3,92.6,,12.7,,
2026-06-14,13:05:56,TAP83K,CS-TNM,Airbus A320,TAP Air Portugal,takeoff,depart,1275,277.6,95.8,,19.91,,
2026-06-14,13:11:40,TAP243U,CS-TUF,Airbus A330-900neo,TAP Air Portugal,takeoff,depart,1500,300.9,96.9,,20.13,,
2026-06-14,13:14:30,TAP764,CS-TVF,Airbus A320neo,TAP Air Portugal,takeoff,depart,1325,285.0,91.1,,15.58,,
2026-06-14,13:17:08,DLH35M,D-AIRU,Airbus A321,Lufthansa,takeoff,depart,1425,292.6,93.7,,21.55,,
2026-06-14,13:19:32,TAP1861,CS-TJN,Airbus A321neo,TAP Air Portugal,takeoff,depart,1325,290.6,93.0,,13.35,,
2026-06-14,13:24:49,TAP782,CS-TJR,Airbus A321neo,TAP Air Portugal,takeoff,depart,1675,319.1,94.4,,14.43,,
2026-06-14,13:27:09,ACA811,C-FITW,Boeing 777-300ER,Air Canada,takeoff,depart,1425,323.9,92.5,,39.24,,
2026-06-14,13:30:16,TAP870,CS-TNT,Airbus A320,TAP Air Portugal,takeoff,depart,1425,280.6,94.1,,19.43,,
2026-06-14,13:31:54,49526d,CS-TSM,Airbus A320,TAP Air Portugal,takeoff,depart,1300,255.6,96.0,,11.83,,
2026-06-14,13:35:07,4952cd,CS-TVM,Airbus A320neo,TAP Air Portugal,cruise,,700,0.0,95.2,,11.05,,
2026-06-14,13:37:48,TAP14NC,CS-TTY,Embraer E195,TAP Air Portugal,takeoff,depart,1625,288.0,93.1,,22.77,,
2026-06-14,13:40:23,TAP1104,CS-TPS,Embraer E190,TAP Air Portugal,takeoff,depart,1450,267.2,95.4,,14.45,,
2026-06-14,13:42:57,LOT7KU,SP-LWF,Boeing 737-800,LOT Polish Airlines,takeoff,depart,700,311.9,91.2,,41.43,,
2026-06-14,13:44:44,IBE05PL,EC-LEI,Airbus A319,Iberia,takeoff,depart,1400,260.0,94.8,,17.5,,
2026-06-14,13:46:14,RYR1818,EI-DLY,Boeing 737-800,Ryanair,takeoff,depart,1600,272.8,95.8,,18.04,,
2026-06-14,13:50:30,EJU54WH,OE-LSF,Airbus A320neo,easyJet Europe,takeoff,depart,1475,290.4,93.6,,12.85,,
2026-06-14,13:53:06,EJU84EZ,OE-IWW,Airbus A320,easyJet Europe,takeoff,depart,1300,285.2,96.8,,19.38,,
2026-06-14,13:55:56,DAL125,N412DX,Airbus A330-900neo,Delta Air Lines,takeoff,depart,1550,303.4,94.4,,16.86,,
2026-06-14,13:58:26,RYR385,EI-GXM,Boeing 737-800,Ryanair,takeoff,depart,1375,297.2,94.0,,36.26,,
2026-06-14,14:03:00,EJU7585,OE-LSP,Airbus A320,easyJet Europe,takeoff,depart,1450,298.0,93.9,,12.68,,
2026-06-14,14:06:08,TAP89WT,CS-TUR,Airbus A330-900neo,TAP Air Portugal,takeoff,depart,1525,316.0,94.1,,13.55,,
2026-06-14,14:11:35,EJU65YE,OE-IDX,Airbus A320,easyJet Europe,takeoff,depart,1450,282.4,94.6,,18.92,,
2026-06-14,14:14:51,EWG58E,OK-TVT,Boeing 737-800,Eurowings,takeoff,depart,975,295.0,94.0,,34.39,,
2026-06-14,14:17:20,TVF17NU,F-HTVB,Boeing 737-800,Transavia France,takeoff,depart,1150,298.9,92.6,,48.57,,
2026-06-14,14:20:52,VLG6LF,EC-NYF,Airbus A321,Vueling,takeoff,depart,1900,322.2,93.2,,10.8,,
2026-06-14,14:25:46,TAP1928,CS-TNL,Airbus A320,TAP Air Portugal,takeoff,depart,1400,265.8,92.2,,20.81,,
2026-06-14,14:30:46,TAP02MR,CS-TTW,Embraer E195,TAP Air Portugal,takeoff,depart,1075,281.3,94.2,,19.91,,
2026-06-14,14:34:46,UAE192,A6-ENR,Boeing 777-300ER,Emirates,takeoff,depart,1275,339.5,90.5,,27.32,,
2026-06-14,14:40:09,TAP1034,CS-TVI,Airbus A320neo,TAP Air Portugal,takeoff,depart,1500,267.2,94.5,,10.44,,
2026-06-14,14:42:37,EJU62BF,OE-IZH,Airbus A320,easyJet Europe,takeoff,depart,1525,303.7,95.4,,20.1,,
2026-06-14,14:44:08,RZO125,CS-TSJ,Airbus A321neo,TAP Air Portugal,takeoff,depart,2000,328.7,93.6,,10.51,,
2026-06-14,14:45:57,TAP86VR,CS-TTZ,Embraer E195,TAP Air Portugal,takeoff,depart,1475,298.5,98.1,,16.55,,
2026-06-14,14:48:02,TAP884,CS-TPT,Embraer E190,TAP Air Portugal,takeoff,depart,1700,288.0,92.3,,17.23,,
2026-06-14,14:49:51,DLH01A,D-AIEI,Airbus A321neo,Lufthansa,takeoff,depart,1400,282.6,95.5,,15.31,,
2026-06-14,14:51:57,WPT2151,EC-OND,Airbus A330-300,,takeoff,depart,1325,309.8,92.3,,28.33,,
2026-06-14,14:55:10,TAP10AD,CS-TPX,Embraer E190,TAP Air Portugal,takeoff,depart,1200,274.8,94.4,,21.03,,
2026-06-14,14:58:26,TAP1312,CS-TPO,Embraer E190,TAP Air Portugal,takeoff,depart,1500,295.4,93.2,,15.72,,
2026-06-14,15:01:08,TAP876,CS-TPV,Embraer E190,TAP Air Portugal,takeoff,depart,1250,275.9,93.8,,21.05,,
2026-06-14,15:03:20,TAP72LP,CS-TNK,Airbus A320,TAP Air Portugal,takeoff,depart,1225,285.0,95.8,,18.38,,
2026-06-14,15:06:33,TAP42LV,CS-TTR,Airbus A319,TAP Air Portugal,takeoff,depart,1350,258.5,93.1,,24.85,,
2026-06-14,15:08:26,SWR8YB,HB-JCI,C Series 300,Swiss,takeoff,depart,1125,274.5,92.3,,11.37,,
2026-06-14,15:10:16,RYR4CB,EI-HGT,Boeing 737 MAX 8,Ryanair,takeoff,depart,1150,295.4,94.1,,16.13,,
2026-06-14,15:12:00,RYR5HE,9H-VUZ,Boeing 737 MAX 8,Malta Air,takeoff,depart,1275,296.5,92.7,,15.9,,
2026-06-14,15:15:52,TAP201,CS-TXC,Airbus A321neo,TAP Air Portugal,takeoff,depart,1475,342.2,95.2,,13.02,,
2026-06-14,15:17:23,TAP472C,CS-TPW,Embraer E190,TAP Air Portugal,takeoff,depart,1275,281.9,88.3,,16.69,,
2026-06-14,15:19:07,TAP932,CS-TNN,Airbus A320,TAP Air Portugal,takeoff,depart,1475,292.2,94.1,,19.41,,
2026-06-14,15:24:32,TAP826,CS-TNQ,Airbus A320,TAP Air Portugal,takeoff,depart,1475,324.7,95.0,,13.97,,
2026-06-14,15:30:02,TAP554M,CS-TNX,Airbus A320,TAP Air Portugal,takeoff,depart,1525,315.0,94.0,,20.66,,
2026-06-14,15:32:47,RYR72ZY,EI-DWO,Boeing 737-800,Ryanair,takeoff,depart,1125,298.4,92.8,,39.95,,
2026-06-14,15:35:21,TAP1438,CS-TPY,Embraer E190,TAP Air Portugal,takeoff,depart,1225,278.0,95.0,,20.15,,
2026-06-14,15:37:57,TAP50Y,CS-TJM,Airbus A321neo,TAP Air Portugal,takeoff,depart,1600,320.6,92.0,,13.85,,
2026-06-14,15:40:44,TAP1272,CS-TJK,Airbus A321neo,TAP Air Portugal,takeoff,depart,1250,311.0,90.9,,17.22,,
2026-06-14,15:44:18,TAP1242,CS-TJF,Airbus A321,TAP Air Portugal,takeoff,depart,1550,315.4,96.3,,20.95,,
2026-06-14,15:45:56,RZO153,CS-TKQ,Airbus A320,TAP Air Portugal,takeoff,depart,1275,278.5,97.2,,40.0,,
2026-06-14,15:48:39,TAP13DU,CS-TAX,Embraer E195,TAP Air Portugal,takeoff,depart,1125,283.0,94.7,,23.91,,
2026-06-14,15:50:29,TAP492,CS-TPR,Embraer E190,TAP Air Portugal,takeoff,depart,1250,272.1,93.2,,18.19,,
2026-06-14,15:52:50,TAP836A,CS-TNJ,Airbus A320,TAP Air Portugal,takeoff,depart,1325,280.9,91.5,,22.03,,
2026-06-14,15:55:44,OBS863,CS-TCF,Airbus A330-900neo,TAP Air Portugal,takeoff,depart,1300,321.3,91.7,,22.31,,
2026-06-14,15:59:01,TAP1064,CS-TPQ,Embraer E190,TAP Air Portugal,takeoff,depart,1850,289.7,91.9,,15.16,,
2026-06-14,16:01:30,RYR10TR,9H-QEQ,Boeing 737-800,Malta Air,takeoff,depart,1025,304.3,90.9,,51.15,,
2026-06-14,16:07:56,TAP54MH,CS-TNR,Airbus A320,TAP Air Portugal,takeoff,depart,1325,283.7,92.0,,23.87,,
2026-06-14,16:10:39,TAP436,CS-TVB,Airbus A320neo,TAP Air Portugal,takeoff,depart,1400,270.0,93.4,,15.3,,
2026-06-14,16:16:31,EJU34BX,OE-LUE,Airbus A320neo,easyJet Europe,takeoff,depart,1925,333.7,92.8,,10.46,,
2026-06-14,16:18:57,KLM80Z,PH-AXC,Airbus A321neo,KLM,takeoff,depart,1275,305.8,91.8,,13.04,,
2026-06-14,16:21:13,EJU32UQ,OE-ICM,Airbus A320,easyJet Europe,takeoff,depart,1375,295.4,93.1,,20.78,,
2026-06-14,16:23:53,096028,D4-CCJ,Boeing 737 MAX 8,TACV Cabo Verde Airlines,takeoff,depart,1025,303.5,94.6,,16.41,,
2026-06-14,16:26:48,TAP13HL,CS-TVL,Airbus A320,TAP Air Portugal,takeoff,depart,1400,286.9,93.7,,12.19,,
2026-06-14,16:31:27,AEA67QW,EC-OBJ,Boeing 737-800,Air Europa,takeoff,depart,850,313.7,91.9,,32.33,,
2026-06-14,16:37:03,RYR47GU,SP-RZY,Boeing 737 MAX 8,Buzz,takeoff,depart,1100,326.7,92.2,,22.96,,
2026-06-14,16:40:39,EJU75NR,OE-IDO,Airbus A320,easyJet Europe,takeoff,depart,1300,295.8,92.4,,22.64,,
2026-06-14,17:02:34,TAP763,EC-OCT,Airbus A321,TAP Air Portugal,landing,arrivee,575,289.8,89.3,,30.28,,
2026-06-14,17:05:12,TRA27L,PH-HXK,Boeing 737-800,Transavia,landing,arrivee,550,288.2,94.8,,31.15,,
2026-06-14,17:07:58,NSZ2WK,SE-RPH,Boeing 737-800,Norwegian Air Sweden,landing,arrivee,575,295.4,91.9,,28.9,,
2026-06-14,17:10:30,TAP1929,CS-TJH,Airbus A321,TAP Air Portugal,landing,arrivee,575,278.7,94.6,,26.89,,
2026-06-14,17:13:40,EWG25P,D-AIDQ,Airbus A321,Eurowings,landing,arrivee,575,285.6,95.9,,27.11,,
2026-06-14,17:28:26,RYR384,EI-GXM,Boeing 737-800,Ryanair,landing,arrivee,600,292.1,94.9,,35.47,,
2026-06-14,17:31:20,RAM982,CN-RGG,Boeing 737-800,Royal Air Maroc,landing,arrivee,575,280.4,94.9,,27.81,,
2026-06-14,17:33:56,VLG9QY,EC-MJC,Airbus A320,Vueling,landing,arrivee,600,266.5,89.6,,19.96,,
2026-06-14,17:37:16,RYR29TL,EI-EBK,Boeing 737-800,Ryanair,landing,arrivee,575,295.4,90.5,,45.01,,
2026-06-14,17:39:58,AFR24MF,F-GTAU,Airbus A321,Air France,landing,arrivee,600,278.7,94.0,,31.28,,
2026-06-14,17:44:09,EJU45HZ,OE-LSF,Airbus A320neo,easyJet Europe,landing,arrivee,600,270.8,93.9,,21.66,,
2026-06-14,17:48:30,TRA9H,PH-HXN,Boeing 737-800,Transavia,landing,arrivee,600,287.2,93.7,,27.4,,
2026-06-14,17:54:45,TAP643,CS-TAW,Embraer E195,TAP Air Portugal,landing,arrivee,575,278.9,90.6,,23.88,,
2026-06-14,17:58:58,TAP9267,CS-TJE,Airbus A321,TAP Air Portugal,landing,arrivee,600,247.2,96.7,,21.16,,
2026-06-14,18:01:39,BAW506,G-TTSF,Airbus A320neo,British Airways,landing,arrivee,600,244.8,94.6,,19.93,,
2026-06-14,18:04:15,TAP1852,CS-TVH,Airbus A320neo,TAP Air Portugal,landing,arrivee,625,265.8,97.4,,25.26,,
2026-06-14,18:06:55,TAP1558,CS-TVK,Airbus A320neo,TAP Air Portugal,landing,arrivee,600,247.2,94.7,,19.38,,
2026-06-14,18:09:47,IBE05RP,EC-ILS,Airbus A320,Iberia,landing,arrivee,625,269.7,96.7,,28.53,,
2026-06-14,18:12:16,VLG7PA,EC-KJD,Airbus A320,Vueling,landing,arrivee,600,266.3,96.4,,20.32,,
2026-06-14,18:15:04,TAP1017,CS-TPX,Embraer E190,TAP Air Portugal,landing,arrivee,700,252.2,99.3,,51.1,,
2026-06-14,18:17:42,LGL3753,LX-LBR,Boeing 737-700,Luxair,landing,arrivee,600,266.5,97.0,,25.38,,
2026-06-14,18:20:30,EJU15PC,OE-IDX,Airbus A320,easyJet Europe,landing,arrivee,600,249.8,92.7,,26.96,,
2026-06-14,18:23:20,TAP435,CS-TJL,Airbus A321neo,TAP Air Portugal,landing,arrivee,625,259.7,97.3,,23.01,,
2026-06-14,18:26:12,TAP1542,CS-TJS,Airbus A321neo,TAP Air Portugal,landing,arrivee,625,268.9,97.0,,20.02,,
2026-06-14,18:28:44,AFR35SN,F-GKXV,Airbus A320,Air France,landing,arrivee,600,263.2,99.9,,26.84,,
2026-06-14,18:31:21,TAP90EH,CS-TUR,Airbus A330-900neo,TAP Air Portugal,landing,arrivee,600,253.2,96.7,,27.25,,
2026-06-14,18:34:02,EZY47LC,G-EZTD,Airbus A320,easyJet,landing,arrivee,575,265.6,95.6,,29.33,,
2026-06-14,18:36:27,TAP1862,CS-TJN,Airbus A321neo,TAP Air Portugal,landing,arrivee,1050,273.2,97.9,,25.41,,
2026-06-14,18:39:43,KLM71Y,PH-AXG,Airbus A321neo,KLM,landing,arrivee,525,252.4,97.3,,19.91,,
2026-06-14,18:42:11,TAP1439,CS-TPY,Embraer E190,TAP Air Portugal,landing,arrivee,600,261.5,99.5,,19.63,,
2026-06-14,18:44:26,TVF72AP,F-HTVI,Boeing 737-800,Transavia France,landing,arrivee,600,277.2,95.5,,29.12,,
2026-06-14,18:47:29,TAP15CV,CS-TJJ,Airbus A321neo,TAP Air Portugal,landing,arrivee,625,261.7,96.2,,26.67,,
2026-06-14,18:52:01,BEL2DT,OO-SBB,Airbus A320,Brussels Airlines,landing,arrivee,575,274.8,97.6,,28.14,,
2026-06-14,18:54:33,UAE5M,A6-EPU,Boeing 777-300ER,Emirates,landing,arrivee,600,283.0,93.6,,48.33,,
2026-06-14,18:58:25,RYR85MR,9H-LOQ,Airbus A320,Lauda Europe,landing,arrivee,600,258.4,93.8,,23.58,,
2026-06-14,19:04:39,TAP1906,CS-TVN,Airbus A320neo,TAP Air Portugal,landing,arrivee,600,260.0,93.2,,21.77,,
2026-06-14,19:07:31,AEA1157,EC-NUZ,Boeing 737-800,Air Europa,landing,arrivee,625,281.3,96.5,,39.68,,
2026-06-14,19:10:06,EJU19TV,OE-IWW,Airbus A320,easyJet Europe,landing,arrivee,600,260.8,88.5,,25.85,,
2026-06-14,19:12:56,TAP35BL,CS-TVI,Airbus A320neo,TAP Air Portugal,landing,arrivee,600,245.6,94.4,,22.4,,
2026-06-14,19:15:49,TRA951N,PH-YHO,Airbus A321neo,,landing,arrivee,625,249.1,93.4,,21.22,,
2026-06-14,19:29:17,TVF90KW,F-HUYT,Boeing 737-800,Transavia France,landing,arrivee,600,277.2,91.7,,26.44,,
2026-06-14,19:32:13,RYR36JX,EI-IGK,Boeing 737 MAX 8,Ryanair,landing,arrivee,575,278.9,90.8,,27.83,,
2026-06-14,19:35:04,TAP403Z,CS-TTW,Embraer E195,TAP Air Portugal,landing,arrivee,625,265.6,97.0,,24.95,,
2026-06-14,19:38:59,TVF35GD,F-HTVM,Boeing 737-800,Transavia France,landing,arrivee,600,277.6,97.9,,36.83,,
2026-06-14,19:41:29,RYR647X,9H-QBQ,Boeing 737-800,Malta Air,landing,arrivee,600,276.3,94.0,,38.53,,
2026-06-14,19:46:54,ANE44TG,EC-MQQ,Bombardier CRJ-1000,Air Nostrum,landing,arrivee,650,255.9,88.5,,19.27,,
2026-06-14,19:49:26,TAP825,CS-TJI,Airbus A321neo,TAP Air Portugal,landing,arrivee,600,277.6,89.0,,25.51,,
2026-06-14,19:51:36,TAP835,CS-TNM,Airbus A320,TAP Air Portugal,landing,arrivee,975,264.8,99.4,,23.88,,
2026-06-14,19:54:20,WMT1489,9H-WAT,Airbus A321,Lauda Europe,landing,arrivee,975,245.6,99.0,,28.52,,
2026-06-14,19:57:11,RYR9654,EI-IHX,Boeing 737 MAX 8,Ryanair,landing,arrivee,600,280.4,93.6,,25.61,,
2026-06-14,19:59:58,TAP671,CS-TJO,Airbus A321neo,TAP Air Portugal,landing,arrivee,625,269.7,90.7,,23.66,,
2026-06-14,20:02:39,TAP1361,CS-TVM,Airbus A320neo,TAP Air Portugal,landing,arrivee,625,269.7,98.8,,19.09,,
2026-06-14,20:05:15,WZZ477,HA-LDQ,Airbus A321neo,Wizz Air,landing,arrivee,600,269.7,98.2,,27.72,,
2026-06-14,20:07:38,TAP871,CS-TNT,Airbus A320,TAP Air Portugal,landing,arrivee,600,265.6,100,,25.25,,
2026-06-14,20:10:16,TAP1931,CS-TNV,Airbus A320,TAP Air Portugal,landing,arrivee,600,250.0,96.8,,29.73,,
2026-06-14,20:12:55,TAP1065,CS-TPQ,Embraer E190,TAP Air Portugal,landing,arrivee,575,245.6,93.5,,27.25,,
2026-06-14,20:15:37,KAL921,HL8081,Boeing 787-9,Korean Air,landing,arrivee,575,270.8,95.6,,34.65,,
2026-06-14,20:18:25,TAP4TL,CS-TPR,Embraer E190,TAP Air Portugal,landing,arrivee,575,244.8,97.7,,21.54,,
2026-06-14,20:21:15,T7OGH,T7-OGH,CL60,,landing,arrivee,600,240.8,99.0,,17.49,,
2026-06-14,20:23:48,TAP473H,CS-TPW,Embraer E190,TAP Air Portugal,landing,arrivee,600,258.9,98.8,,23.54,,
2026-06-14,20:26:15,EZY26YM,G-UZLF,Airbus A320neo,easyJet,landing,arrivee,575,266.5,89.9,,23.38,,
2026-06-14,20:28:53,VLG8UE,EC-MNZ,Airbus A320,Vueling,landing,arrivee,600,252.4,87.9,,24.53,,
2026-06-14,20:30:59,RYR668T,EI-IKH,Boeing 737 MAX 8,Ryanair,landing,arrivee,625,282.4,99.9,,30.28,,
2026-06-14,20:36:01,RYR95SN,EI-DCM,Boeing 737-800,Ryanair,landing,arrivee,600,280.4,94.4,,40.14,,
2026-06-14,20:38:11,EJU67HP,OE-LQI,Airbus A319,easyJet Europe,landing,arrivee,600,240.8,97.8,,32.69,,
2026-06-14,20:40:32,ELY375,4X-EKT,Boeing 737-800,El Al,landing,arrivee,600,270.8,92.6,,50.55,,
2026-06-14,20:42:36,WMT537,9H-XLF,Airbus A321neo,Lauda Europe,landing,arrivee,600,267.2,98.8,,25.77,,
2026-06-14,20:45:42,WJA32,CA-GPFT,Boeing 737 MAX 8,WestJet,landing,arrivee,625,270.8,89.6,,23.36,,
2026-06-14,20:47:46,DTA652,D2-TEG,Boeing 777-300ER,TAAG Angola Airlines,landing,arrivee,975,288.2,93.5,,50.5,,
2026-06-14,20:50:47,TAP94VA,CS-TTR,Airbus A319,TAP Air Portugal,landing,arrivee,600,250.8,97.5,,64.31,,
2026-06-14,20:53:29,RYR21UN,SP-RZN,Boeing 737 MAX 8,Buzz,landing,arrivee,600,272.4,98.0,,29.36,,
2026-06-14,20:56:01,VLG14YF,EC-OKI,Airbus A320,Vueling,landing,arrivee,625,253.9,89.1,,34.14,,
2026-06-14,20:58:41,EZY25BM,G-UZHT,Airbus A320neo,easyJet,landing,arrivee,575,256.5,85.6,,20.54,,
2026-06-14,21:02:22,TAP1692,CS-TPZ,Embraer E190,TAP Air Portugal,landing,arrivee,600,245.9,96.9,,27.62,,
2026-06-14,21:05:15,VLG4JP,EC-MRF,Airbus A321,Vueling,landing,arrivee,575,265.6,94.2,,25.13,,
2026-06-14,21:08:52,ICE578,TF-ISR,757 256/W,Icelandair,landing,arrivee,600,260.4,95.1,,27.49,,
2026-06-14,21:14:25,RZO152,CS-TKQ,Airbus A320,TAP Air Portugal,landing,arrivee,600,265.6,89.2,,32.4,,
2026-06-14,21:18:27,EIN4PT,EI-DVN,Airbus A320,Aer Lingus,landing,arrivee,575,261.5,88.9,,29.29,,
2026-06-14,21:22:00,RZO134,CS-TSY,Airbus A320,TAP Air Portugal,landing,arrivee,575,258.9,97.3,,26.84,,
2026-06-14,21:24:57,TAP863Y,CS-TTZ,Embraer E195,TAP Air Portugal,landing,arrivee,600,267.6,98.5,,23.27,,
2026-06-14,21:27:59,TAP1155,CS-TNR,Airbus A320,TAP Air Portugal,landing,arrivee,575,258.4,95.4,,28.63,,
2026-06-14,21:30:56,TAP93ZS,CS-TNN,Airbus A320,TAP Air Portugal,landing,arrivee,600,260.0,97.6,,27.29,,
2026-06-14,21:35:38,TAP877,CS-TPV,Embraer E190,TAP Air Portugal,landing,arrivee,550,240.8,98.9,,22.67,,
2026-06-14,21:39:01,TAP57W,CS-TJM,Airbus A321neo,TAP Air Portugal,landing,arrivee,575,260.8,87.8,,27.15,,
2026-06-14,21:41:33,TAP1325,CS-TAX,Embraer E195,TAP Air Portugal,landing,arrivee,600,263.2,94.1,,24.69,,
2026-06-14,21:44:04,TAP76EN,CS-TVF,Airbus A320neo,TAP Air Portugal,landing,arrivee,575,259.7,93.7,,25.25,,
2026-06-14,21:46:50,TAP827V,CS-TNQ,Airbus A320,TAP Air Portugal,landing,arrivee,600,244.3,98.7,,29.26,,
2026-06-14,21:49:30,TAP1455,CS-TTX,Embraer E195,TAP Air Portugal,landing,arrivee,600,258.9,99.6,,27.17,,
2026-06-14,21:52:14,TAP1313,CS-TPO,Embraer E190,TAP Air Portugal,landing,arrivee,575,252.4,94.7,,27.48,,
2026-06-14,21:55:13,TAP1019,CS-TJP,Airbus A321neo,TAP Air Portugal,landing,arrivee,575,269.7,95.9,,24.57,,
2026-06-14,21:57:55,DLH34J,D-AINX,Airbus A320neo,Lufthansa,landing,arrivee,575,268.2,91.8,,23.03,,
2026-06-14,22:01:01,TAP5AS,CS-TNK,Airbus A320,TAP Air Portugal,landing,arrivee,550,254.8,87.8,,23.4,,
2026-06-14,22:03:00,RYR4XW,EI-IKW,Boeing 737 MAX 8,Ryanair,landing,arrivee,500,278.9,90.5,,13.92,,
2026-06-14,22:04:58,RYR9QJ,9H-QDS,Boeing 737-800,Malta Air,landing,arrivee,600,274.8,94.4,,36.34,,
2026-06-14,22:07:46,VJA541,N541XJ,Challenger 300,XO,landing,arrivee,575,227.4,91.5,,15.62,,
2026-06-14,22:09:26,RYR24SE,9H-VUZ,Boeing 737 MAX 8,Malta Air,landing,arrivee,525,272.4,86.9,,13.89,,
2026-06-14,22:10:51,TAP1933,CS-TAW,Embraer E195,TAP Air Portugal,landing,arrivee,600,259.7,98.6,,22.74,,
2026-06-14,22:12:54,TAP437X,CS-TVB,Airbus A320neo,TAP Air Portugal,landing,arrivee,650,269.7,96.7,,21.5,,
2026-06-14,22:15:34,TAP555,CS-TNX,Airbus A320,TAP Air Portugal,landing,arrivee,575,268.9,92.6,,28.52,,
2026-06-14,22:17:39,RYR7P,9H-QAU,Boeing 737-800,Malta Air,landing,arrivee,575,283.0,93.7,,38.4,,
2026-06-14,22:20:31,TAP885,CS-TPT,Embraer E190,TAP Air Portugal,landing,arrivee,600,249.8,98.9,,24.35,,
2026-06-14,22:22:41,TAP837,CS-TNJ,Airbus A320,TAP Air Portugal,landing,arrivee,600,269.7,96.0,,21.2,,
2026-06-14,22:25:44,DLH64P,D-AIDD,Airbus A321,Lufthansa,landing,arrivee,575,281.3,100,,30.13,,
2026-06-14,22:29:49,TVF34QV,F-HUYZ,Boeing 737-800,Transavia France,landing,arrivee,600,275.6,93.8,,33.99,,
2026-06-14,22:33:57,EJU91TW,OE-IDS,Airbus A320,easyJet Europe,landing,arrivee,575,263.9,97.2,,23.65,,
2026-06-14,22:36:39,TAP1369,CS-TVL,Airbus A320,TAP Air Portugal,landing,arrivee,625,268.2,98.2,,24.76,,
2026-06-14,22:42:01,TAP37CN,CS-TPS,Embraer E190,TAP Air Portugal,landing,arrivee,600,248.0,99.5,,23.64,,
2026-06-14,22:44:27,SEH922,SX-IOD,Airbus A320neo,,landing,arrivee,600,242.2,95.5,,25.42,,
2026-06-14,22:47:23,TVF47RH,F-HTVG,Boeing 737-800,Transavia France,landing,arrivee,575,273.2,94.2,,38.79,,
2026-06-14,22:50:14,EJU72RG,OE-LSV,Airbus A320neo,easyJet Europe,landing,arrivee,575,265.6,96.5,,21.7,,
2026-06-14,22:52:51,EJU56VP,OE-IDO,Airbus A320,easyJet Europe,landing,arrivee,600,261.5,95.8,,28.68,,
2026-06-14,22:55:46,NJE445M,CS-PHD,Phenom 300,NetJets,landing,arrivee,575,221.5,92.6,,14.93,,
2026-06-14,22:58:42,BAW508,G-NEOW,Airbus A321neo,British Airways,landing,arrivee,600,254.8,93.3,,30.95,,
2026-06-14,23:04:58,VOE54GD,EC-NNY,Airbus A320,Volotea,landing,arrivee,975,252.2,98.4,,26.66,,
2026-06-14,23:11:02,EJU36BG,OE-IBF,Airbus A320,easyJet Europe,landing,arrivee,600,252.2,97.5,,30.04,,
2026-06-14,23:13:47,TAP783,CS-TJR,Airbus A321neo,TAP Air Portugal,landing,arrivee,600,261.5,95.4,,28.0,,
2026-06-14,23:16:09,THY2ES,TC-LCP,Boeing 737 MAX 8,Turkish Airlines,landing,arrivee,575,281.3,89.1,,28.05,,
2026-06-14,23:17:51,TAP127M,CS-TJK,Airbus A321neo,TAP Air Portugal,landing,arrivee,600,273.9,99.9,,30.92,,
2026-06-14,23:20:33,KLM35W,PH-AXL,Airbus A321neo,KLM,landing,arrivee,600,253.2,91.0,,26.23,,
2026-06-14,23:22:17,RYR63TC,EI-ILD,Boeing 737 MAX 8,Ryanair,landing,arrivee,600,278.9,88.9,,26.35,,
2026-06-14,23:25:48,EJU52AW,OE-LSF,Airbus A320neo,easyJet Europe,landing,arrivee,600,262.4,97.7,,23.2,,
2026-06-14,23:27:39,TAP64M,CS-TVA,Airbus A320neo,TAP Air Portugal,landing,arrivee,600,260.8,91.5,,25.22,,
2026-06-14,23:30:04,SWR755L,HB-JDF,Airbus A320neo,Swiss,landing,arrivee,575,274.1,89.2,,28.17,,
2026-06-14,23:32:53,IBE0539,EC-JDM,Airbus A321,Iberia,landing,arrivee,575,268.0,96.0,,34.02,,
2026-06-14,23:35:01,AEE7PT,SX-NAF,Airbus A321neo,Aegean Airlines,landing,arrivee,600,254.8,95.2,,27.48,,
2026-06-14,23:37:02,DLH23C,D-AIEP,Airbus A321,Lufthansa,landing,arrivee,600,253.2,95.1,,29.73,,
2026-06-14,23:39:29,EJU98XP,OE-LUE,Airbus A320neo,easyJet Europe,landing,arrivee,575,261.5,99.5,,23.11,,
2026-06-14,23:41:27,TAP1243,CS-TJF,Airbus A321,TAP Air Portugal,landing,arrivee,575,258.9,98.0,,33.84,,
2026-06-14,23:44:25,TAP94KM,CS-TPY,Embraer E190,TAP Air Portugal,landing,arrivee,575,231.9,99.1,,22.68,,
2026-06-14,23:48:25,TAP39PT,CS-TTY,Embraer E195,TAP Air Portugal,landing,arrivee,600,249.8,98.7,,26.31,,
2026-06-14,23:51:12,EJU97VT,OE-IWW,Airbus A320,easyJet Europe,landing,arrivee,600,243.9,97.0,,30.59,,
2026-06-14,23:53:00,TAP645,CS-TVJ,Airbus A320neo,TAP Air Portugal,landing,arrivee,600,254.8,97.6,,24.16,,
2026-06-15,00:00:44,TAP67U,CS-TVP,Airbus A320neo,TAP Air Portugal,landing,arrivee,600,261.5,99.7,,25.36,,
2026-06-15,00:13:27,RYR12SN,EI-GXM,Boeing 737-800,Ryanair,landing,arrivee,575,269.7,95.1,,53.73,,
2026-06-15,00:15:47,TAP43RY,EC-OCT,Airbus A321,TAP Air Portugal,landing,arrivee,575,259.7,98.4,,30.22,,
2026-06-15,00:31:45,EJU7586,OE-LSP,Airbus A320,easyJet Europe,landing,arrivee,600,263.2,99.8,,24.46,,
2026-06-15,00:38:47,RYR32KG,EI-IGK,Boeing 737 MAX 8,Ryanair,landing,arrivee,550,271.3,94.1,,34.0,,
2026-06-15,00:42:39,TAP35MT,CS-TNL,Airbus A320,TAP Air Portugal,landing,arrivee,625,240.8,99.3,,29.97,,
2026-06-15,02:07:22,RZO128,CS-TSM,Airbus A320,TAP Air Portugal,landing,arrivee,575,253.2,100,,21.59,,
2026-06-15,04:35:31,TAP074,CS-TUE,Airbus A330-900neo,TAP Air Portugal,landing,arrivee,650,273.9,97.9,,41.92,,
2026-06-15,05:03:11,TAP25YZ,CS-TXI,Airbus A321neo,TAP Air Portugal,landing,arrivee,650,266.5,97.7,,25.76,,
2026-06-15,05:05:27,TAP082,CS-TUQ,Airbus A330-900neo,TAP Air Portugal,landing,arrivee,675,258.9,98.0,,38.31,,
2026-06-15,05:14:47,TAY1MN,OE-LVC,Boeing 737-800,Iberia,landing,arrivee,625,281.3,91.0,,35.48,,
2026-06-15,05:25:29,TAP1528,CS-TVR,Airbus A320neo,TAP Air Portugal,landing,arrivee,625,241.5,98.0,,23.22,,
2026-06-15,05:31:25,TAP218,CS-TXB,Airbus A321neo,TAP Air Portugal,landing,arrivee,625,270.8,87.3,,23.55,,
2026-06-15,05:34:48,TAP232Y,CS-TXH,Airbus A321neo,TAP Air Portugal,landing,arrivee,625,251.5,94.5,,24.21,,
2026-06-15,05:45:33,TAP224,CS-TUJ,Airbus A330-900neo,TAP Air Portugal,landing,arrivee,675,260.4,97.1,,39.91,,
2026-06-15,05:59:00,TAP1937,CS-TJM,Airbus A321neo,TAP Air Portugal,landing,arrivee,650,248.0,98.9,,30.49,,
2026-06-15,06:03:27,TAP1550,CS-TVM,Airbus A320neo,TAP Air Portugal,landing,arrivee,625,254.8,95.5,,22.71,,
2026-06-15,06:06:01,TAP1544,CS-TJN,Airbus A321neo,TAP Air Portugal,landing,arrivee,650,243.2,95.8,,28.42,,
2026-06-15,06:08:32,TAP1484,CS-TJS,Airbus A321neo,TAP Air Portugal,landing,arrivee,625,257.6,95.4,,26.93,,
2026-06-15,06:12:01,BCS2FC,D-AEAD,A300 B4-622RF,DHL Air,landing,arrivee,650,243.2,97.0,,39.11,,
2026-06-15,06:14:41,TAP11VP,CS-TPS,Embraer E190,TAP Air Portugal,landing,arrivee,625,236.7,96.5,,26.97,,
2026-06-15,06:18:24,TAP1097,CS-TPW,Embraer E190,TAP Air Portugal,landing,arrivee,600,238.4,97.7,,25.05,,
2026-06-15,06:29:42,DTA650,D2-TEJ,Boeing 777-300ER,TAAG Angola Airlines,landing,arrivee,650,281.3,91.4,,57.12,,
2026-06-15,06:34:42,TAP104,CS-TUH,Airbus A330-900neo,TAP Air Portugal,landing,arrivee,650,245.2,97.6,,41.69,,
2026-06-15,06:37:04,TAP41SN,CS-TNN,Airbus A320,TAP Air Portugal,landing,arrivee,625,254.8,96.4,,32.33,,
2026-06-15,06:40:05,TSC680,C-GUBA,Cabri G2,Air Transat,landing,arrivee,625,243.2,95.7,,32.74,,
2026-06-15,06:43:11,AZU8900,CS-TSW,Boeing 777-200,Azul,landing,arrivee,650,261.5,93.5,,50.57,,
2026-06-15,06:45:45,TAP1908,CS-TPZ,Embraer E190,TAP Air Portugal,landing,arrivee,625,240.0,96.3,,26.22,,
2026-06-15,06:48:09,ETD7LG,A6-BLK,Boeing 787-9,Etihad Airways,landing,arrivee,600,289.7,95.7,,44.54,,
2026-06-15,06:51:09,TAP8RL,CS-TJH,Airbus A321,TAP Air Portugal,landing,arrivee,575,264.8,91.0,,34.21,,
2026-06-15,06:54:01,TAP96AW,CS-TPV,Embraer E190,TAP Air Portugal,landing,arrivee,650,241.5,97.2,,29.63,,
2026-06-15,06:56:57,SRR6646,OY-SRM,767 25EBDSF,Star Air,landing,arrivee,625,230.0,100,,23.45,,
2026-06-15,06:59:20,TAM8146,PT-MUB,Boeing 777-300ER,LATAM Airlines,takeoff,depart,925,290.6,91.8,,55.6,,
2026-06-15,07:02:30,TAP1139,CS-TTW,Embraer E195,TAP Air Portugal,landing,arrivee,600,257.2,96.6,,25.28,,
2026-06-15,07:07:39,TAP40MR,CS-TPR,Embraer E190,TAP Air Portugal,landing,arrivee,600,243.2,100,,30.45,,
2026-06-15,07:12:39,TAM8146,PT-MUB,Boeing 777-300ER,LATAM Airlines,landing,arrivee,625,283.0,93.3,,50.61,,
2026-06-15,07:15:49,TAP98CX,CS-TNQ,Airbus A320,TAP Air Portugal,landing,arrivee,600,261.5,89.7,,31.01,,
2026-06-15,07:18:47,TAP475,CS-TTX,Embraer E195,TAP Air Portugal,landing,arrivee,600,265.6,95.8,,25.86,,
2026-06-15,07:22:21,TAP9021,CS-TNM,Airbus A320,TAP Air Portugal,landing,arrivee,625,254.1,100,,29.27,,
2026-06-15,07:24:57,EZS79YP,HB-AYP,Airbus A320neo,easyJet Switzerland,landing,arrivee,625,268.0,97.0,,28.13,,
2026-06-15,07:27:16,AEA1159,EC-MPS,Boeing 737-800,Air Europa,takeoff,depart,2075,351.1,93.3,,24.69,,
2026-06-15,07:30:13,DAL272,N439DX,Airbus A330-900neo,Delta Air Lines,landing,arrivee,650,260.8,96.7,,39.6,,
2026-06-15,07:33:02,TAP202A,CS-TXC,Airbus A321neo,TAP Air Portugal,landing,arrivee,625,271.3,91.9,,24.77,,
2026-06-15,07:35:21,IBE05TR,EC-NJU,Airbus A320neo,Iberia,landing,arrivee,625,245.6,96.9,,24.27,,
2026-06-15,07:39:34,TAP85CE,CS-TAW,Embraer E195,TAP Air Portugal,landing,arrivee,625,269.7,92.2,,29.41,,
2026-06-15,07:42:41,AEA1159,EC-MPS,Boeing 737-800,Air Europa,landing,arrivee,600,275.6,96.1,,36.2,,
2026-06-15,07:45:09,TAP9ML,CS-TNT,Airbus A320,TAP Air Portugal,landing,arrivee,600,263.2,87.3,,33.3,,
2026-06-15,07:47:57,TAP244,CS-TUF,Airbus A330-900neo,TAP Air Portugal,landing,arrivee,650,260.9,99.6,,39.79,,
2026-06-15,07:51:01,TAP945,CS-TVN,Airbus A320neo,TAP Air Portugal,landing,arrivee,625,234.8,91.1,,23.07,,
2026-06-15,07:53:27,EZS98FK,HB-AYM,Airbus A320,easyJet Switzerland,landing,arrivee,600,261.5,95.7,,26.09,,
2026-06-15,07:56:00,TAP441,CS-TVC,Airbus A320neo,TAP Air Portugal,landing,arrivee,625,246.7,95.5,,23.57,,
2026-06-15,07:59:16,TAP1023,CS-TJO,Airbus A321neo,TAP Air Portugal,landing,arrivee,600,269.7,97.8,,21.61,,
2026-06-15,08:01:56,TAP27UZ,CS-TPQ,Embraer E190,TAP Air Portugal,landing,arrivee,575,246.7,98.7,,23.2,,
2026-06-15,08:04:40,TAP495Y,CS-TPX,Embraer E190,TAP Air Portugal,landing,arrivee,600,255.6,97.1,,23.95,,
2026-06-15,08:07:49,TAP575,CS-TVD,Airbus A320neo,TAP Air Portugal,landing,arrivee,600,259.7,97.0,,23.93,,
2026-06-15,08:10:36,TAP9RH,CS-TVO,Airbus A320neo,TAP Air Portugal,landing,arrivee,600,261.5,96.5,,28.96,,
2026-06-15,08:13:16,TAP1939,CS-TPU,Embraer E190,TAP Air Portugal,landing,arrivee,600,246.7,97.0,,26.31,,
2026-06-15,08:15:55,TAP557H,CS-TJL,Airbus A321neo,TAP Air Portugal,landing,arrivee,600,267.2,97.4,,31.92,,
2026-06-15,08:18:45,TAP56DP,CS-TTS,Airbus A319,TAP Air Portugal,landing,arrivee,575,237.4,97.3,,26.99,,
2026-06-15,08:21:08,VLG46AX,EC-MQB,Airbus A321,Vueling,landing,arrivee,600,264.8,97.4,,31.97,,
2026-06-15,08:23:47,TAP63GL,CS-TJJ,Airbus A321neo,TAP Air Portugal,landing,arrivee,600,265.6,95.3,,25.02,,
2026-06-15,08:26:52,LXJ601,N601FX,EMB-550,GILLMAN CHRIS,landing,arrivee,550,217.4,90.1,,15.24,,
2026-06-15,08:31:13,RYR3RB,EI-EKN,Boeing 737-800,Ryanair,landing,arrivee,575,286.5,90.8,,33.67,,
2026-06-15,08:34:04,UAL64,N13013,Boeing 787-10,United Airlines,landing,arrivee,575,289.7,93.8,,,,
2026-06-15,08:37:05,TAP53EI,CS-TVQ,Airbus A320neo,TAP Air Portugal,landing,arrivee,600,245.6,89.2,,19.52,,
2026-06-15,08:39:18,TVF55WH,F-HUYN,Boeing 737-800,Transavia France,landing,arrivee,600,288.0,95.5,,37.02,,
2026-06-15,08:42:30,AFR35VY,F-HEPF,Airbus A320,Air France,landing,arrivee,575,254.8,96.6,,27.19,,
2026-06-15,08:45:12,AAL258,N834AA,Boeing 787-9,American Airlines,landing,arrivee,600,278.2,98.1,,32.29,,
2026-06-15,08:49:39,TAP757P,CS-TJI,Airbus A321neo,TAP Air Portugal,landing,arrivee,575,253.0,92.4,,24.09,,
2026-06-15,08:52:10,RYR2078,9H-QCN,Boeing 737-800,Malta Air,landing,arrivee,575,278.2,89.1,,35.25,,
2026-06-15,08:54:31,RYR3WD,EI-IKJ,Boeing 737 MAX 8,Ryanair,landing,arrivee,600,281.3,98.0,,28.95,,
2026-06-15,08:57:43,TAP675,CS-TVG,Airbus A320neo,TAP Air Portugal,landing,arrivee,625,251.5,98.4,,,,
2026-06-15,09:00:20,RYR9PX,EI-IGK,Boeing 737 MAX 8,Ryanair,landing,arrivee,575,278.0,93.9,,32.82,,
2026-06-15,09:03:08,TAP443,CS-TVH,Airbus A320neo,TAP Air Portugal,landing,arrivee,575,268.0,95.3,,27.48,,
2026-06-15,09:05:45,RYR2121,EI-IJO,Boeing 737 MAX 8,Ryanair,landing,arrivee,575,260.0,87.7,,21.82,,
2026-06-15,09:08:17,TAP647,CS-TNV,Airbus A320,TAP Air Portugal,landing,arrivee,575,251.5,90.2,,28.19,,
2026-06-15,09:11:16,N101QS,N101QS,Global 5000,NetJets,approach,arrivee,625,218.4,95.0,,17.35,,
2026-06-15,09:14:22,ACA812,C-FDHG,Airbus A330-300,Air Canada,landing,arrivee,600,253.2,97.4,,33.72,,
2026-06-15,09:16:56,EZY79RV,G-UZHO,Airbus A320neo,easyJet,landing,arrivee,600,264.8,99.4,,22.95,,
2026-06-15,09:19:49,TRA27L,PH-HXA,Boeing 737-800,Transavia,landing,arrivee,600,275.6,93.7,,28.99,,
2026-06-15,09:24:21,TAP072,CS-TUN,Airbus A330-900neo,TAP Air Portugal,landing,arrivee,600,278.7,97.4,,43.3,,
2026-06-15,09:36:19,TSC480,C-GTSJ,Airbus A330-200,Air Transat,landing,arrivee,575,245.6,96.2,,32.42,,
2026-06-15,09:43:00,THY3WE,TC-LSL,Airbus A321neo,Turkish Airlines,landing,arrivee,575,249.1,93.6,,23.65,,
2026-06-15,09:45:33,BAW50P,G-NEOX,Airbus A321neo,British Airways,landing,arrivee,575,242.2,99.7,,21.59,,
2026-06-15,09:47:53,TAP66PD,CS-TNR,Airbus A320,TAP Air Portugal,landing,arrivee,575,263.9,90.7,,21.64,,
2026-06-15,09:59:35,TAP1921,CS-TNS,Airbus A320,TAP Air Portugal,landing,arrivee,600,250.0,98.1,,23.88,,
2026-06-15,10:03:46,TAP012,CS-TUC,Airbus A330-900neo,TAP Air Portugal,landing,arrivee,600,254.8,94.7,,39.79,,
2026-06-15,10:06:31,TAP1826,CS-TJP,Airbus A321neo,TAP Air Portugal,landing,arrivee,600,228.4,97.4,,18.98,,
2026-06-15,10:08:50,TAP088,CS-TUD,Airbus A330-900neo,TAP Air Portugal,landing,arrivee,600,255.6,96.7,,30.53,,
2026-06-15,10:11:47,TAP210,CS-TOO,Airbus A330-200,TAP Air Portugal,landing,arrivee,625,245.6,100,,35.42,,
2026-06-15,10:16:11,TAP11SV,CS-TPZ,Embraer E190,TAP Air Portugal,landing,arrivee,575,230.8,99.8,,18.22,,
2026-06-15,10:18:49,TAP036,EC-OLG,Airbus A330-300,TAP Air Portugal,landing,arrivee,600,243.9,99.2,,26.55,,
2026-06-15,10:21:42,TAP13LH,CS-TVK,Airbus A320neo,TAP Air Portugal,landing,arrivee,575,257.1,99.6,,21.78,,
2026-06-15,10:24:17,LGL51P,LX-LGV,Boeing 737-800,Luxair,landing,arrivee,575,275.8,91.1,,31.05,,
2026-06-15,10:27:24,EIN82T,EI-DVM,Airbus A320,Aer Lingus,landing,arrivee,575,250.8,96.0,,29.61,,
2026-06-15,10:29:55,DAH3004,7T-VJP,Boeing 737-800,Air Algerie,landing,arrivee,550,265.6,93.0,,34.44,,
2026-06-15,10:33:08,TAP254,CS-TXE,Airbus A321neo,TAP Air Portugal,landing,arrivee,575,257.2,97.6,,20.81,,
2026-06-15,10:35:46,AEA1153,EC-MVY,Boeing 737-800,Air Europa,landing,arrivee,575,274.8,93.9,,30.48,,
2026-06-15,10:38:32,DAL124,N405DX,Airbus A330-900neo,Delta Air Lines,landing,arrivee,600,260.4,95.9,,28.9,,
2026-06-15,10:41:25,EJU97VT,OE-LSV,Airbus A320neo,easyJet Europe,landing,arrivee,575,239.1,94.8,,17.19,,
2026-06-15,10:43:48,LOT4HT,SP-LVB,Boeing 737 MAX 8,LOT Polish Airlines,landing,arrivee,575,279.7,96.2,,23.59,,
2026-06-15,10:46:34,TAP1923,CS-TNN,Airbus A320,TAP Air Portugal,landing,arrivee,575,270.0,92.1,,23.99,,
2026-06-15,10:49:15,TAP11MG,CS-TPW,Embraer E190,TAP Air Portugal,landing,arrivee,550,241.5,91.8,,20.24,,
2026-06-15,10:51:54,AZU8752,PR-AIW,Airbus A330-200,Azul,landing,arrivee,575,253.9,93.8,,31.61,,
2026-06-15,10:54:38,KLM1579,PH-AXC,Airbus A321neo,KLM,approach,arrivee,575,251.5,96.0,,47.65,,
2026-06-15,10:56:10,TAP262M,CS-TXF,Airbus A321neo,TAP Air Portugal,landing,arrivee,575,259.7,94.7,,20.33,,
2026-06-15,10:58:35,BEL2DY,OO-SNF,Airbus A320,Brussels Airlines,landing,arrivee,575,271.3,94.0,,21.53,,
2026-06-15,11:00:31,TAP68JP,CS-TVA,Airbus A320neo,TAP Air Portugal,landing,arrivee,625,261.5,98.6,,17.66,,
2026-06-15,11:02:27,TAP204A,CS-TOP,Airbus A330-200,TAP Air Portugal,landing,arrivee,575,249.3,95.3,,30.76,,
2026-06-15,11:04:54,TAP248,CS-TUA,Airbus A330-900neo,TAP Air Portugal,landing,arrivee,600,247.2,98.8,,,,
2026-06-15,11:07:33,EJU74EF,OE-LSF,Airbus A320neo,easyJet Europe,landing,arrivee,575,267.2,97.2,,17.71,,
2026-06-15,11:09:27,AFR41GW,F-HPNB,BD-500-1A11,Air France,landing,arrivee,550,251.5,96.3,,23.47,,
2026-06-15,11:11:38,ACA810,C-FIUR,Boeing 777-300ER,Air Canada,landing,arrivee,600,273.2,93.4,,44.81,,
2026-06-15,11:14:26,EJU14YR,OE-IDS,Airbus A320,easyJet Europe,landing,arrivee,550,252.2,91.5,,30.0,,
2026-06-15,11:17:29,RZO1130,CS-TSJ,Airbus A321neo,TAP Air Portugal,landing,arrivee,600,244.3,99.0,,20.11,,
2026-06-15,11:24:29,DLH39X,D-AIEQ,Airbus A321,Lufthansa,landing,arrivee,600,261.5,95.6,,35.34,,
2026-06-15,11:27:05,WPT2152,EC-OND,Airbus A330-300,,landing,arrivee,550,244.8,99.1,,30.91,,
2026-06-15,11:29:53,TAP028,CS-TUP,Airbus A330-900neo,TAP Air Portugal,landing,arrivee,600,259.7,96.9,,26.89,,
2026-06-15,11:32:35,RZO120,CS-TSM,Airbus A320,TAP Air Portugal,landing,arrivee,600,268.9,95.8,,20.02,,
2026-06-15,11:34:19,TAP216L,CS-TXG,Airbus A321neo,TAP Air Portugal,landing,arrivee,575,261.5,93.7,,21.79,,
2026-06-15,11:39:40,TAP11WQ,CS-TJF,Airbus A321,TAP Air Portugal,landing,arrivee,575,261.5,96.3,,,,
2026-06-15,11:42:38,TAP429,CS-TPY,Embraer E190,TAP Air Portugal,landing,arrivee,550,234.8,94.4,,25.98,,
2026-06-15,11:44:42,EJU16HG,OE-IBF,Airbus A320,easyJet Europe,landing,arrivee,900,247.2,96.7,,22.38,,
2026-06-15,11:47:45,UAL942,N77006,Boeing 777-200,United Airlines,landing,arrivee,400,244.8,96.6,,9.62,,
2026-06-15,11:50:45,RAM980E,CN-RHE,Boeing 737 MAX 8,Royal Air Maroc,landing,arrivee,550,261.5,96.2,,24.1,,
2026-06-15,12:02:27,IBE05FV,EC-NER,Airbus A320neo,Iberia,landing,arrivee,575,234.3,94.6,,17.54,,
2026-06-15,12:05:14,TAP234Y,CS-TXA,Airbus A321neo,TAP Air Portugal,landing,arrivee,575,239.1,99.6,,18.82,,
2026-06-15,12:07:35,UAE3MV,A6-EPO,Boeing 777-300ER,Emirates,landing,arrivee,600,270.0,95.9,,40.48,,
2026-06-15,12:10:25,OBS864,CS-TCF,Airbus A330-900neo,TAP Air Portugal,landing,arrivee,550,256.5,97.0,,33.97,,
2026-06-15,12:13:00,EWG25P,9H-SWA,Airbus A320,Eurowings,landing,arrivee,575,248.4,90.6,,23.89,,
2026-06-15,12:15:49,TAP1925,CS-TVN,Airbus A320neo,TAP Air Portugal,landing,arrivee,575,230.8,97.4,,16.29,,
2026-06-15,12:18:29,TAP1902,CS-TVD,Airbus A320neo,TAP Air Portugal,landing,arrivee,575,241.5,95.6,,17.63,,
2026-06-15,12:21:08,TVF46JB,F-HUYZ,Boeing 737-800,Transavia France,landing,arrivee,550,268.9,93.5,,28.98,,
2026-06-15,12:23:57,EWG66L,9H-SWC,Airbus A320,Eurowings,landing,arrivee,575,249.8,94.6,,19.62,,
2026-06-15,12:27:31,EJU64TB,OE-LSP,Airbus A320,easyJet Europe,landing,arrivee,1000,256.5,99.7,,20.34,,
2026-06-15,12:30:47,RYR7GJ,EI-GXM,Boeing 737-800,Ryanair,landing,arrivee,575,272.1,96.0,,27.42,,
2026-06-15,12:33:44,EJU32WQ,OE-IWW,Airbus A320,easyJet Europe,landing,arrivee,600,255.6,95.8,,30.6,,
2026-06-15,12:37:13,EJU56VP,OE-LUF,Airbus A320neo,easyJet Europe,landing,arrivee,550,255.6,97.0,,16.36,,
2026-06-15,12:45:49,T7BTC,,,,landing,arrivee,575,237.6,93.2,,15.16,,
2026-06-15,12:48:24,EJU38DF,OE-IDX,Airbus A320,easyJet Europe,landing,arrivee,575,267.2,97.9,,21.78,,
2026-06-15,12:59:02,RZO122,CS-TSI,Airbus A321neo,TAP Air Portugal,landing,arrivee,575,270.8,95.8,,18.97,,
2026-06-15,13:01:55,TAP145W,CS-TTX,Embraer E195,TAP Air Portugal,landing,arrivee,600,258.9,91.9,,19.68,,
2026-06-15,13:05:35,TAP63CT,CS-TPX,Embraer E190,TAP Air Portugal,landing,arrivee,575,230.8,96.7,,14.9,,
2026-06-15,13:08:33,TAP1335,CS-TPO,Embraer E190,TAP Air Portugal,landing,arrivee,550,236.7,100,,20.0,,
2026-06-15,13:11:05,TAP1031,CS-TTY,Embraer E195,TAP Air Portugal,landing,arrivee,600,257.2,98.2,,18.97,,
2026-06-15,13:14:48,TAP10VL,CS-TPQ,Embraer E190,TAP Air Portugal,landing,arrivee,550,232.2,96.8,,26.06,,
2026-06-15,13:18:18,TAP91TL,CS-TTW,Embraer E195,TAP Air Portugal,landing,arrivee,575,267.6,99.7,,24.75,,
2026-06-15,13:21:20,P4BFX,,,,landing,arrivee,575,242.4,93.5,,14.78,,
2026-06-15,13:24:10,DLH47T,D-AIEC,Airbus A321neo,Lufthansa,landing,arrivee,575,245.4,95.7,,22.48,,
2026-06-15,13:26:57,TAP43JD,CS-TVP,Airbus A320neo,TAP Air Portugal,landing,arrivee,575,239.1,95.2,,,,
2026-06-15,13:29:52,TAP226,CS-TUO,Airbus A330-900neo,TAP Air Portugal,landing,arrivee,600,260.8,98.5,,30.21,,
2026-06-15,13:32:30,EJU98EV,OE-IZH,Airbus A320,easyJet Europe,landing,arrivee,575,270.8,95.0,,23.11,,
2026-06-15,13:35:09,TAP831,CS-TJR,Airbus A321neo,TAP Air Portugal,landing,arrivee,600,267.2,91.8,,,,
2026-06-15,13:37:49,SWR32F,HB-JCN,C Series 300,Swiss,landing,arrivee,600,247.2,94.6,,17.92,,
2026-06-15,13:40:39,TAP11EG,CS-TAX,Embraer E195,TAP Air Portugal,landing,arrivee,600,266.5,94.6,,,,
2026-06-15,13:43:16,TAP1736,CS-TJL,Airbus A321neo,TAP Air Portugal,landing,arrivee,575,264.1,92.3,,17.97,,
2026-06-15,13:47:21,BAF81,OO-LUM,Falcon 7X,Luxaviation Belgium,approach,arrivee,550,230.0,95.8,,13.09,,
2026-06-15,13:50:00,TAP1151,CS-TTR,Airbus A319,TAP Air Portugal,landing,arrivee,575,232.4,99.5,,31.12,,
2026-06-15,13:51:57,TAP1860,CS-TVF,Airbus A320neo,TAP Air Portugal,approach,arrivee,775,240.8,98.4,,16.62,,
2026-06-15,13:54:55,VLG8JM,EC-MXP,Airbus A320,Vueling,landing,arrivee,575,266.5,93.3,,19.6,,
2026-06-15,13:57:46,TAP823,CS-TJK,Airbus A321neo,TAP Air Portugal,landing,arrivee,600,268.2,99.7,,16.3,,
2026-06-15,14:00:48,TAP869,CS-TPS,Embraer E190,TAP Air Portugal,landing,arrivee,575,250.8,96.9,,19.9,,
2026-06-15,14:03:23,TAP86GM,CS-TNJ,Airbus A320,TAP Air Portugal,landing,arrivee,600,258.4,92.6,,23.35,,
2026-06-15,14:06:12,TAP1013,CS-TPU,Embraer E190,TAP Air Portugal,landing,arrivee,550,240.8,94.7,,19.07,,
2026-06-15,14:08:55,RYR1316,EI-ILD,Boeing 737 MAX 8,Ryanair,landing,arrivee,550,277.2,96.3,,17.9,,
2026-06-15,14:10:46,TAP471A,CS-TAW,Embraer E195,TAP Air Portugal,landing,arrivee,600,270.8,96.6,,17.42,,
2026-06-15,14:12:46,RZO140,CS-TKP,Airbus A320,TAP Air Portugal,landing,arrivee,575,264.7,96.4,,27.85,,
2026-06-15,14:14:49,TAP36GS,CS-TJN,Airbus A321neo,TAP Air Portugal,landing,arrivee,575,270.8,95.9,,17.74,,
2026-06-15,14:16:48,TAP641,CS-TNK,Airbus A320,TAP Air Portugal,landing,arrivee,575,253.0,97.4,,20.12,,
2026-06-15,14:18:55,KLM97N,PH-AXG,Airbus A321neo,KLM,landing,arrivee,600,274.5,95.6,,17.1,,
2026-06-15,14:21:02,TAP481,CS-TPV,Embraer E190,TAP Air Portugal,landing,arrivee,575,242.4,96.1,,18.06,,
2026-06-15,14:23:38,TAP88TM,CS-TJJ,Airbus A321neo,TAP Air Portugal,landing,arrivee,575,266.5,97.6,,19.01,,
2026-06-15,14:26:07,TAP691P,CS-TNX,Airbus A320,TAP Air Portugal,landing,arrivee,600,253.2,98.7,,26.4,,
2026-06-15,14:33:50,TAP084,CS-TUG,Airbus A330-900neo,TAP Air Portugal,landing,arrivee,850,268.2,95.4,,34.24,,
2026-06-15,14:36:53,SWR2BK,HB-JPG,Airbus A321neo,Swiss,landing,arrivee,600,273.2,95.8,,17.07,,
2026-06-15,14:39:51,N604KJ,N604KJ,Challenger 604,Peter K Jaffe,landing,arrivee,550,227.1,94.0,,13.02,,
2026-06-15,14:53:06,RYR4ZF,9H-VUN,Boeing 737 MAX 8,Malta Air,landing,arrivee,600,276.5,99.4,,21.91,,
2026-06-15,14:58:27,TAP941,CS-TNT,Airbus A320,TAP Air Portugal,landing,arrivee,600,257.2,91.6,,19.39,,
2026-06-15,15:07:01,AFR37EQ,F-GKXN,Airbus A320,Air France,landing,arrivee,600,267.2,91.0,,29.81,,
2026-06-15,15:10:16,EZY35DC,G-EZFV,Airbus A319,easyJet,landing,arrivee,600,249.1,95.7,,19.27,,
2026-06-15,15:14:19,DLH03H,D-AIRM,Airbus A321,Lufthansa,landing,arrivee,575,277.2,97.7,,24.61,,
2026-06-15,15:23:02,EJU81TJ,OE-LSV,Airbus A320neo,easyJet Europe,landing,arrivee,600,247.2,92.7,,18.23,,
2026-06-15,15:25:29,AEA12AT,EC-NZN,Boeing 737-800,Air Europa,landing,arrivee,600,277.2,94.9,,29.62,,
2026-06-15,15:28:14,BTI7FR,YL-ABA,A220 300,Air Baltic,landing,arrivee,600,254.1,94.4,,14.97,,
2026-06-15,15:31:34,THY4GH,TC-LPE,Airbus A321neo,Turkish Airlines,landing,arrivee,600,261.5,92.7,,19.55,,
2026-06-15,15:38:41,TAP008,CS-TXJ,Airbus A321neo,TAP Air Portugal,landing,arrivee,600,241.5,99.3,,,,
2026-06-15,15:41:17,TAP10NL,CS-TJI,Airbus A321neo,TAP Air Portugal,landing,arrivee,600,251.5,93.9,,18.55,,
2026-06-15,15:49:55,TAP016,CS-TXK,Airbus A321,TAP Air Portugal,landing,arrivee,625,235.6,96.5,,,,
2026-06-15,15:52:23,FIN96W,OH-LZN,Airbus A321,Finnair,landing,arrivee,600,279.7,98.0,,21.32,,
2026-06-15,15:55:02,TAP75CH,CS-TVL,Airbus A320,TAP Air Portugal,landing,arrivee,600,272.1,98.9,,18.83,,
2026-06-15,15:57:20,4ca97c,EI-ESV,Boeing 737-800,Ryanair,landing,arrivee,875,275.6,97.4,,32.85,,
2026-06-15,16:00:30,TAP3834,CS-TPT,Embraer E190,TAP Air Portugal,landing,arrivee,550,239.1,99.3,,23.55,,
2026-06-15,16:03:11,TAP83RS,CS-TVC,Airbus A320neo,TAP Air Portugal,landing,arrivee,600,252.4,93.1,,17.02,,
2026-06-15,16:05:35,TAP90EH,CS-TUN,Airbus A330-900neo,TAP Air Portugal,landing,arrivee,600,263.9,97.9,,26.04,,
2026-06-15,16:08:46,TAP1105,CS-TPW,Embraer E190,TAP Air Portugal,landing,arrivee,600,244.8,97.4,,17.95,,
2026-06-15,16:11:15,RYR85MR,9H-LMG,Airbus A320,Lauda Europe,landing,arrivee,625,248.4,93.8,,25.93,,
2026-06-15,16:14:32,ANE91TE,EC-MRI,Bombardier CRJ-1000,Air Nostrum,landing,arrivee,625,264.8,95.8,,13.72,,
2026-06-15,16:17:08,9HGME,,,,takeoff,depart,625,115.0,93.7,,,,
2026-06-15,16:19:48,TAP669,CS-TVI,Airbus A320neo,TAP Air Portugal,landing,arrivee,575,235.6,94.2,,16.42,,
2026-06-15,16:22:10,TAP553R,CS-TNQ,Airbus A320,TAP Air Portugal,landing,arrivee,600,259.7,95.8,,24.83,,
2026-06-15,16:24:48,TAP571,CS-TNM,Airbus A320,TAP Air Portugal,landing,arrivee,625,248.0,96.9,,19.12,,
2026-06-15,16:30:38,TAP541W,CS-TPR,Embraer E190,TAP Air Portugal,landing,arrivee,575,240.8,90.3,,21.6,,
2026-06-15,16:32:14,EJU95BR,OE-IDS,Airbus A320,easyJet Europe,landing,arrivee,650,251.5,98.4,,25.48,,
2026-06-15,16:34:20,BAW5DW,G-EUUK,Airbus A320,British Airways,landing,arrivee,625,261.5,99.5,,18.52,,
2026-06-15,16:36:16,TAP433,CS-TNV,Airbus A320,TAP Air Portugal,landing,arrivee,625,251.7,96.0,,19.42,,
2026-06-15,16:39:14,TAP763,EC-OCT,Airbus A321,TAP Air Portugal,landing,arrivee,600,282.1,96.6,,20.96,,
2026-06-15,16:42:08,TAP71VE,CS-TJH,Airbus A321,TAP Air Portugal,landing,arrivee,575,290.6,93.8,,28.22,,
2026-06-15,16:45:26,EJU69VE,OE-LSF,Airbus A320neo,easyJet Europe,landing,arrivee,600,264.1,91.2,,19.41,,
2026-06-15,16:48:06,TAP56DT,CS-TVJ,Airbus A320neo,TAP Air Portugal,landing,arrivee,600,236.7,99.0,,18.53,,
2026-06-15,16:50:37,TAP1359,CS-TVG,Airbus A320neo,TAP Air Portugal,landing,arrivee,850,250.0,98.8,,16.56,,
2026-06-15,16:53:33,TAP120R,CS-TJM,Airbus A321neo,TAP Air Portugal,landing,arrivee,650,270.8,100,,21.4,,
2026-06-15,16:55:48,RYR384,EI-IKJ,Boeing 737 MAX 8,Ryanair,landing,arrivee,900,273.9,97.4,,22.31,,
2026-06-15,16:59:09,EWG8602,D-AEWT,Airbus A320,Eurowings,landing,arrivee,625,249.1,99.1,,31.22,,
2026-06-15,17:01:47,TAP1824,CS-TVH,Airbus A320neo,TAP Air Portugal,landing,arrivee,650,244.8,95.3,,18.62,,
2026-06-15,17:04:02,TAM8150,CC-BGT,Boeing 787-9,LATAM Airlines,landing,arrivee,600,282.4,93.2,,38.4,,
2026-06-15,17:06:56,TAP15NC,CS-TJF,Airbus A321,TAP Air Portugal,landing,arrivee,625,263.2,90.5,,25.45,,
2026-06-15,17:09:23,RYR5KT,9H-QCZ,Boeing 737-800,Malta Air,landing,arrivee,650,283.0,97.2,,25.13,,
2026-06-15,17:12:19,TAP1929,CS-TXL,Airbus A321neo,TAP Air Portugal,landing,arrivee,625,273.2,95.4,,18.95,,
2026-06-15,17:14:49,TRA9H,PH-HXD,Boeing 737-800,Transavia,landing,arrivee,600,288.0,89.9,,27.92,,
2026-06-15,17:17:31,VLG9QY,EC-KLB,Airbus A320,Vueling,landing,arrivee,600,266.5,96.3,,26.52,,
2026-06-15,17:20:41,AXY979N,9H-BOO,Challenger 850,Air X Charter,landing,arrivee,600,248.0,90.5,,13.53,,
2026-06-15,17:25:21,RYR98HW,EI-IJO,Boeing 737 MAX 8,Ryanair,landing,arrivee,600,285.6,92.2,,22.21,,
2026-06-15,17:30:09,TAP781,CS-TJS,Airbus A321neo,TAP Air Portugal,landing,arrivee,650,270.8,97.2,,20.46,,
2026-06-15,17:32:50,RYR68VC,SP-RSF,Boeing 737-800,Buzz,landing,arrivee,600,274.8,91.7,,34.7,,
2026-06-15,17:36:55,TAP643,CS-TJO,Airbus A321neo,TAP Air Portugal,landing,arrivee,625,266.5,100,,19.4,,
2026-06-15,17:39:24,RYR59QQ,EI-EFJ,Boeing 737-800,Ryanair,landing,arrivee,675,278.7,93.9,,28.99,,
2026-06-15,17:42:43,EJU7690,OE-LUF,Airbus A320neo,easyJet Europe,landing,arrivee,650,265.6,95.6,,20.43,,
2026-06-15,17:45:53,RAM982,CN-RGJ,Boeing 737-800,Royal Air Maroc,landing,arrivee,600,275.8,90.6,,28.38,,
2026-06-15,17:48:33,WMT6155,HA-LXC,Airbus A321,SAS Scandinavian,landing,arrivee,600,261.5,89.6,,25.26,,
2026-06-15,17:51:08,RYR95SN,EI-DCP,Boeing 737-800,Ryanair,landing,arrivee,600,273.2,91.3,,33.79,,
2026-06-15,17:54:10,TAP298,CS-TUR,Airbus A330-900neo,TAP Air Portugal,landing,arrivee,650,249.1,96.9,,31.84,,
2026-06-15,17:56:57,TAP9241,CS-TAY,Embraer E195,TAP Air Portugal,landing,arrivee,625,252.8,96.3,,26.06,,
2026-06-15,17:59:25,TAP282,CS-TUK,Airbus A330-900neo,TAP Air Portugal,landing,arrivee,625,263.2,93.4,,31.68,,
2026-06-15,18:01:51,VLG14YF,EC-OKI,Airbus A320,Vueling,landing,arrivee,625,263.2,92.2,,23.66,,
2026-06-15,18:04:34,TAP435,CS-TVK,Airbus A320neo,TAP Air Portugal,landing,arrivee,625,263.2,98.8,,18.78,,
2026-06-15,18:06:27,TAP1558,CS-TVO,Airbus A320neo,TAP Air Portugal,landing,arrivee,1050,258.9,99.8,,20.97,,
2026-06-15,18:09:59,EJU45HZ,OE-IDX,Airbus A320,easyJet Europe,landing,arrivee,625,252.4,94.8,,24.83,,
2026-06-15,18:12:26,TAP1542,CS-TVR,Airbus A320neo,TAP Air Portugal,landing,arrivee,625,263.2,98.1,,27.8,,
2026-06-15,18:19:00,LXJ613,N613FX,E550,,landing,arrivee,575,210.2,89.4,,12.62,,
2026-06-15,18:21:30,AFR24MF,F-GTAU,Airbus A321,Air France,landing,arrivee,600,268.7,97.0,,28.04,,
2026-06-15,18:24:24,RZO124,CS-TSK,Airbus A320,TAP Air Portugal,landing,arrivee,650,249.1,95.8,,21.12,,
2026-06-15,18:29:39,TVF46GH,F-HUYS,Boeing 737-800,Transavia France,landing,arrivee,625,273.9,93.9,,30.57,,
2026-06-15,18:32:25,KLM71Y,PH-AXK,Airbus A321neo,KLM,landing,arrivee,650,254.8,93.1,,20.43,,
2026-06-15,18:37:07,TAP1439,CS-TTR,Airbus A319,TAP Air Portugal,landing,arrivee,625,212.6,99.1,,21.51,,
2026-06-15,18:39:47,TAP1017,CS-TPS,Embraer E190,TAP Air Portugal,landing,arrivee,625,232.4,100,,27.23,,
2026-06-15,18:43:01,BAW506,G-NEOX,Airbus A321neo,British Airways,landing,arrivee,675,263.2,93.8,,25.2,,
2026-06-15,18:45:57,TRA55J,PH-YHE,Airbus A321neo,Transavia,landing,arrivee,625,243.9,91.2,,20.66,,
2026-06-15,18:48:39,TAP35BL,CS-TPQ,Embraer E190,TAP Air Portugal,landing,arrivee,600,248.4,95.1,,24.48,,
2026-06-15,18:51:09,TAP1862,CS-TVD,Airbus A320neo,TAP Air Portugal,landing,arrivee,625,235.6,92.1,,22.8,,
2026-06-15,18:54:09,TAY2MN,OE-LVC,Boeing 737-800,Iberia,landing,arrivee,625,243.9,96.6,,21.86,,
2026-06-15,18:57:01,TAP1455,CS-TPU,Embraer E190,TAP Air Portugal,landing,arrivee,625,251.5,93.2,,22.89,,
2026-06-15,18:59:29,RYR24SE,9H-QBW,Boeing 737-800,Malta Air,landing,arrivee,625,261.5,94.9,,33.25,,
2026-06-15,19:02:22,EJU15DB,OE-7120,EuroFox,easyJet Europe,landing,arrivee,625,261.5,95.1,,23.95,,
2026-06-15,19:05:00,UAE5M,A6-EPJ,Boeing 777-300ER,Emirates,landing,arrivee,625,275.6,96.1,,56.27,,
2026-06-15,19:07:40,BEL2DT,OO-SNE,Airbus A320,Brussels Airlines,landing,arrivee,625,247.2,97.5,,21.59,,
2026-06-15,19:10:20,TAP1337,CS-TPZ,Embraer E190,TAP Air Portugal,landing,arrivee,650,244.8,90.2,,24.69,,
2026-06-15,19:12:50,AEA1157,EC-MPG,Boeing 737-800,Air Europa,landing,arrivee,600,264.1,94.6,,39.31,,
2026-06-15,19:15:25,TAP1931,CS-TNU,Airbus A320,TAP Air Portugal,landing,arrivee,600,247.2,91.9,,28.31,,
2026-06-15,19:18:03,VLG7PA,EC-MQE,Airbus A320,Vueling,landing,arrivee,625,243.2,93.6,,27.66,,
2026-06-15,19:20:32,TAP671,CS-TVA,Airbus A320neo,TAP Air Portugal,landing,arrivee,675,258.0,96.7,,23.23,,
2026-06-15,19:23:31,EJU71TK,OE-LQD,Airbus A319,easyJet Europe,landing,arrivee,600,228.4,96.1,,27.34,,
2026-06-15,19:25:58,TAP825,CS-TTS,Airbus A319,TAP Air Portugal,landing,arrivee,625,245.9,99.6,,25.36,,
2026-06-15,19:28:40,EZY31FV,G-ZXIB,Airbus A321neo,easyJet,landing,arrivee,650,263.2,98.3,,22.43,,
2026-06-15,19:31:50,EZS62YX,HB-AYO,Airbus A320neo,easyJet Switzerland,landing,arrivee,625,237.4,90.1,,21.32,,
2026-06-15,19:36:06,TAP543W,CS-TPY,Embraer E190,TAP Air Portugal,landing,arrivee,625,226.7,97.6,,24.4,,
2026-06-15,19:43:49,TAP835,CS-TVQ,Airbus A320neo,TAP Air Portugal,landing,arrivee,625,233.2,95.9,,20.75,,
2026-06-15,19:46:35,RYR56BR,EI-GXM,Boeing 737-800,Ryanair,landing,arrivee,600,268.2,92.7,,25.56,,
2026-06-15,19:51:00,EZY26YM,G-EZDN,Airbus A319,easyJet,landing,arrivee,625,244.8,95.9,,26.04,,
2026-06-15,19:56:20,EJU67HP,OE-LQI,Airbus A319,easyJet Europe,landing,arrivee,625,245.9,96.3,,26.81,,
2026-06-15,19:59:10,TAP473H,CS-TTX,Embraer E195,TAP Air Portugal,landing,arrivee,625,253.2,100,,21.27,,
2026-06-15,20:02:24,TAP403Z,CS-TPO,Embraer E190,TAP Air Portugal,landing,arrivee,600,245.9,87.5,,24.3,,
2026-06-15,20:05:16,IBE0537,EC-NTI,Airbus A320neo,Iberia,landing,arrivee,600,245.6,96.4,,19.81,,
2026-06-15,20:08:33,TAP93ZS,CS-TVN,Airbus A320neo,TAP Air Portugal,landing,arrivee,625,245.6,88.5,,20.61,,
2026-06-15,20:11:28,AEE6154,SX-DNE,Airbus A320,Aegean Airlines,landing,arrivee,625,225.9,97.7,,22.57,,
2026-06-15,20:13:56,TAP94VA,CS-TNS,Airbus A320,TAP Air Portugal,landing,arrivee,625,255.6,95.7,,24.16,,
2026-06-15,20:16:30,WZZ477,HA-LGI,Airbus A321,Wizz Air,landing,arrivee,625,247.2,97.0,,22.96,,
2026-06-15,20:19:09,DTA652,D2-TEG,Boeing 777-300ER,TAAG Angola Airlines,landing,arrivee,625,278.9,93.6,,63.22,,
2026-06-15,20:22:13,TAP1155,CS-TAW,Embraer E195,TAP Air Portugal,landing,arrivee,600,255.2,97.3,,25.92,,
2026-06-15,20:24:59,EZY15UP,G-UZHJ,Airbus A320neo,easyJet,landing,arrivee,625,252.4,96.7,,24.59,,
2026-06-15,20:27:52,WMT537,9H-WMI,Airbus A321neo,Lauda Europe,landing,arrivee,625,255.6,99.5,,23.93,,
2026-06-15,20:30:28,EWG37V,OK-TVT,Boeing 737-800,Eurowings,landing,arrivee,650,274.8,95.8,,32.43,,
2026-06-15,20:33:17,VLG8UE,EC-MEQ,Airbus A320,Vueling,landing,arrivee,600,254.8,96.2,,19.45,,
2026-06-15,20:36:04,VLG39HL,EC-KDX,Airbus A320,Vueling,landing,arrivee,625,251.5,94.8,,28.69,,
2026-06-15,20:40:20,TAP9242,CS-TXD,Airbus A321neo,TAP Air Portugal,landing,arrivee,625,242.4,95.8,,20.75,,
2026-06-15,20:43:13,EJU9047,OE-IDO,Airbus A320,easyJet Europe,landing,arrivee,600,225.0,92.7,,20.72,,
2026-06-15,20:45:39,RUK2252,G-RUKK,Boeing 737-800,Ryanair UK,landing,arrivee,600,276.5,90.2,,33.72,,
2026-06-15,20:48:23,RYR14SC,EI-EKO,Boeing 737-800,Ryanair,landing,arrivee,600,257.2,94.9,,41.5,,
2026-06-15,20:51:21,ELY375,4X-EKT,Boeing 737-800,El Al,landing,arrivee,600,281.3,95.6,,37.82,,
2026-06-15,20:53:57,TAP48M,CS-TTY,Embraer E195,TAP Air Portugal,landing,arrivee,575,258.4,95.0,,22.94,,
2026-06-15,20:56:35,RYR36JX,9H-VVN,Boeing 737 MAX 8,Malta Air,landing,arrivee,625,274.8,91.5,,28.32,,
2026-06-15,20:59:36,TAP863Y,CS-TNR,Airbus A320,TAP Air Portugal,landing,arrivee,600,249.8,97.2,,27.24,,
2026-06-15,21:02:31,TAP1019,CS-TJI,Airbus A321neo,TAP Air Portugal,landing,arrivee,625,252.4,96.5,,26.71,,
2026-06-15,21:06:01,VLG4JP,EC-OJH,Airbus A320,Vueling,landing,arrivee,625,253.9,96.7,,28.77,,
2026-06-15,21:09:17,TAR318,TS-ITC,Airbus A320,Tunisair,landing,arrivee,700,237.4,99.8,,24.6,,
2026-06-15,21:12:30,TAP755,CS-TNN,Airbus A320,TAP Air Portugal,landing,arrivee,625,258.9,97.1,,29.4,,
2026-06-15,21:17:08,TAP1692,CS-TVL,Airbus A320,TAP Air Portugal,landing,arrivee,600,236.7,97.7,,21.11,,
2026-06-15,21:21:47,RZO134,CS-TSY,Airbus A320,TAP Air Portugal,landing,arrivee,575,245.6,88.9,,25.27,,
2026-06-15,21:24:37,TAP1143,CS-TVC,Airbus A320neo,TAP Air Portugal,landing,arrivee,600,234.8,94.4,,21.49,,
2026-06-15,21:27:25,TAP37CN,CS-TNT,Airbus A320,TAP Air Portugal,landing,arrivee,625,246.7,96.5,,22.21,,
2026-06-15,21:30:09,RZO152,CS-TKP,Airbus A320,TAP Air Portugal,landing,arrivee,625,250.8,97.8,,25.72,,
2026-06-15,21:33:15,WJA32,CA-GFJD,Boeing 737 MAX 8,WestJet,landing,arrivee,600,263.2,91.1,,27.25,,
2026-06-15,21:36:39,TAP25AC,CS-TPR,Embraer E190,TAP Air Portugal,landing,arrivee,600,239.1,95.4,,25.5,,
2026-06-15,21:39:48,TAP437X,CS-TVF,Airbus A320neo,TAP Air Portugal,landing,arrivee,625,255.9,93.4,,24.93,,
2026-06-15,21:43:28,TAP10EV,CS-TAX,Embraer E195,TAP Air Portugal,landing,arrivee,600,250.8,99.5,,22.78,,
2026-06-15,21:46:29,LZB563,LZ-ROM,A220-300,Bulgaria Air,landing,arrivee,600,233.2,97.4,,25.71,,
2026-06-15,21:49:25,TAP67U,CS-TJL,Airbus A321neo,TAP Air Portugal,landing,arrivee,625,247.2,97.8,,23.5,,
2026-06-15,21:52:25,TAP885,CS-TPX,Embraer E190,TAP Air Portugal,landing,arrivee,600,240.8,100,,23.21,,
2026-06-15,21:54:06,RYR4RL,9H-QCJ,Boeing 737-800,Malta Air,landing,arrivee,625,253.2,95.4,,38.07,,
2026-06-15,21:57:02,PGT1561,TC-NCM,Airbus A320neo,Pegasus,landing,arrivee,600,246.7,96.7,,24.58,,
2026-06-15,21:58:55,TAP5AS,CS-TVP,Airbus A320neo,TAP Air Portugal,landing,arrivee,600,227.1,96.7,,24.76,,
2026-06-15,22:01:35,TAP57W,CS-TJN,Airbus A321neo,TAP Air Portugal,landing,arrivee,625,251.5,96.7,,25.37,,
2026-06-15,22:03:47,DLH34J,D-AISL,Airbus A321,Lufthansa,landing,arrivee,575,261.7,92.5,,28.58,,
2026-06-15,22:05:53,RYR4XW,EI-EKJ,Boeing 737-800,Ryanair,landing,arrivee,625,257.2,95.6,,34.69,,
2026-06-15,22:08:27,EJU15PC,OE-LSF,Airbus A320neo,easyJet Europe,landing,arrivee,575,238.4,89.0,,24.82,,
2026-06-15,22:11:22,TAP877,CS-TPV,Embraer E190,TAP Air Portugal,landing,arrivee,575,227.4,87.0,,21.45,,
2026-06-15,22:12:54,TAP1243,CS-TJP,Airbus A321neo,TAP Air Portugal,landing,arrivee,625,254.8,98.9,,25.59,,
2026-06-15,22:14:33,TAP1325,CS-TTW,Embraer E195,TAP Air Portugal,landing,arrivee,575,255.6,100,,25.45,,
2026-06-15,22:16:23,DLH64P,D-AILA,Airbus A319,Lufthansa,landing,arrivee,600,249.1,96.8,,35.47,,
2026-06-15,22:19:04,RYR8AT,EI-IJF,Boeing 737 MAX 8,Ryanair,landing,arrivee,600,265.6,97.0,,34.7,,
2026-06-15,22:22:11,TAP1933,CS-TPS,Embraer E190,TAP Air Portugal,landing,arrivee,575,218.4,89.5,,32.72,,
2026-06-15,22:24:36,EJU91TW,OE-IWW,Airbus A320,easyJet Europe,landing,arrivee,575,254.8,88.4,,30.86,,
2026-06-15,22:26:24,RYR20EE,EI-EBD,Boeing 737-800,Ryanair,landing,arrivee,600,268.0,93.9,,47.66,,
2026-06-15,22:27:56,AFR64PQ,F-GKXC,Airbus A320,Air France,landing,arrivee,600,264.1,88.1,,40.25,,
2026-06-15,22:30:36,TAP555,CS-TNK,Airbus A320,TAP Air Portugal,landing,arrivee,575,261.5,94.9,,47.65,,
2026-06-15,22:33:42,EJU36BG,OE-LSV,Airbus A320neo,easyJet Europe,landing,arrivee,600,253.2,89.1,,39.65,,
2026-06-15,22:36:29,TAP21MM,CS-TNM,Airbus A320,TAP Air Portugal,landing,arrivee,575,243.2,99.6,,34.96,,
2026-06-15,22:39:27,BAW508,G-TTNY,Airbus A320neo,British Airways,landing,arrivee,625,232.4,93.1,,30.21,,
2026-06-15,22:41:14,TVF34QV,F-HUYR,Boeing 737-800,Transavia France,landing,arrivee,600,268.0,95.2,,48.5,,
2026-06-15,22:43:57,KLM35W,PH-AXM,Airbus A321neo,KLM,landing,arrivee,625,239.8,96.8,,35.02,,
2026-06-15,22:45:36,TVF47RH,F-HTVT,Boeing 737-800,Transavia France,landing,arrivee,575,267.6,91.7,,63.63,,
2026-06-15,22:47:41,TAP837,CS-TNJ,Airbus A320,TAP Air Portugal,landing,arrivee,575,254.7,98.2,,,,
2026-06-15,22:49:34,TAP1369,CS-TJJ,Airbus A321neo,TAP Air Portugal,landing,arrivee,600,247.2,92.1,,30.21,,
2026-06-15,22:52:02,RYR85KH,EI-ILD,Boeing 737 MAX 8,Ryanair,landing,arrivee,600,262.2,94.2,,45.26,,
2026-06-15,22:54:55,EJU87HG,OE-IDX,Airbus A320,easyJet Europe,landing,arrivee,600,242.2,94.8,,42.78,,
2026-06-15,22:58:52,TAP827V,CS-TJR,Airbus A321neo,TAP Air Portugal,landing,arrivee,600,271.3,99.6,,32.75,,
2026-06-15,23:03:50,IBE0539,EC-HUI,Airbus A321,Iberia,landing,arrivee,575,249.1,90.1,,50.77,,
2026-06-15,23:08:01,SWR755L,HB-JPB,Airbus A321neo,Swiss,landing,arrivee,600,245.6,97.3,,35.62,,
2026-06-15,23:10:37,DLH23C,D-AISO,Airbus A321,Lufthansa,landing,arrivee,600,264.1,97.4,,49.29,,
2026-06-15,23:13:10,THY2ES,TC-LPG,Airbus A321neo,Turkish Airlines,landing,arrivee,600,275.6,93.9,,34.42,,
2026-06-15,23:15:59,TAP35MT,CS-TVJ,Airbus A320neo,TAP Air Portugal,landing,arrivee,625,230.8,94.6,,26.61,,
2026-06-15,23:18:48,EJU74EP,OE-LUF,Airbus A320neo,easyJet Europe,landing,arrivee,625,236.7,96.4,,31.83,,
2026-06-15,23:21:45,TAP64M,CS-TVG,Airbus A320neo,TAP Air Portugal,landing,arrivee,600,225.9,94.0,,30.26,,
2026-06-15,23:24:36,AEE7PT,SX-NAJ,Airbus A321neo,Aegean Airlines,landing,arrivee,625,240.8,98.8,,39.7,,
2026-06-15,23:26:28,TAP94KM,CS-TJF,Airbus A321,TAP Air Portugal,landing,arrivee,600,261.5,98.5,,44.85,,
2026-06-15,23:28:20,EJU98XP,OE-IBF,Airbus A320,easyJet Europe,landing,arrivee,600,239.1,96.6,,,,
2026-06-15,23:30:05,EJU19TV,OE-IDS,Airbus A320,easyJet Europe,landing,arrivee,600,244.8,98.6,,44.18,,
2026-06-15,23:32:01,EJU93ZB,OE-LSP,Airbus A320,easyJet Europe,landing,arrivee,575,254.1,87.0,,33.09,,
2026-06-15,23:35:42,TAP43RY,EC-OCT,Airbus A321,TAP Air Portugal,landing,arrivee,600,263.2,97.2,,33.35,,
2026-06-15,23:37:40,TAP1738,CS-TPW,Embraer E190,TAP Air Portugal,landing,arrivee,550,244.3,97.6,,,,
2026-06-15,23:45:27,RYR55AR,EI-IJO,Boeing 737 MAX 8,Ryanair,landing,arrivee,625,273.2,98.0,,44.7,,
2026-06-15,23:48:52,TAP39PT,CS-TJK,Airbus A321neo,TAP Air Portugal,landing,arrivee,600,263.2,97.8,,32.6,,
2026-06-15,23:52:01,WZZ84UJ,HA-LZL,Airbus A321neo,Wizz Air,landing,arrivee,650,245.9,96.2,,29.21,,
2026-06-15,23:59:13,RYR29TL,9H-QCZ,Boeing 737-800,Malta Air,landing,arrivee,625,284.8,90.9,,52.21,,
2026-06-16,01:02:24,RZO128,CS-TSK,Airbus A320,TAP Air Portugal,landing,arrivee,600,228.4,95.7,,38.8,,
2026-06-16,04:41:17,TAP082,CS-TUS,Airbus A330-900neo,TAP Air Portugal,landing,arrivee,625,263.2,98.8,,53.92,,
2026-06-16,04:54:09,TAP074,CS-TUL,Airbus A330-900neo,TAP Air Portugal,landing,arrivee,675,263.2,98.1,,46.47,,
2026-06-16,05:17:32,TAP202A,CS-TXF,Airbus A321neo,TAP Air Portugal,landing,arrivee,650,267.2,100,,31.05,,
2026-06-16,05:20:34,TAP218,CS-TXH,Airbus A321neo,TAP Air Portugal,landing,arrivee,625,267.2,97.8,,38.36,,
2026-06-16,05:33:08,TAP96AW,CS-TTY,Embraer E195,TAP Air Portugal,landing,arrivee,600,249.1,89.7,,38.72,,
2026-06-16,05:36:27,TAP25YZ,CS-TXE,Airbus A321neo,TAP Air Portugal,landing,arrivee,650,257.2,100,,32.63,,
2026-06-16,05:52:10,TAP232Y,CS-TXC,Airbus A321neo,TAP Air Portugal,landing,arrivee,625,261.5,99.3,,33.65,,
2026-06-16,05:55:20,TAP1937,CS-TPS,Embraer E190,TAP Air Portugal,landing,arrivee,625,237.4,96.0,,35.07,,
2026-06-16,05:57:29,TAP1550,CS-TVR,Airbus A320neo,TAP Air Portugal,landing,arrivee,625,233.2,99.4,,27.16,,
2026-06-16,05:59:34,TAP1484,CS-TVQ,Airbus A320neo,TAP Air Portugal,approach,arrivee,625,243.2,95.0,,29.31,,
2026-06-16,06:03:19,TAP058,CS-TUH,Airbus A330-900neo,TAP Air Portugal,landing,arrivee,650,275.6,96.3,,48.52,,
2026-06-16,06:05:59,TAP1544,CS-TVO,Airbus A320neo,TAP Air Portugal,landing,arrivee,650,253.2,97.7,,30.0,,
2026-06-16,06:21:02,TAP11VP,CS-TPT,Embraer E190,TAP Air Portugal,landing,arrivee,600,231.9,87.8,,44.67,,
2026-06-16,06:23:35,D2ANH,CS-DVI,GLEX,,landing,arrivee,600,225.0,92.7,,25.25,,
2026-06-16,06:26:35,TAY1MN,OE-IMC,Boeing 737-800,Iberia,landing,arrivee,625,271.3,96.5,,50.95,,
2026-06-16,06:30:29,AZU8750,PR-ANU,Airbus A330-900neo,Azul,landing,arrivee,625,268.0,94.8,,53.52,,
2026-06-16,06:33:29,TAP1908,CS-TVL,Airbus A320,TAP Air Portugal,landing,arrivee,600,243.2,97.7,,26.29,,
2026-06-16,06:36:14,TSC680,C-GUBC,Airbus A330-200,Air Transat,landing,arrivee,575,238.2,90.3,,47.05,,
2026-06-16,06:38:54,AEA1159,EC-MXM,Boeing 737-800,Air Europa,landing,arrivee,600,268.0,90.9,,48.85,,
2026-06-16,06:42:06,TAP41SN,CS-TPY,Embraer E190,TAP Air Portugal,landing,arrivee,625,242.4,95.6,,28.81,,
2026-06-16,06:44:49,TAP224,CS-TUF,Airbus A330-900neo,TAP Air Portugal,landing,arrivee,650,254.8,97.9,,51.56,,
2026-06-16,06:47:22,DTA650,D2-TEJ,Boeing 777-300ER,TAAG Angola Airlines,landing,arrivee,625,284.8,95.3,,89.3,,
2026-06-16,06:50:11,ETD7LG,A6-BLO,Boeing 787-9,Etihad Airways,landing,arrivee,600,289.7,98.3,,61.86,,
2026-06-16,06:53:39,QTR343,A7-BCQ,Boeing 787-8,Qatar Airways,landing,arrivee,575,258.9,98.1,,45.33,,
2026-06-16,06:55:57,TAP9004,CS-TVP,Airbus A320neo,TAP Air Portugal,landing,arrivee,1025,242.4,99.9,,31.74,,
2026-06-16,07:07:54,TAM8146,PT-MUE,Boeing 777-300ER,LATAM Airlines,landing,arrivee,650,275.6,95.5,,66.99,,
2026-06-16,07:10:48,TAP441,CS-TVH,Airbus A320neo,TAP Air Portugal,landing,arrivee,600,244.8,96.2,,35.96,,
2026-06-16,07:13:06,SRR6646,OY-SRM,767 25EBDSF,Star Air,landing,arrivee,625,244.8,97.8,,40.45,,
2026-06-16,07:15:55,TAP98CX,CS-TNU,Airbus A320,TAP Air Portugal,landing,arrivee,600,233.2,98.7,,49.44,,
2026-06-16,07:18:37,BCS2FC,D-AEAN,A300 B4-622RF,Lufthansa,landing,arrivee,925,242.4,98.4,,56.28,,
2026-06-16,07:30:52,LGL51P,LX-LBK,Boeing 737 MAX 8,Luxair,landing,arrivee,575,278.0,98.9,,39.33,,
2026-06-16,07:32:49,TAP9ML,CS-TNS,Airbus A320,TAP Air Portugal,landing,arrivee,600,247.2,96.8,,36.27,,
2026-06-16,07:35:05,IBE05TR,EC-NCM,Airbus A320neo,Iberia,landing,arrivee,625,261.5,99.2,,28.05,,
2026-06-16,07:38:04,TAP8RL,CS-TVD,Airbus A320neo,TAP Air Portugal,landing,arrivee,625,244.8,99.7,,27.56,,
2026-06-16,07:39:48,TAP495Y,CS-TPQ,Embraer E190,TAP Air Portugal,landing,arrivee,600,240.8,99.0,,37.84,,
2026-06-16,07:42:03,DAL272,N408DX,Airbus A330-900neo,Delta Air Lines,landing,arrivee,800,265.6,98.6,,53.71,,
2026-06-16,07:44:58,TAP647,CS-TJS,Airbus A321neo,TAP Air Portugal,landing,arrivee,600,268.9,100,,43.96,,
2026-06-16,07:47:41,TAP1023,CS-TVN,Airbus A320neo,TAP Air Portugal,landing,arrivee,625,239.8,91.1,,33.0,,
2026-06-16,07:50:49,TAP1939,CS-TVC,Airbus A320neo,TAP Air Portugal,landing,arrivee,600,261.5,98.7,,33.36,,
2026-06-16,07:53:37,TAP575,CS-TNQ,Airbus A320,TAP Air Portugal,landing,arrivee,600,258.4,99.2,,38.56,,
2026-06-16,07:56:31,TAP9RH,CS-TNV,Airbus A320,TAP Air Portugal,landing,arrivee,600,255.6,92.5,,37.31,,
2026-06-16,07:59:17,EZS79YP,HB-JXB,Airbus A320,Austrian Airlines,landing,arrivee,575,263.2,91.0,,40.49,,
2026-06-16,08:01:53,N413JC,,,,landing,arrivee,600,240.0,95.1,,26.71,,
2026-06-16,08:04:50,TAP104,CS-TUD,Airbus A330-900neo,TAP Air Portugal,landing,arrivee,650,265.6,98.3,,45.88,,
2026-06-16,08:09:26,UAL64,N12004,Boeing 787-10,United Airlines,landing,arrivee,600,288.9,90.7,,51.17,,
2026-06-16,08:12:08,RYR63TC,EI-HMT,Boeing 737 MAX 8,Ryanair,landing,arrivee,600,286.1,94.4,,33.13,,
2026-06-16,08:16:52,WPT3154,EC-OND,Airbus A330-300,,landing,arrivee,625,246.7,98.9,,33.48,,
2026-06-16,08:19:39,TAP557H,CS-TJM,Airbus A321neo,TAP Air Portugal,landing,arrivee,625,263.2,99.7,,33.92,,
2026-06-16,08:21:41,TRA97Q,PH-YHC,Airbus A321neo,Transavia,landing,arrivee,575,253.2,91.6,,29.47,,
2026-06-16,08:23:12,TAP63GL,CS-TVI,Airbus A320neo,TAP Air Portugal,landing,arrivee,575,261.5,95.7,,26.3,,
2026-06-16,08:25:56,RYR24SE,EI-EXF,Boeing 737-800,Ryanair,landing,arrivee,650,277.2,95.9,,27.53,,
2026-06-16,08:36:09,TRA27L,PH-HXA,Boeing 737-800,Transavia,landing,arrivee,575,279.7,93.5,,34.08,,
2026-06-16,08:38:48,RYR4ZF,9H-QDY,Boeing 737-800,Malta Air,landing,arrivee,575,283.0,93.3,,29.78,,
2026-06-16,08:41:33,AAL258,N839AA,Boeing 787-9,American Airlines,landing,arrivee,600,275.6,94.8,,31.68,,
2026-06-16,08:44:49,VLG46AX,EC-MMH,Airbus A321,Vueling,landing,arrivee,575,259.7,96.2,,25.83,,
2026-06-16,08:47:46,RYR7GJ,EI-EKJ,Boeing 737-800,Ryanair,landing,arrivee,575,273.2,91.8,,34.63,,
2026-06-16,08:50:45,AFR35VY,F-GKXP,Airbus A320,Air France,landing,arrivee,550,245.6,97.8,,31.47,,
2026-06-16,08:55:01,TAP675,CS-TVM,Airbus A320neo,TAP Air Portugal,landing,arrivee,575,243.9,92.8,,23.17,,
2026-06-16,08:57:59,TAP443,CS-TVK,Airbus A320neo,TAP Air Portugal,landing,arrivee,600,260.8,100,,26.97,,
2026-06-16,09:00:45,EZY16AT,G-UZHS,Airbus A320neo,easyJet,landing,arrivee,575,263.2,97.5,,,,
2026-06-16,09:03:32,ACA812,C-GEGI,Airbus A330-300,Air Canada,landing,arrivee,575,243.2,93.4,,39.83,,
2026-06-16,09:06:33,TAP3178,CS-TOO,Airbus A330-200,TAP Air Portugal,landing,arrivee,600,240.8,96.8,,30.54,,
2026-06-16,09:08:54,TVF55WH,F-GZHO,Boeing 737-800,Transavia France,landing,arrivee,550,278.0,94.0,,29.7,,
2026-06-16,09:13:11,EWG36AZ,LY-CAP,Airbus A320,Eurowings,landing,arrivee,575,252.2,96.6,,30.33,,
2026-06-16,09:24:13,EZY79RV,G-UZHJ,Airbus A320neo,easyJet,landing,arrivee,575,254.8,94.7,,28.94,,
2026-06-16,09:32:47,TAP66PD,CS-TVF,Airbus A320neo,TAP Air Portugal,landing,arrivee,600,258.9,98.1,,23.66,,
2026-06-16,09:35:39,TSC480,C-GUFZ,Airbus A330-200,Air Transat,landing,arrivee,550,237.6,90.2,,32.42,,
2026-06-16,09:38:28,TAP012,CS-TUG,Airbus A330-900neo,TAP Air Portugal,landing,arrivee,600,243.9,92.4,,35.13,,
2026-06-16,09:41:11,OBS852,CS-TCF,Airbus A330-900neo,TAP Air Portugal,landing,arrivee,600,244.8,98.7,,32.62,,
2026-06-16,09:44:37,THY3WE,TC-LSL,Airbus A321neo,Turkish Airlines,landing,arrivee,575,244.8,91.0,,,,
2026-06-16,09:47:24,TAP3832,CS-TTX,Embraer E195,TAP Air Portugal,landing,arrivee,575,250.4,93.3,,24.8,,
2026-06-16,09:50:54,TAP036,EC-OLG,Airbus A330-300,TAP Air Portugal,landing,arrivee,575,255.6,93.9,,27.45,,
2026-06-16,09:53:37,BAW50P,G-TNEG,Airbus A321neo,British Airways,landing,arrivee,575,246.7,97.6,,23.9,,
2026-06-16,09:56:59,TAP010,CS-TXK,Airbus A321,TAP Air Portugal,landing,arrivee,600,256.5,100,,26.73,,
2026-06-16,10:00:28,TAP1921,CS-TNL,Airbus A320,TAP Air Portugal,landing,arrivee,625,246.7,94.1,,25.66,,
2026-06-16,10:03:23,EJU97VT,OE-IWW,Airbus A320,easyJet Europe,landing,arrivee,575,253.2,98.9,,28.52,,
2026-06-16,10:06:34,TAP216L,CS-TXB,Airbus A321neo,TAP Air Portugal,landing,arrivee,600,257.2,96.1,,20.86,,
2026-06-16,10:09:32,TAP234Y,CS-TXJ,Airbus A321neo,TAP Air Portugal,landing,arrivee,550,258.9,90.9,,21.93,,
2026-06-16,10:13:34,UAL942,N79011,Boeing 777-200,United Airlines,landing,arrivee,575,249.1,93.0,,38.73,,
2026-06-16,10:16:11,TAP210,CS-TUA,Airbus A330-900neo,TAP Air Portugal,landing,arrivee,625,245.6,99.3,,32.03,,
2026-06-16,10:19:06,TAP11SV,CS-TPT,Embraer E190,TAP Air Portugal,landing,arrivee,550,231.1,96.6,,22.87,,
2026-06-16,10:21:43,RYR3RB,EI-EGB,Boeing 737-800,Ryanair,landing,arrivee,550,268.9,92.2,,34.43,,
2026-06-16,10:24:32,RYR3WD,EI-GXM,Boeing 737-800,Ryanair,landing,arrivee,550,273.2,93.6,,,,
2026-06-16,10:27:25,RYR32KG,EI-ILD,Boeing 737 MAX 8,Ryanair,landing,arrivee,575,273.9,90.5,,22.41,,
2026-06-16,10:30:05,TAP1826,CS-TVA,Airbus A320neo,TAP Air Portugal,landing,arrivee,550,235.6,92.2,,18.31,,
2026-06-16,10:32:39,TAP13LH,CS-TJO,Airbus A321neo,TAP Air Portugal,landing,arrivee,575,259.7,92.6,,17.37,,
2026-06-16,10:35:09,AEA1153,EC-MPG,Boeing 737-800,Air Europa,landing,arrivee,575,269.7,90.0,,,,
2026-06-16,10:37:35,RYR98HW,EI-EVS,Boeing 737-800,Ryanair,landing,arrivee,550,271.3,92.7,,23.19,,
2026-06-16,10:40:24,TAP254,CS-TXL,Airbus A321neo,TAP Air Portugal,landing,arrivee,600,256.5,96.8,,16.62,,
2026-06-16,10:42:43,ACA810,C-FIVM,Boeing 777-300ER,Air Canada,landing,arrivee,600,268.9,97.0,,41.05,,
2026-06-16,10:45:46,TAP088,CS-TUM,Airbus A330-900neo,TAP Air Portugal,landing,arrivee,600,257.2,98.6,,30.34,,
2026-06-16,10:48:29,TAP262M,CS-TXA,Airbus A321neo,TAP Air Portugal,landing,arrivee,600,258.0,97.7,,18.87,,
2026-06-16,10:51:13,TAP204A,CS-TUN,Airbus A330-900neo,TAP Air Portugal,landing,arrivee,600,258.0,96.0,,32.36,,
2026-06-16,10:54:00,TAP1923,CS-TVR,Airbus A320neo,TAP Air Portugal,landing,arrivee,575,254.8,92.7,,16.82,,
2026-06-16,10:56:41,TAP052,CS-TXI,Airbus A321neo,TAP Air Portugal,landing,arrivee,575,257.2,96.6,,20.3,,
2026-06-16,10:59:09,TAP68JP,CS-TJH,Airbus A321,TAP Air Portugal,landing,arrivee,575,266.5,98.9,,28.78,,
2026-06-16,11:01:56,BEL2DY,OO-SNO,Airbus A320,Brussels Airlines,landing,arrivee,600,265.6,99.1,,,,
2026-06-16,11:05:26,AZU8900,CS-TSW,Boeing 777-200,Azul,landing,arrivee,575,251.5,92.1,,43.03,,
2026-06-16,11:07:43,DAL124,N434DX,Airbus A330-900neo,Delta Air Lines,landing,arrivee,1000,257.2,98.6,,49.17,,
2026-06-16,11:10:56,RZO122,CS-TSH,Airbus A321neo,Azores Airlines,landing,arrivee,575,243.9,92.4,,16.57,,
2026-06-16,11:13:22,AFR41GW,F-GKXU,Airbus A320,Air France,landing,arrivee,575,250.8,95.6,,,,
2026-06-16,11:19:08,TAP11WQ,CS-TNK,Airbus A320,TAP Air Portugal,landing,arrivee,575,256.5,97.2,,24.85,,
2026-06-16,11:22:09,VLG39HL,EC-MAI,Airbus A320,Vueling,landing,arrivee,575,243.9,95.1,,,,
2026-06-16,11:28:51,RYR9654,EI-IGO,Boeing 737 MAX 8,Ryanair,landing,arrivee,550,274.1,95.4,,22.1,,
2026-06-16,11:33:22,IBE05FV,EC-NJU,Airbus A320neo,Iberia,landing,arrivee,575,241.5,97.1,,15.01,,
2026-06-16,11:36:13,RZO120,CS-TKQ,Airbus A320,TAP Air Portugal,landing,arrivee,600,254.8,98.4,,19.73,,
2026-06-16,11:38:47,TAP23SL,CS-TUE,Airbus A330-900neo,TAP Air Portugal,landing,arrivee,575,246.7,92.5,,25.85,,
2026-06-16,11:43:11,DLH39X,D-AIOA,Airbus A321neo,Lufthansa,landing,arrivee,600,246.7,90.4,,18.91,,
2026-06-16,11:46:11,TAP429,CS-TAW,Embraer E195,TAP Air Portugal,landing,arrivee,550,256.5,96.7,,19.07,,
2026-06-16,11:49:12,TAP1925,CS-TNR,Airbus A320,TAP Air Portugal,landing,arrivee,575,235.6,94.8,,19.49,,
2026-06-16,11:51:43,TAP1902,CS-TVC,Airbus A320neo,TAP Air Portugal,landing,arrivee,775,253.2,98.7,,17.08,,
2026-06-16,11:56:47,UAE3MV,A6-ENR,Boeing 777-300ER,Emirates,landing,arrivee,575,275.6,93.2,,41.76,,
2026-06-16,12:08:05,TAP1123,CS-TPX,Embraer E190,TAP Air Portugal,landing,arrivee,550,230.8,97.0,,14.27,,
2026-06-16,12:11:18,EWG37V,OK-TVT,Boeing 737-800,Eurowings,landing,arrivee,575,262.2,96.4,,36.36,,
2026-06-16,12:14:15,RYR12VQ,9H-QCZ,Boeing 737-800,Malta Air,landing,arrivee,575,276.3,91.5,,33.45,,
2026-06-16,12:17:12,EJU38DF,OE-IDS,Airbus A320,easyJet Europe,landing,arrivee,575,256.5,94.5,,21.5,,
2026-06-16,12:20:09,TAP028,CS-TUO,Airbus A330-900neo,TAP Air Portugal,landing,arrivee,600,254.1,97.8,,26.73,,
2026-06-16,12:27:51,TAM8148,PT-MUH,Boeing 777-300ER,LATAM Airlines,landing,arrivee,575,275.6,92.6,,39.66,,
2026-06-16,12:36:56,BAW5LI,G-EUYH,Airbus A320,British Airways,landing,arrivee,600,261.5,98.4,,15.98,,
2026-06-16,12:40:12,TAP1031,CS-TVB,Airbus A320neo,TAP Air Portugal,landing,arrivee,575,245.6,98.5,,18.38,,
2026-06-16,12:42:55,EJU76WL,OE-LSA,Airbus A320neo,easyJet Europe,landing,arrivee,575,260.8,95.1,,16.7,,
2026-06-16,12:45:13,EJU94NF,OE-IDX,Airbus A320,easyJet Europe,landing,arrivee,575,261.5,99.9,,20.82,,
2026-06-16,12:48:07,EJU56VP,OE-IDO,Airbus A320,easyJet Europe,landing,arrivee,575,256.5,96.7,,23.35,,
2026-06-16,12:51:20,TAP1335,CS-TTS,Airbus A319,TAP Air Portugal,landing,arrivee,550,247.2,91.2,,25.15,,
2026-06-16,12:54:10,TAP145W,CS-TTW,Embraer E195,TAP Air Portugal,landing,arrivee,600,249.8,100,,15.21,,
2026-06-16,13:00:37,TAP1151,CS-TPW,Embraer E190,TAP Air Portugal,landing,arrivee,575,240.8,99.3,,17.82,,
2026-06-16,13:05:09,TVF46JB,F-HTVC,Boeing 737-800,Transavia France,landing,arrivee,550,281.3,91.5,,34.12,,
2026-06-16,13:09:03,TAP3961,CS-TXG,Airbus A321neo,TAP Air Portugal,landing,arrivee,575,241.5,93.4,,21.27,,
2026-06-16,13:12:07,EJU14GP,OE-LUF,Airbus A320neo,easyJet Europe,landing,arrivee,575,244.3,92.6,,23.65,,
2026-06-16,13:15:26,TAP831,CS-TNM,Airbus A320,TAP Air Portugal,landing,arrivee,550,260.8,89.7,,22.47,,
2026-06-16,13:18:22,DLH47T,D-AIEJ,Airbus A321neo,Lufthansa,landing,arrivee,600,247.2,92.5,,22.91,,
2026-06-16,13:20:02,RYR85MR,EI-IJO,Boeing 737 MAX 8,Ryanair,landing,arrivee,550,282.1,97.8,,34.22,,
2026-06-16,13:22:06,9HGME,,,,landing,arrivee,725,153.7,93.7,,8.1,,
2026-06-16,13:26:33,EJU98EV,OE-IVU,Airbus A320,easyJet Europe,landing,arrivee,600,261.5,96.1,,18.96,,
2026-06-16,13:29:43,LOT4HT,SP-LVR,Boeing 737 MAX 8,LOT Polish Airlines,landing,arrivee,600,280.6,96.9,,24.62,,
2026-06-16,13:32:03,TAP1736,CS-TVD,Airbus A320neo,TAP Air Portugal,landing,arrivee,975,257.2,97.3,,19.1,,
2026-06-16,13:35:40,TAP43JD,CS-TJI,Airbus A321neo,TAP Air Portugal,landing,arrivee,575,251.5,95.4,,19.01,,
2026-06-16,13:38:24,VLG8JM,EC-MMU,Airbus A321,Vueling,landing,arrivee,600,264.1,95.3,,20.29,,
2026-06-16,13:41:07,TAP641,CS-TVJ,Airbus A320neo,TAP Air Portugal,landing,arrivee,600,249.1,93.0,,25.05,,
2026-06-16,13:43:13,4951f0,CS-TOP,Airbus A330-200,TAP Air Portugal,landing,arrivee,850,249.8,99.1,,81.9,,
2026-06-16,13:46:33,TAP86GM,CS-TNJ,Airbus A320,TAP Air Portugal,landing,arrivee,575,252.4,98.5,,31.91,,
2026-06-16,13:49:39,TAP869,CS-TPZ,Embraer E190,TAP Air Portugal,landing,arrivee,550,233.5,99.5,,30.49,,
2026-06-16,13:52:03,RZO150,CS-TKP,Airbus A320,TAP Air Portugal,landing,arrivee,575,245.6,93.7,,30.07,,
2026-06-16,13:53:49,TAP1860,CS-TJP,Airbus A321neo,TAP Air Portugal,landing,arrivee,600,268.9,91.7,,23.71,,
2026-06-16,13:56:18,EZS1465,HB-JXU,Airbus A320,easyJet Switzerland SA,landing,arrivee,575,265.6,92.4,,32.25,,
2026-06-16,13:58:23,TAP1013,CS-TNQ,Airbus A320,TAP Air Portugal,landing,arrivee,600,263.9,99.5,,33.77,,
2026-06-16,14:01:31,TAP8RT,CS-TPS,Embraer E190,TAP Air Portugal,landing,arrivee,575,219.1,92.7,,32.64,,
2026-06-16,14:04:14,TAP36GS,CS-TVO,Airbus A320neo,TAP Air Portugal,landing,arrivee,575,239.1,95.4,,,,
2026-06-16,14:11:07,TAP88TM,CS-TTR,Airbus A319,TAP Air Portugal,landing,arrivee,575,238.4,94.0,,27.78,,
2026-06-16,14:13:50,KLM97N,,,KLM,landing,arrivee,625,273.2,97.6,,21.96,,
2026-06-16,14:20:03,TAP084,CS-TUP,Airbus A330-900neo,TAP Air Portugal,landing,arrivee,600,251.5,98.6,,43.78,,
2026-06-16,14:24:50,SWR2BK,HB-JPA,Airbus A321neo,Swiss,landing,arrivee,625,248.4,93.7,,33.0,,
2026-06-16,14:29:53,9HGME,,,,cruise,,475,90.7,95.0,,11.15,,
2026-06-16,14:37:40,NSZ3616,SE-RPJ,Boeing 737-800,Norwegian Air Sweden,landing,arrivee,575,272.1,93.4,,47.55,,
2026-06-16,14:41:26,EZY35DC,G-EZDJ,Airbus A319,easyJet,landing,arrivee,600,254.1,99.6,,26.29,,
2026-06-16,14:44:33,EJU41HA,OE-LSP,Airbus A320,easyJet Europe,landing,arrivee,575,241.7,93.7,,23.01,,
2026-06-16,14:47:07,HZSKY1,HZ-SKY1,A340 212,Sky Prime Aviation,landing,arrivee,600,243.2,98.3,,32.49,,
2026-06-16,14:49:58,TAP883,CS-TPO,Embraer E190,TAP Air Portugal,landing,arrivee,575,246.7,96.4,,26.31,,
2026-06-16,14:52:40,TAP823,CS-TJL,Airbus A321neo,TAP Air Portugal,landing,arrivee,600,271.7,99.8,,27.69,,
2026-06-16,14:55:47,EJU9041,OE-LSF,Airbus A320neo,easyJet Europe,landing,arrivee,600,222.6,98.7,,18.24,,
2026-06-16,14:58:30,TAP1143,CS-TPQ,Embraer E190,TAP Air Portugal,landing,arrivee,575,231.9,99.4,,20.96,,
2026-06-16,15:01:12,RYR8HG,EI-ILD,Boeing 737 MAX 8,Ryanair,landing,arrivee,575,271.3,95.9,,29.4,,
2026-06-16,15:03:36,TAP941,CS-TNU,Airbus A320,TAP Air Portugal,landing,arrivee,625,246.7,99.1,,37.83,,
2026-06-16,15:06:11,EJU51EP,OE-LSV,Airbus A320neo,easyJet Europe,landing,arrivee,625,264.1,99.0,,25.56,,
2026-06-16,15:09:03,ASL53X,YL-AAT,A220 300,Air Serbia,landing,arrivee,575,252.2,98.7,,27.19,,
2026-06-16,15:15:14,TAP1127,CS-TPY,Embraer E190,TAP Air Portugal,landing,arrivee,575,242.4,93.1,,,,
2026-06-16,15:18:12,THY4GH,TC-LOF,Airbus A330-300,Turkish Airlines,landing,arrivee,575,263.2,94.6,,37.57,,
2026-06-16,15:20:53,DLH03H,D-AIZH,Airbus A320,Lufthansa,landing,arrivee,575,267.2,95.9,,,,
2026-06-16,15:23:31,AFR37EQ,F-GTAM,Airbus A321,Air France,landing,arrivee,550,268.9,100,,43.26,,
2026-06-16,15:26:10,BTI8WF,YL-ABM,A220-300,Air Baltic,landing,arrivee,600,246.7,98.8,,22.94,,
2026-06-16,15:29:01,AIZ253,4X-AGK,Airbus A321neo,Arkia,landing,arrivee,600,248.4,93.2,,30.38,,
2026-06-16,15:31:53,BAW5DW,G-TTNM,Airbus A320neo,British Airways,landing,arrivee,600,236.7,98.5,,22.05,,
2026-06-16,15:34:26,TAP553R,CS-TVP,Airbus A320neo,TAP Air Portugal,landing,arrivee,625,240.8,98.6,,22.19,,
2026-06-16,15:36:45,FIN96W,OH-LZM,Airbus A321,Finnair,landing,arrivee,600,261.5,96.1,,26.74,,
2026-06-16,15:39:59,SWT131,EC-MAF,ATR 72 500F,Swiftair,descending,arrivee,625,194.3,97.9,,50.04,,
2026-06-16,15:42:32,TAP83RS,CS-TVH,Airbus A320neo,TAP Air Portugal,landing,arrivee,575,238.2,95.9,,,,
2026-06-16,15:45:10,AEA12AT,EC-NUZ,Boeing 737-800,Air Europa,landing,arrivee,575,272.1,92.2,,35.22,,
2026-06-16,15:47:53,TAP571,CS-TXH,Airbus A321neo,TAP Air Portugal,landing,arrivee,575,263.9,97.5,,20.75,,
2026-06-16,15:50:37,TAP931L,CS-TJF,Airbus A321,TAP Air Portugal,landing,arrivee,575,270.0,95.8,,35.71,,
2026-06-16,15:53:21,VLG7PA,EC-MQE,Airbus A320,Vueling,landing,arrivee,600,260.4,94.6,,,,
2026-06-16,15:56:06,TAP31DB,CS-TVQ,Airbus A320neo,TAP Air Portugal,landing,arrivee,625,263.9,96.8,,22.37,,
2026-06-16,15:59:03,TAP17RA,CS-TTY,Embraer E195,TAP Air Portugal,landing,arrivee,625,254.8,94.9,,23.26,,
2026-06-16,16:01:27,TAP1137,CS-TAY,Embraer E195,TAP Air Portugal,landing,arrivee,575,254.1,94.6,,28.88,,
2026-06-16,16:04:11,TAP10NL,CS-TPR,Embraer E190,TAP Air Portugal,landing,arrivee,575,230.0,97.2,,22.01,,
2026-06-16,16:05:51,ANE91TE,EC-MUG,Bombardier CRJ-1000,Air Nostrum,landing,arrivee,625,260.0,95.8,,23.66,,
2026-06-16,16:08:23,TAP90EH,CS-TXK,Airbus A321,TAP Air Portugal,landing,arrivee,575,268.9,93.5,,,,
2026-06-16,16:11:00,AEE2PT,SX-NAE,Airbus A321neo,Aegean Airlines,landing,arrivee,600,239.1,95.8,,28.83,,
2026-06-16,16:20:04,9HGMF,9H-GVA,GL5T,,approach,arrivee,250,3.0,99.0,,,,
2026-06-16,16:21:56,RYR9PX,9H-QCZ,Boeing 737-800,Malta Air,landing,arrivee,600,267.2,95.2,,41.28,,
2026-06-16,16:23:38,TAP433,CS-TJS,Airbus A321neo,TAP Air Portugal,landing,arrivee,600,267.2,99.3,,23.82,,
2026-06-16,16:27:56,RYR29TL,EI-DWG,Boeing 737-800,Ryanair,landing,arrivee,600,276.5,94.6,,45.72,,
2026-06-16,16:30:29,RYR67UV,9H-QEC,Boeing 737-800,Malta Air,landing,arrivee,575,278.9,92.2,,38.1,,
2026-06-16,16:32:36,RYR59QQ,9H-QFE,Boeing 737-800,Malta Air,landing,arrivee,925,266.5,96.9,,35.62,,
2026-06-16,16:35:48,TAP3200,CS-TUJ,Airbus A330-900neo,TAP Air Portugal,landing,arrivee,650,241.5,98.2,,42.79,,
2026-06-16,16:38:34,TAP120R,CS-TJR,Airbus A321neo,TAP Air Portugal,landing,arrivee,600,270.8,96.9,,28.73,,
2026-06-16,16:41:40,TAP1929,CS-TVC,Airbus A320neo,TAP Air Portugal,landing,arrivee,600,234.3,100,,,,
2026-06-16,16:44:11,RYR55AR,9H-QCS,Boeing 737-800,Malta Air,landing,arrivee,600,271.3,94.2,,54.31,,
2026-06-16,16:47:13,TAP1824,CS-TVF,Airbus A320neo,TAP Air Portugal,landing,arrivee,600,230.8,94.8,,,,
2026-06-16,16:49:42,TAP669,CS-TVG,Airbus A320neo,TAP Air Portugal,landing,arrivee,625,259.7,95.5,,28.55,,
2026-06-16,16:53:15,TAM8150,CC-BGV,Boeing 787-9,LATAM Airlines,landing,arrivee,1025,263.2,97.8,,48.72,,
2026-06-16,16:56:43,EWG25P,D-AEEC,Airbus A321,Eurowings,landing,arrivee,600,251.5,98.3,,21.4,,
2026-06-16,17:00:40,RYR2JL,SP-RZD,Boeing 737 MAX 8,Buzz,landing,arrivee,575,283.0,95.9,,,,
2026-06-16,17:03:32,TAP15NC,CS-TNN,Airbus A320,TAP Air Portugal,landing,arrivee,600,267.2,94.7,,30.57,,
2026-06-16,17:06:31,TAP9701,CS-TPW,Embraer E190,TAP Air Portugal,landing,arrivee,550,208.2,94.2,,20.16,,
2026-06-16,17:08:37,VLG9QY,EC-MFK,Airbus A320,Vueling,landing,arrivee,625,257.2,93.3,,22.15,,
2026-06-16,17:10:10,9HGMF,9H-GVA,GL5T,,cruise,,500,31.9,94.1,,8.72,,
2026-06-16,17:14:35,SWR36K,YL-AAW,A220 300,Swiss,landing,arrivee,625,257.2,96.5,,,,
2026-06-16,17:18:53,TAP1359,CS-TVI,Airbus A320neo,TAP Air Portugal,landing,arrivee,600,271.3,93.4,,27.06,,
2026-06-16,17:21:46,TAP643,CS-TNL,Airbus A320,TAP Air Portugal,landing,arrivee,625,256.3,97.5,,38.38,,
2026-06-16,17:24:15,EWG66L,9H-MLB,Airbus A320,Eurowings,landing,arrivee,775,244.5,96.4,,30.33,,
2026-06-16,17:27:05,RAM982,CN-RGF,Boeing 737-800,Royal Air Maroc,landing,arrivee,600,268.2,96.1,,42.59,,
2026-06-16,17:36:17,BAW506,G-TNEG,Airbus A321neo,British Airways,landing,arrivee,600,240.8,97.7,,23.85,,
2026-06-16,17:38:59,AFR24MF,F-GTAZ,Airbus A321,Air France,landing,arrivee,625,278.7,98.6,,34.81,,
2026-06-16,17:41:54,EJU81TJ,OE-IDS,Airbus A320,easyJet Europe,landing,arrivee,600,249.1,97.4,,44.24,,
2026-06-16,17:44:47,RYR5KT,EI-GXM,Boeing 737-800,Ryanair,landing,arrivee,600,275.6,93.9,,39.57,,
2026-06-16,17:53:41,TAP1558,CS-TVN,Airbus A320neo,TAP Air Portugal,landing,arrivee,600,249.1,92.5,,25.64,,
2026-06-16,17:56:21,EJU95BR,OE-IDX,Airbus A320,easyJet Europe,landing,arrivee,625,250.8,96.1,,36.11,,
2026-06-16,17:59:25,EZY25BM,G-EZDA,Airbus A319,easyJet,landing,arrivee,600,257.2,96.4,,25.38,,
2026-06-16,18:05:13,TAP435,CS-TNK,Airbus A320,TAP Air Portugal,landing,arrivee,625,253.2,96.5,,40.82,,
2026-06-16,18:07:16,ELY371,4X-EKO,Boeing 737-800,El Al,landing,arrivee,600,286.5,96.8,,37.21,,
2026-06-16,18:09:09,TAP298,CS-TUR,Airbus A330-900neo,TAP Air Portugal,landing,arrivee,625,277.2,95.1,,44.64,,
2026-06-16,18:11:58,TVF46GH,F-GZHC,Boeing 737-800,Transavia France,landing,arrivee,625,278.0,94.1,,,,
2026-06-16,18:17:15,TAP1542,CS-TJK,Airbus A321neo,TAP Air Portugal,landing,arrivee,650,246.7,98.9,,24.28,,
2026-06-16,18:19:43,TAP1478,CS-TJN,Airbus A321neo,TAP Air Portugal,landing,arrivee,625,267.2,93.8,,24.39,,
2026-06-16,18:22:36,RZO124,CS-TKQ,Airbus A320,TAP Air Portugal,landing,arrivee,600,250.8,97.6,,24.36,,
2026-06-16,18:25:10,EJU14YR,OE-LQR,Airbus A319,easyJet Europe,landing,arrivee,600,248.4,91.5,,,,
2026-06-16,18:27:40,TAP68BA,CS-TJM,Airbus A321neo,TAP Air Portugal,landing,arrivee,650,267.2,99.4,,28.75,,
2026-06-16,18:30:20,KLM71Y,PH-AXD,Airbus A321neo,KLM,landing,arrivee,625,247.2,95.8,,23.55,,
2026-06-16,18:32:59,EZY47LC,G-EZGX,Airbus A320,easyJet,landing,arrivee,625,259.7,96.7,,35.98,,
2026-06-16,18:35:32,VLG4JP,EC-MJB,Airbus A320,Vueling,landing,arrivee,625,263.2,99.6,,21.98,,
2026-06-16,18:39:49,TAP1455,CS-TNM,Airbus A320,TAP Air Portugal,landing,arrivee,625,243.2,95.1,,29.05,,
2026-06-16,18:41:51,TVF50ZX,F-HUYT,Boeing 737-800,Transavia France,landing,arrivee,1025,255.6,100,,32.97,,
2026-06-16,18:44:49,RYR68VC,SP-RZB,Boeing 737 MAX 8,Buzz,landing,arrivee,650,283.0,96.7,,33.24,,
2026-06-16,18:47:27,BEL2DT,OO-SNL,Airbus A320,Brussels Airlines,landing,arrivee,625,256.5,95.2,,37.76,,
2026-06-16,18:49:39,TAP1017,CS-TTX,Embraer E195,TAP Air Portugal,landing,arrivee,650,257.2,100,,27.83,,
2026-06-16,18:52:41,TAP10EV,CS-TPS,Embraer E190,TAP Air Portugal,landing,arrivee,625,245.6,96.6,,30.89,,
2026-06-16,18:55:02,RYR9PA,EI-EKI,Boeing 737-800,Ryanair,landing,arrivee,650,285.6,94.2,,,,
2026-06-16,18:57:51,TAP1862,CS-TJO,Airbus A321neo,TAP Air Portugal,landing,arrivee,625,273.2,94.6,,,,
2026-06-16,19:00:32,TAY2MN,OE-IMC,Boeing 737-800,Iberia,landing,arrivee,625,249.5,94.1,,,,
2026-06-16,19:03:01,TVF90KW,F-HUYK,Boeing 737-800,Transavia France,landing,arrivee,650,277.2,94.1,,33.53,,
2026-06-16,19:05:49,AEA1157,EC-MKL,Boeing 737-800,Air Europa,landing,arrivee,650,269.7,95.7,,,,
2026-06-16,19:08:24,UAE5M,A6-EPK,Boeing 777-300ER,Emirates,landing,arrivee,875,272.1,96.8,,,,
2026-06-16,19:10:24,TAP1931,CS-TPQ,Embraer E190,TAP Air Portugal,landing,arrivee,625,253.5,97.9,,30.13,,
2026-06-16,19:12:35,TRA69R,PH-YHA,Airbus A321neo,Transavia,landing,arrivee,625,252.4,96.9,,,,
2026-06-16,19:15:27,TAP1906,CS-TPY,Embraer E190,TAP Air Portugal,landing,arrivee,600,225.0,99.5,,,,
2026-06-16,19:19:43,TAP35BL,CS-TAW,Embraer E195,TAP Air Portugal,landing,arrivee,625,265.6,98.6,,,,
2026-06-16,19:25:46,TAP825,CS-TNV,Airbus A320,TAP Air Portugal,landing,arrivee,600,258.9,95.9,,,,
2026-06-16,19:28:41,WZZ477,HA-LGQ,Airbus A321neo,Wizz Air,landing,arrivee,600,250.0,95.3,,,,
2026-06-16,19:31:27,TAP835,CS-TNS,Airbus A320,TAP Air Portugal,landing,arrivee,625,263.2,97.6,,,,
2026-06-16,19:34:47,TAP1065,CS-TPZ,Embraer E190,TAP Air Portugal,landing,arrivee,600,254.8,98.6,,27.77,,
2026-06-16,19:37:37,TAP543W,CS-TPT,Embraer E190,TAP Air Portugal,landing,arrivee,575,254.8,98.2,,,,
2026-06-16,19:40:45,TAP94VA,CS-TVB,Airbus A320neo,TAP Air Portugal,landing,arrivee,625,263.9,97.2,,20.81,,
2026-06-16,19:43:00,RYR14SC,EI-HGV,Boeing 737 MAX 8,Ryanair,landing,arrivee,600,285.6,96.9,,,,
2026-06-16,19:47:00,IBE0537,EC-NTO,Airbus A320neo,Iberia,landing,arrivee,600,249.1,97.8,,,,
2026-06-16,19:49:46,TAP53ED,CS-TVA,Airbus A320neo,TAP Air Portugal,landing,arrivee,625,266.5,96.5,,,,
2026-06-16,19:52:33,EZY26YM,G-EZBZ,Airbus A319,easyJet,landing,arrivee,600,249.1,89.4,,,,
2026-06-16,19:55:40,TAP93ZS,CS-TVK,Airbus A320neo,TAP Air Portugal,landing,arrivee,625,233.9,94.6,,24.67,,
2026-06-16,19:58:11,EJU69GW,OE-IWW,Airbus A320,easyJet Europe,landing,arrivee,600,270.8,90.4,,,,
2026-06-16,20:00:47,TAP563,CS-TVR,Airbus A320neo,TAP Air Portugal,landing,arrivee,625,263.2,97.8,,23.68,,
2026-06-16,20:03:19,RYR647X,EI-DWO,Boeing 737-800,Ryanair,landing,arrivee,600,278.7,95.9,,47.83,,
2026-06-16,20:06:15,TAP48M,CS-TPX,Embraer E190,TAP Air Portugal,landing,arrivee,625,239.1,98.9,,23.11,,
2026-06-16,20:09:19,WMT537,9H-WMD,Airbus A321neo,Lauda Europe,landing,arrivee,625,252.2,94.1,,,,
2026-06-16,20:12:19,EJU71TK,OE-INO,Airbus A320,easyJet Europe,landing,arrivee,625,264.8,99.1,,,,
2026-06-16,20:14:59,RYR65MU,EI-GJT,Boeing 737-800,Ryanair,landing,arrivee,600,278.0,98.3,,,,
2026-06-16,20:20:07,VLG8UE,EC-NLX,Airbus A321,Vueling,landing,arrivee,600,266.3,97.0,,30.57,,
2026-06-16,20:22:56,VLG14YF,EC-OFU,Airbus A320,Vueling,landing,arrivee,600,249.3,98.6,,24.67,,
2026-06-16,20:25:05,DTA652,D2-TEG,Boeing 777-300ER,TAAG Angola Airlines,landing,arrivee,1025,266.5,96.8,,78.36,,
2026-06-16,20:28:21,TAP755,CS-TVL,Airbus A320,TAP Air Portugal,landing,arrivee,625,268.0,96.9,,22.92,,
2026-06-16,20:30:28,RYR7VL,9H-QAQ,Boeing 737-800,Malta Air,landing,arrivee,600,273.2,95.0,,34.66,,
2026-06-16,20:43:14,RYR4RL,9H-QCJ,Boeing 737-800,Malta Air,landing,arrivee,600,268.2,93.5,,39.58,,
2026-06-16,20:46:27,TAP1313,CS-TTW,Embraer E195,TAP Air Portugal,landing,arrivee,525,254.8,98.3,,28.85,,
2026-06-16,20:48:42,EJU32GK,OE-IDO,Airbus A320,easyJet Europe,landing,arrivee,850,240.6,96.5,,29.74,,
2026-06-16,20:58:07,TAP1019,CS-TPO,Embraer E190,TAP Air Portugal,landing,arrivee,600,241.5,100,,24.27,,
2026-06-16,21:00:45,TAP863Y,CS-TTS,Airbus A319,TAP Air Portugal,landing,arrivee,600,235.6,96.5,,34.29,,
2026-06-16,21:03:23,ELY375,4X-EKI,Boeing 737-800,El Al,landing,arrivee,575,278.9,94.5,,33.06,,
2026-06-16,21:06:09,TAP1692,CS-TAY,Embraer E195,TAP Air Portugal,landing,arrivee,725,251.3,99.6,,28.63,,
2026-06-16,21:09:10,TCV606,D4-CCI,Boeing 737-700,Cabo Verde Airlines,landing,arrivee,600,232.4,93.6,,23.03,,
2026-06-16,21:12:02,RZO152,CS-TKP,Airbus A320,TAP Air Portugal,landing,arrivee,600,236.7,89.1,,27.07,,
2026-06-16,21:14:49,TAP437X,CS-TNQ,Airbus A320,TAP Air Portugal,landing,arrivee,650,244.3,100,,31.27,,
2026-06-16,21:17:41,EIN4PT,EI-NSC,Airbus A320neo,Aer Lingus,landing,arrivee,600,238.4,97.4,,20.35,,
2026-06-16,21:20:18,EWG6TR,9H-UTA,Catalina VG,Eurowings,landing,arrivee,625,249.8,99.9,,30.1,,
2026-06-16,21:23:14,TAP57W,CS-TJP,Airbus A321neo,TAP Air Portugal,landing,arrivee,600,261.5,69.3,,26.79,,
2026-06-16,21:42:22,TAP827V,CS-TNR,Airbus A320,TAP Air Portugal,landing,arrivee,625,243.9,96.0,,28.17,,
2026-06-16,21:44:57,RYR20EE,EI-GSI,Boeing 737-800,Ryanair,takeoff,depart,1425,244.8,92.5,,41.63,,
2026-06-16,21:46:43,RZO134,,,TAP Air Portugal,landing,arrivee,600,243.2,100,,24.04,,
2026-06-16,21:48:15,RYR95SN,EI-EBS,Boeing 737-800,Ryanair,landing,arrivee,475,274.8,89.6,,14.64,,
2026-06-16,21:50:05,TAP1243,CS-TJH,Airbus A321,TAP Air Portugal,landing,arrivee,575,266.5,93.9,,27.52,,
2026-06-16,21:53:08,DLH34J,D-AINB,Airbus A320neo,Lufthansa,landing,arrivee,575,238.2,90.9,,24.56,,
2026-06-16,21:54:48,TAP837,CS-TNJ,Airbus A320,TAP Air Portugal,landing,arrivee,575,253.2,95.7,,27.44,,
2026-06-16,21:56:38,TAP76EN,CS-TVM,Airbus A320neo,TAP Air Portugal,landing,arrivee,625,275.6,96.3,,23.56,,
2026-06-16,21:58:29,TAP827V,CS-TNR,Airbus A320,TAP Air Portugal,landing,arrivee,600,238.4,96.5,,26.34,,
2026-06-16,22:00:23,RYR20EE,EI-GSI,Boeing 737-800,Ryanair,landing,arrivee,600,265.6,94.9,,35.12,,
2026-06-16,22:01:55,RYR40MN,EI-IJO,Boeing 737 MAX 8,Ryanair,landing,arrivee,575,272.4,95.6,,30.78,,
2026-06-16,22:04:53,TVF34QV,F-HUYH,Boeing 737-800,Transavia France,landing,arrivee,550,269.7,90.2,,39.01,,
2026-06-16,22:10:17,AEE7PT,SX-NAO,Airbus A321neo,Aegean Airlines,landing,arrivee,600,265.6,99.0,,29.43,,
2026-06-16,22:11:59,EJU15PC,OE-IBF,Airbus A320,easyJet Europe,landing,arrivee,600,240.8,95.5,,27.57,,
2026-06-16,22:14:25,RYR384,EI-GXM,Boeing 737-800,Ryanair,landing,arrivee,575,264.8,96.8,,42.6,,
2026-06-16,22:16:52,TAP783,EC-OCT,Airbus A321,TAP Air Portugal,landing,arrivee,575,271.1,97.3,,34.91,,
2026-06-16,22:19:22,DLH64P,D-AIBC,Airbus A319,Lufthansa,landing,arrivee,575,245.6,99.0,,34.55,,
2026-06-16,22:23:49,TAP1369,CS-TVO,Airbus A320neo,TAP Air Portugal,landing,arrivee,575,249.1,93.9,,23.83,,
2026-06-16,22:25:39,TAP645,CS-TTR,Airbus A319,TAP Air Portugal,landing,arrivee,575,239.1,99.6,,31.04,,
2026-06-16,22:28:48,AFR64PQ,F-HEPF,Airbus A320,Air France,landing,arrivee,550,257.2,96.1,,32.23,,
2026-06-16,22:34:10,TVF47RH,F-HTVX,Boeing 737-800,Transavia France,landing,arrivee,550,259.7,94.8,,33.42,,
2026-06-16,22:36:28,EJU36BG,OE-LSP,Airbus A320,easyJet Europe,landing,arrivee,575,256.5,93.9,,24.54,,
2026-06-16,22:39:13,TAP555,CS-TJL,Airbus A321neo,TAP Air Portugal,landing,arrivee,600,222.6,94.5,,25.92,,
2026-06-16,22:41:39,RYR16GW,9H-QCZ,Boeing 737-800,Malta Air,landing,arrivee,575,261.5,96.7,,44.27,,
2026-06-16,22:44:34,KLM35W,PH-AXL,Airbus A321neo,KLM,landing,arrivee,600,239.1,95.9,,28.37,,
2026-06-16,22:47:29,TAP127M,CS-TJI,Airbus A321neo,TAP Air Portugal,landing,arrivee,600,239.1,93.2,,24.15,,
2026-06-16,22:51:41,RYR3952,EI-ILD,Boeing 737 MAX 8,Ryanair,landing,arrivee,550,267.1,99.2,,28.37,,
2026-06-16,22:55:35,EJU69VE,OE-IDS,Airbus A320,easyJet Europe,landing,arrivee,575,251.5,89.0,,24.26,,
2026-06-16,22:58:42,RZO126,CS-TSK,Airbus A320,TAP Air Portugal,landing,arrivee,600,249.1,96.5,,28.72,,
2026-06-16,23:02:06,TAP64M,CS-TJS,Airbus A321neo,TAP Air Portugal,landing,arrivee,625,261.1,97.5,,21.53,,
2026-06-16,23:05:11,BAW508,G-TTNT,Airbus A320neo,British Airways,landing,arrivee,600,239.1,99.0,,25.48,,
2026-06-16,23:07:05,EJU64TB,OE-LSR,Airbus A320,easyJet Europe,landing,arrivee,575,233.2,85.6,,26.02,,
2026-06-16,23:09:03,SWR755L,HB-JPA,Airbus A321neo,Swiss,landing,arrivee,600,257.2,97.7,,31.58,,
2026-06-16,23:12:00,IBE0539,EC-NZQ,Airbus A320,Iberia,landing,arrivee,575,234.8,95.4,,23.88,,
2026-06-16,23:14:46,DLH23C,D-AIZR,Airbus A320,Lufthansa,landing,arrivee,550,256.5,95.4,,29.28,,
2026-06-16,23:17:34,TAP35MT,CS-TNT,Airbus A320,TAP Air Portugal,landing,arrivee,575,218.4,99.4,,34.36,,
2026-06-16,23:20:05,THY2ES,TC-LPZ,Airbus A321neo,Turkish Airlines,landing,arrivee,600,256.5,88.8,,36.49,,
2026-06-16,23:25:50,TAP94KM,CS-TJF,Airbus A321,TAP Air Portugal,landing,arrivee,550,259.7,95.4,,36.21,,
2026-06-16,23:28:08,EJU78QH,OE-LSV,Airbus A320neo,easyJet Europe,landing,arrivee,600,250.0,99.9,,27.4,,
2026-06-16,23:32:41,TAP39PT,CS-TNU,Airbus A320,TAP Air Portugal,landing,arrivee,575,252.2,98.4,,26.89,,
2026-06-16,23:37:10,EJU7690,OE-IDX,Airbus A320,easyJet Europe,landing,arrivee,575,251.5,97.4,,28.76,,
2026-06-17,01:28:08,RZO128,CS-TSM,Airbus A320,TAP Air Portugal,landing,arrivee,575,220.2,96.5,,19.54,,
2026-06-17,04:37:36,TAP082,CS-TUI,Airbus A330-900neo,TAP Air Portugal,landing,arrivee,625,253.9,97.2,,35.49,,
2026-06-17,04:41:08,TAP074,CS-TUK,Airbus A330-900neo,TAP Air Portugal,landing,arrivee,625,248.4,96.3,,36.55,,
2026-06-17,04:53:47,TAP232Y,CS-TXB,Airbus A321neo,TAP Air Portugal,landing,arrivee,600,258.9,96.9,,25.58,,
2026-06-17,05:13:02,TAP202A,CS-TXJ,Airbus A321neo,TAP Air Portugal,landing,arrivee,625,253.9,99.3,,25.3,,
2026-06-17,05:27:18,TAP218,CS-TXE,Airbus A321neo,TAP Air Portugal,landing,arrivee,600,270.8,87.1,,28.55,,
2026-06-17,05:41:04,TAP224,CS-TUL,Airbus A330-900neo,TAP Air Portugal,landing,arrivee,600,255.6,97.7,,42.64,,
2026-06-17,05:44:05,TAP25YZ,CS-TXF,Airbus A321neo,TAP Air Portugal,landing,arrivee,600,248.4,95.9,,22.71,,
2026-06-17,05:46:38,LUA270J,D-CJFK,C56X,,landing,arrivee,575,242.4,98.6,,18.54,,
2026-06-17,05:51:43,TAP1550,CS-TJM,Airbus A321neo,TAP Air Portugal,landing,arrivee,625,246.1,98.8,,25.06,,
2026-06-17,05:54:38,TAP1937,CS-TTP,Airbus A319,TAP Air Portugal,landing,arrivee,600,238.2,96.1,,28.29,,
2026-06-17,06:01:34,TAP1484,CS-TJK,Airbus A321neo,TAP Air Portugal,landing,arrivee,600,268.9,98.3,,24.38,,
2026-06-17,06:04:13,TAP1544,CS-TVN,Airbus A320neo,TAP Air Portugal,landing,arrivee,575,252.4,96.3,,32.2,,
2026-06-17,06:14:27,TAP8RL,CS-TNM,Airbus A320,TAP Air Portugal,landing,arrivee,575,258.4,94.6,,28.56,,
2026-06-17,06:17:43,TAP058,CS-TUH,Airbus A330-900neo,TAP Air Portugal,landing,arrivee,600,239.1,99.4,,39.72,,
2026-06-17,06:22:03,WPT3154,EC-OND,Airbus A330-300,,landing,arrivee,575,230.8,96.8,,32.79,,
2026-06-17,06:25:03,TAP11VP,CS-TPO,Embraer E190,TAP Air Portugal,landing,arrivee,600,227.4,99.7,,27.21,,
2026-06-17,06:28:02,RYR8AT,EI-IJF,Boeing 737 MAX 8,Ryanair,landing,arrivee,550,261.5,92.5,,28.87,,
2026-06-17,06:31:25,TSC680,C-GPTS,Airbus A330-200,Air Transat,landing,arrivee,600,247.2,98.3,,40.77,,
2026-06-17,06:34:15,TAY1MN,OE-IMC,Boeing 737-800,Iberia,landing,arrivee,575,257.2,95.9,,32.56,,
2026-06-17,06:42:08,AEA1159,EC-MPG,Boeing 737-800,Air Europa,landing,arrivee,575,255.6,97.0,,34.26,,
2026-06-17,06:45:18,TAP41SN,CS-TPS,Embraer E190,TAP Air Portugal,landing,arrivee,550,234.3,98.1,,27.13,,
2026-06-17,06:47:55,TAP1908,CS-TVL,Airbus A320,TAP Air Portugal,landing,arrivee,575,249.8,95.2,,27.89,,
2026-06-17,06:50:32,TAM8146,PT-MUF,Boeing 777-300ER,LATAM Airlines,landing,arrivee,600,268.2,95.9,,46.09,,
2026-06-17,06:53:55,DTA650,D2-TEJ,Boeing 777-300ER,TAAG Angola Airlines,landing,arrivee,600,278.9,94.7,,48.58,,
2026-06-17,07:00:25,TAP104,CS-TUS,Airbus A330-900neo,TAP Air Portugal,landing,arrivee,600,246.7,95.5,,33.11,,
2026-06-17,07:03:44,TAP1139,CS-TPZ,Embraer E190,TAP Air Portugal,landing,arrivee,575,230.0,100,,25.59,,
2026-06-17,07:11:50,SRR6646,OY-SRM,767 25EBDSF,Star Air,landing,arrivee,600,238.4,100,,28.02,,
2026-06-17,07:18:45,BCS2FC,D-AEAC,A300 B4-622RF,Lufthansa,landing,arrivee,600,230.8,96.7,,38.74,,
2026-06-17,07:23:41,DAL272,N410DZ,Airbus A330-900neo,Delta Air Lines,landing,arrivee,600,254.8,97.5,,41.67,,
2026-06-17,07:26:16,EZS79YP,HB-JXQ,Airbus A320,Austrian Airlines,landing,arrivee,575,236.7,100,,30.35,,
2026-06-17,07:28:48,IBE05TR,EC-NTI,Airbus A320neo,Iberia,landing,arrivee,575,260.8,87.4,,26.79,,
2026-06-17,07:31:28,TAP441,CS-TVF,Airbus A320neo,TAP Air Portugal,landing,arrivee,575,239.1,100,,22.95,,
2026-06-17,07:34:03,TAP9ML,CS-TVB,Airbus A320neo,TAP Air Portugal,landing,arrivee,575,250.8,93.4,,23.22,,
2026-06-17,07:36:25,RYR63TC,EI-ILE,Boeing 737 MAX 8,Ryanair,landing,arrivee,575,276.5,97.0,,31.34,,
2026-06-17,07:39:28,TAP647,CS-TNL,Airbus A320,TAP Air Portugal,landing,arrivee,575,250.8,98.1,,30.09,,
2026-06-17,07:45:31,TAP1939,CS-TPT,Embraer E190,TAP Air Portugal,landing,arrivee,575,240.8,98.8,,35.37,,
2026-06-17,07:52:30,TAP9RH,CS-TNN,Airbus A320,TAP Air Portugal,landing,arrivee,525,254.8,95.1,,32.94,,
2026-06-17,07:57:06,EJU15DB,OE-ISH,Airbus A321neo,easyJet Europe,landing,arrivee,550,263.9,92.2,,24.07,,
2026-06-17,08:00:31,TAP1023,CS-TVK,Airbus A320neo,TAP Air Portugal,landing,arrivee,575,244.8,87.2,,22.44,,
2026-06-17,08:03:52,TAP557H,CS-TVI,Airbus A320neo,TAP Air Portugal,landing,arrivee,575,244.3,91.5,,24.54,,
2026-06-17,08:07:05,TAP575,CS-TVD,Airbus A320neo,TAP Air Portugal,landing,arrivee,550,234.3,86.3,,20.63,,
2026-06-17,08:10:39,VLG46AX,EC-MQL,Airbus A321,Vueling,landing,arrivee,575,258.9,87.5,,26.06,,
2026-06-17,08:13:16,AZU8750,PR-ANU,Airbus A330-900neo,Azul,landing,arrivee,975,261.5,98.7,,31.18,,
2026-06-17,08:16:46,EWG25P,D-AIDU,Airbus A321,Eurowings,landing,arrivee,550,289.7,97.2,,26.19,,
2026-06-17,08:26:52,AFR35VY,F-HEPE,Airbus A320,Air France,landing,arrivee,600,246.7,93.3,,27.25,,
2026-06-17,08:29:44,TAP757P,CS-TJJ,Airbus A321neo,TAP Air Portugal,landing,arrivee,575,268.9,96.9,,24.33,,
2026-06-17,08:33:17,UAL64,N13014,Boeing 787-10,United Airlines,landing,arrivee,575,292.1,95.1,,48.83,,
2026-06-17,08:36:33,AAL258,N830AN,Boeing 787-9,American Airlines,landing,arrivee,575,277.2,95.8,,37.46,,
2026-06-17,08:39:56,TAP63GL,CS-TJR,Airbus A321neo,TAP Air Portugal,landing,arrivee,575,269.7,91.7,,27.78,,
2026-06-17,08:42:57,TVF55WH,F-HXSX,Airbus A320neo,Transavia France,landing,arrivee,600,263.9,100,,24.87,,
2026-06-17,08:45:38,RYR9654,EI-IGO,Boeing 737 MAX 8,Ryanair,landing,arrivee,550,281.3,98.0,,30.54,,
2026-06-17,08:55:47,TRA9H,PH-HSF,Boeing 737-800,Transavia,landing,arrivee,600,284.8,95.2,,,,
2026-06-17,09:00:08,TAP675,CS-TVQ,Airbus A320neo,TAP Air Portugal,landing,arrivee,575,246.7,95.3,,23.77,,
2026-06-17,09:02:59,RYR4RL,9H-QCZ,Boeing 737-800,Malta Air,landing,arrivee,600,283.7,96.2,,,,
2026-06-17,09:06:13,TAP006,CS-TXL,Airbus A321neo,TAP Air Portugal,landing,arrivee,550,273.4,95.3,,22.11,,
2026-06-17,09:08:57,TAP072,CS-TUG,Airbus A330-900neo,TAP Air Portugal,landing,arrivee,600,255.9,99.3,,34.23,,
2026-06-17,09:11:27,RYR3RB,9H-QAF,Boeing 737-800,Malta Air,landing,arrivee,575,283.0,94.8,,31.54,,
2026-06-17,09:14:56,TAP443,CS-TVC,Airbus A320neo,TAP Air Portugal,landing,arrivee,575,259.7,99.2,,,,
2026-06-17,09:18:19,ACA812,C-GHKC,Airbus A330-300,Air Canada,landing,arrivee,600,253.2,98.2,,33.77,,
2026-06-17,09:21:17,TAP210,CS-TUP,Airbus A330-900neo,TAP Air Portugal,landing,arrivee,575,258.0,93.4,,,,
2026-06-17,09:24:09,TRA27L,PH-HSC,Boeing 737-800,Turkish Airlines,landing,arrivee,575,289.7,94.9,,27.55,,
2026-06-17,09:27:54,EZY79RV,G-EZFV,Airbus A319,easyJet,landing,arrivee,575,255.6,100,,,,
2026-06-17,09:32:35,RYR24SE,9H-QBW,Boeing 737-800,Malta Air,landing,arrivee,575,285.6,97.8,,,,
2026-06-17,09:35:14,TAP66PD,CS-TVG,Airbus A320neo,TAP Air Portugal,landing,arrivee,575,271.3,97.3,,23.28,,
2026-06-17,09:38:23,THY3WE,TC-LTH,Airbus A321neo,Turkish Airlines,landing,arrivee,575,263.2,95.7,,26.35,,
2026-06-17,09:41:26,SME505,SU-SMK,Cessna Citation Sovereign,Smart Aviation,landing,arrivee,575,231.5,98.3,,14.64,,
2026-06-17,09:44:10,TAP036,EC-OLG,Airbus A330-300,TAP Air Portugal,landing,arrivee,550,258.9,99.1,,34.1,,
2026-06-17,09:47:09,TAP012,CS-TXK,Airbus A321,TAP Air Portugal,landing,arrivee,575,269.7,96.6,,23.37,,
2026-06-17,09:49:57,AEE2PT,SX-NEM,Airbus A320,Aegean Airlines,landing,arrivee,550,250.8,93.9,,30.15,,
2026-06-17,09:53:05,BAW50P,G-NEOT,Airbus A321neo,British Airways,landing,arrivee,575,253.2,95.4,,22.77,,
2026-06-17,09:55:41,TAP216L,CS-TXG,Airbus A321neo,TAP Air Portugal,landing,arrivee,575,276.3,94.7,,27.02,,
2026-06-17,09:58:28,EJU97VT,OE-IWW,Airbus A320,easyJet Europe,landing,arrivee,575,268.9,93.8,,25.69,,
2026-06-17,10:01:55,TAP1921,CS-TVP,Airbus A320neo,TAP Air Portugal,landing,arrivee,550,249.1,99.5,,20.73,,
2026-06-17,10:04:46,TAP11SV,CS-TPQ,Embraer E190,TAP Air Portugal,landing,arrivee,825,240.8,100,,24.24,,
2026-06-17,10:10:06,EJU69VE,OE-IDS,Airbus A320,easyJet Europe,landing,arrivee,575,255.6,96.8,,26.29,,
2026-06-17,10:16:35,TAP204A,CS-TOP,Airbus A330-200,TAP Air Portugal,landing,arrivee,575,245.6,98.2,,27.23,,
2026-06-17,10:22:00,DAL124,N428DX,Airbus A330-900neo,Delta Air Lines,landing,arrivee,600,260.8,97.0,,37.72,,
2026-06-17,10:24:34,TAP234Y,CS-TXD,Airbus A321neo,TAP Air Portugal,landing,arrivee,550,266.5,96.9,,19.93,,
2026-06-17,10:27:07,TAP088,CS-TUB,Airbus A330-900neo,TAP Air Portugal,landing,arrivee,575,254.8,99.5,,24.86,,
2026-06-17,10:31:34,TAP13LH,CS-TJO,Airbus A321neo,TAP Air Portugal,landing,arrivee,550,266.5,90.3,,21.2,,
2026-06-17,10:34:26,RYR21UN,SP-RZR,Boeing 737 MAX 8,Ryanair,landing,arrivee,550,279.7,94.1,,27.0,,
2026-06-17,10:36:53,RYR3WD,EI-GXM,Boeing 737-800,Ryanair,landing,arrivee,575,279.7,95.9,,33.19,,
2026-06-17,10:39:25,AEA1153,EC-MVY,Boeing 737-800,Air Europa,landing,arrivee,550,278.9,98.2,,27.71,,
2026-06-17,10:42:02,AZU8900,CS-TSW,Boeing 777-200,Azul,landing,arrivee,600,258.9,96.6,,37.83,,
2026-06-17,10:44:44,KLM1579,PH-AXI,Airbus A321neo,KLM,landing,arrivee,575,253.2,95.4,,22.5,,
2026-06-17,10:47:11,LGL51P,LX-LBB,Boeing 737-800,Luxair,landing,arrivee,550,294.8,91.3,,36.25,,
2026-06-17,10:51:30,TAP68JP,CS-TVJ,Airbus A320neo,TAP Air Portugal,landing,arrivee,575,275.8,100,,21.72,,
2026-06-17,10:55:01,UAL942,N79011,Boeing 777-200,United Airlines,landing,arrivee,600,256.3,95.7,,34.55,,
2026-06-17,10:58:31,EJU74EF,OE-IDX,Airbus A320,easyJet Europe,landing,arrivee,575,259.7,96.7,,25.93,,
2026-06-17,11:03:35,ACA810,CA-FITL,Boeing 777-300ER,Air Canada,landing,arrivee,575,275.6,93.8,,40.38,,
2026-06-17,11:06:39,AFR41GW,F-HPNA,BD-500-1A11,Air France,landing,arrivee,575,251.5,97.2,,23.67,,
2026-06-17,11:09:24,BEL2DY,OO-SNJ,Airbus A320,Brussels Airlines,landing,arrivee,575,278.0,97.2,,27.3,,
2026-06-17,11:12:30,TAP1923,CS-TAY,Embraer E195,TAP Air Portugal,landing,arrivee,575,260.8,99.7,,22.65,,
2026-06-17,11:16:47,TAP048,CS-TXI,Airbus A321neo,TAP Air Portugal,landing,arrivee,550,235.6,97.9,,19.57,,
2026-06-17,11:19:59,TAP248,CS-TUD,Airbus A330-900neo,TAP Air Portugal,landing,arrivee,575,255.6,99.7,,,,
2026-06-17,11:23:01,VLG39HL,EC-OKJ,Airbus A320,Vueling,landing,arrivee,550,253.2,96.7,,19.45,,
2026-06-17,11:27:19,TAP11WQ,CS-TJH,Airbus A321,TAP Air Portugal,landing,arrivee,575,261.5,97.4,,,,
2026-06-17,11:34:20,RZO120,CS-TKQ,Airbus A320,TAP Air Portugal,landing,arrivee,550,258.0,97.8,,,,
2026-06-17,11:37:10,IBE05FV,EC-KHM,Airbus A319,Iberia,landing,arrivee,550,246.7,96.1,,26.73,,
2026-06-17,11:39:52,TAP028,CS-TOO,Airbus A330-200,TAP Air Portugal,landing,arrivee,600,268.0,97.5,,29.08,,
2026-06-17,11:42:30,DLH39X,D-AIEG,Airbus A321neo,Lufthansa,landing,arrivee,575,268.9,97.8,,21.0,,
2026-06-17,11:45:05,RYR59QQ,EI-ILD,Boeing 737 MAX 8,Ryanair,landing,arrivee,575,287.2,96.9,,,,
2026-06-17,11:52:41,TAP1902,CS-TVL,Airbus A320,TAP Air Portugal,landing,arrivee,600,268.9,98.2,,20.26,,
2026-06-17,11:57:13,EJU32GK,OE-LSR,Airbus A320,easyJet Europe,landing,arrivee,575,266.5,99.1,,17.55,,
2026-06-17,12:02:54,UAE3MV,A6-EPA,Boeing 777-300ER,Emirates,landing,arrivee,575,280.6,95.8,,,,
2026-06-17,12:05:56,TAP1925,CS-TPU,Embraer E190,TAP Air Portugal,landing,arrivee,550,236.7,99.3,,21.23,,
2026-06-17,12:08:38,EWG37V,9H-EWH,Airbus A320,Eurowings,landing,arrivee,550,264.8,99.1,,24.42,,
2026-06-17,12:11:22,EJU38DF,OE-LSQ,Airbus A320,easyJet Europe,landing,arrivee,975,268.2,98.5,,18.09,,
2026-06-17,12:16:41,LOT4HT,SP-LYA,Boeing 737 MAX 8,LOT Polish Airlines,landing,arrivee,525,280.6,91.7,,22.6,,
2026-06-17,12:21:08,EZY25MD,G-EZBH,Airbus A319,easyJet,landing,arrivee,575,253.9,98.8,,21.28,,
2026-06-17,12:23:45,VJT691,9H-XOA,Citation XLS,XO Malta,approach,arrivee,575,226.7,98.0,,,,
2026-06-17,12:29:15,TAP143P,CS-TPT,Embraer E190,TAP Air Portugal,landing,arrivee,550,239.8,97.2,,17.23,,
2026-06-17,12:37:33,TAP1151,CS-TTY,Embraer E195,TAP Air Portugal,landing,arrivee,575,251.5,100,,17.25,,
2026-06-17,12:40:01,EZY31FV,G-EZOU,Airbus A320,easyJet,landing,arrivee,825,272.1,97.5,,,,
2026-06-17,12:43:29,EJU32WQ,OE-LSV,Airbus A320neo,easyJet Europe,landing,arrivee,575,242.4,94.5,,16.13,,
2026-06-17,12:47:37,EJU56VP,OE-IDO,Airbus A320,easyJet Europe,landing,arrivee,575,263.2,91.0,,21.58,,
2026-06-17,12:53:07,EJU76WL,OE-INB,Airbus A320,easyJet Europe,landing,arrivee,550,270.0,95.2,,22.81,,
2026-06-17,13:01:08,TAP831,CS-TNT,Airbus A320,TAP Air Portugal,landing,arrivee,600,277.2,99.7,,,,
2026-06-17,13:04:10,VLG8JM,EC-NLX,Airbus A321,Vueling,landing,arrivee,550,271.3,95.7,,23.85,,
2026-06-17,13:06:27,TAP145W,CS-TNL,Airbus A320,TAP Air Portugal,landing,arrivee,750,264.8,98.0,,,,
2026-06-17,13:08:42,RYR977W,9H-QDZ,Boeing 737-800,Malta Air,landing,arrivee,950,288.9,96.0,,30.82,,
2026-06-17,13:13:13,TVF46JB,F-HUYQ,Boeing 737-800,Transavia France,landing,arrivee,950,280.6,97.9,,27.49,,
2026-06-17,13:16:22,TAP1335,CS-TVM,Airbus A320neo,TAP Air Portugal,landing,arrivee,575,278.9,97.4,,,,
2026-06-17,13:19:42,TAP43JD,CS-TVN,Airbus A320neo,TAP Air Portugal,landing,arrivee,625,274.8,100,,18.24,,
2026-06-17,13:21:45,TAP1031,CS-TVR,Airbus A320neo,TAP Air Portugal,landing,arrivee,975,243.5,100,,11.98,,
2026-06-17,13:24:50,EJU98EV,OE-IVU,Airbus A320,easyJet Europe,landing,arrivee,550,270.8,98.2,,,,
2026-06-17,13:26:47,DLH47T,D-AIEJ,Airbus A321neo,Lufthansa,landing,arrivee,975,255.6,98.1,,20.33,,
2026-06-17,13:30:00,TAP1736,CS-TPO,Embraer E190,TAP Air Portugal,landing,arrivee,650,246.7,99.8,,22.55,,
2026-06-17,13:32:11,TAP23V,CS-TTX,Embraer E195,TAP Air Portugal,landing,arrivee,950,239.1,98.9,,24.93,,
2026-06-17,13:35:28,SWR32F,HB-JCR,A220 300,Swiss,landing,arrivee,600,260.8,98.0,,22.73,,
2026-06-17,13:37:44,TAP10VL,CS-TPZ,Embraer E190,TAP Air Portugal,landing,arrivee,950,254.1,73.6,,9.02,,
2026-06-17,13:40:59,RZO122,CS-TSJ,Airbus A321neo,TAP Air Portugal,landing,arrivee,550,273.9,90.5,,16.49,,
2026-06-17,13:43:37,TAP823,CS-TJF,Airbus A321,TAP Air Portugal,landing,arrivee,625,271.7,99.2,,23.5,,
2026-06-17,13:46:09,TAP86GM,CS-TNU,Airbus A320,TAP Air Portugal,landing,arrivee,900,257.2,97.9,,26.49,,
2026-06-17,13:51:48,TAP481,CS-TPV,Embraer E190,TAP Air Portugal,landing,arrivee,975,250.0,94.6,,9.77,,
2026-06-17,13:55:02,RZO140,CS-TKP,Airbus A320,TAP Air Portugal,landing,arrivee,675,256.5,96.0,,22.49,,
2026-06-17,13:58:05,TAP1013,CS-TPX,Embraer E190,TAP Air Portugal,landing,arrivee,650,257.2,97.5,,,,
2026-06-17,14:00:13,TAP36GS,CS-TXH,Airbus A321neo,TAP Air Portugal,descending,arrivee,950,254.7,93.9,,21.78,,
2026-06-17,14:03:26,TAP8RT,CS-TPW,Embraer E190,TAP Air Portugal,landing,arrivee,700,241.5,81.3,,10.65,,
2026-06-17,14:06:30,TAP471A,CS-TPS,Embraer E190,TAP Air Portugal,landing,arrivee,575,244.3,93.1,,23.65,,
2026-06-17,14:12:01,TCV606,D4-CCI,Boeing 737-700,Cabo Verde Airlines,landing,arrivee,375,244.3,96.6,,13.32,,
2026-06-17,14:13:32,TAP88TM,CS-TJS,Airbus A321neo,TAP Air Portugal,landing,arrivee,500,274.8,95.9,,9.21,,
2026-06-17,14:15:41,TAP1860,CS-TVA,Airbus A320neo,TAP Air Portugal,landing,arrivee,1025,268.9,99.5,,16.96,,
2026-06-17,14:18:44,SWT131,EC-MAF,ATR 72 500F,Swiftair,landing,arrivee,775,192.4,97.1,,15.92,,
2026-06-17,14:21:47,BAW5LI,G-TTNV,Airbus A320neo,British Airways,landing,arrivee,600,248.0,98.2,,15.59,,
2026-06-17,14:24:24,TAP118,CS-TUM,Airbus A330-900neo,TAP Air Portugal,landing,arrivee,725,280.6,98.7,,26.07,,
2026-06-17,14:27:26,TAP401P,CS-TPY,Embraer E190,TAP Air Portugal,landing,arrivee,600,247.2,98.6,,18.03,,
2026-06-17,14:30:01,FJO65K,9H-KFX,Praetor 600,Flexjet Operations Malta,landing,arrivee,875,235.2,96.3,,11.98,,
2026-06-17,14:33:02,TAP11EG,CS-TTW,Embraer E195,TAP Air Portugal,landing,arrivee,575,269.7,97.1,,17.49,,
2026-06-17,14:35:53,SWR2BK,HB-JPC,Airbus A321,Swiss,landing,arrivee,600,265.6,97.0,,22.86,,
2026-06-17,14:38:14,RYR32KG,EI-DYR,Boeing 737-800,Ryanair,landing,arrivee,800,292.2,94.4,,33.25,,
2026-06-17,14:40:37,KLM97N,PH-AXF,Airbus A321neo,KLM,landing,arrivee,600,265.6,98.9,,17.18,,
2026-06-17,14:42:51,AFR37EQ,F-GTAK,Airbus A321,Air France,landing,arrivee,1000,276.5,99.5,,23.11,,
2026-06-17,14:45:56,TVF50ZX,F-HXST,Airbus A320neo,Transavia France,landing,arrivee,1000,255.6,97.7,,11.68,,
2026-06-17,14:48:41,EZY35DC,G-EZBW,Airbus A319,easyJet,landing,arrivee,975,263.9,98.5,,,,
2026-06-17,14:51:48,RYR4XW,EI-DYO,Boeing 737-800,Ryanair,landing,arrivee,625,283.0,94.4,,28.47,,
2026-06-17,14:53:46,TAP941,CS-TTP,Airbus A319,TAP Air Portugal,landing,arrivee,600,264.1,94.1,,16.48,,
2026-06-17,14:58:14,EJU81TJ,OE-IWW,Airbus A320,easyJet Europe,landing,arrivee,950,269.7,98.9,,,,
2026-06-17,15:11:01,AEA12AT,EC-MUZ,Boeing 737-800,Air Europa,landing,arrivee,975,278.7,94.5,,29.04,,
2026-06-17,15:14:22,RYR55AR,9H-QCZ,Boeing 737-800,Malta Air,landing,arrivee,575,278.9,95.7,,36.49,,
2026-06-17,15:23:18,EJU41HA,OE-LSP,Airbus A320,easyJet Europe,landing,arrivee,825,266.5,95.8,,16.05,,
2026-06-17,15:27:23,DLH03H,D-AIEP,Airbus A321,Lufthansa,landing,arrivee,600,261.5,91.7,,24.21,,
2026-06-17,15:30:16,TAP883,CS-TNQ,Airbus A320,TAP Air Portugal,landing,arrivee,625,252.4,98.3,,,,
2026-06-17,15:32:25,RYR76WW,EI-IJO,Boeing 737 MAX 8,Ryanair,landing,arrivee,925,289.3,94.6,,21.98,,
2026-06-17,15:35:43,TAP75CH,CS-TJL,Airbus A321neo,TAP Air Portugal,landing,arrivee,625,263.2,97.2,,19.67,,
2026-06-17,15:38:30,FIN96W,OH-LZP,Airbus A321,Finnair,landing,arrivee,575,298.0,98.2,,28.98,,
2026-06-17,15:40:32,TAP931L,CS-TNV,Airbus A320,TAP Air Portugal,landing,arrivee,975,277.6,97.4,,27.55,,
2026-06-17,15:44:01,TAP83RS,CS-TNM,Airbus A320,TAP Air Portugal,landing,arrivee,600,273.2,93.9,,35.53,,
2026-06-17,15:46:37,TAP553R,CS-TVF,Airbus A320neo,TAP Air Portugal,landing,arrivee,625,250.8,99.4,,21.89,,
2026-06-17,15:49:42,TAP1137,CS-TPQ,Embraer E190,TAP Air Portugal,landing,arrivee,575,257.2,96.2,,,,
2026-06-17,15:52:06,TAP016,CS-TXA,Airbus A321neo,TAP Air Portugal,landing,arrivee,600,264.1,97.0,,20.94,,
2026-06-17,15:54:20,TAP90EH,CS-TUG,Airbus A330-900neo,TAP Air Portugal,landing,arrivee,650,256.5,97.7,,31.39,,
2026-06-17,15:57:21,TAP669,CS-TXE,Airbus A321neo,TAP Air Portugal,landing,arrivee,650,270.8,96.0,,22.96,,
2026-06-17,16:00:14,THY4GH,TC-LTN,Airbus A321,Turkish Airlines,landing,arrivee,625,260.8,98.3,,,,
2026-06-17,16:02:53,TAP433,CS-TVD,Airbus A320neo,TAP Air Portugal,landing,arrivee,600,254.8,95.7,,25.1,,
2026-06-17,16:05:26,TAP56DT,CS-TNS,Airbus A320,TAP Air Portugal,landing,arrivee,625,261.5,98.6,,,,
2026-06-17,16:08:21,EZY46AK,G-EZWH,Airbus A320,easyJet,landing,arrivee,600,260.8,99.1,,21.11,,
2026-06-17,16:11:03,RYR68VC,SP-RZB,Boeing 737 MAX 8,Buzz,landing,arrivee,600,288.0,95.3,,20.37,,
2026-06-17,16:13:42,TAP10NL,CS-TNN,Airbus A320,TAP Air Portugal,landing,arrivee,600,257.2,97.2,,26.69,,
2026-06-17,16:16:33,TAP31DB,CS-TJN,Airbus A321neo,TAP Air Portugal,landing,arrivee,625,258.4,97.2,,,,
2026-06-17,16:18:55,EWG66L,9H-MLB,Airbus A320,Eurowings,landing,arrivee,975,258.9,93.4,,22.81,,
2026-06-17,16:22:12,TAP571,CS-TJI,Airbus A321neo,TAP Air Portugal,landing,arrivee,600,278.0,93.2,,,,
2026-06-17,16:24:53,TAP71VE,CS-TJE,Airbus A321,TAP Air Portugal,landing,arrivee,600,279.7,96.3,,32.03,,
2026-06-17,16:27:47,TAP1241,CS-TJP,Airbus A321neo,TAP Air Portugal,landing,arrivee,625,258.4,91.5,,,,
2026-06-17,16:30:34,BOXER41,02-0202,Boeing 737-700,United States Air Force,cruise,,550,258.9,96.4,,27.33,,
2026-06-17,16:33:28,TAP1359,CS-TJM,Airbus A321neo,TAP Air Portugal,landing,arrivee,600,262.4,93.2,,21.56,,
2026-06-17,16:36:29,TAP226,CS-TUO,Airbus A330-900neo,TAP Air Portugal,landing,arrivee,625,265.6,100,,26.53,,
2026-06-17,16:39:29,QTR29C,A7-BCD,Boeing 787-8,Qatar Airways,landing,arrivee,600,273.9,96.4,,25.02,,
2026-06-17,16:42:04,RYR9PX,9H-QDM,Boeing 737-800,Malta Air,landing,arrivee,650,285.8,94.6,,28.73,,
2026-06-17,16:45:39,TAP298,CS-TUN,Airbus A330-900neo,TAP Air Portugal,landing,arrivee,625,264.8,96.2,,27.65,,
2026-06-17,16:48:12,EWG36AZ,D-AEEE,Airbus A321,Eurowings,landing,arrivee,700,264.8,94.8,,23.62,,
2026-06-17,16:50:58,TAP15NC,CS-TVL,Airbus A320,TAP Air Portugal,landing,arrivee,600,276.3,90.5,,,,
2026-06-17,16:53:52,RYR7P,9H-QAU,Boeing 737-800,Malta Air,landing,arrivee,600,281.3,92.0,,34.61,,
2026-06-17,16:56:03,TAP1824,CS-TJK,Airbus A321neo,TAP Air Portugal,landing,arrivee,625,238.4,94.9,,21.34,,
2026-06-17,16:57:54,VLG9QY,EC-MYB,Airbus A320,Vueling,landing,arrivee,575,269.7,95.5,,23.16,,
2026-06-17,17:14:10,EJU15PC,OE-IDX,Airbus A320,easyJet Europe,landing,arrivee,600,247.2,98.3,,37.6,,
2026-06-17,17:20:27,RYR67UV,EI-GXH,Boeing 737-800,Ryanair,landing,arrivee,575,277.6,95.1,,29.3,,
2026-06-17,17:23:41,RYR29TL,EI-EBK,Boeing 737-800,Ryanair,landing,arrivee,600,265.8,93.1,,47.82,,
2026-06-17,17:26:22,NJE417F,CS-CHD,Challenger 350,NetJets,landing,arrivee,575,224.3,94.6,,16.19,,
2026-06-17,17:28:46,WMT6155,HA-LXL,Airbus A321,SAS Scandinavian,landing,arrivee,600,273.2,97.4,,26.48,,
2026-06-17,17:31:22,RAM982,CN-RGH,Boeing 737-800,Royal Air Maroc,landing,arrivee,600,273.5,93.5,,30.38,,
2026-06-17,17:34:07,TAP240,CS-TUF,Airbus A330-900neo,TAP Air Portugal,landing,arrivee,625,243.2,97.7,,25.9,,
2026-06-17,17:41:01,TAP643,CS-TVI,Airbus A320neo,TAP Air Portugal,landing,arrivee,600,244.8,95.8,,21.42,,
2026-06-17,17:43:26,AFR24MF,F-GTAZ,Airbus A321,Air France,landing,arrivee,600,266.5,97.2,,28.84,,
2026-06-17,17:46:38,EJU45HZ,OE-LSV,Airbus A320neo,easyJet Europe,landing,arrivee,575,268.9,96.9,,21.37,,
2026-06-17,17:54:10,TAP781,EC-OCT,Airbus A321,TAP Air Portugal,landing,arrivee,600,276.3,96.2,,26.87,,
2026-06-17,17:58:03,TAP1558,CS-TVH,Airbus A320neo,TAP Air Portugal,landing,arrivee,575,249.8,93.1,,20.32,,
2026-06-17,18:04:08,TVF72AP,F-HTVK,Boeing 737-800,Transavia France,landing,arrivee,575,282.1,96.6,,,,
2026-06-17,18:07:11,NOZ6GA,LN-NGK,Boeing 737-800,Norwegian,landing,arrivee,600,285.6,93.1,,,,
2026-06-17,18:10:19,TAP1143,CS-TTY,Embraer E195,TAP Air Portugal,landing,arrivee,600,269.3,92.1,,25.83,,
2026-06-17,18:12:53,TAP435,CS-TTS,Airbus A319,TAP Air Portugal,landing,arrivee,575,243.2,94.0,,26.89,,
2026-06-17,18:15:59,TAP1542,CS-TVB,Airbus A320neo,TAP Air Portugal,landing,arrivee,600,245.6,95.8,,19.31,,
2026-06-17,18:18:27,RYR668T,EI-GXM,Boeing 737-800,Ryanair,landing,arrivee,600,273.2,93.7,,34.83,,
2026-06-17,18:20:57,IBE05RP,EC-MDK,Airbus A320,Iberia,landing,arrivee,600,251.5,99.1,,,,
2026-06-17,18:23:36,RZO124,CS-TSM,Airbus A320,TAP Air Portugal,landing,arrivee,600,252.4,95.5,,19.83,,
2026-06-17,18:26:08,TAP282,CS-TUJ,Airbus A330-900neo,TAP Air Portugal,landing,arrivee,600,262.4,97.8,,29.93,,
2026-06-17,18:28:37,VLG5YW,EC-LLJ,Airbus A320,Vueling,landing,arrivee,625,259.7,97.4,,27.02,,
2026-06-17,18:31:42,NJE233L,CS-CHN,CL35,NetJets,landing,arrivee,575,214.6,97.3,,14.56,,
2026-06-17,18:34:06,TAP1017,CS-TPO,Embraer E190,TAP Air Portugal,landing,arrivee,600,239.1,96.2,,21.44,,
2026-06-17,18:36:42,KLM71Y,PH-AXT,Airbus A321neo,KLM,landing,arrivee,625,250.8,95.9,,25.36,,
2026-06-17,18:39:24,TAP35BL,CS-TPT,Embraer E190,TAP Air Portugal,landing,arrivee,600,242.4,92.3,,,,
2026-06-17,18:42:15,TAP1455,CS-TPZ,Embraer E190,TAP Air Portugal,landing,arrivee,600,234.8,99.6,,23.47,,
2026-06-17,18:44:59,RYR85MR,9H-LOM,Airbus A320,Lauda Europe,landing,arrivee,600,250.8,88.5,,22.33,,
2026-06-17,18:47:26,TAP1862,CS-TVG,Airbus A320neo,TAP Air Portugal,landing,arrivee,600,256.3,96.5,,21.07,,
2026-06-17,18:49:26,ANE91TE,EC-MVC,Bombardier CRJ-1000,Air Nostrum,landing,arrivee,625,260.4,96.6,,21.09,,
2026-06-17,18:51:23,TAY2MN,OE-IMC,Boeing 737-800,Iberia,landing,arrivee,600,252.4,91.6,,32.31,,
2026-06-17,18:53:46,UAE5M,A6-EPP,Boeing 777-300ER,Emirates,landing,arrivee,625,265.6,91.3,,45.82,,
2026-06-17,18:56:51,TAP1931,CS-TPX,Embraer E190,TAP Air Portugal,landing,arrivee,600,245.6,99.5,,27.79,,
2026-06-17,18:58:50,BEL2DT,OO-SBD,Airbus A320neo,Brussels Airlines,landing,arrivee,600,239.1,90.8,,26.02,,
2026-06-17,19:03:01,TAP825,CS-TVJ,Airbus A320neo,TAP Air Portugal,landing,arrivee,625,254.8,97.3,,20.75,,
2026-06-17,19:05:39,ALE650,9H-SXT,FA7X,,landing,arrivee,575,223.9,92.7,,22.07,,
2026-06-17,19:10:03,WZZ477,HA-LDQ,Airbus A321neo,Wizz Air,landing,arrivee,800,254.8,100,,,,
2026-06-17,19:13:24,EJU71TK,OE-INO,Airbus A320,easyJet Europe,landing,arrivee,600,266.5,93.3,,25.59,,
2026-06-17,19:16:35,AEA1157,EC-MKL,Boeing 737-800,Air Europa,landing,arrivee,625,277.2,90.4,,,,
2026-06-17,19:18:59,RYR40MN,EI-GXI,Boeing 737-800,Ryanair,landing,arrivee,900,251.5,94.1,,44.52,,
2026-06-17,19:25:09,EJU67HP,OE-LQT,Airbus A319,easyJet Europe,landing,arrivee,600,250.8,93.1,,,,
2026-06-17,19:28:06,EJU89NC,OE-IDS,Airbus A320,easyJet Europe,landing,arrivee,575,258.9,94.5,,25.41,,
2026-06-17,19:31:08,TAP671,CS-TVP,Airbus A320neo,TAP Air Portugal,landing,arrivee,600,261.5,93.4,,23.06,,
2026-06-17,19:38:42,TAP69UX,CS-TAY,Embraer E195,TAP Air Portugal,landing,arrivee,625,277.2,99.0,,,,
2026-06-17,19:42:15,TAP53ED,CS-TVC,Airbus A320neo,TAP Air Portugal,landing,arrivee,625,244.8,95.3,,,,
2026-06-17,19:46:36,KAL921,HL8082,Boeing 787-9,Korean Air,landing,arrivee,575,263.2,96.4,,46.1,,
2026-06-17,19:49:20,TRA951N,PH-YHY,Airbus A321neo,Transavia,landing,arrivee,600,240.6,93.6,,,,
2026-06-17,19:52:25,TAP871,CS-TPR,Embraer E190,TAP Air Portugal,landing,arrivee,625,267.2,96.2,,34.76,,
2026-06-17,19:55:05,VLG8UE,EC-MGE,Airbus A320,Vueling,landing,arrivee,600,253.2,91.7,,,,
2026-06-17,19:57:50,RYR14SC,EI-IKS,Boeing 737 MAX 8,Ryanair,landing,arrivee,575,265.4,99.2,,26.37,,
2026-06-17,20:00:40,TAP835,CS-TJH,Airbus A321,TAP Air Portugal,landing,arrivee,575,268.0,89.3,,27.74,,
2026-06-17,20:02:25,RYR5BP,EI-EBD,Boeing 737-800,Ryanair,landing,arrivee,600,276.3,94.0,,42.68,,
2026-06-17,20:04:43,RYR4ZF,EI-ENW,Boeing 737-800,Ryanair,landing,arrivee,575,278.0,94.4,,31.38,,
2026-06-17,20:07:58,TAP4TL,CS-TPW,Embraer E190,TAP Air Portugal,landing,arrivee,550,226.7,97.9,,23.39,,
2026-06-17,20:10:55,WMT537,9H-WMI,Airbus A321neo,Lauda Europe,landing,arrivee,600,229.8,97.7,,,,
2026-06-17,20:13:26,TAP1155,CS-TVA,Airbus A320neo,TAP Air Portugal,landing,arrivee,675,254.8,97.5,,21.75,,
2026-06-17,20:16:25,IBE0537,EC-NTP,Airbus A320neo,Iberia,landing,arrivee,575,259.7,99.0,,,,
2026-06-17,20:18:47,TAP1019,CS-TPV,Embraer E190,TAP Air Portugal,landing,arrivee,850,253.2,100,,26.7,,
2026-06-17,20:21:41,TAP93ZS,CS-TVK,Airbus A320neo,TAP Air Portugal,landing,arrivee,575,264.8,96.5,,34.72,,
2026-06-17,20:24:41,DTA652,D2-TEG,Boeing 777-300ER,TAAG Angola Airlines,landing,arrivee,600,291.3,92.8,,,,
2026-06-17,20:29:42,TAP1207,CS-TJR,Airbus A321neo,TAP Air Portugal,landing,arrivee,575,251.1,93.1,,30.35,,
2026-06-17,20:32:00,RYR384,EI-HAT,Boeing 737 MAX 8,Ryanair,landing,arrivee,850,273.2,98.8,,38.48,,
2026-06-17,20:34:36,9HGME,,,,approach,arrivee,725,150.0,95.5,,13.2,,
2026-06-17,20:41:02,LBT6846,TS-INI,Airbus A320,,landing,arrivee,575,231.5,94.9,,29.06,,
2026-06-17,20:43:40,RYR7GJ,EI-DPR,Boeing 737-800,Ryanair,landing,arrivee,575,272.8,93.6,,45.36,,
2026-06-17,20:46:25,ELY375,4X-EKO,Boeing 737-800,El Al,landing,arrivee,575,286.5,95.6,,45.67,,
2026-06-17,20:49:37,TAM8144,CC-BMA,Boeing 787-9,LATAM Airlines,landing,arrivee,550,256.5,99.0,,40.93,,
2026-06-17,20:52:22,TAP563,CS-TVQ,Airbus A320neo,TAP Air Portugal,landing,arrivee,575,242.4,97.1,,25.14,,
2026-06-17,20:55:03,RSX6077,,,,landing,arrivee,550,258.9,92.6,,,,
2026-06-17,20:57:46,TAP437X,CS-TNU,Airbus A320,TAP Air Portugal,landing,arrivee,600,248.4,100,,38.21,,
2026-06-17,20:59:45,EZY15UP,G-UZLX,Airbus A320neo,easyJet,landing,arrivee,575,250.8,99.1,,30.16,,
2026-06-17,21:06:14,TAP1692,CS-TPQ,Embraer E190,TAP Air Portugal,landing,arrivee,550,227.4,94.0,,,,
2026-06-17,21:20:44,EIN4PT,EI-DEO,Airbus A320,Aer Lingus,landing,arrivee,575,263.9,98.3,,41.06,,
2026-06-17,21:22:42,WJA32,CA-GFJD,Boeing 737 MAX 8,WestJet,landing,arrivee,575,278.9,97.0,,33.08,,
2026-06-17,21:25:40,VLG14YF,EC-NUO,Airbus A320,Vueling,landing,arrivee,600,243.2,99.2,,40.69,,
2026-06-17,21:28:57,TAP57W,CS-TJO,Airbus A321neo,TAP Air Portugal,landing,arrivee,600,263.9,97.7,,31.54,,
2026-06-17,21:31:02,VOE54GD,EC-NQM,Airbus A320,Volotea,landing,arrivee,575,238.2,92.5,,31.99,,
2026-06-17,21:33:50,RZO134,CS-TSK,Airbus A320,TAP Air Portugal,landing,arrivee,600,249.8,97.8,,35.91,,
2026-06-17,21:36:28,FIA5811,ER-00001,Airbus A321,Fly One,landing,arrivee,575,254.1,96.9,,47.93,,
2026-06-17,21:38:57,RYR2JL,EI-ILD,Boeing 737 MAX 8,Ryanair,landing,arrivee,600,271.3,93.0,,34.9,,
2026-06-17,21:41:25,RZO152,CS-TKP,Airbus A320,TAP Air Portugal,landing,arrivee,550,247.1,99.4,,32.52,,
2026-06-17,21:49:43,FIN20D,OH-LVD,Airbus A319,Finnair,landing,arrivee,575,247.2,89.1,,33.8,,
2026-06-17,21:52:11,TAP5AS,CS-TVM,Airbus A320neo,TAP Air Portugal,landing,arrivee,975,240.8,99.6,,,,
2026-06-17,21:55:51,LZB563,LZ-ROM,A220-300,Bulgaria Air,landing,arrivee,575,229.1,96.9,,32.72,,
2026-06-17,21:57:46,TAP555,CS-TNT,Airbus A320,TAP Air Portugal,landing,arrivee,575,236.7,94.5,,,,
2026-06-17,21:59:49,TAP76EN,CS-TVO,Airbus A320neo,TAP Air Portugal,landing,arrivee,575,255.6,98.9,,27.11,,
2026-06-17,22:01:44,TAP1933,CS-TPO,Embraer E190,TAP Air Portugal,landing,arrivee,575,225.0,99.5,,23.93,,
2026-06-17,22:03:28,DLH34J,D-AIEM,Airbus A321neo,Lufthansa,landing,arrivee,575,263.2,98.1,,32.01,,
2026-06-17,22:07:32,SEH922,SX-WEB,Airbus A320neo,Swiss,landing,arrivee,575,241.5,95.1,,,,
2026-06-17,22:14:24,DLH64P,D-AIEJ,Airbus A321neo,Lufthansa,landing,arrivee,550,240.0,99.4,,32.62,,
2026-06-17,22:17:32,EJU69GW,OE-LSQ,Airbus A320,easyJet Europe,landing,arrivee,550,240.8,90.8,,,,
2026-06-17,22:19:08,RYR67PW,EI-IJO,Boeing 737 MAX 8,Ryanair,landing,arrivee,550,270.8,92.7,,30.68,,
2026-06-17,22:21:07,TAP837,CS-TJF,Airbus A321,TAP Air Portugal,landing,arrivee,575,245.6,89.5,,,,
2026-06-17,22:22:55,AEE7PT,SX-NAW,Airbus A321neo,,landing,arrivee,575,244.8,95.8,,31.4,,
2026-06-17,22:25:40,EJU97HA,OE-IBF,Airbus A320,easyJet Europe,landing,arrivee,575,239.8,95.5,,39.24,,
2026-06-17,22:28:38,TAP1369,CS-TVN,Airbus A320neo,TAP Air Portugal,landing,arrivee,550,247.2,93.4,,25.54,,
2026-06-17,22:37:14,TAP21MM,CS-TPS,Embraer E190,TAP Air Portugal,landing,arrivee,550,236.7,93.5,,28.18,,
2026-06-17,22:41:08,TAP645,CS-TJS,Airbus A321neo,TAP Air Portugal,landing,arrivee,600,261.5,94.0,,31.3,,
2026-06-17,22:44:11,EJU86ME,OE-IWW,Airbus A320,easyJet Europe,landing,arrivee,525,253.2,94.0,,,,
2026-06-17,22:46:11,AFR64PQ,F-GKXH,Airbus A320,Air France,landing,arrivee,600,245.9,94.1,,36.62,,
2026-06-17,22:47:47,EJU74EP,OE-IDX,Airbus A320,easyJet Europe,landing,arrivee,600,244.8,94.9,,36.23,,
2026-06-17,22:49:39,EJU36BG,OE-IDU,Airbus A320,easyJet Europe,landing,arrivee,550,238.2,90.9,,28.69,,
2026-06-17,22:52:59,TAP64M,CS-TJI,Airbus A321neo,TAP Air Portugal,landing,arrivee,575,233.2,92.5,,28.4,,
2026-06-17,22:55:19,RYR65MU,9H-QAW,Boeing 737-800,Malta Air,landing,arrivee,550,255.6,95.3,,33.02,,
2026-06-17,22:57:41,THY2ES,TC-LCE,Boeing 737 MAX 8,Turkish Airlines,landing,arrivee,500,270.0,93.9,,,,
2026-06-17,22:59:24,TAP43RY,CS-TNV,Airbus A320,TAP Air Portugal,takeoff,depart,675,251.5,94.8,,34.11,,
2026-06-17,23:01:20,BAW508,G-TTNK,Airbus A320neo,British Airways,landing,arrivee,550,249.1,99.5,,,,
2026-06-17,23:03:13,KLM35W,PH-AXE,Airbus A321neo,KLM,landing,arrivee,550,240.8,90.4,,27.5,,
2026-06-17,23:05:25,TVF34QV,F-HTVG,Boeing 737-800,Transavia France,landing,arrivee,575,264.8,94.4,,,,
2026-06-17,23:08:11,TAP35MT,CS-TNJ,Airbus A320,TAP Air Portugal,approach,arrivee,550,235.2,92.6,,27.67,,
2026-06-17,23:11:16,EJU7690,OE-LSV,Airbus A320neo,easyJet Europe,landing,arrivee,550,251.5,94.4,,,,
2026-06-17,23:13:40,TAP43RY,CS-TNV,Airbus A320,TAP Air Portugal,landing,arrivee,575,236.7,96.7,,28.1,,
2026-06-17,23:16:14,IBE0539,EC-JDM,Airbus A321,Iberia,landing,arrivee,525,254.8,95.6,,,,
2026-06-17,23:18:47,SWR755L,HB-JPB,Airbus A321neo,Swiss,landing,arrivee,575,271.3,96.7,,30.68,,
2026-06-17,23:21:04,DLH23C,D-AIUN,Airbus A320,Lufthansa,landing,arrivee,550,245.6,98.3,,,,
2026-06-17,23:23:06,TAP2356,CS-TAW,Embraer E195,TAP Air Portugal,landing,arrivee,550,232.4,100,,23.61,,
2026-06-17,23:47:44,RYR5KT,EI-EFD,Boeing 737-800,Ryanair,landing,arrivee,575,268.9,97.7,,,,
2026-06-18,01:03:16,RZO128,CS-TSM,Airbus A320,TAP Air Portugal,landing,arrivee,575,253.2,93.9,,,,
2026-06-18,04:40:07,TAP082,CS-TUQ,Airbus A330-900neo,TAP Air Portugal,landing,arrivee,625,254.8,96.0,,,,
2026-06-18,04:43:24,TAP074,CS-TUR,Airbus A330-900neo,TAP Air Portugal,landing,arrivee,650,254.8,99.0,,,,
2026-06-18,04:45:49,TAP202A,CS-TXD,Airbus A321neo,TAP Air Portugal,landing,arrivee,625,262.4,87.4,,25.52,,
2026-06-18,04:58:21,TAP1528,CS-TXJ,Airbus A321neo,TAP Air Portugal,landing,arrivee,600,268.2,90.8,,27.8,,
2026-06-18,05:01:13,TAP224,CS-TUS,Airbus A330-900neo,TAP Air Portugal,landing,arrivee,675,250.8,99.5,,42.39,,
2026-06-18,05:04:00,TAP218,CS-TXG,Airbus A321neo,TAP Air Portugal,landing,arrivee,625,263.2,97.1,,27.76,,
2026-06-18,05:22:57,TAP96AW,CS-TNN,Airbus A320,TAP Air Portugal,landing,arrivee,600,255.6,99.8,,25.59,,
2026-06-18,05:34:16,TAP25YZ,CS-TXL,Airbus A321neo,TAP Air Portugal,landing,arrivee,625,267.2,96.8,,28.72,,
2026-06-18,05:44:32,TAP1550,CS-TVH,Airbus A320neo,TAP Air Portugal,landing,arrivee,625,234.8,95.2,,25.07,,
2026-06-18,05:49:45,TAP1937,CS-TTY,Embraer E195,TAP Air Portugal,landing,arrivee,625,248.4,99.3,,32.66,,
2026-06-18,05:53:36,TAP232Y,CS-TXK,Airbus A321,TAP Air Portugal,landing,arrivee,650,275.2,98.0,,26.29,,
2026-06-18,06:00:52,TAP1544,CS-TVJ,Airbus A320neo,TAP Air Portugal,landing,arrivee,600,257.2,90.3,,25.51,,
2026-06-18,06:18:00,TAP104,CS-TUH,Airbus A330-900neo,TAP Air Portugal,landing,arrivee,650,249.1,98.8,,30.89,,
2026-06-18,06:22:06,TAP1097,CS-TAY,Embraer E195,TAP Air Portugal,landing,arrivee,625,264.1,96.0,,27.58,,
2026-06-18,06:27:07,QTR343,A7-BCY,Boeing 787-8,Qatar Airways,landing,arrivee,600,273.2,88.8,,29.26,,
2026-06-18,06:30:53,TAP1139,CS-TPX,Embraer E190,TAP Air Portugal,landing,arrivee,600,238.4,96.7,,26.11,,
2026-06-18,06:33:29,TAY1MN,,,Iberia,landing,arrivee,575,276.5,95.4,,39.41,,
2026-06-18,06:42:24,ETD7LG,A6-BLR,Boeing 787-9,Etihad Airways,landing,arrivee,600,283.0,95.6,,35.89,,
2026-06-18,06:45:04,AEA1159,EC-MVY,Boeing 737-800,Air Europa,landing,arrivee,625,261.5,93.9,,33.75,,
2026-06-18,06:48:13,TSC680,C-GPTS,Airbus A330-200,Air Transat,landing,arrivee,625,244.8,97.4,,32.74,,
2026-06-18,06:50:45,TAP41SN,CS-TJP,Airbus A321neo,TAP Air Portugal,landing,arrivee,650,266.9,88.4,,27.51,,
2026-06-18,06:53:29,TAP1908,CS-TPW,Embraer E190,TAP Air Portugal,landing,arrivee,550,240.8,96.6,,,,
2026-06-18,06:55:16,TAP058,CS-TUL,Airbus A330-900neo,TAP Air Portugal,landing,arrivee,650,264.1,98.9,,35.89,,
2026-06-18,06:57:47,TAM8146,PT-MUF,Boeing 777-300ER,LATAM Airlines,landing,arrivee,625,277.2,95.5,,,,
2026-06-18,07:01:41,CBJ621,B-1043,Airbus A330-200,Capital Airlines,landing,arrivee,625,250.8,99.9,,38.97,,
2026-06-18,07:11:02,SRR6646,OY-SRM,767 25EBDSF,Star Air,landing,arrivee,625,229.1,98.0,,30.36,,
2026-06-18,07:14:34,TAP98CX,CS-TVA,Airbus A320neo,TAP Air Portugal,landing,arrivee,625,239.1,99.6,,25.9,,
2026-06-18,07:17:19,TAP441,CS-TVI,Airbus A320neo,TAP Air Portugal,landing,arrivee,575,244.8,86.7,,24.21,,
2026-06-18,07:20:13,BCS2FC,D-AZML,A306,,landing,arrivee,625,250.4,98.3,,,,
2026-06-18,07:23:35,TSC480,C-GUBF,Airbus A330-200,Air Transat,landing,arrivee,600,254.8,98.2,,40.66,,
2026-06-18,07:26:49,TAP9ML,CS-TNL,Airbus A320,TAP Air Portugal,landing,arrivee,600,248.4,93.3,,,,
2026-06-18,07:30:27,TAP945,CS-TVD,Airbus A320neo,TAP Air Portugal,landing,arrivee,625,254.8,96.5,,23.64,,
2026-06-18,07:33:49,TAP647,CS-TTS,Airbus A319,TAP Air Portugal,landing,arrivee,575,248.4,96.6,,,,
2026-06-18,07:39:24,EZS98FK,HB-JXT,Airbus A320,easyJet Switzerland SA,landing,arrivee,575,256.5,96.8,,27.22,,
2026-06-18,07:42:12,RYR24SE,9H-QAQ,Boeing 737-800,Malta Air,landing,arrivee,575,275.6,92.5,,,,
2026-06-18,07:45:30,TAP1023,CS-TVK,Airbus A320neo,TAP Air Portugal,landing,arrivee,575,249.1,88.6,,26.8,,
2026-06-18,07:48:07,TAP8RL,CS-TJE,Airbus A321,TAP Air Portugal,landing,arrivee,575,273.2,97.2,,,,
2026-06-18,07:51:16,UAL64,N13013,Boeing 787-10,United Airlines,landing,arrivee,600,285.6,93.9,,34.83,,
2026-06-18,07:57:15,TAP244,CS-TUB,Airbus A330-900neo,TAP Air Portugal,landing,arrivee,600,271.3,94.7,,,,
2026-06-18,08:00:12,TAP1939,CS-TPV,Embraer E190,TAP Air Portugal,landing,arrivee,575,249.1,95.9,,28.84,,
2026-06-18,08:03:24,DAL272,N403DX,Airbus A330-900neo,Delta Air Lines,landing,arrivee,600,258.9,96.3,,,,
2026-06-18,08:08:24,VLG46AX,EC-NLX,Airbus A321,Vueling,landing,arrivee,575,262.4,98.6,,30.82,,
2026-06-18,08:11:43,TAP557H,CS-TVF,Airbus A320neo,TAP Air Portugal,landing,arrivee,600,261.5,100,,,,
2026-06-18,08:14:58,AAL258,N835AN,Boeing 787-9,American Airlines,landing,arrivee,625,277.2,91.5,,42.38,,
2026-06-18,08:20:52,IBE05TR,EC-OQG,Airbus A321neo,Iberia,landing,arrivee,600,263.2,93.5,,28.41,,
2026-06-18,08:32:36,TAP53EI,CS-TJL,Airbus A321neo,TAP Air Portugal,landing,arrivee,600,270.8,94.9,,22.99,,
2026-06-18,08:34:52,TAP27UZ,CS-TPT,Embraer E190,TAP Air Portugal,landing,arrivee,600,255.6,96.9,,24.25,,
2026-06-18,08:37:24,EWG37V,OK-TVT,Boeing 737-800,Eurowings,landing,arrivee,575,281.3,91.1,,32.62,,
2026-06-18,08:39:41,TAP63GL,CS-TVG,Airbus A320neo,TAP Air Portugal,landing,arrivee,575,257.2,96.7,,23.81,,
2026-06-18,08:41:37,AFR35VY,F-HPNE,BD-500-1A11,Air France,landing,arrivee,600,236.7,99.4,,23.68,,
2026-06-18,08:47:46,TAP757P,CS-TVL,Airbus A320,TAP Air Portugal,landing,arrivee,550,243.2,89.5,,22.81,,
2026-06-18,08:52:44,AZU8750,PR-ANU,Airbus A330-900neo,Azul,landing,arrivee,600,268.0,95.9,,44.56,,
2026-06-18,08:55:06,TAP675,CS-TJN,Airbus A321neo,TAP Air Portugal,landing,arrivee,1025,281.3,99.6,,28.17,,
2026-06-18,08:58:08,EJU71TK,OE-LKC,Airbus A319,easyJet Europe,landing,arrivee,600,251.5,98.9,,28.81,,
2026-06-18,09:00:30,EZY47LC,G-UZLY,Airbus A320neo,easyJet,landing,arrivee,575,258.4,96.6,,27.94,,
2026-06-18,09:03:06,RYR4XW,EI-EVJ,Boeing 737-800,Ryanair,landing,arrivee,575,278.2,89.9,,34.47,,
2026-06-18,09:06:11,RYR98HW,EI-IKT,Boeing 737 MAX 8,Ryanair,landing,arrivee,575,278.0,89.3,,30.82,,
2026-06-18,09:09:25,TAP443,CS-TJK,Airbus A321neo,TAP Air Portugal,landing,arrivee,600,243.2,95.6,,24.26,,
2026-06-18,09:12:56,LUA749J,,,,approach,arrivee,625,224.3,99.2,,15.57,,
2026-06-18,09:15:20,NSZ3616,SE-RTY,Boeing 737 MAX 8,,landing,arrivee,575,281.3,99.7,,24.67,,
2026-06-18,09:18:17,EZY79RV,G-EZUW,Airbus A320,easyJet,landing,arrivee,575,255.6,99.0,,,,
2026-06-18,09:21:48,TRA97Q,PH-YHY,Airbus A321neo,Transavia,landing,arrivee,600,253.2,93.0,,21.48,,
2026-06-18,09:24:23,THY3WE,TC-LTG,Airbus A321neo,Turkish Airlines,landing,arrivee,600,273.2,98.6,,,,
2026-06-18,09:28:11,TAP012,CS-TUK,Airbus A330-900neo,TAP Air Portugal,landing,arrivee,550,270.8,93.6,,37.65,,
2026-06-18,09:31:19,ACA812,C-GFAJ,Airbus A330-300,Air Canada,landing,arrivee,625,257.2,98.7,,,,
2026-06-18,09:34:02,TAP052,CS-TXB,Airbus A321neo,TAP Air Portugal,landing,arrivee,600,273.2,92.4,,,,
2026-06-18,09:37:15,TAP036,EC-OLG,Airbus A330-300,TAP Air Portugal,landing,arrivee,600,253.2,94.9,,34.23,,
2026-06-18,09:39:18,TAP66PD,CS-TVC,Airbus A320neo,TAP Air Portugal,landing,arrivee,600,263.2,99.2,,25.41,,
2026-06-18,09:42:00,TAP216L,CS-TXE,Airbus A321neo,TAP Air Portugal,landing,arrivee,600,254.1,93.5,,27.92,,
2026-06-18,09:46:51,PVA2035,N300SC,BD-700-1A10,N702DR LLC,landing,arrivee,575,218.9,93.2,,17.68,,
2026-06-18,09:51:23,TAP1921,CS-TNM,Airbus A320,TAP Air Portugal,landing,arrivee,575,244.8,96.8,,27.36,,
2026-06-18,09:54:34,AEE2PT,SX-NAP,Airbus A321neo,Aegean Airlines,landing,arrivee,575,249.1,94.4,,22.01,,
2026-06-18,09:56:45,EJU97VT,OE-IWW,Airbus A320,easyJet Europe,landing,arrivee,575,267.2,98.7,,29.56,,
2026-06-18,09:59:09,TAP088,CS-TUP,Airbus A330-900neo,TAP Air Portugal,landing,arrivee,600,258.0,98.6,,30.46,,
2026-06-18,10:02:14,TAP210,CS-TUD,Airbus A330-900neo,TAP Air Portugal,landing,arrivee,600,265.6,98.0,,30.1,,
2026-06-18,10:05:41,TVF55WH,F-HTVS,Boeing 737-800,Transavia France,landing,arrivee,600,280.6,96.4,,32.3,,
2026-06-18,10:10:04,TAP11SV,CS-TAW,Embraer E195,TAP Air Portugal,landing,arrivee,575,257.2,96.0,,22.22,,
2026-06-18,10:13:04,RYR3WD,EI-ILD,Boeing 737 MAX 8,Ryanair,landing,arrivee,575,281.3,97.1,,23.12,,
2026-06-18,10:18:03,TAP234Y,CS-TXF,Airbus A321neo,TAP Air Portugal,landing,arrivee,625,277.2,96.7,,24.4,,
2026-06-18,10:23:55,AZU8752,,,Azul,landing,arrivee,600,254.8,95.5,,30.63,,
2026-06-18,10:26:44,TAP1826,CS-TVB,Airbus A320neo,TAP Air Portugal,landing,arrivee,625,250.8,96.9,,19.84,,
2026-06-18,10:29:30,ACA810,C-FIUL,Boeing 777-300ER,Air Canada,landing,arrivee,625,273.2,91.7,,53.14,,
2026-06-18,10:32:40,TAP204A,CS-TOO,Airbus A330-200,TAP Air Portugal,landing,arrivee,600,246.7,98.1,,31.17,,
2026-06-18,10:35:17,AEA1153,EC-OBK,Boeing 737-800,Air Europa,landing,arrivee,600,282.1,95.3,,28.16,,
2026-06-18,10:38:35,TAP262M,CS-TXC,Airbus A321neo,TAP Air Portugal,landing,arrivee,625,240.8,93.4,,22.17,,
2026-06-18,10:41:32,TAP68JP,CS-TVN,Airbus A320neo,TAP Air Portugal,landing,arrivee,575,264.1,91.9,,21.31,,
2026-06-18,10:44:22,UAL942,N76010,Boeing 777-200,United Airlines,landing,arrivee,625,253.9,94.9,,33.36,,
2026-06-18,10:47:21,TAP1923,CS-TVH,Airbus A320neo,TAP Air Portugal,landing,arrivee,600,232.2,96.0,,17.66,,
2026-06-18,10:55:58,LGL51P,LX-LBR,Boeing 737-700,Luxair,landing,arrivee,575,260.0,89.2,,22.78,,
2026-06-18,10:59:53,EIN82T,EI-DEO,Airbus A320,Aer Lingus,landing,arrivee,300,249.1,99.9,,12.85,,
2026-06-18,11:01:24,TAP23SL,CS-TUI,Airbus A330-900neo,TAP Air Portugal,landing,arrivee,650,268.0,98.2,,37.9,,
2026-06-18,11:04:17,KLM1579,PH-AXL,Airbus A321neo,KLM,landing,arrivee,600,258.9,93.1,,21.12,,
2026-06-18,11:07:24,AFR41GW,F-HPNP,Airbus A220-100,Air France,landing,arrivee,600,233.9,95.8,,18.26,,
2026-06-18,11:11:30,EJU74EF,OE-IDX,Airbus A320,easyJet Europe,landing,arrivee,600,254.8,92.4,,,,
2026-06-18,11:18:19,RYR1316,EI-ENL,Boeing 737-800,Ryanair,landing,arrivee,550,268.9,93.7,,,,
2026-06-18,11:20:59,BEL2DY,OO-SNJ,Airbus A320,Brussels Airlines,landing,arrivee,575,253.2,95.4,,32.04,,
2026-06-18,11:23:19,TAP13LH,CS-TJM,Airbus A321neo,TAP Air Portugal,landing,arrivee,875,273.2,94.8,,24.95,,
2026-06-18,11:26:22,EJU4763,OE-IND,Airbus A320,easyJet Europe,landing,arrivee,600,257.2,96.4,,22.19,,
2026-06-18,11:28:54,DLH39X,D-AIEP,Airbus A321,Lufthansa,landing,arrivee,600,268.9,99.4,,28.24,,
2026-06-18,11:31:32,TAP028,CS-TUG,Airbus A330-900neo,TAP Air Portugal,landing,arrivee,600,261.5,96.9,,,,
2026-06-18,11:34:52,TAP429,CS-TPZ,Embraer E190,TAP Air Portugal,landing,arrivee,575,234.8,96.8,,18.69,,
2026-06-18,11:42:46,RAM980E,CN-RGE,Boeing 737-800,Royal Air Maroc,landing,arrivee,575,284.8,93.7,,,,
2026-06-18,11:46:09,VLG39HL,EC-MFN,Airbus A320,Vueling,landing,arrivee,600,263.9,97.3,,22.63,,
2026-06-18,11:48:55,TAP11WQ,CS-TAY,Embraer E195,TAP Air Portugal,landing,arrivee,575,264.1,95.3,,27.0,,
2026-06-18,11:51:49,IBE05FV,EC-NER,Airbus A320neo,Iberia,landing,arrivee,600,239.8,97.6,,17.47,,
2026-06-18,11:54:52,TAP1925,CS-TNJ,Airbus A320,TAP Air Portugal,landing,arrivee,600,250.8,95.9,,,,
2026-06-18,11:57:44,TAP1902,CS-TVK,Airbus A320neo,TAP Air Portugal,landing,arrivee,600,257.2,93.5,,18.55,,
2026-06-18,12:00:15,UAE3MV,A6-ENU,Boeing 777-300ER,Emirates,landing,arrivee,625,279.7,95.3,,,,
2026-06-18,12:04:36,RZO120,CS-TSJ,Airbus A321neo,TAP Air Portugal,landing,arrivee,625,249.8,98.5,,,,
2026-06-18,12:07:29,EWG66L,D-AENF,Airbus A320neo,Eurowings,landing,arrivee,600,247.2,94.1,,,,
2026-06-18,12:13:20,TAP110,CS-TOP,Airbus A330-200,TAP Air Portugal,landing,arrivee,600,248.0,98.6,,,,
2026-06-18,12:15:51,RYR95SN,EI-GXM,Boeing 737-800,Ryanair,landing,arrivee,575,281.3,95.9,,30.71,,
2026-06-18,12:17:40,EJU14GP,OE-LSP,Airbus A320,easyJet Europe,landing,arrivee,600,243.2,86.1,,,,
2026-06-18,12:23:36,EJU91FK,OE-IBF,Airbus A320,easyJet Europe,landing,arrivee,600,264.8,98.6,,21.19,,
2026-06-18,12:27:05,TAP63CT,CS-TPX,Embraer E190,TAP Air Portugal,landing,arrivee,550,240.8,99.0,,,,
2026-06-18,12:30:47,RYR63TC,EI-IJO,Boeing 737 MAX 8,Ryanair,landing,arrivee,625,281.3,98.1,,,,
2026-06-18,12:33:28,WPT4160,EC-OND,Airbus A330-300,,landing,arrivee,675,261.5,96.2,,29.88,,
2026-06-18,12:36:35,TAP1031,CS-TVO,Airbus A320neo,TAP Air Portugal,landing,arrivee,600,253.2,95.0,,19.94,,
2026-06-18,12:39:27,EJU56VP,OE-LSV,Airbus A320neo,easyJet Europe,landing,arrivee,675,249.8,95.2,,18.28,,
2026-06-18,12:42:13,EJU76WL,OE-LSA,Airbus A320neo,easyJet Europe,landing,arrivee,1025,268.2,72.6,,9.74,,
2026-06-18,12:45:32,TAP1151,CS-TAX,Embraer E195,TAP Air Portugal,landing,arrivee,750,273.2,99.8,,20.29,,
2026-06-18,12:57:05,EJU38DF,OE-IDU,Airbus A320,easyJet Europe,landing,arrivee,825,254.8,98.4,,26.84,,
2026-06-18,13:03:35,TAP145W,CS-TPO,Embraer E190,TAP Air Portugal,landing,arrivee,600,235.6,98.6,,16.82,,
2026-06-18,13:12:41,EJU74WP,OE-ICM,Airbus A320,easyJet Europe,landing,arrivee,600,264.8,98.2,,22.74,,
2026-06-18,13:15:09,TVF46JB,F-GZHU,Boeing 737-800,Transavia France,landing,arrivee,625,285.6,94.7,,28.51,,
2026-06-18,13:17:18,TAP43JD,CS-TTP,Airbus A319,TAP Air Portugal,landing,arrivee,1000,261.5,88.9,,9.43,,
2026-06-18,13:20:30,TAP1335,CS-TPQ,Embraer E190,TAP Air Portugal,landing,arrivee,625,249.8,99.2,,19.62,,
2026-06-18,13:22:37,EJU98EV,OE-IZH,Airbus A320,easyJet Europe,landing,arrivee,1000,270.8,97.1,,23.79,,
2026-06-18,13:25:43,TAP831,CS-TNT,Airbus A320,TAP Air Portugal,landing,arrivee,625,255.6,97.0,,23.05,,
2026-06-18,13:28:31,TAP1736,CS-TPV,Embraer E190,TAP Air Portugal,landing,arrivee,575,241.1,97.4,,20.52,,
2026-06-18,13:31:25,TAP3961,CS-TXI,Airbus A321neo,TAP Air Portugal,landing,arrivee,625,274.8,96.4,,22.78,,
2026-06-18,13:33:33,DLH47T,D-AIEJ,Airbus A321neo,Lufthansa,landing,arrivee,1025,263.9,96.8,,20.16,,
2026-06-18,13:36:59,SWR32F,HB-JCJ,C Series 300,Swiss,landing,arrivee,650,265.6,96.1,,20.46,,
2026-06-18,13:39:03,TCV606,D4-CCI,Boeing 737-700,Cabo Verde Airlines,landing,arrivee,975,251.7,96.9,,14.43,,
2026-06-18,13:42:17,RZO150,CS-TKP,Airbus A320,TAP Air Portugal,landing,arrivee,650,260.8,98.7,,20.61,,
2026-06-18,13:44:20,TAP641,CS-TNN,Airbus A320,TAP Air Portugal,landing,arrivee,1025,266.3,97.0,,27.63,,
2026-06-18,13:47:28,TAP823,CS-TNU,Airbus A320,TAP Air Portugal,landing,arrivee,925,271.1,98.8,,23.33,,
2026-06-18,13:50:34,RZO122,CS-TSM,Airbus A320,TAP Air Portugal,landing,arrivee,775,260.8,98.9,,15.96,,
2026-06-18,13:52:43,VLG8JM,EC-MLM,Airbus A321,Vueling,landing,arrivee,1025,277.6,99.3,,25.4,,
2026-06-18,13:56:07,TAP86GM,CS-TJF,Airbus A321,TAP Air Portugal,landing,arrivee,600,265.6,96.9,,26.61,,
2026-06-18,13:58:10,EJU94NF,OE-LSQ,Airbus A320,easyJet Europe,landing,arrivee,1000,277.2,97.8,,17.62,,
2026-06-18,14:01:17,TAP1860,CS-TJO,Airbus A321neo,TAP Air Portugal,landing,arrivee,650,281.3,96.9,,20.3,,
2026-06-18,14:04:16,QAJ9,D-CFCF,Learjet 35 A,Heron Aviation GmbH,landing,arrivee,1075,266.9,97.7,,17.36,,
2026-06-18,14:07:20,SWT131,EC-MAF,ATR 72 500F,Swiftair,landing,arrivee,975,207.4,98.5,,9.8,,
2026-06-18,14:10:20,BAW5LI,G-NEOU,Airbus A321neo,British Airways,landing,arrivee,550,256.5,92.8,,16.39,,
2026-06-18,14:12:11,TAP084,CS-TUM,Airbus A330-900neo,TAP Air Portugal,landing,arrivee,1025,271.7,99.5,,,,
2026-06-18,14:15:12,TAP88TM,CS-TNL,Airbus A320,TAP Air Portugal,takeoff,depart,2650,407.8,90.2,,9.59,,
2026-06-18,14:17:14,RYR3663,EI-DLC,Boeing 737-800,Ryanair,landing,arrivee,1025,293.7,97.6,,22.54,,
2026-06-18,14:20:31,TAP36GS,CS-TVQ,Airbus A320neo,TAP Air Portugal,landing,arrivee,725,283.0,97.3,,18.93,,
2026-06-18,14:22:59,TAP1155,CS-TPS,Embraer E190,TAP Air Portugal,landing,arrivee,1025,283.0,98.7,,20.25,,
2026-06-18,14:26:16,TAP691P,CS-TNR,Airbus A320,TAP Air Portugal,landing,arrivee,775,258.9,98.7,,,,
2026-06-18,14:28:52,TAP88TM,CS-TNL,Airbus A320,TAP Air Portugal,landing,arrivee,975,263.7,98.6,,31.02,,
2026-06-18,14:31:55,KLM97N,PH-AXC,Airbus A321neo,KLM,landing,arrivee,625,258.4,97.5,,20.56,,
2026-06-18,14:35:09,TAP1013,CS-TTW,Embraer E195,TAP Air Portugal,landing,arrivee,600,272.4,97.1,,17.83,,
2026-06-18,14:39:45,EJU41HA,OE-LSR,Airbus A320,easyJet Europe,landing,arrivee,1025,275.6,98.2,,16.87,,
2026-06-18,14:47:23,SWR2BK,HB-JPA,Airbus A321neo,Swiss,landing,arrivee,1025,285.6,98.0,,26.45,,
2026-06-18,14:50:25,TAP1127,CS-TPR,Embraer E190,TAP Air Portugal,landing,arrivee,1000,232.4,95.2,,13.47,,
2026-06-18,14:53:27,AFR37EQ,F-GKXM,Airbus A320,Air France,landing,arrivee,600,263.2,94.0,,34.85,,
2026-06-18,15:00:03,TAP941,CS-TVA,Airbus A320neo,TAP Air Portugal,landing,arrivee,1025,249.1,96.8,,15.3,,
2026-06-18,15:05:05,EJU81TJ,OE-IWW,Airbus A320,easyJet Europe,landing,arrivee,850,257.2,99.2,,30.2,,
2026-06-18,15:10:24,THY4GH,TC-JNK,Airbus A330-300,Turkish Airlines,landing,arrivee,625,269.7,97.3,,,,
2026-06-18,15:16:11,TAP541W,CS-TJP,Airbus A321neo,TAP Air Portugal,landing,arrivee,1050,275.6,64.6,,10.01,,
2026-06-18,15:23:22,RYR4ZF,9H-QEU,Boeing 737-800,Malta Air,landing,arrivee,925,283.7,94.6,,29.82,,
2026-06-18,15:26:26,AEA12AT,EC-NZN,Boeing 737-800,Air Europa,landing,arrivee,425,286.5,73.6,,8.79,,
2026-06-18,15:28:11,EZY35DC,G-EZDJ,Airbus A319,easyJet,landing,arrivee,900,261.1,98.4,,40.94,,
2026-06-18,15:31:22,BAW5DW,G-NEOV,Airbus A321neo,British Airways,landing,arrivee,1050,265.6,98.0,,24.1,,
2026-06-18,15:34:40,DLH03H,D-AIOB,Airbus A321neo,Lufthansa,landing,arrivee,475,262.4,91.6,,9.51,,
2026-06-18,15:36:35,FIN96W,OH-LZN,Airbus A321,Finnair,landing,arrivee,1000,279.7,97.2,,39.9,,
2026-06-18,15:39:02,TAP1143,CS-TPT,Embraer E190,TAP Air Portugal,landing,arrivee,1025,264.1,84.2,,8.51,,
2026-06-18,15:42:06,TAP669,CS-TVI,Airbus A320neo,TAP Air Portugal,landing,arrivee,875,272.8,98.3,,20.3,,
2026-06-18,15:44:51,TAP553R,CS-TVM,Airbus A320neo,TAP Air Portugal,landing,arrivee,750,252.4,95.5,,,,
2026-06-18,15:47:07,RYR12SN,EI-EKP,Boeing 737-800,Ryanair,landing,arrivee,925,290.6,96.3,,26.18,,
2026-06-18,15:50:29,TAP31DB,CS-TNQ,Airbus A320,TAP Air Portugal,approach,arrivee,675,274.8,98.0,,49.09,,
2026-06-18,15:53:41,TAP571,CS-TNS,Airbus A320,TAP Air Portugal,landing,arrivee,750,261.5,96.6,,30.93,,
2026-06-18,15:56:37,TAP17RA,CS-TTY,Embraer E195,TAP Air Portugal,landing,arrivee,725,268.9,100,,29.74,,
2026-06-18,15:59:09,RYR76ZW,EI-EFD,Boeing 737-800,Ryanair,landing,arrivee,700,287.2,94.4,,48.23,,
2026-06-18,16:01:09,TAP90EH,CS-TUK,Airbus A330-900neo,TAP Air Portugal,landing,arrivee,675,259.7,98.5,,31.58,,
2026-06-18,16:03:14,EWG25P,D-AIDV,Airbus A321,Eurowings,landing,arrivee,650,283.7,98.4,,,,
2026-06-18,16:06:08,TAP1241,CS-TJS,Airbus A321neo,TAP Air Portugal,landing,arrivee,675,258.4,98.1,,,,
2026-06-18,16:07:49,TAP10NL,CS-TXL,Airbus A321neo,TAP Air Portugal,landing,arrivee,650,274.8,97.4,,,,
2026-06-18,16:09:13,TAP120R,CS-TVR,Airbus A320neo,TAP Air Portugal,landing,arrivee,925,270.8,98.9,,24.52,,
2026-06-18,16:11:30,ANE91TE,EC-MTO,Bombardier CRJ-1000,Air Nostrum,landing,arrivee,650,278.0,97.0,,19.14,,
2026-06-18,16:14:13,TAP433,CS-TVF,Airbus A320neo,TAP Air Portugal,landing,arrivee,650,284.8,98.5,,29.49,,
2026-06-18,16:17:06,TAP1105,CS-TPU,Embraer E190,TAP Air Portugal,landing,arrivee,675,242.4,97.3,,21.84,,
2026-06-18,16:18:42,GOLDN61,,,,landing,arrivee,725,257.2,94.5,,39.68,,
2026-06-18,16:21:03,TAP931L,CS-TXG,Airbus A321neo,TAP Air Portugal,landing,arrivee,675,277.2,97.4,,26.48,,
2026-06-18,16:24:02,TAP1359,CS-TJL,Airbus A321neo,TAP Air Portugal,landing,arrivee,650,261.5,99.5,,26.65,,
2026-06-18,16:26:28,RYR55AR,EI-ILD,Boeing 737 MAX 8,Ryanair,landing,arrivee,650,293.0,91.3,,30.15,,
2026-06-18,16:28:28,RYR85MR,SP-RNS,Boeing 737-800,Buzz,landing,arrivee,1050,283.7,95.5,,34.38,,
2026-06-18,16:32:08,TAP83RS,CS-TJR,Airbus A321neo,TAP Air Portugal,landing,arrivee,675,267.2,99.1,,28.63,,
2026-06-18,16:34:41,TAP1137,CS-TAW,Embraer E195,TAP Air Portugal,landing,arrivee,650,271.3,97.4,,28.62,,
2026-06-18,16:37:02,TAP226,CS-TUO,Airbus A330-900neo,TAP Air Portugal,landing,arrivee,700,264.8,97.0,,39.4,,
2026-06-18,16:39:34,EJU95BR,OE-IDX,Airbus A320,easyJet Europe,landing,arrivee,675,263.2,95.8,,35.53,,
2026-06-18,16:42:35,EZY46AK,G-UZHB,Airbus A320neo,easyJet,landing,arrivee,675,244.8,99.6,,22.12,,
2026-06-18,16:45:07,TAP763,EC-OCT,Airbus A321,TAP Air Portugal,landing,arrivee,675,283.0,97.3,,41.5,,
2026-06-18,16:47:39,TAP15NC,CS-TVK,Airbus A320neo,TAP Air Portugal,landing,arrivee,650,249.1,98.3,,23.5,,
2026-06-18,17:06:36,VLG9QY,EC-MIQ,Airbus A319,Vueling,landing,arrivee,675,252.4,99.2,,23.03,,
2026-06-18,17:09:05,TAP1824,CS-TJN,Airbus A321neo,TAP Air Portugal,landing,arrivee,675,283.0,95.5,,31.11,,
2026-06-18,17:12:59,WMT1489,HA-LZO,Airbus A321neo,Wizz Air,landing,arrivee,650,247.2,97.7,,30.95,,
2026-06-18,17:17:39,TAP1929,CS-TXM,Airbus A321,TAP Air Portugal,landing,arrivee,675,262.2,98.9,,26.47,,
2026-06-18,17:22:24,TVF72AP,F-GZHZ,Boeing 737-800,Transavia France,landing,arrivee,725,275.6,96.4,,36.56,,
2026-06-18,17:27:41,TRA27L,PH-HXA,Boeing 737-800,Transavia,landing,arrivee,675,273.2,90.9,,42.89,,
2026-06-18,17:32:46,EJU45HZ,OE-LSV,Airbus A320neo,easyJet Europe,landing,arrivee,700,268.9,97.2,,28.25,,
2026-06-18,17:37:03,RYR9654,EI-IGL,Boeing 737 MAX 8,Ryanair,landing,arrivee,625,267.2,93.4,,32.33,,
2026-06-18,17:41:01,TAP643,CS-TTS,Airbus A319,TAP Air Portugal,landing,arrivee,1050,237.4,98.8,,12.73,,
2026-06-18,17:44:12,BAW506,G-TTSE,Airbus A320neo,British Airways,landing,arrivee,675,243.2,93.3,,25.1,,
2026-06-18,17:46:38,RYR32KG,9H-QAD,Boeing 737-800,Malta Air,landing,arrivee,675,277.2,92.3,,33.6,,
2026-06-18,17:49:23,AFR24MF,F-GTAM,Airbus A321,Air France,landing,arrivee,675,266.3,98.6,,37.75,,
2026-06-18,17:52:04,RAM982,CN-MAY,Boeing 737 MAX 8,Royal Air Maroc,landing,arrivee,625,275.2,94.0,,33.64,,
2026-06-18,17:55:10,TAP298,CS-TUF,Airbus A330-900neo,TAP Air Portugal,landing,arrivee,675,255.6,97.5,,33.65,,
2026-06-18,17:57:48,TAP1558,CS-TVD,Airbus A320neo,TAP Air Portugal,landing,arrivee,700,258.9,99.6,,23.33,,
2026-06-18,18:00:22,TRA9H,LY-MLI,Airbus A320,Avion Express,landing,arrivee,700,252.4,93.8,,26.39,,
2026-06-18,18:02:31,TAP1542,CS-TVJ,Airbus A320neo,TAP Air Portugal,landing,arrivee,1075,230.8,93.7,,12.64,,
2026-06-18,18:08:05,RYR9QJ,9H-QBO,Boeing 737-800,Malta Air,landing,arrivee,650,278.9,96.4,,46.33,,
2026-06-18,18:12:55,TAP1852,CS-TVB,Airbus A320neo,TAP Air Portugal,landing,arrivee,1050,267.2,98.4,,22.66,,
2026-06-18,18:21:58,TVF35GD,F-HTVM,Boeing 737-800,Transavia France,landing,arrivee,650,277.1,95.1,,49.63,,
2026-06-18,18:28:22,TAP1017,CS-TNN,Airbus A320,TAP Air Portugal,landing,arrivee,675,250.0,98.8,,39.52,,
2026-06-18,18:30:45,NSZ2WK,SE-RTC,Boeing 737 MAX 8,Norwegian Air Sweden,landing,arrivee,650,289.7,96.0,,31.9,,
2026-06-18,18:33:48,RYR7GJ,EI-DHH,Boeing 737-800,Ryanair,landing,arrivee,700,281.3,96.2,,32.05,,
2026-06-18,18:36:59,EZY25BM,G-EZGY,Airbus A320,easyJet,landing,arrivee,675,252.4,97.6,,29.17,,
2026-06-18,18:39:07,TAP1439,CS-TTP,Airbus A319,TAP Air Portugal,landing,arrivee,975,234.3,98.7,,24.84,,
2026-06-18,18:42:07,EJU92TK,OE-LKV,Airbus A319,easyJet Europe,landing,arrivee,700,253.9,95.7,,27.97,,
2026-06-18,18:44:37,VLG5YW,EC-MGZ,Airbus A321,Vueling,landing,arrivee,650,263.2,96.9,,37.81,,
2026-06-18,18:48:20,UAE5M,A6-EPS,Boeing 777-300ER,Emirates,landing,arrivee,1000,278.9,95.5,,57.13,,
2026-06-18,18:51:27,TAP1906,CS-TPR,Embraer E190,TAP Air Portugal,landing,arrivee,625,249.1,89.9,,25.51,,
2026-06-18,18:54:13,TAY2MN,,,Iberia,landing,arrivee,650,260.8,93.2,,26.62,,
2026-06-18,18:56:35,TAP435,CS-TVC,Airbus A320neo,TAP Air Portugal,landing,arrivee,700,267.2,96.7,,23.75,,
2026-06-18,18:59:06,TAP1337,CS-TJK,Airbus A321neo,TAP Air Portugal,landing,arrivee,700,267.2,94.6,,22.61,,
2026-06-18,19:01:31,TAP1931,CS-TNL,Airbus A320,TAP Air Portugal,landing,arrivee,700,245.6,97.3,,32.82,,
2026-06-18,19:04:25,AEA1157,EC-MVY,Boeing 737-800,Air Europa,landing,arrivee,650,277.6,87.8,,37.62,,
2026-06-18,19:07:36,TAP10EV,CS-TAY,Embraer E195,TAP Air Portugal,landing,arrivee,650,266.5,99.3,,30.61,,
2026-06-18,19:16:04,WZZ477,HA-LDC,Airbus A321neo,Wizz Air,landing,arrivee,700,246.7,94.8,,32.57,,
2026-06-18,19:20:23,TRA951N,EC-NLJ,Airbus A321,Privilege Style,landing,arrivee,675,275.6,100,,34.15,,
2026-06-18,19:33:05,TAP1361,CS-TVP,Airbus A320neo,TAP Air Portugal,landing,arrivee,675,264.1,100,,27.43,,
2026-06-18,19:46:02,BEL2DT,OO-SBC,Airbus A320,Brussels Airlines,landing,arrivee,675,249.8,99.1,,25.58,,
2026-06-18,19:50:22,TAP835,CS-TJI,Airbus A321neo,TAP Air Portugal,landing,arrivee,675,279.7,97.0,,30.9,,
2026-06-18,19:52:54,TAP53ED,CS-TVL,Airbus A320,TAP Air Portugal,landing,arrivee,650,244.8,96.0,,25.11,,
2026-06-18,19:55:41,TAP563,CS-TNY,Airbus A320,TAP Air Portugal,landing,arrivee,675,258.9,97.0,,32.48,,
2026-06-18,20:00:17,TAP4TL,CS-TPQ,Embraer E190,TAP Air Portugal,landing,arrivee,675,240.8,96.4,,26.34,,
2026-06-18,20:02:41,WMT537,9H-XLF,Airbus A321neo,Lauda Europe,landing,arrivee,675,259.7,98.0,,31.59,,
2026-06-18,20:06:51,TAP94VA,CS-TNM,Airbus A320,TAP Air Portugal,landing,arrivee,675,245.6,94.2,,35.38,,
2026-06-18,20:09:32,TAP825,CS-TVN,Airbus A320neo,TAP Air Portugal,landing,arrivee,625,243.2,91.2,,23.96,,
2026-06-18,20:11:30,TAP671,CS-TVG,Airbus A320neo,TAP Air Portugal,landing,arrivee,700,247.2,99.5,,27.01,,
2026-06-18,20:14:17,TAP473H,CS-TPO,Embraer E190,TAP Air Portugal,landing,arrivee,650,241.5,100,,30.92,,
2026-06-18,20:16:58,TAP871,CS-TPZ,Embraer E190,TAP Air Portugal,landing,arrivee,650,237.4,99.7,,32.7,,
2026-06-18,20:19:18,VLG8UE,EC-MAI,Airbus A320,Vueling,landing,arrivee,675,244.8,97.5,,34.67,,
2026-06-18,20:23:13,IBE0537,EC-NTI,Airbus A320neo,Iberia,landing,arrivee,675,241.5,99.8,,26.12,,
2026-06-18,20:25:21,EWG6TR,9H-UTA,Catalina VG,Eurowings,landing,arrivee,975,249.1,98.1,,43.06,,
2026-06-18,20:27:30,RYR647X,EI-DWO,Boeing 737-800,Ryanair,landing,arrivee,700,283.0,97.4,,46.7,,
2026-06-18,20:30:33,VJT842,9H-VJL,Global 6000,VistaJet,landing,arrivee,625,219.1,98.9,,20.16,,
2026-06-18,20:33:02,EZY26YM,G-EZFU,Airbus A319,easyJet,landing,arrivee,650,249.1,96.5,,29.54,,
2026-06-18,20:34:57,RYR59QQ,9H-QEC,Boeing 737-800,Malta Air,landing,arrivee,1050,263.2,94.5,,37.6,,
2026-06-18,20:38:07,ELY375,4X-EKL,Boeing 737-800,El Al,landing,arrivee,650,280.6,92.7,,35.95,,
2026-06-18,20:40:05,TAP543W,CS-TNJ,Airbus A320,TAP Air Portugal,landing,arrivee,650,263.2,99.2,,37.2,,
2026-06-18,20:41:54,RYR56BR,EI-GXM,Boeing 737-800,Ryanair,landing,arrivee,650,270.4,93.5,,40.0,,
2026-06-18,20:44:09,TAP93ZS,CS-TJJ,Airbus A321neo,TAP Air Portugal,landing,arrivee,650,264.8,90.4,,23.65,,
2026-06-18,20:45:54,RYR384,EI-IKJ,Boeing 737 MAX 8,Ryanair,landing,arrivee,650,278.9,94.4,,30.78,,
2026-06-18,20:47:25,RYR20EE,EI-EBD,Boeing 737-800,Ryanair,landing,arrivee,925,273.2,95.5,,51.02,,
2026-06-18,20:50:04,VLG14YF,EC-KLB,Airbus A320,Vueling,landing,arrivee,675,258.4,96.4,,29.78,,
2026-06-18,20:52:40,TAP755,CS-TVH,Airbus A320neo,TAP Air Portugal,landing,arrivee,650,237.4,86.5,,25.2,,
2026-06-18,20:54:34,TAP877,CS-TPW,Embraer E190,TAP Air Portugal,landing,arrivee,650,238.4,97.0,,33.44,,
2026-06-18,20:56:27,TAP48M,CS-TAX,Embraer E195,TAP Air Portugal,landing,arrivee,675,267.2,95.8,,34.26,,
2026-06-18,21:01:46,RYR5KT,9H-QEA,Boeing 737-800,Malta Air,landing,arrivee,675,279.7,94.5,,44.76,,
2026-06-18,21:04:28,ICE578,TF-ICY,Boeing 737 MAX 8,Icelandair,landing,arrivee,675,278.0,97.6,,29.82,,
2026-06-18,21:10:00,TAP37CN,CS-TPV,Embraer E190,TAP Air Portugal,landing,arrivee,650,234.8,85.1,,25.92,,
2026-06-18,21:11:58,RZO134,,,TAP Air Portugal,landing,arrivee,675,244.8,95.1,,27.15,,
2026-06-18,21:14:47,VLG4JP,EC-MJR,Airbus A321,Vueling,landing,arrivee,650,257.2,98.4,,30.52,,
2026-06-18,21:17:50,RZO142,CS-TKP,Airbus A320,TAP Air Portugal,landing,arrivee,675,245.6,97.2,,28.14,,
2026-06-18,21:20:35,TAP1313,CS-TVO,Airbus A320neo,TAP Air Portugal,landing,arrivee,650,243.2,95.1,,24.78,,
2026-06-18,21:23:17,TAP1019,CS-TTW,Embraer E195,TAP Air Portugal,landing,arrivee,675,258.9,94.6,,31.64,,
2026-06-18,21:26:10,TAP57W,CS-TXI,Airbus A321neo,TAP Air Portugal,landing,arrivee,650,265.6,99.1,,29.07,,
2026-06-18,21:29:33,RYR7VL,EI-IJO,Boeing 737 MAX 8,Ryanair,landing,arrivee,650,277.1,94.2,,28.45,,
2026-06-18,21:50:29,TAP1325,CS-TPS,Embraer E190,TAP Air Portugal,landing,arrivee,600,229.1,93.9,,34.81,,
2026-06-18,21:55:37,TAP827V,CS-TNR,Airbus A320,TAP Air Portugal,landing,arrivee,650,240.8,99.3,,33.6,,
2026-06-18,21:59:30,TAP837,CS-TJO,Airbus A321neo,TAP Air Portugal,landing,arrivee,675,262.4,99.6,,30.71,,
2026-06-18,22:02:19,EJU74EP,OE-IDX,Airbus A320,easyJet Europe,landing,arrivee,650,257.2,99.3,,30.56,,
2026-06-18,22:05:04,AEE7PT,SX-NAQ,Airbus A321neo,,landing,arrivee,625,234.8,95.8,,39.27,,
2026-06-18,22:08:01,DLH34J,D-AIDG,Airbus A321,Lufthansa,landing,arrivee,675,273.2,99.3,,40.17,,
2026-06-18,22:14:06,TAP1933,CS-TPT,Embraer E190,TAP Air Portugal,landing,arrivee,625,218.9,95.8,,34.31,,
2026-06-18,22:15:36,RYR8HG,EI-HGO,Boeing 737 MAX 8,Ryanair,landing,arrivee,650,258.0,98.6,,31.68,,
2026-06-18,22:18:25,TAP127M,CS-TJE,Airbus A321,TAP Air Portugal,landing,arrivee,700,262.4,98.9,,41.38,,
2026-06-18,22:20:58,EJU69GW,OE-LSA,Airbus A320neo,easyJet Europe,landing,arrivee,650,257.2,99.4,,26.89,,
2026-06-18,22:22:44,TAP1369,CS-TVQ,Airbus A320neo,TAP Air Portugal,landing,arrivee,650,254.1,86.6,,24.24,,
2026-06-18,22:26:24,TAP437X,CS-TVA,Airbus A320neo,TAP Air Portugal,landing,arrivee,650,253.2,98.6,,30.52,,
2026-06-18,22:28:55,EJU32GK,OE-LSR,Airbus A320,easyJet Europe,landing,arrivee,625,244.8,97.2,,28.97,,
2026-06-18,22:30:35,DLH64P,D-AIEJ,Airbus A321neo,Lufthansa,landing,arrivee,650,239.1,99.8,,33.78,,
2026-06-18,22:33:08,TAP783,CS-TJM,Airbus A321neo,TAP Air Portugal,landing,arrivee,675,261.5,93.9,,24.8,,
2026-06-18,22:37:03,TAP5AS,CS-TNT,Airbus A320,TAP Air Portugal,landing,arrivee,650,253.2,96.3,,41.76,,
2026-06-18,22:40:19,TAP21MM,CS-TAW,Embraer E195,TAP Air Portugal,landing,arrivee,625,240.8,98.0,,36.58,,
2026-06-18,22:43:05,RZO124,CS-TSM,Airbus A320,TAP Air Portugal,landing,arrivee,650,236.7,99.5,,31.53,,
2026-06-18,22:46:12,TAP64M,CS-TVF,Airbus A320neo,TAP Air Portugal,landing,arrivee,625,227.4,92.1,,29.54,,
2026-06-18,22:49:05,EJU91TW,OE-IDU,Airbus A320,easyJet Europe,landing,arrivee,650,238.4,99.5,,35.78,,
2026-06-18,22:51:34,AFR64PQ,F-HEPH,Airbus A320,Air France,landing,arrivee,650,239.1,97.3,,44.16,,
2026-06-18,22:57:05,EJU69VE,OE-LSV,Airbus A320neo,easyJet Europe,landing,arrivee,600,226.7,97.9,,25.77,,
2026-06-18,22:58:53,EJU93ZB,OE-LSP,Airbus A320,easyJet Europe,landing,arrivee,625,230.6,95.4,,26.96,,
2026-06-18,23:01:28,RYR3RB,EI-EFD,Boeing 737-800,Ryanair,landing,arrivee,625,265.6,95.8,,44.87,,
2026-06-18,23:03:29,TAP645,CS-TJP,Airbus A321neo,TAP Air Portugal,landing,arrivee,625,248.4,98.8,,26.36,,
2026-06-18,23:04:59,KLM35W,PH-AXA,Airbus A321neo,KLM,landing,arrivee,700,254.8,99.2,,28.09,,
2026-06-18,23:07:28,TAP555,CS-TJF,Airbus A321,TAP Air Portugal,landing,arrivee,650,244.6,100,,46.67,,
2026-06-18,23:09:19,THY2ES,TC-LTE,Airbus A321neo,Turkish Airlines,landing,arrivee,625,235.9,93.0,,37.43,,
2026-06-18,23:10:49,DLH23C,D-AIDL,Airbus A321,Lufthansa,landing,arrivee,650,263.9,100,,38.26,,
2026-06-18,23:13:34,ASL41G,YU-APC,Airbus A319,Air Serbia,landing,arrivee,625,217.4,94.6,,39.42,,
2026-06-18,23:16:23,TAP35MT,CS-TNV,Airbus A320,TAP Air Portugal,landing,arrivee,650,211.5,99.1,,31.15,,
2026-06-18,23:22:10,SWR755L,HB-JPB,Airbus A321neo,Swiss,landing,arrivee,650,257.2,99.3,,41.54,,
2026-06-18,23:24:07,TAP94KM,CS-TNQ,Airbus A320,TAP Air Portugal,landing,arrivee,650,257.2,97.7,,46.07,,
2026-06-18,23:26:08,TVF34QV,F-HTVG,Boeing 737-800,Transavia France,landing,arrivee,675,243.9,95.3,,49.25,,
2026-06-18,23:27:43,RYR5PJ,EI-ILD,Boeing 737 MAX 8,Ryanair,landing,arrivee,650,258.4,94.2,,38.68,,
2026-06-18,23:30:47,TAP3834,CS-TPX,Embraer E190,TAP Air Portugal,landing,arrivee,600,242.4,99.1,,39.52,,
2026-06-18,23:33:04,RYR9PX,EI-GXM,Boeing 737-800,Ryanair,landing,arrivee,625,258.9,95.9,,58.68,,
2026-06-18,23:35:21,BAW508,G-EUPJ,Airbus A319,British Airways,landing,arrivee,625,225.9,97.6,,29.95,,
2026-06-18,23:36:58,RYR8AT,EI-EPD,Boeing 737-800,Ryanair,landing,arrivee,625,259.7,94.7,,51.41,,
2026-06-18,23:38:47,XGN378,,,,landing,arrivee,625,214.3,92.1,,22.32,,
2026-06-18,23:40:18,EJU36BG,OE-IBF,Airbus A320,easyJet Europe,landing,arrivee,550,245.9,87.6,,19.44,,
2026-06-18,23:42:24,MMZ648P,,,,landing,arrivee,625,215.0,98.6,,32.95,,
2026-06-18,23:45:51,IBE0539,EC-JGS,Airbus A321,Iberia,landing,arrivee,600,273.2,97.8,,35.0,,
2026-06-18,23:51:32,TAP39PT,CS-TTS,Airbus A319,TAP Air Portugal,landing,arrivee,650,230.0,99.6,,30.53,,
2026-06-18,23:53:36,RZO9131,CS-TSG,Airbus A321neo,TAP Air Portugal,landing,arrivee,675,223.2,98.2,,27.82,,
2026-06-18,23:56:09,EJU64TB,OE-IWW,Airbus A320,easyJet Europe,landing,arrivee,625,247.6,96.6,,40.82,,
2026-06-18,23:58:43,TVF47RH,F-HTVD,Boeing 737-800,Transavia France,landing,arrivee,625,253.9,96.5,,57.18,,
2026-06-19,00:04:18,TAP43RY,EC-OCT,Airbus A321,TAP Air Portugal,landing,arrivee,650,255.6,95.0,,40.83,,
2026-06-19,00:17:39,GOLDN61,,,,approach,arrivee,650,223.2,94.2,,40.43,,
2026-06-19,01:26:59,9HGME,,,,cruise,,1525,214.3,91.3,,18.45,,
2026-06-19,02:22:09,RZO128,CS-TKQ,Airbus A320,TAP Air Portugal,landing,arrivee,675,258.0,99.9,,34.18,,
2026-06-19,04:36:49,TAP074,CS-TUN,Airbus A330-900neo,TAP Air Portugal,landing,arrivee,700,262.4,100,,33.81,,
2026-06-19,05:06:09,TAP202A,CS-TXK,Airbus A321,TAP Air Portugal,landing,arrivee,700,274.8,100,,26.56,,
2026-06-19,05:14:47,TAP25YZ,CS-TXD,Airbus A321neo,TAP Air Portugal,landing,arrivee,675,266.3,100,,27.31,,
2026-06-19,05:19:37,TAP224,CS-TUL,Airbus A330-900neo,TAP Air Portugal,landing,arrivee,750,248.4,97.4,,47.64,,
2026-06-19,05:30:05,TAP218,CS-TXF,Airbus A321neo,TAP Air Portugal,landing,arrivee,675,236.7,97.1,,30.2,,
2026-06-19,05:35:41,TAP96AW,CS-TVN,Airbus A320neo,TAP Air Portugal,landing,arrivee,675,233.2,98.4,,29.94,,
2026-06-19,05:39:44,TAP232Y,CS-TXB,Airbus A321neo,TAP Air Portugal,landing,arrivee,675,256.5,99.3,,31.86,,
2026-06-19,05:43:19,N94JL,N94JL,G450,Royalty World Inc. SAS,landing,arrivee,700,234.8,96.6,,25.78,,
2026-06-19,05:44:54,TAP9012,CS-TNR,Airbus A320,TAP Air Portugal,landing,arrivee,650,242.4,97.0,,29.22,,
2026-06-19,05:51:24,TAP1937,CS-TNX,Airbus A320,TAP Air Portugal,landing,arrivee,700,239.1,97.2,,38.47,,
2026-06-19,05:54:43,TAP1550,CS-TVL,Airbus A320,TAP Air Portugal,landing,arrivee,675,228.4,93.8,,30.45,,
2026-06-19,06:02:37,TAP058,CS-TUQ,Airbus A330-900neo,TAP Air Portugal,landing,arrivee,700,246.7,99.3,,45.65,,
2026-06-19,06:05:16,TAP1544,CS-TVD,Airbus A320neo,TAP Air Portugal,landing,arrivee,700,234.3,99.7,,29.58,,
2026-06-19,06:08:13,TAP1484,CS-TVP,Airbus A320neo,TAP Air Portugal,landing,arrivee,675,239.1,94.9,,26.98,,
2026-06-19,06:12:03,TAP1097,CS-TPZ,Embraer E190,TAP Air Portugal,landing,arrivee,800,238.4,100,,35.52,,
2026-06-19,06:19:16,TAP11VP,CS-TPV,Embraer E190,TAP Air Portugal,landing,arrivee,650,228.2,96.6,,26.31,,
2026-06-19,06:26:31,TAM8146,PT-MUH,Boeing 777-300ER,LATAM Airlines,landing,arrivee,675,263.2,95.3,,39.36,,
2026-06-19,06:33:42,DTA650,D2-TEK,Boeing 777-300ER,TAAG Angola Airlines,landing,arrivee,700,276.5,95.1,,51.36,,
2026-06-19,06:36:43,TAY1MN,OE-IXM,Boeing 737-800,,landing,arrivee,650,248.4,91.1,,43.5,,
2026-06-19,06:39:44,TAP1908,CS-TNY,Airbus A320,TAP Air Portugal,landing,arrivee,675,239.1,99.0,,33.91,,
2026-06-19,06:42:27,TAP475,CS-TAX,Embraer E195,TAP Air Portugal,landing,arrivee,675,252.4,93.9,,39.94,,
2026-06-19,06:45:08,TAP41SN,CS-TNJ,Airbus A320,TAP Air Portugal,landing,arrivee,675,251.7,95.4,,35.34,,
2026-06-19,06:47:53,AEA1159,EC-OSS,Boeing 737 MAX 8,Air Europa,landing,arrivee,675,260.8,99.9,,34.9,,
2026-06-19,06:58:51,TAP104,CS-TUB,Airbus A330-900neo,TAP Air Portugal,landing,arrivee,675,240.8,97.0,,45.16,,
2026-06-19,07:03:22,TAP1139,CS-TPR,Embraer E190,TAP Air Portugal,landing,arrivee,650,230.8,90.8,,26.36,,
2026-06-19,07:07:44,TAP98CX,CS-TJM,Airbus A321neo,TAP Air Portugal,landing,arrivee,675,252.4,96.8,,29.84,,
2026-06-19,07:11:38,TAP441,CS-TVB,Airbus A320neo,TAP Air Portugal,landing,arrivee,675,243.9,100,,29.88,,
2026-06-19,07:16:03,TAP40MR,CS-TAY,Embraer E195,TAP Air Portugal,landing,arrivee,650,261.5,99.4,,28.25,,
2026-06-19,07:20:12,IBE05TR,EC-NCM,Airbus A320neo,Iberia,landing,arrivee,650,254.8,96.8,,27.42,,
2026-06-19,07:23:24,TAP495Y,CS-TPU,Embraer E190,TAP Air Portugal,landing,arrivee,625,240.8,88.1,,32.05,,
2026-06-19,07:26:08,SRR6646,OY-SRN,767 219ERBDSF,Star Air,landing,arrivee,700,237.4,98.8,,29.77,,
2026-06-19,07:28:25,RYR7VL,9H-QDE,Boeing 737-800,Malta Air,landing,arrivee,650,273.9,95.1,,40.91,,
2026-06-19,07:31:24,TAP945,CS-TVC,Airbus A320neo,TAP Air Portugal,landing,arrivee,650,255.6,87.9,,29.9,,
2026-06-19,07:33:58,TAP9ML,CS-TJI,Airbus A321neo,TAP Air Portugal,landing,arrivee,675,273.2,97.4,,25.87,,
2026-06-19,07:37:27,BCS2FC,D-AEAJ,A300 B4-622RF,DHL Air,landing,arrivee,700,247.2,97.7,,45.79,,
2026-06-19,07:40:36,TAP647,CS-TNN,Airbus A320,TAP Air Portugal,landing,arrivee,650,251.5,95.6,,30.4,,
2026-06-19,07:43:18,AZU8900,CS-TSW,Boeing 777-200,Azul,landing,arrivee,700,258.0,97.6,,43.75,,
2026-06-19,07:45:40,DAL272,N410DZ,Airbus A330-900neo,Delta Air Lines,landing,arrivee,700,261.5,99.5,,37.22,,
2026-06-19,07:48:49,TAP8RL,CS-TNL,Airbus A320,TAP Air Portugal,landing,arrivee,650,263.2,92.8,,31.76,,
2026-06-19,07:52:04,WFL035P,EC-NBN,Airbus A330-200,TAP Air Portugal,landing,arrivee,625,233.2,95.8,,29.15,,
2026-06-19,07:55:06,BCS2FC,D-AEAJ,A300 B4-622RF,DHL Air,landing,arrivee,675,247.6,97.3,,36.65,,
2026-06-19,07:58:55,EZY46AK,G-UZHU,Airbus A320neo,easyJet,landing,arrivee,650,258.9,98.5,,27.01,,
2026-06-19,08:01:29,VLG14YF,EC-LVU,Airbus A320,Vueling,landing,arrivee,650,264.1,94.0,,31.6,,
2026-06-19,08:04:23,TAP1939,CS-TPQ,Embraer E190,TAP Air Portugal,landing,arrivee,650,240.8,99.4,,27.35,,
2026-06-19,08:07:14,TAP85CE,CS-TTY,Embraer E195,TAP Air Portugal,landing,arrivee,675,260.8,94.5,,29.29,,
2026-06-19,08:10:03,TAP575,CS-TJL,Airbus A321neo,TAP Air Portugal,landing,arrivee,700,264.8,97.1,,29.35,,
2026-06-19,08:13:07,TAP1023,CS-TVO,Airbus A320neo,TAP Air Portugal,landing,arrivee,1075,254.8,99.3,,24.91,,
2026-06-19,08:16:47,VLG46AX,EC-OGE,Airbus A320,Vueling,landing,arrivee,650,258.9,95.7,,,,
2026-06-19,08:19:56,TAP9RH,CS-TVR,Airbus A320neo,TAP Air Portugal,landing,arrivee,650,250.8,99.9,,27.18,,
2026-06-19,08:22:48,UAL64,N12003,Boeing 787-10,United Airlines,landing,arrivee,650,291.3,89.3,,,,
2026-06-19,08:25:43,RYR4XW,9H-VUA,Boeing 737 MAX 8,Malta Air,landing,arrivee,625,285.6,90.5,,31.66,,
2026-06-19,08:28:17,RYR384,EI-HAT,Boeing 737 MAX 8,Ryanair,landing,arrivee,650,278.9,98.5,,,,
2026-06-19,08:30:57,TAP557H,CS-TVK,Airbus A320neo,TAP Air Portugal,landing,arrivee,1075,260.8,99.7,,23.11,,
2026-06-19,08:34:16,TAP63GL,CS-TVJ,Airbus A320neo,TAP Air Portugal,landing,arrivee,700,261.5,98.1,,,,
2026-06-19,08:36:54,TAP53EI,CS-TVM,Airbus A320neo,TAP Air Portugal,landing,arrivee,950,241.7,97.0,,23.25,,
2026-06-19,08:39:58,AAL258,N838AA,Boeing 787-9,American Airlines,landing,arrivee,675,284.8,95.3,,41.94,,
2026-06-19,08:43:41,TVF55WH,F-HXSJ,Airbus A320neo,Transavia France,landing,arrivee,875,266.5,100,,25.04,,
2026-06-19,08:46:45,TAP27UZ,CS-TTW,Embraer E195,TAP Air Portugal,landing,arrivee,650,260.8,94.2,,28.01,,
2026-06-19,08:49:36,TAP006,CS-TXJ,Airbus A321neo,TAP Air Portugal,landing,arrivee,675,268.9,100,,25.93,,
2026-06-19,08:58:55,RYR14SC,EI-EKO,Boeing 737-800,Ryanair,landing,arrivee,650,278.0,93.2,,39.34,,
2026-06-19,09:02:15,TAP443,CS-TJS,Airbus A321neo,TAP Air Portugal,landing,arrivee,650,273.2,96.7,,25.14,,
2026-06-19,09:10:14,TAP675,CS-TJR,Airbus A321neo,TAP Air Portugal,landing,arrivee,650,274.5,95.8,,,,
2026-06-19,09:14:03,EZY47LC,G-EZTR,Airbus A320,easyJet,landing,arrivee,675,261.7,100,,29.96,,
2026-06-19,09:20:34,RYR67UV,9H-QBG,Boeing 737-800,Malta Air,landing,arrivee,625,273.2,95.7,,33.78,,
2026-06-19,09:24:44,THY3WE,TC-LTO,Airbus A321,Turkish Airlines,landing,arrivee,650,252.4,98.3,,28.85,,
2026-06-19,09:33:36,RZO1126,CS-TKP,Airbus A320,TAP Air Portugal,landing,arrivee,675,260.8,97.4,,32.9,,
2026-06-19,09:38:02,TSC480,C-GUBL,Airbus A330-200,Air Transat,landing,arrivee,1025,258.0,99.8,,29.7,,
2026-06-19,09:41:29,TAP66PD,CS-TVH,Airbus A320neo,TAP Air Portugal,landing,arrivee,650,275.6,97.5,,23.31,,
2026-06-19,09:44:15,TAP216L,CS-TXA,Airbus A321neo,TAP Air Portugal,landing,arrivee,850,280.4,98.7,,25.32,,
2026-06-19,09:48:31,BAW50P,G-EUYX,Airbus A320,British Airways,landing,arrivee,650,266.5,94.2,,,,
2026-06-19,09:51:26,EJU97VT,OE-IDU,Airbus A320,easyJet Europe,landing,arrivee,625,265.6,95.3,,28.51,,
2026-06-19,09:54:08,EZY79RV,G-UZHJ,Airbus A320neo,easyJet,landing,arrivee,650,268.9,96.3,,21.96,,
2026-06-19,09:56:38,TAP210,CS-TOO,Airbus A330-200,TAP Air Portugal,landing,arrivee,675,251.5,97.4,,41.35,,
2026-06-19,09:59:28,TAP1921,CS-TVQ,Airbus A320neo,TAP Air Portugal,landing,arrivee,675,236.7,94.5,,,,
2026-06-19,10:02:02,TAP012,CS-TXG,Airbus A321neo,TAP Air Portugal,landing,arrivee,650,250.8,99.4,,26.93,,
2026-06-19,10:04:40,ACA812,C-GHKC,Airbus A330-300,Air Canada,landing,arrivee,675,260.8,97.7,,34.52,,
2026-06-19,10:08:26,TAP036,EC-OLG,Airbus A330-300,TAP Air Portugal,landing,arrivee,650,260.0,98.9,,33.95,,
2026-06-19,10:10:55,TAP072,CS-TUE,Airbus A330-900neo,TAP Air Portugal,landing,arrivee,675,263.2,97.9,,34.58,,
2026-06-19,10:13:36,TAP254,CS-TXM,Airbus A321,TAP Air Portugal,landing,arrivee,650,268.0,97.8,,25.33,,
2026-06-19,10:16:16,TAP1826,CS-TJJ,Airbus A321neo,TAP Air Portugal,landing,arrivee,650,263.2,96.4,,19.8,,
2026-06-19,10:19:04,TAP11SV,CS-TPZ,Embraer E190,TAP Air Portugal,landing,arrivee,625,251.5,95.3,,24.81,,
2026-06-19,10:21:38,TAP088,CS-TUA,Airbus A330-900neo,TAP Air Portugal,landing,arrivee,725,270.8,97.7,,40.36,,
2026-06-19,10:24:13,RYR668T,EI-IHG,Boeing 737 MAX 8,Ryanair,landing,arrivee,650,272.1,93.7,,,,
2026-06-19,10:33:11,TAP204A,CS-TUI,Airbus A330-900neo,TAP Air Portugal,landing,arrivee,675,263.2,96.0,,,,
2026-06-19,10:36:51,TAP234Y,CS-TXL,Airbus A321neo,TAP Air Portugal,landing,arrivee,650,277.2,98.9,,22.97,,
2026-06-19,10:43:23,AEA1153,EC-MPG,Boeing 737-800,Air Europa,landing,arrivee,725,283.0,96.4,,29.47,,
2026-06-19,10:46:47,TAP13LH,CS-TJN,Airbus A321neo,TAP Air Portugal,landing,arrivee,650,274.8,96.9,,22.4,,
2026-06-19,10:49:19,DAL124,N419DX,Airbus A330-900neo,Delta Air Lines,landing,arrivee,800,268.2,98.9,,37.99,,
2026-06-19,10:52:33,TAP11MG,CS-TPX,Embraer E190,TAP Air Portugal,landing,arrivee,625,245.6,97.5,,23.2,,
2026-06-19,10:54:48,RYR20EE,EI-EFD,Boeing 737-800,Ryanair,landing,arrivee,675,285.6,93.9,,27.13,,
2026-06-19,10:57:18,LGL51P,LX-LBB,Boeing 737-800,Luxair,landing,arrivee,650,287.2,100,,28.23,,
2026-06-19,10:59:08,TAP68JP,CS-TNV,Airbus A320,TAP Air Portugal,landing,arrivee,650,262.2,98.3,,27.76,,
2026-06-19,11:01:48,TAP1923,CS-TNX,Airbus A320,TAP Air Portugal,landing,arrivee,650,267.2,99.7,,,,
2026-06-19,11:03:28,TRA55J,PH-YHZ,Airbus A320,Transavia,landing,arrivee,650,275.6,96.5,,20.73,,
2026-06-19,11:05:59,ACA810,C-FIVM,Boeing 777-300ER,Air Canada,landing,arrivee,675,281.3,94.7,,47.37,,
2026-06-19,11:08:25,KLM1579,PH-AXN,Airbus A321neo,KLM,landing,arrivee,675,261.5,96.7,,,,
2026-06-19,11:10:19,BEL2DY,OO-SNH,Airbus A320,Brussels Airlines,landing,arrivee,725,250.8,98.6,,21.44,,
2026-06-19,11:12:49,RYR3RB,EI-ENK,Boeing 737-800,Ryanair,landing,arrivee,750,268.0,94.8,,,,
2026-06-19,11:14:56,EJU15PC,OE-IBF,Airbus A320,easyJet Europe,landing,arrivee,650,262.4,95.3,,27.12,,
2026-06-19,11:17:12,TAP242,CS-TUH,Airbus A330-900neo,TAP Air Portugal,landing,arrivee,650,271.3,95.7,,,,
2026-06-19,11:23:35,AFR41GW,F-HZUS,BD-500-1A11,Air France,landing,arrivee,625,249.1,94.4,,27.11,,
2026-06-19,11:26:31,TAP048,CS-TXE,Airbus A321neo,TAP Air Portugal,landing,arrivee,650,269.7,99.3,,18.83,,
2026-06-19,11:30:57,TAP9034,CS-TUJ,Airbus A330-900neo,TAP Air Portugal,landing,arrivee,650,251.5,97.9,,32.89,,
2026-06-19,11:33:53,TAP429,CS-TPW,Embraer E190,TAP Air Portugal,landing,arrivee,625,243.2,97.2,,22.53,,
2026-06-19,11:36:20,UAE3MV,A6-EPA,Boeing 777-300ER,Emirates,landing,arrivee,650,284.8,97.7,,52.87,,
2026-06-19,11:39:56,AFR41GW,F-HZUS,BD-500-1A11,Air France,landing,arrivee,625,250.0,97.9,,21.86,,
2026-06-19,11:42:31,EJU14YR,OE-IWW,Airbus A320,easyJet Europe,landing,arrivee,600,273.2,97.6,,,,
2026-06-19,11:45:25,AZU8752,,,Azul,landing,arrivee,650,258.0,98.7,,31.81,,
2026-06-19,11:48:17,DLH39X,D-AIEO,Airbus A321neo,Lufthansa,landing,arrivee,650,260.8,94.6,,29.01,,
2026-06-19,11:49:48,TAP028,CS-TOP,Airbus A330-200,TAP Air Portugal,landing,arrivee,650,247.2,98.1,,39.34,,
2026-06-19,11:52:27,TAP23SL,CS-TUS,Airbus A330-900neo,TAP Air Portugal,landing,arrivee,675,255.6,96.8,,,,
2026-06-19,11:54:52,EJU74EF,OE-IDX,Airbus A320,easyJet Europe,landing,arrivee,1050,264.1,99.1,,28.62,,
2026-06-19,11:58:01,TAP11WQ,CS-TVD,Airbus A320neo,TAP Air Portugal,landing,arrivee,700,256.5,98.2,,,,
2026-06-19,12:03:30,EWG8602,D-AEWW,Airbus A320,Eurowings,landing,arrivee,675,283.7,99.4,,30.78,,
2026-06-19,12:06:07,EZY31FV,G-EZUR,Airbus A320,easyJet,landing,arrivee,750,268.0,97.7,,24.23,,
2026-06-19,12:09:01,EWG66L,9H-SWC,Airbus A320,Eurowings,landing,arrivee,675,253.2,98.3,,21.2,,
2026-06-19,12:12:04,RZO120,CS-TSK,Airbus A320,TAP Air Portugal,landing,arrivee,650,255.6,100,,20.05,,
2026-06-19,12:14:30,495214,CS-TPT,Embraer E190,TAP Air Portugal,landing,arrivee,925,243.2,95.6,,25.0,,
2026-06-19,12:17:39,RYR4ZF,9H-QAT,Boeing 737-800,Malta Air,landing,arrivee,550,283.7,94.5,,11.75,,
2026-06-19,12:19:39,IBE05FV,EC-NTP,Airbus A320neo,Iberia,landing,arrivee,1050,251.5,99.4,,17.11,,
2026-06-19,12:27:44,TVF46JB,F-GZHX,Boeing 737-800,Transavia France,landing,arrivee,925,296.1,95.8,,29.01,,
2026-06-19,12:32:22,OAW8201,HB-AZE,Embraer E190-E2,Helvetic Airways,landing,arrivee,700,249.1,98.4,,20.53,,
2026-06-19,12:34:01,TAP1031,CS-TVA,Airbus A320neo,TAP Air Portugal,landing,arrivee,1025,258.4,99.9,,18.95,,
2026-06-19,12:44:17,EJU78QH,OE-LSV,Airbus A320neo,easyJet Europe,landing,arrivee,1025,247.2,98.7,,19.5,,
2026-06-19,12:51:19,TAP118,CS-TUR,Airbus A330-900neo,TAP Air Portugal,landing,arrivee,1050,259.3,98.9,,28.65,,
2026-06-19,12:53:42,495299,CS-TTY,Embraer E195,TAP Air Portugal,landing,arrivee,950,273.9,98.9,,23.07,,
2026-06-19,12:56:18,RYR16GW,EI-ILD,Boeing 737 MAX 8,Ryanair,landing,arrivee,975,283.0,94.6,,24.69,,
2026-06-19,12:59:21,TAM8148,PT-MUA,Boeing 777-300ER,LATAM Airlines,landing,arrivee,625,286.1,96.4,,43.77,,
2026-06-19,13:01:53,EJU15DB,OE-IVX,Airbus A320,easyJet Europe,landing,arrivee,1000,266.3,96.3,,26.87,,
2026-06-19,13:05:07,TAP831,CS-TNM,Airbus A320,TAP Air Portugal,landing,arrivee,1050,280.0,88.0,,11.33,,
2026-06-19,13:12:59,VLG8JM,EC-NYE,Airbus A321,Vueling,landing,arrivee,1050,258.0,98.9,,16.38,,
2026-06-19,13:16:40,QTR29C,A7-BCD,Boeing 787-8,Qatar Airways,landing,arrivee,700,278.9,99.5,,26.66,,
2026-06-19,13:19:05,TAP91TL,CS-TPQ,Embraer E190,TAP Air Portugal,landing,arrivee,925,258.9,86.1,,11.2,,
2026-06-19,13:22:09,TAP1335,CS-TNQ,Airbus A320,TAP Air Portugal,landing,arrivee,650,265.6,97.5,,25.34,,
2026-06-19,13:25:01,TAP1736,CS-TVB,Airbus A320neo,TAP Air Portugal,landing,arrivee,925,239.8,99.6,,,,
2026-06-19,13:28:05,TAP23V,CS-TAW,Embraer E195,TAP Air Portugal,landing,arrivee,775,271.3,98.9,,20.23,,
2026-06-19,13:30:39,LOT4HT,SP-LVK,Boeing 737 MAX 8,LOT Polish Airlines,landing,arrivee,825,285.0,95.9,,26.48,,
2026-06-19,13:33:40,EJU98EV,OE-IVU,Airbus A320,easyJet Europe,landing,arrivee,900,267.2,99.2,,22.6,,
2026-06-19,13:36:40,SWR32F,HB-JCA,C Series 300,Swiss,landing,arrivee,725,247.2,98.2,,18.16,,
2026-06-19,13:39:00,TAP641,CS-TJK,Airbus A321neo,TAP Air Portugal,landing,arrivee,1050,278.9,96.3,,21.09,,
2026-06-19,13:42:22,RZO150,CS-TKQ,Airbus A320,TAP Air Portugal,climb,depart,3625,348.0,90.6,,11.67,,
2026-06-19,13:48:27,TAP1860,CS-TXB,Airbus A321neo,TAP Air Portugal,landing,arrivee,1050,264.8,99.8,,18.74,,
2026-06-19,13:51:32,TAP86GM,CS-TJF,Airbus A321,TAP Air Portugal,landing,arrivee,1000,280.4,94.1,,26.84,,
2026-06-19,13:54:34,EJU38DF,OE-LSA,Airbus A320neo,easyJet Europe,landing,arrivee,900,246.7,99.8,,26.24,,
2026-06-19,13:57:36,TAP823,CS-TNR,Airbus A320,TAP Air Portugal,landing,arrivee,700,254.8,99.2,,17.72,,
2026-06-19,14:01:21,TAP401P,CS-TPU,Embraer E190,TAP Air Portugal,landing,arrivee,375,250.8,99.9,,10.03,,
2026-06-19,14:02:51,TAP11EG,CS-TTS,Airbus A319,TAP Air Portugal,landing,arrivee,1025,240.8,97.3,,18.51,,
2026-06-19,14:05:54,TAP1013,CS-TJI,Airbus A321neo,TAP Air Portugal,landing,arrivee,900,260.9,98.9,,23.85,,
2026-06-19,14:08:57,RZO150,CS-TKQ,Airbus A320,TAP Air Portugal,landing,arrivee,700,253.2,98.3,,23.83,,
2026-06-19,14:11:20,495216,CS-TPV,Embraer E190,TAP Air Portugal,landing,arrivee,1050,234.8,100,,11.48,,
2026-06-19,14:14:21,RYR85MR,EI-IJO,Boeing 737 MAX 8,Ryanair,landing,arrivee,500,282.4,87.7,,10.57,,
2026-06-19,14:16:55,TAP10VL,CS-TTW,Embraer E195,TAP Air Portugal,landing,arrivee,950,264.8,99.9,,23.33,,
2026-06-19,14:19:56,TAP88TM,CS-TVK,Airbus A320neo,TAP Air Portugal,landing,arrivee,1000,243.2,97.2,,22.69,,
2026-06-19,14:23:03,TAP8RT,CS-TPO,Embraer E190,TAP Air Portugal,landing,arrivee,1000,234.8,98.6,,10.73,,
2026-06-19,14:26:05,TAP27PS,CS-TJR,Airbus A321neo,TAP Air Portugal,landing,arrivee,875,272.1,98.5,,17.71,,
2026-06-19,14:30:19,KLM97N,PH-AXG,Airbus A321neo,KLM,landing,arrivee,1075,281.7,99.3,,20.12,,
2026-06-19,14:33:23,DLH47T,D-AIEJ,Airbus A321neo,Lufthansa,landing,arrivee,1025,256.5,98.6,,24.51,,
2026-06-19,14:36:33,TCV612,D4-CCI,Boeing 737-700,Cabo Verde Airlines,landing,arrivee,975,225.2,96.4,,22.36,,
2026-06-19,14:39:35,TAP084,CS-TUG,Airbus A330-900neo,TAP Air Portugal,landing,arrivee,775,273.2,97.4,,33.3,,
2026-06-19,14:42:37,SWR2BK,HB-JPC,Airbus A321,Swiss,landing,arrivee,825,256.5,97.6,,22.2,,
2026-06-19,14:45:38,TAP481,CS-TAX,Embraer E195,TAP Air Portugal,landing,arrivee,900,262.8,97.7,,24.82,,
2026-06-19,14:48:51,TAP941,CS-TVF,Airbus A320neo,TAP Air Portugal,landing,arrivee,1050,261.5,96.7,,21.29,,
2026-06-19,14:51:52,TAP36GS,CS-TXD,Airbus A321neo,TAP Air Portugal,landing,arrivee,725,277.6,98.0,,26.33,,
2026-06-19,14:54:43,EJU41HA,OE-LSR,Airbus A320,easyJet Europe,landing,arrivee,1000,258.9,98.7,,22.16,,
2026-06-19,14:57:54,AFR37EQ,F-HBNJ,Airbus A320,Air France,landing,arrivee,975,262.4,97.7,,31.2,,
2026-06-19,15:01:15,TAP1143,CS-TVM,Airbus A320neo,TAP Air Portugal,landing,arrivee,1050,261.5,96.9,,19.48,,
2026-06-19,15:04:16,TAP883,CS-TPS,Embraer E190,TAP Air Portugal,landing,arrivee,725,251.5,98.5,,16.54,,
2026-06-19,15:07:18,UAL942,N792UA,Boeing 777-200,United Airlines,landing,arrivee,675,260.8,97.0,,43.93,,
2026-06-19,15:08:49,TAP471A,CS-TAY,Embraer E195,TAP Air Portugal,landing,arrivee,975,257.6,97.7,,20.5,,
2026-06-19,15:12:03,BAW5DW,G-EUUU,Airbus A320,British Airways,landing,arrivee,1075,258.4,97.3,,21.33,,
2026-06-19,15:15:04,RYR12SN,EI-GXM,Boeing 737-800,Ryanair,landing,arrivee,650,279.7,93.6,,29.74,,
2026-06-19,15:17:11,TAP75CH,CS-TVG,Airbus A320neo,TAP Air Portugal,landing,arrivee,1025,240.0,100,,17.54,,
2026-06-19,15:21:43,EJU51EP,OE-LSP,Airbus A320,easyJet Europe,landing,arrivee,450,265.6,100,,10.25,,
2026-06-19,15:23:14,DLH03H,D-AIEQ,Airbus A321,Lufthansa,landing,arrivee,750,255.6,99.2,,23.36,,
2026-06-19,15:25:38,THY4GH,TC-LTM,Airbus A321neo,Turkish Airlines,landing,arrivee,975,252.2,97.3,,25.03,,
2026-06-19,15:28:39,TAP43JD,CS-TTP,Airbus A319,TAP Air Portugal,landing,arrivee,825,250.0,99.6,,18.29,,
2026-06-19,15:31:42,RYR9PX,EI-DLC,Boeing 737-800,Ryanair,landing,arrivee,550,281.1,90.4,,12.23,,
2026-06-19,15:33:32,TAP541W,CS-TPR,Embraer E190,TAP Air Portugal,landing,arrivee,1050,227.4,98.6,,13.98,,
2026-06-19,15:36:35,TAP17RA,CS-TVR,Airbus A320neo,TAP Air Portugal,landing,arrivee,550,270.8,80.3,,12.86,,
2026-06-19,15:38:42,AEA12AT,EC-MPG,Boeing 737-800,Air Europa,landing,arrivee,1075,270.8,94.4,,32.14,,
2026-06-19,15:41:43,BTI7FR,YL-CSC,C Series 300,Air Baltic,landing,arrivee,375,256.5,81.2,,9.41,,
2026-06-19,15:43:14,TAP571,CS-TNU,Airbus A320,TAP Air Portugal,landing,arrivee,525,264.8,80.5,,9.55,,
2026-06-19,15:45:42,TAP83RS,CS-TVC,Airbus A320neo,TAP Air Portugal,landing,arrivee,1050,270.0,99.2,,26.77,,
2026-06-19,15:48:44,FIN96W,OH-LZU,Airbus A321,Finnair,landing,arrivee,750,271.3,97.6,,32.81,,
2026-06-19,15:51:48,TAP016,CS-TXI,Airbus A321neo,TAP Air Portugal,landing,arrivee,925,264.8,99.7,,19.2,,
2026-06-19,15:54:49,TAP669,CS-TXK,Airbus A321,TAP Air Portugal,landing,arrivee,625,279.7,86.3,,27.63,,
2026-06-19,15:57:23,EZY35DC,G-EZTD,Airbus A320,easyJet,landing,arrivee,950,257.2,99.1,,30.16,,
2026-06-19,16:00:26,TAP250,CS-TUP,Airbus A330-900neo,TAP Air Portugal,landing,arrivee,675,265.8,93.8,,35.25,,
2026-06-19,16:02:37,VLG7PA,EC-MQE,Airbus A320,Vueling,landing,arrivee,1075,251.5,97.4,,36.18,,
2026-06-19,16:06:10,TAP90EH,CS-TPX,Embraer E190,TAP Air Portugal,landing,arrivee,650,249.1,98.8,,23.65,,
2026-06-19,16:08:12,TAP71VE,CS-TNJ,Airbus A320,TAP Air Portugal,landing,arrivee,1050,255.9,97.7,,14.96,,
2026-06-19,16:11:13,TAP31DB,CS-TVN,Airbus A320neo,TAP Air Portugal,landing,arrivee,850,248.4,98.0,,25.64,,
2026-06-19,16:14:15,EJU81TJ,OE-IDU,Airbus A320,easyJet Europe,landing,arrivee,550,270.8,73.0,,11.26,,
2026-06-19,16:16:46,TAP56DT,CS-TVL,Airbus A320,TAP Air Portugal,landing,arrivee,675,266.5,93.5,,19.61,,
2026-06-19,16:18:52,TAP553R,CS-TJP,Airbus A321neo,TAP Air Portugal,landing,arrivee,1050,250.8,98.4,,18.79,,
2026-06-19,16:22:02,ANE91TE,EC-OTG,Bombardier CRJ-1000,Air Nostrum,landing,arrivee,800,266.5,97.3,,17.49,,
2026-06-19,16:23:46,49521a,CS-TPZ,Embraer E190,TAP Air Portugal,landing,arrivee,900,253.2,98.4,,28.0,,
2026-06-19,16:26:18,TAP931L,CS-TNN,Airbus A320,TAP Air Portugal,landing,arrivee,1025,247.2,97.5,,26.67,,
2026-06-19,16:29:27,TAP1359,CS-TVJ,Airbus A320neo,TAP Air Portugal,landing,arrivee,750,253.9,99.6,,20.44,,
2026-06-19,16:30:57,TAP433,CS-TJS,Airbus A321neo,TAP Air Portugal,landing,arrivee,1075,274.8,98.3,,21.02,,
2026-06-19,16:34:29,ASL53X,YU-APN,Airbus A319,Air Serbia,landing,arrivee,675,247.6,96.4,,21.63,,
2026-06-19,16:36:34,TAP145W,CS-TNY,Airbus A320,TAP Air Portugal,landing,arrivee,950,239.1,99.5,,23.16,,
2026-06-19,16:39:46,TAP1862,CS-TVH,Airbus A320neo,TAP Air Portugal,landing,arrivee,700,274.8,98.5,,22.12,,
2026-06-19,16:41:59,EJU45HZ,OE-IBF,Airbus A320,easyJet Europe,landing,arrivee,900,257.2,98.6,,30.13,,
2026-06-19,16:45:07,TAP298,CS-TUM,Airbus A330-900neo,TAP Air Portugal,landing,arrivee,725,260.8,97.0,,36.81,,
2026-06-19,16:48:45,TAP1824,CS-TJL,Airbus A321neo,TAP Air Portugal,landing,arrivee,1100,260.8,99.4,,18.5,,
2026-06-19,16:53:39,RYR36JX,EI-DCM,Boeing 737-800,Ryanair,landing,arrivee,650,273.9,96.1,,28.73,,
2026-06-19,16:56:31,OBS130P,CS-TCF,Airbus A330-900neo,TAP Air Portugal,landing,arrivee,825,239.1,99.8,,30.32,,
2026-06-19,16:58:57,RYR5KT,EI-EFD,Boeing 737-800,Ryanair,landing,arrivee,850,275.6,96.9,,29.9,,
2026-06-19,17:01:05,EWG25P,D-AIDO,Airbus A321,Eurowings,landing,arrivee,1075,268.9,97.0,,28.04,,
2026-06-19,17:04:11,RYR55AR,9H-VUR,Boeing 737 MAX 8,Malta Air,landing,arrivee,675,268.9,98.5,,24.59,,
2026-06-19,17:06:48,TAP1929,CS-TTY,Embraer E195,TAP Air Portugal,landing,arrivee,775,259.7,99.8,,28.65,,
2026-06-19,17:09:21,RYR59QQ,EI-HEV,Boeing 737 MAX 8,Ryanair,landing,arrivee,650,281.7,93.2,,30.32,,
2026-06-19,17:12:23,VLG9QY,EC-LOB,Airbus A320,Vueling,landing,arrivee,675,242.4,95.5,,31.55,,
2026-06-19,17:19:14,TAP9746,CS-TPP,Embraer E190,TAP Air Portugal,landing,arrivee,675,218.4,98.8,,19.99,,
2026-06-19,17:21:43,SWR36K,HB-JDH,Airbus A320neo,Swiss,landing,arrivee,675,239.1,94.1,,22.14,,
2026-06-19,17:32:35,TAP643,CS-TXA,Airbus A321neo,TAP Air Portugal,landing,arrivee,950,265.6,99.4,,21.68,,
2026-06-19,17:35:42,RAM982,CN-ROU,Boeing 737-800,Royal Air Maroc,landing,arrivee,650,268.9,95.0,,41.52,,
2026-06-19,17:41:48,TRA27L,PH-HSC,Boeing 737-800,Turkish Airlines,landing,arrivee,700,273.9,97.1,,42.05,,
2026-06-19,17:45:43,RYR98HW,EI-IKY,Boeing 737 MAX 8,Ryanair,landing,arrivee,675,273.2,92.6,,26.66,,
2026-06-19,17:48:37,BAW506,G-TTSF,Airbus A320neo,British Airways,landing,arrivee,675,240.8,99.2,,22.49,,
2026-06-19,17:51:14,AFR24MF,F-GKXT,Airbus A320,Air France,landing,arrivee,700,241.5,99.7,,26.47,,
2026-06-19,17:55:00,EJU69VE,OE-LSV,Airbus A320neo,easyJet Europe,landing,arrivee,700,237.4,99.1,,20.81,,
2026-06-19,17:57:51,RZO1146,CS-TKP,Airbus A320,TAP Air Portugal,landing,arrivee,750,247.2,98.6,,24.53,,
2026-06-19,18:01:16,TVF46GH,F-HUYA,Boeing 737-800,Transavia France,landing,arrivee,675,272.4,97.7,,24.44,,
2026-06-19,18:05:53,TAP435,CS-TVO,Airbus A320neo,TAP Air Portugal,landing,arrivee,1075,233.5,99.2,,11.74,,
2026-06-19,18:13:42,TAP15CV,CS-TJO,Airbus A321neo,TAP Air Portugal,landing,arrivee,700,265.6,98.5,,18.07,,
2026-06-19,18:16:28,DAH3004,7T-VJQ,737NG 6D6,Air Algerie,landing,arrivee,625,235.6,93.4,,28.45,,
2026-06-19,18:18:59,IBE05RP,EC-MDK,Airbus A320,Iberia,landing,arrivee,675,249.8,97.4,,31.27,,
2026-06-19,18:21:44,TAP1017,CS-TPY,Embraer E190,TAP Air Portugal,landing,arrivee,650,234.8,96.4,,27.69,,
2026-06-19,18:24:17,VLG5YW,EC-MVO,Airbus A320,Vueling,landing,arrivee,650,258.4,96.5,,26.55,,
2026-06-19,18:27:16,TAP1542,CS-TJM,Airbus A321neo,TAP Air Portugal,landing,arrivee,725,253.2,99.8,,20.99,,
2026-06-19,18:29:57,TAP1558,CS-TVP,Airbus A320neo,TAP Air Portugal,landing,arrivee,675,231.5,98.9,,18.79,,
2026-06-19,18:33:02,TAP1455,CS-TPQ,Embraer E190,TAP Air Portugal,landing,arrivee,650,226.7,97.0,,19.15,,
2026-06-19,18:40:40,TVF90KW,F-HUYT,Boeing 737-800,Transavia France,landing,arrivee,1050,255.2,100,,30.12,,
2026-06-19,18:44:07,UAE5M,A6-EPH,Boeing 777-300ER,Emirates,landing,arrivee,725,274.8,95.3,,61.94,,
2026-06-19,18:46:45,KLM71Y,PH-AXC,Airbus A321neo,KLM,landing,arrivee,700,270.8,100,,24.36,,
2026-06-19,18:50:25,TAP781,EC-OCT,Airbus A321,TAP Air Portugal,landing,arrivee,1000,264.8,96.5,,24.08,,
2026-06-19,18:53:07,WMT6155,HA-LTH,Airbus A321,SAS Scandinavian,landing,arrivee,950,268.9,100,,21.87,,
2026-06-19,18:55:37,EZS62YX,HB-JXS,Airbus A320,Austrian Airlines,landing,arrivee,1000,240.8,100,,26.36,,
2026-06-19,18:58:55,TAP1906,CS-TAY,Embraer E195,TAP Air Portugal,landing,arrivee,675,246.3,98.6,,23.63,,
2026-06-19,19:01:17,RZO124,CS-TSK,Airbus A320,TAP Air Portugal,landing,arrivee,950,241.5,99.4,,22.48,,
2026-06-19,19:04:02,KLM71Y,PH-AXC,Airbus A321neo,KLM,landing,arrivee,875,266.3,99.3,,24.22,,
2026-06-19,19:06:44,EZY65DX,G-UZME,Airbus A321neo,easyJet,landing,arrivee,700,269.7,100,,23.25,,
2026-06-19,19:09:35,TAP35BL,CS-TAW,Embraer E195,TAP Air Portugal,landing,arrivee,675,253.9,100,,21.54,,
2026-06-19,19:12:21,TAP1241,CS-TJE,Airbus A321,TAP Air Portugal,landing,arrivee,700,263.9,97.3,,28.05,,
2026-06-19,19:17:48,EJU71TK,OE-ING,Airbus A320,easyJet Europe,landing,arrivee,675,253.2,100,,21.46,,
2026-06-19,19:20:01,AEA1157,EC-MXM,Boeing 737-800,Air Europa,landing,arrivee,1025,257.2,96.9,,28.15,,
2026-06-19,19:23:14,TAP1931,CS-TPS,Embraer E190,TAP Air Portugal,landing,arrivee,650,229.1,96.0,,25.67,,
2026-06-19,19:25:28,TAY2MN,OE-IXM,Boeing 737-800,,landing,arrivee,950,226.7,96.9,,22.0,,
2026-06-19,19:28:25,RYR95SN,9H-QAT,Boeing 737-800,Malta Air,landing,arrivee,675,273.9,95.6,,31.91,,
2026-06-19,19:31:14,EJU4763,OE-IJO,Airbus A320,easyJet Europe,landing,arrivee,675,249.8,98.6,,31.93,,
2026-06-19,19:33:53,TAP825,CS-TJN,Airbus A321neo,TAP Air Portugal,landing,arrivee,700,271.3,97.9,,22.15,,
2026-06-19,19:37:46,WZZ477,9H-WNN,Airbus A321neo,Wizz Air,landing,arrivee,650,262.2,98.9,,21.02,,
2026-06-19,19:40:12,RYR21WA,SP-RZD,Boeing 737 MAX 8,Buzz,landing,arrivee,650,270.8,99.3,,22.68,,
2026-06-19,19:43:35,TRA951N,PH-YHW,Airbus A321neo,Transavia,landing,arrivee,650,243.5,89.8,,22.77,,
2026-06-19,19:45:28,TAP835,CS-TNV,Airbus A320,TAP Air Portugal,landing,arrivee,1050,263.2,98.0,,23.55,,
2026-06-19,19:47:42,TAP671,CS-TJJ,Airbus A321neo,TAP Air Portugal,landing,arrivee,700,246.7,99.0,,19.94,,
2026-06-19,19:53:33,EJU67HP,OE-LKO,Airbus A319,easyJet Europe,landing,arrivee,675,244.8,100,,23.2,,
2026-06-19,19:56:45,TAP25AC,CS-TTW,Embraer E195,TAP Air Portugal,landing,arrivee,675,249.1,98.8,,28.71,,
2026-06-19,19:59:27,EZY26YM,G-EJCI,Airbus A320,easyJet,landing,arrivee,700,249.8,99.1,,27.2,,
2026-06-19,20:02:11,RZO122,CS-TSG,Airbus A321neo,TAP Air Portugal,landing,arrivee,700,258.9,98.9,,19.83,,
2026-06-19,20:04:58,TAP69UX,CS-TNX,Airbus A320,TAP Air Portugal,landing,arrivee,675,247.2,96.5,,27.46,,
2026-06-19,20:07:17,KAL921,HL8082,Boeing 787-9,Korean Air,landing,arrivee,650,257.2,96.4,,25.64,,
2026-06-19,20:10:32,BEL2DT,OO-TCV,Airbus A320,Brussels Airlines,landing,arrivee,650,235.6,95.2,,25.94,,
2026-06-19,20:13:26,TAP1155,CS-TPV,Embraer E190,TAP Air Portugal,landing,arrivee,675,239.8,99.1,,25.49,,
2026-06-19,20:16:16,EZY26YM,G-EJCI,Airbus A320,easyJet,landing,arrivee,650,243.2,94.0,,30.17,,
2026-06-19,20:19:11,MMZ352,,,,landing,arrivee,650,256.5,97.5,,37.74,,
2026-06-19,20:22:02,VLG8UE,EC-MER,Airbus A320,Vueling,landing,arrivee,700,244.3,96.9,,20.84,,
2026-06-19,20:24:19,DTA652,D2-TEG,Boeing 777-300ER,TAAG Angola Airlines,landing,arrivee,1075,266.5,99.7,,47.45,,
2026-06-19,20:27:46,TAP1019,CS-TNR,Airbus A320,TAP Air Portugal,landing,arrivee,675,246.7,99.6,,26.86,,
2026-06-19,20:30:36,WMT537,9H-OLA,Twin Star DA42,Private,landing,arrivee,650,235.6,99.0,,22.93,,
2026-06-19,20:32:55,EWG37V,D-AEWU,Airbus A320,Eurowings,landing,arrivee,875,260.8,98.7,,30.23,,
2026-06-19,20:36:02,VLG39HL,EC-MOG,Airbus A320,Vueling,landing,arrivee,650,244.8,93.4,,28.16,,
2026-06-19,20:43:09,RYR24SE,EI-ILD,Boeing 737 MAX 8,Ryanair,landing,arrivee,650,271.3,97.7,,26.62,,
2026-06-19,20:45:58,34620b,EC-NFI,Airbus A320neo,Iberia,landing,arrivee,1050,230.8,100,,14.89,,
2026-06-19,20:49:16,TAP1207,CS-TVQ,Airbus A320neo,TAP Air Portugal,landing,arrivee,675,230.8,99.2,,22.91,,
2026-06-19,20:51:26,EZY25BM,G-UZHN,Airbus A320neo,easyJet,landing,arrivee,1000,226.7,98.2,,22.0,,
2026-06-19,20:55:05,TAP877,CS-TPW,Embraer E190,TAP Air Portugal,landing,arrivee,650,226.7,97.4,,25.25,,
2026-06-19,21:02:54,VLG4JP,EC-OOV,Airbus A320,Vueling,landing,arrivee,650,247.2,98.2,,26.28,,
2026-06-19,21:07:14,TAP1692,CS-TAX,Embraer E195,TAP Air Portugal,landing,arrivee,600,260.4,99.6,,22.21,,
2026-06-19,21:09:41,RYR3WD,EI-GXM,Boeing 737-800,Ryanair,landing,arrivee,675,268.7,96.1,,39.92,,
2026-06-19,21:14:38,TAP437X,CS-TJI,Airbus A321neo,TAP Air Portugal,landing,arrivee,675,261.5,100,,23.25,,
2026-06-19,21:17:35,TAP37CN,CS-TPR,Embraer E190,TAP Air Portugal,landing,arrivee,625,227.4,98.0,,29.78,,
2026-06-19,21:19:55,ETH8804,ET-ASI,Boeing 787-8,Ethiopian Airlines,landing,arrivee,650,252.4,100,,25.33,,
2026-06-19,21:23:44,VOE54GD,EC-NOQ,Airbus A320,Volotea,landing,arrivee,1075,238.0,100,,14.66,,
2026-06-19,21:26:47,TAP863Y,CS-TNL,Airbus A320,TAP Air Portugal,landing,arrivee,925,234.3,99.6,,31.3,,
2026-06-19,21:29:45,TAP57W,CS-TJK,Airbus A321neo,TAP Air Portugal,landing,arrivee,625,264.8,100,,23.06,,
2026-06-19,21:31:55,TAP94VA,CS-TJR,Airbus A321neo,TAP Air Portugal,landing,arrivee,1075,248.4,100,,23.06,,
2026-06-19,21:34:57,RZO152,CS-TKQ,Airbus A320,TAP Air Portugal,landing,arrivee,725,247.2,100,,26.72,,
2026-06-19,21:37:41,RYR32KG,EI-DYR,Boeing 737-800,Ryanair,landing,arrivee,675,271.3,100,,32.68,,
2026-06-19,21:40:12,TAP1325,CS-TPO,Embraer E190,TAP Air Portugal,landing,arrivee,975,228.4,100,,25.14,,
2026-06-19,21:43:45,PGT1561,TC-NCV,Airbus A320neo,Pegasus,landing,arrivee,650,232.4,98.9,,19.71,,
2026-06-19,21:46:43,FIA5811,ER-00005,Airbus A320,Fly One,landing,arrivee,675,240.8,96.4,,35.6,,
2026-06-19,21:49:20,RZO134,,,TAP Air Portugal,landing,arrivee,625,242.4,95.1,,27.51,,
2026-06-19,21:52:04,RYR4RL,9H-QCH,Boeing 737-800,Malta Air,landing,arrivee,625,266.5,92.3,,31.09,,
2026-06-19,21:54:42,EIN4PT,EI-DEG,Airbus A320,Aer Lingus,landing,arrivee,675,252.2,99.1,,25.14,,
2026-06-19,21:57:47,WJA32,C-FKWS,Boeing 737-700,WestJet,landing,arrivee,650,263.2,97.8,,25.54,,
2026-06-19,22:00:43,RYR7GJ,9H-VVL,Boeing 737 MAX 8,Malta Air,landing,arrivee,600,263.2,97.8,,25.65,,
2026-06-19,22:03:21,TAP827V,CS-TNQ,Airbus A320,TAP Air Portugal,landing,arrivee,675,259.3,97.9,,26.91,,
2026-06-19,22:06:23,TAP1933,CS-TPX,Embraer E190,TAP Air Portugal,landing,arrivee,625,230.8,95.8,,27.39,,
2026-06-19,22:08:28,TAP67U,CS-TVB,Airbus A320neo,TAP Air Portugal,landing,arrivee,1050,216.7,100,,14.89,,
2026-06-19,22:12:03,TAP837,CS-TTS,Airbus A319,TAP Air Portugal,landing,arrivee,600,248.4,99.7,,29.54,,
2026-06-19,22:18:48,TVF34QV,F-GZHR,Boeing 737-800,Transavia France,landing,arrivee,675,266.5,94.9,,40.87,,
2026-06-19,22:21:18,EJU69GW,OE-LSA,Airbus A320neo,easyJet Europe,landing,arrivee,1025,243.5,97.1,,24.17,,
2026-06-19,22:24:41,TAP76EN,CS-TVD,Airbus A320neo,TAP Air Portugal,landing,arrivee,675,245.9,98.4,,23.39,,
2026-06-19,22:27:25,TAP93ZS,CS-TVA,Airbus A320neo,TAP Air Portugal,landing,arrivee,650,232.4,99.5,,22.49,,
2026-06-19,22:32:36,AEE7PT,SX-NAC,Airbus A321neo,Aegean Airlines,landing,arrivee,650,253.2,96.3,,35.22,,
2026-06-19,22:35:36,TAP1369,CS-TVF,Airbus A320neo,TAP Air Portugal,landing,arrivee,650,235.6,94.8,,21.42,,
2026-06-19,22:38:09,DLH34J,D-AISX,Airbus A321,Lufthansa,landing,arrivee,650,267.2,97.4,,27.51,,
2026-06-19,22:41:25,SEH922,SX-GRE,Airbus A320neo,Sky Express Greece,landing,arrivee,625,241.5,99.9,,19.82,,
2026-06-19,22:43:48,TAP5AS,CS-TNM,Airbus A320,TAP Air Portugal,landing,arrivee,650,263.4,99.8,,32.39,,
2026-06-19,22:46:34,RYR9QJ,9H-QCK,Boeing 737-800,Malta Air,landing,arrivee,650,254.8,95.2,,48.36,,
2026-06-19,22:49:45,DLH64P,D-AINT,Airbus A320neo,Lufthansa,landing,arrivee,650,236.9,94.5,,21.76,,
2026-06-19,22:52:20,AFR64PQ,F-GRXF,Airbus A319,Air France,landing,arrivee,625,236.7,97.3,,27.21,,
2026-06-19,22:55:27,TAP43RY,CS-TVM,Airbus A320neo,TAP Air Portugal,landing,arrivee,625,239.1,98.6,,21.74,,
2026-06-19,22:58:10,TVF47RH,F-HTVH,Boeing 737-800,Transavia France,landing,arrivee,625,258.9,91.5,,40.01,,
2026-06-19,23:01:06,EJU15UG,OE-IBF,Airbus A320,easyJet Europe,landing,arrivee,650,254.8,97.0,,30.92,,
2026-06-19,23:03:56,THY2ES,TC-LCN,Boeing 737 MAX 8,Turkish Airlines,landing,arrivee,625,276.3,97.5,,28.86,,
2026-06-19,23:07:17,BAW508,G-TTNY,Airbus A320neo,British Airways,landing,arrivee,650,233.9,96.4,,22.05,,
2026-06-19,23:09:57,RYR76WW,EI-IFY,Boeing 737 MAX 8,Ryanair,landing,arrivee,625,271.7,97.1,,30.84,,
2026-06-19,23:12:58,EJU95BR,OE-LSV,Airbus A320neo,easyJet Europe,landing,arrivee,625,240.8,93.1,,20.68,,
2026-06-19,23:16:11,TAP21MM,CS-TTP,Airbus A319,TAP Air Portugal,landing,arrivee,650,226.7,95.7,,24.45,,
2026-06-19,23:19:10,TAP9747,,,TAP Air Portugal,landing,arrivee,625,223.2,97.1,,19.7,,
2026-06-19,23:22:11,TAP555,CS-TJH,Airbus A321,TAP Air Portugal,landing,arrivee,600,253.2,91.2,,29.98,,
2026-06-19,23:25:43,EJU74EP,OE-IDX,Airbus A320,easyJet Europe,landing,arrivee,600,244.8,98.7,,38.59,,
2026-06-19,23:27:47,TAP64M,CS-TVG,Airbus A320neo,TAP Air Portugal,landing,arrivee,650,238.4,96.9,,27.0,,
2026-06-19,23:29:41,RYR68VC,EI-IJO,Boeing 737 MAX 8,Ryanair,landing,arrivee,625,272.4,94.5,,30.36,,
2026-06-19,23:32:33,TAP645,CS-TVK,Airbus A320neo,TAP Air Portugal,landing,arrivee,625,244.6,100,,23.88,,
2026-06-19,23:34:12,KLM35W,PH-AXL,Airbus A321neo,KLM,landing,arrivee,625,238.9,93.1,,22.09,,
2026-06-19,23:37:01,IBE0539,EC-HUI,Airbus A321,Iberia,landing,arrivee,600,253.9,94.2,,41.46,,
2026-06-19,23:38:44,EJU91TW,OE-IWW,Airbus A320,easyJet Europe,landing,arrivee,625,255.6,94.4,,28.75,,
2026-06-19,23:41:36,TAP35MT,CS-TNN,Airbus A320,TAP Air Portugal,landing,arrivee,625,235.2,97.5,,29.83,,
2026-06-19,23:44:20,EJU64TB,OE-IDU,Airbus A320,easyJet Europe,landing,arrivee,650,242.4,95.3,,30.2,,
2026-06-19,23:47:12,EJU36BG,OE-LSR,Airbus A320,easyJet Europe,landing,arrivee,625,230.0,94.0,,19.4,,
2026-06-19,23:49:20,EJU32GK,OE-LSP,Airbus A320,easyJet Europe,landing,arrivee,625,233.9,94.6,,20.89,,
2026-06-19,23:51:41,SWR755L,HB-JPC,Airbus A321,Swiss,landing,arrivee,625,265.8,99.8,,27.92,,
2026-06-19,23:53:53,TAP94KM,CS-TJF,Airbus A321,TAP Air Portugal,landing,arrivee,1000,263.9,98.8,,24.99,,
2026-06-20,00:03:00,495299,CS-TTY,Embraer E195,TAP Air Portugal,landing,arrivee,1000,235.9,96.9,,26.85,,
2026-06-20,00:08:37,WZZ84UJ,HA-LDV,Airbus A321neo,Wizz Air,landing,arrivee,625,253.9,98.6,,23.43,,
2026-06-20,00:22:06,RYR63TC,EI-DPH,Boeing 737-800,Ryanair,landing,arrivee,625,264.1,96.2,,58.06,,
2026-06-20,01:37:13,RZO128,CS-TSK,Airbus A320,TAP Air Portugal,landing,arrivee,625,257.2,99.0,,23.6,,
2026-06-20,01:53:01,TAP39PT,EC-OCT,Airbus A321,TAP Air Portugal,landing,arrivee,625,261.5,96.5,,35.08,,
2026-06-20,02:57:32,LDX600C,OE-HBH,E550,,landing,arrivee,625,236.3,92.4,,17.47,,
2026-06-20,04:36:59,TAP232Y,CS-TXG,Airbus A321neo,TAP Air Portugal,landing,arrivee,650,261.5,99.3,,24.97,,
2026-06-20,04:54:34,TAP1528,CS-TXJ,Airbus A321neo,TAP Air Portugal,landing,arrivee,650,244.8,94.8,,22.87,,
2026-06-20,04:57:30,TAP202A,CS-TXL,Airbus A321neo,TAP Air Portugal,landing,arrivee,675,261.7,98.9,,26.23,,
2026-06-20,05:03:16,TAP074,CS-TUO,Airbus A330-900neo,TAP Air Portugal,landing,arrivee,675,250.8,96.6,,29.26,,
2026-06-20,05:26:21,TAP082,CS-TUF,Airbus A330-900neo,TAP Air Portugal,landing,arrivee,700,249.1,98.3,,36.19,,
2026-06-20,05:48:54,TAP218,CS-TXM,Airbus A321,TAP Air Portugal,landing,arrivee,650,244.8,95.9,,24.04,,
2026-06-20,05:52:45,TAP1937,CS-TVF,Airbus A320neo,TAP Air Portugal,landing,arrivee,675,244.8,99.7,,22.02,,
2026-06-20,05:58:11,TAP1550,CS-TJJ,Airbus A321neo,TAP Air Portugal,landing,arrivee,650,253.2,95.4,,26.6,,
2026-06-20,06:01:11,TAP96AW,CS-TJE,Airbus A321,TAP Air Portugal,landing,arrivee,900,249.1,98.0,,34.42,,
2026-06-20,06:04:30,TAP224,CS-TUL,Airbus A330-900neo,TAP Air Portugal,landing,arrivee,650,240.8,97.6,,40.45,,
2026-06-20,06:09:53,TAP1484,CS-TVP,Airbus A320neo,TAP Air Portugal,landing,arrivee,650,255.6,99.2,,26.07,,
2026-06-20,06:17:30,TAP1097,CS-TPW,Embraer E190,TAP Air Portugal,landing,arrivee,625,225.0,98.3,,21.02,,
2026-06-20,06:20:13,TAP25YZ,CS-TXF,Airbus A321neo,TAP Air Portugal,landing,arrivee,650,239.1,95.0,,27.76,,
2026-06-20,06:23:12,TAP1544,CS-TJO,Airbus A321neo,TAP Air Portugal,landing,arrivee,650,261.5,96.1,,26.36,,
2026-06-20,06:26:22,TAP11VP,CS-TPR,Embraer E190,TAP Air Portugal,landing,arrivee,600,227.4,94.9,,23.45,,
2026-06-20,06:29:15,TAP296,CS-TUA,Airbus A330-900neo,TAP Air Portugal,landing,arrivee,650,240.8,99.5,,34.77,,
2026-06-20,06:32:10,TSC680,C-GTSJ,Airbus A330-200,Air Transat,landing,arrivee,675,234.8,97.9,,32.5,,
2026-06-20,06:35:17,CBJ621,B-1043,Airbus A330-200,Capital Airlines,landing,arrivee,650,239.1,98.8,,33.05,,
2026-06-20,06:38:12,AEA1159,EC-MJU,Boeing 737-800,Air Europa,landing,arrivee,675,258.4,95.1,,28.74,,
2026-06-20,06:40:56,DTA650,D2-TEK,Boeing 777-300ER,TAAG Angola Airlines,landing,arrivee,650,278.0,94.6,,45.22,,
2026-06-20,06:44:08,TAP1908,CS-TNL,Airbus A320,TAP Air Portugal,landing,arrivee,650,236.7,98.3,,31.89,,
2026-06-20,06:46:58,TAP104,CS-TUN,Airbus A330-900neo,TAP Air Portugal,landing,arrivee,675,244.3,99.6,,36.48,,
2026-06-20,06:49:46,TAP41SN,CS-TVB,Airbus A320neo,TAP Air Portugal,landing,arrivee,625,256.5,97.4,,22.89,,
2026-06-20,06:52:45,QTR343,A7-BCS,Boeing 787-8,Qatar Airways,landing,arrivee,650,258.9,98.7,,31.82,,
2026-06-20,06:55:45,TAP1023,CS-TVQ,Airbus A320neo,TAP Air Portugal,landing,arrivee,625,244.8,91.0,,22.35,,
2026-06-20,06:59:00,TAP9004,CS-TNQ,Airbus A320,TAP Air Portugal,landing,arrivee,625,247.2,97.3,,29.64,,
2026-06-20,07:01:50,TAP9748,CS-TUC,Airbus A330-900neo,TAP Air Portugal,landing,arrivee,675,231.9,97.9,,24.6,,
2026-06-20,07:09:01,TAP1139,CS-TPY,Embraer E190,TAP Air Portugal,landing,arrivee,600,239.1,99.7,,23.92,,
2026-06-20,07:15:02,TAP98CX,CS-TNR,Airbus A320,TAP Air Portugal,landing,arrivee,600,253.2,100,,22.6,,
2026-06-20,07:17:44,TAP441,CS-TVH,Airbus A320neo,TAP Air Portugal,landing,arrivee,675,257.2,97.3,,24.89,,
2026-06-20,07:20:28,TAP058,CS-TUE,Airbus A330-900neo,TAP Air Portugal,landing,arrivee,700,250.0,96.3,,31.28,,
2026-06-20,07:23:20,IBE05TR,EC-NFI,Airbus A320neo,Iberia,landing,arrivee,650,261.5,96.6,,22.29,,
2026-06-20,07:26:09,TAP475,CS-TAY,Embraer E195,TAP Air Portugal,landing,arrivee,625,257.2,97.0,,27.57,,
2026-06-20,07:28:41,TAM8146,PT-MUI,Boeing 777-300ER,LATAM Airlines,landing,arrivee,700,263.2,97.0,,41.41,,
2026-06-20,07:31:44,TAP40MR,CS-TAW,Embraer E195,TAP Air Portugal,landing,arrivee,600,254.8,92.1,,22.82,,
2026-06-20,07:34:39,TAP85CE,CS-TPQ,Embraer E190,TAP Air Portugal,landing,arrivee,625,244.8,99.3,,24.15,,
2026-06-20,07:36:59,TAP8RL,CS-TNJ,Airbus A320,TAP Air Portugal,landing,arrivee,675,253.2,98.4,,23.02,,
2026-06-20,07:39:46,TAP945,CS-TVO,Airbus A320neo,TAP Air Portugal,landing,arrivee,625,251.5,97.0,,21.48,,
2026-06-20,07:44:07,TAP495Y,CS-TPZ,Embraer E190,TAP Air Portugal,landing,arrivee,625,230.8,98.8,,19.92,,
2026-06-20,07:46:51,TAP647,CS-TNU,Airbus A320,TAP Air Portugal,landing,arrivee,625,267.2,99.2,,27.59,,
2026-06-20,07:49:52,TAP1939,CS-TNX,Airbus A320,TAP Air Portugal,landing,arrivee,625,258.9,96.9,,26.97,,
2026-06-20,07:52:24,TAP9ML,CS-TNV,Airbus A320,TAP Air Portugal,landing,arrivee,625,264.8,96.4,,24.5,,
2026-06-20,07:55:42,VJH624,D-AOTE,E35L,,landing,arrivee,625,257.2,98.5,,17.48,,
2026-06-20,07:59:30,TAP575,CS-TVN,Airbus A320neo,TAP Air Portugal,landing,arrivee,650,260.0,96.8,,26.43,,
2026-06-20,08:02:25,DAL272,N416DX,Airbus A330-900neo,Delta Air Lines,landing,arrivee,675,261.7,96.9,,32.99,,
2026-06-20,08:05:33,TAP244,CS-TUI,Airbus A330-900neo,TAP Air Portugal,landing,arrivee,675,269.7,96.3,,26.61,,
2026-06-20,08:08:12,TAP557H,CS-TJS,Airbus A321neo,TAP Air Portugal,landing,arrivee,650,278.0,100,,20.96,,
2026-06-20,08:11:07,TAP27UZ,CS-TPS,Embraer E190,TAP Air Portugal,landing,arrivee,650,243.2,97.4,,21.46,,
2026-06-20,08:13:44,UAL64,N13013,Boeing 787-10,United Airlines,landing,arrivee,625,289.7,95.0,,33.39,,
2026-06-20,08:17:07,AAL258,N837AN,Boeing 787-9,American Airlines,landing,arrivee,625,277.2,96.7,,29.17,,
2026-06-20,08:19:56,TRA97Q,PH-YHS,Airbus A321neo,Transavia,landing,arrivee,625,248.4,97.1,,21.74,,
2026-06-20,08:23:20,BOXER41,02-0202,Boeing 737-700,United States Air Force,landing,arrivee,650,256.5,96.5,,26.53,,
2026-06-20,08:26:00,VLG46AX,EC-MAI,Airbus A320,Vueling,landing,arrivee,600,249.1,89.8,,22.13,,
2026-06-20,08:32:25,TAP53EI,CS-TJP,Airbus A321neo,TAP Air Portugal,landing,arrivee,625,268.9,94.7,,22.71,,
2026-06-20,08:35:23,AFR35VY,F-HEPD,Airbus A320,Air France,landing,arrivee,650,243.2,99.4,,23.45,,
2026-06-20,08:38:14,TAP9RH,CS-TVR,Airbus A320neo,TAP Air Portugal,landing,arrivee,625,243.2,98.5,,51.09,,
2026-06-20,08:41:33,TAP56DP,CS-TVL,Airbus A320,TAP Air Portugal,landing,arrivee,625,261.5,98.5,,21.43,,
2026-06-20,08:45:47,TAP63GL,CS-TJM,Airbus A321neo,TAP Air Portugal,landing,arrivee,625,265.6,97.4,,22.03,,
2026-06-20,08:51:41,TRA27L,PH-HXO,Boeing 737-800,Transavia,landing,arrivee,600,273.9,95.4,,27.37,,
2026-06-20,08:55:37,RUK715,G-RUKA,Boeing 737-800,Ryanair UK,landing,arrivee,650,275.6,95.2,,26.16,,
2026-06-20,08:59:06,TAP443,CS-TJL,Airbus A321neo,TAP Air Portugal,landing,arrivee,625,256.5,96.0,,23.18,,
2026-06-20,09:02:24,TAP757P,CS-TVJ,Airbus A320neo,TAP Air Portugal,approach,arrivee,600,229.1,86.9,,18.84,,
2026-06-20,09:04:40,RYR4XW,EI-ILD,Boeing 737 MAX 8,Ryanair,landing,arrivee,625,279.7,90.7,,29.57,,
2026-06-20,09:35:34,ACA812,C-GEGP,Airbus A330-300,Air Canada,landing,arrivee,675,249.1,99.3,,33.64,,
2026-06-20,09:38:29,THY3WE,TC-LTE,Airbus A321neo,Turkish Airlines,landing,arrivee,625,253.2,96.4,,24.32,,
2026-06-20,09:41:16,TAP66PD,CS-TJR,Airbus A321neo,TAP Air Portugal,landing,arrivee,600,268.0,97.5,,23.73,,
2026-06-20,09:44:16,WPT3162,EC-OND,Airbus A330-300,,landing,arrivee,600,243.2,96.7,,26.81,,
2026-06-20,09:48:44,AEE2PT,SX-NEJ,Airbus A320,Aegean Airlines,landing,arrivee,650,265.6,96.1,,22.55,,
2026-06-20,09:51:28,TAP216L,CS-TXK,Airbus A321,TAP Air Portugal,landing,arrivee,625,240.0,91.0,,28.13,,
2026-06-20,09:54:00,TAP052,CS-TXH,Airbus A321neo,TAP Air Portugal,landing,arrivee,625,269.7,96.6,,24.97,,
2026-06-20,09:56:56,TAP254,CS-TXI,Airbus A321neo,TAP Air Portugal,landing,arrivee,600,251.5,92.6,,25.16,,
2026-06-20,09:59:53,TAP012,CS-TOP,Airbus A330-200,TAP Air Portugal,landing,arrivee,650,249.1,96.8,,56.15,,
2026-06-20,10:02:43,TAP1921,CS-TVF,Airbus A320neo,TAP Air Portugal,landing,arrivee,600,254.8,94.5,,23.61,,
2026-06-20,10:05:06,EJU97VT,OE-IWW,Airbus A320,easyJet Europe,landing,arrivee,650,254.1,96.7,,27.65,,
2026-06-20,10:07:56,TAP210,CS-TUG,Airbus A330-900neo,TAP Air Portugal,landing,arrivee,625,252.2,99.4,,30.32,,
2026-06-20,10:10:34,BAW50P,G-EUYC,Airbus A320,British Airways,landing,arrivee,625,250.8,96.5,,30.34,,
2026-06-20,10:14:24,TAP036,EC-NBN,Airbus A330-200,TAP Air Portugal,landing,arrivee,625,243.9,96.6,,31.19,,
2026-06-20,10:17:03,UAL942,N782UA,Boeing 777-200,United Airlines,landing,arrivee,650,246.7,95.6,,38.09,,
2026-06-20,10:20:04,TAP1826,CS-TJN,Airbus A321neo,TAP Air Portugal,landing,arrivee,625,258.7,97.9,,19.13,,
2026-06-20,10:22:55,NOZ1824,LN-FGE,Boeing 737 MAX 8,Flyr,landing,arrivee,625,276.5,97.3,,33.54,,
2026-06-20,10:26:29,DAL124,N428DX,Airbus A330-900neo,Delta Air Lines,landing,arrivee,625,253.2,96.8,,37.47,,
2026-06-20,10:29:13,EZY79RV,G-EZGY,Airbus A320,easyJet,landing,arrivee,600,253.2,99.0,,26.86,,
2026-06-20,10:32:20,TAP13LH,CS-TVI,Airbus A320neo,TAP Air Portugal,landing,arrivee,650,261.5,94.5,,25.09,,
2026-06-20,10:35:12,TAP11MG,CS-TPR,Embraer E190,TAP Air Portugal,landing,arrivee,625,242.4,100,,23.08,,
2026-06-20,10:37:40,ACA810,C-FIUW,Boeing 777-300ER,Air Canada,landing,arrivee,650,268.0,93.9,,58.54,,
2026-06-20,10:40:56,TAP204A,CS-TUP,Airbus A330-900neo,TAP Air Portugal,landing,arrivee,625,241.3,98.7,,34.74,,
2026-06-20,10:43:38,AEA1153,EC-MQP,Boeing 737-800,Air Europa,landing,arrivee,600,272.4,96.2,,43.81,,
2026-06-20,10:46:35,AZU8750,PR-ANU,Airbus A330-900neo,Azul,landing,arrivee,625,253.5,97.8,,37.61,,
2026-06-20,10:49:39,TAP11SV,CS-TPP,Embraer E190,TAP Air Portugal,landing,arrivee,625,242.2,100,,22.84,,
2026-06-20,10:52:16,TAP088,CS-TUH,Airbus A330-900neo,TAP Air Portugal,landing,arrivee,650,246.7,97.8,,37.54,,
2026-06-20,10:54:45,TAP234Y,CS-TXB,Airbus A321neo,TAP Air Portugal,landing,arrivee,1050,274.8,99.2,,22.91,,
2026-06-20,10:58:01,KLM1579,PH-AXK,Airbus A321neo,KLM,landing,arrivee,625,255.6,97.7,,22.18,,
2026-06-20,11:00:36,TAP68JP,CS-TVK,Airbus A320neo,TAP Air Portugal,landing,arrivee,625,258.4,94.0,,23.88,,
2026-06-20,11:02:29,TAP262M,CS-TXD,Airbus A321neo,TAP Air Portugal,landing,arrivee,625,271.3,96.6,,22.14,,
2026-06-20,11:04:51,EJU74EF,OE-IBF,Airbus A320,easyJet Europe,landing,arrivee,1000,265.8,99.5,,22.95,,
2026-06-20,11:08:17,EIN82T,EI-DVN,Airbus A320,Aer Lingus,landing,arrivee,625,246.7,96.9,,34.88,,
2026-06-20,11:10:24,BEL2DY,OO-SNB,Airbus A320,Brussels Airlines,landing,arrivee,1000,260.8,97.2,,24.25,,
2026-06-20,11:13:22,SWR36K,HB-AZD,Embraer E190-E2,Swiss,landing,arrivee,625,251.5,99.8,,22.1,,
2026-06-20,11:17:05,AZU8900,CS-TSW,Boeing 777-200,Azul,landing,arrivee,675,246.7,96.4,,46.4,,
2026-06-20,11:21:58,TAP248,CS-TUK,Airbus A330-900neo,TAP Air Portugal,landing,arrivee,625,254.1,96.2,,31.71,,
2026-06-20,11:24:08,OBS832,CS-TCF,Airbus A330-900neo,TAP Air Portugal,landing,arrivee,1000,270.9,99.0,,34.61,,
2026-06-20,11:27:13,4951d1,CS-TNQ,Airbus A320,TAP Air Portugal,landing,arrivee,1025,261.5,99.7,,20.5,,
2026-06-20,11:30:14,TAP11WQ,CS-TNM,Airbus A320,TAP Air Portugal,landing,arrivee,600,255.6,96.5,,25.8,,
2026-06-20,11:31:45,RYR3WD,EI-GXM,Boeing 737-800,Ryanair,landing,arrivee,900,276.3,94.5,,42.88,,
2026-06-20,11:36:53,AFR41GW,F-HZUO,BD-500-1A11,Air France,landing,arrivee,625,257.2,94.5,,22.67,,
2026-06-20,11:39:22,RZO120,CS-TKQ,Airbus A320,TAP Air Portugal,landing,arrivee,1025,260.8,99.9,,24.81,,
2026-06-20,11:42:39,IBE05FV,EC-MXY,Airbus A320neo,Iberia,landing,arrivee,600,253.9,99.2,,20.89,,
2026-06-20,11:44:24,TAP429,CS-TTY,Embraer E195,TAP Air Portugal,landing,arrivee,850,263.9,99.1,,23.15,,
2026-06-20,11:47:25,UAE3MV,A6-EPF,Boeing 777-300ER,Emirates,landing,arrivee,450,288.0,90.7,,13.18,,
2026-06-20,11:50:41,9HGMF,9H-GVA,GL5T,,approach,arrivee,675,83.9,98.3,,11.35,,
2026-06-20,11:53:43,TAP1123,CS-TPX,Embraer E190,TAP Air Portugal,landing,arrivee,425,249.1,75.5,,11.64,,
2026-06-20,11:55:13,TVF46JB,F-HTVY,Boeing 737-800,Transavia France,landing,arrivee,600,280.6,98.1,,43.72,,
2026-06-20,11:58:20,EJU74LC,OE-LSA,Airbus A320neo,easyJet Europe,landing,arrivee,1025,273.2,100,,19.27,,
2026-06-20,12:01:26,TAP1925,CS-TNJ,Airbus A320,TAP Air Portugal,landing,arrivee,750,242.4,100,,27.59,,
2026-06-20,12:04:29,DLH39X,D-AIOA,Airbus A321neo,Lufthansa,landing,arrivee,500,253.9,90.9,,11.5,,
2026-06-20,12:06:34,TAP1902,CS-TJH,Airbus A321,TAP Air Portugal,landing,arrivee,975,265.6,100,,,,
2026-06-20,12:09:51,RYR29TL,EI-IJO,Boeing 737 MAX 8,Ryanair,landing,arrivee,800,281.7,96.2,,29.11,,
2026-06-20,12:12:51,EJU52PB,OE-LSP,Airbus A320,easyJet Europe,landing,arrivee,1000,257.1,95.0,,20.44,,
2026-06-20,12:15:54,RYR95SN,9H-VVL,Boeing 737 MAX 8,Malta Air,landing,arrivee,700,270.4,96.9,,22.25,,
2026-06-20,12:32:23,TAP1031,CS-TJE,Airbus A321,TAP Air Portugal,landing,arrivee,950,276.5,99.2,,28.25,,
2026-06-20,12:35:41,TAP143P,CS-TPQ,Embraer E190,TAP Air Portugal,landing,arrivee,1025,237.4,99.4,,10.53,,
2026-06-20,12:38:56,TAP010,CS-TXE,Airbus A321neo,TAP Air Portugal,landing,arrivee,1025,265.6,99.5,,17.76,,
2026-06-20,12:44:09,4ca4ec,EI-DPH,Boeing 737-800,Ryanair,landing,arrivee,925,280.6,95.8,,30.92,,
2026-06-20,12:47:11,EJU38DF,OE-LSR,Airbus A320,easyJet Europe,landing,arrivee,750,269.7,99.7,,21.08,,
2026-06-20,12:51:40,EJU14GP,OE-IDU,Airbus A320,easyJet Europe,landing,arrivee,925,269.7,99.3,,23.21,,
2026-06-20,12:56:25,RZO122,CS-TSF,Airbus A321neo,TAP Air Portugal,landing,arrivee,1075,249.1,94.2,,15.05,,
2026-06-20,12:59:27,VLG8JM,EC-NLV,Airbus A321,Vueling,landing,arrivee,775,258.9,97.2,,27.29,,
2026-06-20,13:02:36,9HGMF,9H-GVA,GL5T,,cruise,,1025,168.0,97.0,,15.35,,
2026-06-20,13:04:48,TAP226,CS-TUJ,Airbus A330-900neo,TAP Air Portugal,landing,arrivee,1025,267.6,99.5,,37.45,,
2026-06-20,13:09:32,TAP27PS,CS-TVR,Airbus A320neo,TAP Air Portugal,landing,arrivee,1025,261.5,97.8,,22.06,,
2026-06-20,13:14:54,VJT607,9H-XOC,Citation XLS,XO Malta,landing,arrivee,1025,218.0,94.0,,10.13,,
2026-06-20,13:17:55,TAP145W,CS-TPZ,Embraer E190,TAP Air Portugal,landing,arrivee,850,240.0,99.4,,21.46,,
2026-06-20,13:25:57,EJU69GW,OE-IDX,Airbus A320,easyJet Europe,landing,arrivee,1050,263.2,100,,21.15,,
2026-06-20,13:28:58,495216,CS-TPV,Embraer E190,TAP Air Portugal,landing,arrivee,900,257.2,99.6,,20.97,,
2026-06-20,13:32:00,DLH47T,D-AISJ,Airbus A321,Lufthansa,landing,arrivee,600,263.9,95.1,,26.85,,
2026-06-20,13:37:59,TAP641,CS-TNN,Airbus A320,TAP Air Portugal,landing,arrivee,1025,264.1,99.3,,21.07,,
2026-06-20,13:41:00,SAS2801,EI-SIJ,Airbus A320neo,SAS Scandinavian,landing,arrivee,725,244.8,98.4,,17.72,,
2026-06-20,13:43:14,TAP8RT,CS-TPO,Embraer E190,TAP Air Portugal,landing,arrivee,975,251.7,95.0,,11.82,,
2026-06-20,13:46:16,EWG37V,OK-TVL,Boeing 737-800,Eurowings,landing,arrivee,450,270.8,93.2,,14.06,,
2026-06-20,13:47:48,49514a,CS-TJJ,Airbus A321neo,TAP Air Portugal,cruise,,1050,0.0,98.6,,21.25,,
2026-06-20,13:50:49,TAP1860,CS-TVB,Airbus A320neo,TAP Air Portugal,landing,arrivee,775,243.9,99.5,,18.22,,
2026-06-20,13:53:18,TAP1013,CS-TPS,Embraer E190,TAP Air Portugal,landing,arrivee,1025,254.8,98.7,,26.43,,
2026-06-20,13:56:20,LOT4HT,SP-LYE,Boeing 737 MAX 8,LOT Polish Airlines,landing,arrivee,650,284.8,96.8,,24.49,,
2026-06-20,13:58:35,TAP831,CS-TNY,Airbus A320,TAP Air Portugal,landing,arrivee,1025,260.8,97.1,,21.69,,
2026-06-20,14:01:41,TAP1335,CS-TTP,Airbus A319,TAP Air Portugal,landing,arrivee,1075,260.8,99.2,,17.69,,
2026-06-20,14:04:42,TAP1151,CS-TNV,Airbus A320,TAP Air Portugal,landing,arrivee,825,262.4,97.1,,23.83,,
2026-06-20,14:07:45,TAP401P,CS-TTW,Embraer E195,TAP Air Portugal,landing,arrivee,550,263.2,91.1,,17.42,,
2026-06-20,14:09:47,RYR65MU,EI-EMD,Boeing 737-800,Ryanair,landing,arrivee,1025,276.3,93.5,,45.51,,
2026-06-20,14:12:48,TAP36GS,CS-TXL,Airbus A321neo,TAP Air Portugal,landing,arrivee,1000,268.2,98.6,,17.72,,
2026-06-20,14:15:50,TAP869,CS-TAX,Embraer E195,TAP Air Portugal,landing,arrivee,825,260.4,99.6,,21.37,,
2026-06-20,14:18:52,TAP88TM,CS-TXM,Airbus A321,TAP Air Portugal,landing,arrivee,450,265.6,93.9,,10.27,,
2026-06-20,14:20:51,RZO150,CS-TKP,Airbus A320,TAP Air Portugal,landing,arrivee,1050,255.6,98.6,,26.43,,
2026-06-20,14:23:52,TAP823,CS-TVA,Airbus A320neo,TAP Air Portugal,landing,arrivee,625,249.8,93.5,,20.57,,
2026-06-20,14:25:56,KLM97N,PH-AXE,Airbus A321neo,KLM,landing,arrivee,1075,245.9,97.0,,13.14,,
2026-06-20,14:40:56,EZS79YP,HB-JXB,Airbus A320,Austrian Airlines,landing,arrivee,1050,254.8,96.6,,21.37,,
2026-06-20,14:43:58,TAP883,CS-TVD,Airbus A320neo,TAP Air Portugal,landing,arrivee,950,270.8,99.0,,18.73,,
2026-06-20,14:48:36,SWR2BK,HB-JPB,Airbus A321neo,Swiss,landing,arrivee,1025,287.2,99.7,,20.39,,
2026-06-20,14:52:12,TAP110,CS-TOO,Airbus A330-200,TAP Air Portugal,landing,arrivee,1075,251.5,97.2,,21.52,,
2026-06-20,14:55:13,TAP941,CS-TNX,Airbus A320,TAP Air Portugal,landing,arrivee,825,256.5,99.8,,25.88,,
2026-06-20,14:58:09,495215,CS-TPU,Embraer E190,TAP Air Portugal,landing,arrivee,925,249.1,99.1,,26.37,,
2026-06-20,15:01:11,EJU41HA,OE-LSV,Airbus A320neo,easyJet Europe,landing,arrivee,750,261.5,99.4,,17.52,,
2026-06-20,15:03:36,TAP1127,CS-TAY,Embraer E195,TAP Air Portugal,landing,arrivee,1050,258.0,96.9,,24.07,,
2026-06-20,15:06:39,RYR8HG,EI-EFI,Boeing 737-800,Ryanair,landing,arrivee,625,278.9,89.2,,33.61,,
2026-06-20,15:08:40,AFR37EQ,F-GKXN,Airbus A320,Air France,landing,arrivee,1050,262.4,97.5,,25.82,,
2026-06-20,15:12:00,BAW5DW,G-TNEE,Airbus A321neo,British Airways,landing,arrivee,1050,249.8,95.3,,16.79,,
2026-06-20,15:15:04,AEA12AT,EC-MVY,Boeing 737-800,Air Europa,landing,arrivee,700,276.5,96.0,,25.43,,
2026-06-20,15:17:28,SWT131,EC-MAF,ATR 72 500F,Swiftair,landing,arrivee,1025,203.5,93.2,,10.74,,
2026-06-20,15:20:32,THY4GH,TC-JOB,Airbus A330-300,Turkish Airlines,landing,arrivee,975,264.7,96.5,,31.03,,
2026-06-20,15:23:34,TAP931L,CS-TNR,Airbus A320,TAP Air Portugal,landing,arrivee,625,260.4,98.5,,24.12,,
2026-06-20,15:25:34,EZY35DC,G-EZFR,Airbus A319,easyJet,landing,arrivee,1050,260.8,96.8,,21.32,,
2026-06-20,15:28:36,TAP83RS,CS-TVH,Airbus A320neo,TAP Air Portugal,landing,arrivee,750,248.4,99.2,,22.71,,
2026-06-20,15:31:37,DLH03H,D-AIJD,Airbus A320neo,Lufthansa,landing,arrivee,850,253.2,96.7,,23.0,,
2026-06-20,15:34:38,STP508,,,,landing,arrivee,600,254.7,96.9,,43.83,,
2026-06-20,15:36:41,TAP86GM,CS-TVC,Airbus A320neo,TAP Air Portugal,landing,arrivee,1050,250.8,99.8,,10.48,,
2026-06-20,15:39:43,TAP669,CS-TXJ,Airbus A321neo,TAP Air Portugal,landing,arrivee,1025,274.8,97.2,,25.29,,
2026-06-20,15:42:43,TAP10NL,CS-TAW,Embraer E195,TAP Air Portugal,landing,arrivee,850,266.9,97.7,,25.48,,
2026-06-20,15:45:48,502d44,YL-ABC,A220 300,Air Baltic,landing,arrivee,950,261.1,98.3,,20.55,,
2026-06-20,15:48:50,TAP571,CS-TNL,Airbus A320,TAP Air Portugal,landing,arrivee,400,263.2,69.6,,9.29,,
2026-06-20,15:51:17,TAP1137,CS-TPP,Embraer E190,TAP Air Portugal,approach,arrivee,1050,254.8,98.0,,24.55,,
2026-06-20,15:54:17,TAP016,CS-TXA,Airbus A321neo,TAP Air Portugal,landing,arrivee,850,265.6,98.9,,25.98,,
2026-06-20,15:57:19,TAP75CH,CS-TJF,Airbus A321,TAP Air Portugal,landing,arrivee,850,276.5,96.3,,40.99,,
2026-06-20,16:01:56,TAP90EH,CS-TUL,Airbus A330-900neo,TAP Air Portugal,landing,arrivee,1050,264.8,99.7,,44.82,,
2026-06-20,16:04:58,TAP120R,CS-TTS,Airbus A319,TAP Air Portugal,landing,arrivee,625,243.2,89.9,,41.82,,
2026-06-20,16:07:01,TAP56DT,CS-TVG,Airbus A320neo,TAP Air Portugal,landing,arrivee,1000,254.1,100,,22.44,,
2026-06-20,16:10:02,EJU15PC,OE-IWW,Airbus A320,easyJet Europe,landing,arrivee,750,250.8,97.8,,35.32,,
2026-06-20,16:12:16,TAP1241,CS-TJK,Airbus A321neo,TAP Air Portugal,landing,arrivee,1025,274.1,99.3,,24.97,,
2026-06-20,16:15:18,TAP23SL,CS-TUQ,Airbus A330-900neo,TAP Air Portugal,landing,arrivee,375,254.8,87.8,,10.58,,
2026-06-20,16:16:59,ANE91TE,,,Air Nostrum,approach,arrivee,1075,258.0,98.3,,20.48,,
2026-06-20,16:21:32,TAP1143,CS-TPR,Embraer E190,TAP Air Portugal,landing,arrivee,450,243.2,96.0,,10.67,,
2026-06-20,16:23:02,SWR58H,HB-IJP,Airbus A320,Swiss,landing,arrivee,500,258.9,89.5,,11.14,,
2026-06-20,16:25:07,RYR9PX,EI-DPH,Boeing 737-800,Ryanair,landing,arrivee,1000,277.2,95.6,,41.59,,
2026-06-20,16:28:09,TAP433,CS-TVQ,Airbus A320neo,TAP Air Portugal,landing,arrivee,850,256.5,99.4,,19.4,,
2026-06-20,16:30:30,TAP71VE,CS-TJI,Airbus A321neo,TAP Air Portugal,landing,arrivee,1075,274.1,96.0,,27.27,,
2026-06-20,16:33:32,EWG36AZ,D-AEEB,Airbus A321,Eurowings,landing,arrivee,800,254.1,99.4,,26.8,,
2026-06-20,16:36:34,TAP1359,CS-TVL,Airbus A320,TAP Air Portugal,landing,arrivee,500,253.2,86.7,,10.4,,
2026-06-20,16:41:10,TAP763,CS-TVM,Airbus A320neo,TAP Air Portugal,landing,arrivee,950,247.2,99.1,,23.27,,
2026-06-20,16:44:13,TAP1929,CS-TXC,Airbus A321neo,TAP Air Portugal,landing,arrivee,875,251.5,96.8,,21.81,,
2026-06-20,16:47:15,TAP553R,CS-TNU,Airbus A320,TAP Air Portugal,landing,arrivee,600,263.2,88.2,,32.47,,
2026-06-20,16:49:18,FIN96W,OH-LZP,Airbus A321,Finnair,landing,arrivee,1025,267.2,99.1,,29.5,,
2026-06-20,16:52:20,EJU81TJ,OE-LSA,Airbus A320neo,easyJet Europe,landing,arrivee,675,268.9,98.5,,25.74,,
2026-06-20,16:54:26,RYR977W,9H-QAY,Boeing 737-800,Malta Air,landing,arrivee,1050,285.8,97.6,,39.12,,
2026-06-20,16:55:59,4d211c,,,,landing,arrivee,850,150.0,86.2,,10.92,,
2026-06-20,16:59:11,TAP1824,CS-TJM,Airbus A321neo,TAP Air Portugal,landing,arrivee,1075,264.8,96.8,,26.2,,
2026-06-20,17:02:16,VLG9QY,EC-NLY,Airbus A321,Vueling,landing,arrivee,725,261.1,98.3,,30.02,,
2026-06-20,17:05:16,RYR5KT,9H-QBK,Boeing 737-800,Malta Air,landing,arrivee,475,278.9,87.0,,11.01,,
2026-06-20,17:08:07,TAP15NC,CS-TNM,Airbus A320,TAP Air Portugal,landing,arrivee,800,255.6,99.8,,34.8,,
2026-06-20,17:10:12,TVF32VF,F-GZHO,Boeing 737-800,Transavia France,landing,arrivee,1050,276.5,95.6,,41.68,,
2026-06-20,17:15:36,TCV606,D4-CCI,Boeing 737-700,Cabo Verde Airlines,landing,arrivee,1000,238.4,99.0,,17.24,,
2026-06-20,17:18:10,EWG25P,D-AEEE,Airbus A321,Eurowings,landing,arrivee,1075,258.9,98.3,,28.91,,
2026-06-20,17:22:47,VJT929,9H-VJS,Global 6000,VistaJet,landing,arrivee,1025,215.0,97.1,,11.68,,
2026-06-20,17:26:44,EJU45HZ,OE-IBF,Airbus A320,easyJet Europe,landing,arrivee,1025,258.4,98.7,,34.12,,
2026-06-20,17:29:46,RAM982,CN-ROH,Boeing 737-800,Royal Air Maroc,takeoff,depart,1050,278.2,94.0,,59.43,,
2026-06-20,17:39:38,TRA9H,PH-HZG,Boeing 737-800,Transavia,landing,arrivee,675,288.0,96.3,,42.7,,
2026-06-20,17:43:21,RAM982,CN-ROH,Boeing 737-800,Royal Air Maroc,landing,arrivee,625,284.5,93.8,,33.97,,
2026-06-20,17:46:20,AFR24MF,F-HZUG,A220 300,Air France,landing,arrivee,700,229.1,94.4,,21.29,,
2026-06-20,17:49:09,RYR55AR,EI-GXM,Boeing 737-800,Ryanair,landing,arrivee,675,271.3,96.7,,33.19,,
2026-06-20,17:52:30,TAP1455,CS-TPQ,Embraer E190,TAP Air Portugal,landing,arrivee,925,237.4,97.6,,24.67,,
2026-06-20,17:55:32,BAW506,G-EUYD,Airbus A320,British Airways,landing,arrivee,750,251.5,96.5,,28.93,,
2026-06-20,17:58:58,TAP781,EC-OCT,Airbus A321,TAP Air Portugal,landing,arrivee,675,272.4,98.6,,29.78,,
2026-06-20,18:01:33,TAP1558,CS-TVP,Airbus A320neo,TAP Air Portugal,landing,arrivee,825,240.6,99.8,,21.55,,
2026-06-20,18:04:31,RYR3RB,9H-QAF,Boeing 737-800,Malta Air,landing,arrivee,650,278.9,97.8,,35.84,,
2026-06-20,18:11:38,TAP68BA,CS-TJS,Airbus A321neo,TAP Air Portugal,landing,arrivee,725,269.7,98.5,,21.08,,
2026-06-20,18:14:05,VLG7PA,EC-KCU,Airbus A320,Vueling,landing,arrivee,975,246.7,96.2,,32.86,,
2026-06-20,18:17:04,TAP1542,CS-TVO,Airbus A320neo,TAP Air Portugal,landing,arrivee,650,261.5,99.1,,24.66,,
2026-06-20,18:19:44,RZO124,CS-TSM,Airbus A320,TAP Air Portugal,landing,arrivee,650,268.0,98.6,,24.03,,
2026-06-20,18:22:41,TAP435,CS-TJP,Airbus A321neo,TAP Air Portugal,landing,arrivee,700,268.9,99.1,,25.32,,
2026-06-20,18:25:20,VLG4JP,EC-LOC,Airbus A320,Vueling,landing,arrivee,650,247.2,96.2,,33.01,,
2026-06-20,18:27:23,EZY16AT,G-EZBW,Airbus A319,easyJet,landing,arrivee,1050,239.8,97.1,,14.46,,
2026-06-20,18:30:25,TVF72AP,,,Transavia France,landing,arrivee,650,270.0,94.8,,53.27,,
2026-06-20,18:35:56,TAP643,CS-TJL,Airbus A321neo,TAP Air Portugal,landing,arrivee,675,265.6,99.1,,22.52,,
2026-06-20,18:38:48,TAP1439,CS-TPO,Embraer E190,TAP Air Portugal,landing,arrivee,650,228.4,97.2,,26.11,,
2026-06-20,18:43:51,EJU86ME,OE-LSP,Airbus A320,easyJet Europe,landing,arrivee,650,243.2,99.1,,24.45,,
2026-06-20,18:46:52,UAE5M,A6-EPC,Boeing 777-300ER,Emirates,landing,arrivee,700,284.8,95.5,,57.56,,
2026-06-20,18:49:39,EJU67HP,OE-LQA,Airbus A319,easyJet Europe,landing,arrivee,675,248.4,97.1,,42.59,,
2026-06-20,18:52:42,TAP1065,CS-TPV,Embraer E190,TAP Air Portugal,landing,arrivee,625,235.6,96.5,,25.15,,
2026-06-20,18:55:04,KLM71Y,PH-AXN,Airbus A321neo,KLM,landing,arrivee,700,263.2,100,,26.58,,
2026-06-20,18:57:41,RYR14SC,EI-HGV,Boeing 737 MAX 8,Ryanair,landing,arrivee,650,275.6,93.6,,33.47,,
2026-06-20,19:00:09,RYR12SN,9H-VUF,Boeing 737 MAX 8,Malta Air,landing,arrivee,650,270.4,96.2,,34.66,,
2026-06-20,19:05:46,TAP35BL,CS-TVR,Airbus A320neo,TAP Air Portugal,landing,arrivee,650,244.8,98.2,,25.07,,
2026-06-20,19:08:37,TAP1862,CS-TXF,Airbus A321neo,TAP Air Portugal,landing,arrivee,650,258.0,91.0,,28.9,,
2026-06-20,19:11:21,TAP282,CS-TUM,Airbus A330-900neo,TAP Air Portugal,landing,arrivee,675,258.4,96.3,,37.3,,
2026-06-20,19:16:14,BEL2DT,OO-SNJ,Airbus A320,Brussels Airlines,landing,arrivee,1050,252.4,96.1,,31.99,,
2026-06-20,19:21:03,RYR67UV,EI-EVE,Boeing 737-800,Ryanair,landing,arrivee,650,280.6,93.6,,40.42,,
2026-06-20,19:24:30,TAP4TL,CS-TTW,Embraer E195,TAP Air Portugal,landing,arrivee,650,242.2,96.9,,24.97,,
2026-06-20,19:27:12,TAP1906,CS-TAX,Embraer E195,TAP Air Portugal,landing,arrivee,650,241.5,97.6,,22.81,,
2026-06-20,19:29:39,RYR59QQ,9H-VUN,Boeing 737 MAX 8,Malta Air,landing,arrivee,650,268.0,98.3,,33.47,,
2026-06-20,19:32:31,34750b,EC-OBK,Boeing 737-800,Air Europa,landing,arrivee,1000,261.7,96.2,,36.75,,
2026-06-20,19:35:38,RYR40MN,9H-QFD,Boeing 737-800,Malta Air,landing,arrivee,675,280.4,97.5,,47.28,,
2026-06-20,19:38:49,WZZ477,9H-WDS,Airbus A321,Wizz Air,landing,arrivee,650,253.0,96.1,,34.37,,
2026-06-20,19:42:19,TAP403Z,CS-TPW,Embraer E190,TAP Air Portugal,landing,arrivee,650,229.8,98.6,,22.4,,
2026-06-20,19:45:32,TAP835,CS-TVI,Airbus A320neo,TAP Air Portugal,landing,arrivee,675,261.5,95.8,,22.11,,
2026-06-20,19:48:02,TAP1478,CS-TJO,Airbus A321neo,TAP Air Portugal,landing,arrivee,650,264.8,97.2,,23.54,,
2026-06-20,19:50:49,TAP563,CS-TVN,Airbus A320neo,TAP Air Portugal,landing,arrivee,650,245.6,96.7,,22.1,,
2026-06-20,19:53:09,DTA652,D2-TEJ,Boeing 777-300ER,TAAG Angola Airlines,landing,arrivee,675,286.5,93.6,,56.35,,
2026-06-20,19:58:37,RYR7VL,9H-QDE,Boeing 737-800,Malta Air,landing,arrivee,650,274.5,99.7,,40.66,,
2026-06-20,20:01:17,TAP825,CS-TJH,Airbus A321,TAP Air Portugal,landing,arrivee,625,250.0,99.0,,36.15,,
2026-06-20,20:04:22,TAP473H,CS-TPX,Embraer E190,TAP Air Portugal,landing,arrivee,675,252.2,97.1,,28.71,,
2026-06-20,20:07:05,VLG8UE,EC-MJR,Airbus A321,Vueling,landing,arrivee,800,254.8,97.6,,26.93,,
2026-06-20,20:13:15,TAP94VA,CS-TVJ,Airbus A320neo,TAP Air Portugal,landing,arrivee,675,251.5,98.6,,24.51,,
2026-06-20,20:16:27,TAP671,CS-TVK,Airbus A320neo,TAP Air Portugal,landing,arrivee,650,256.5,99.3,,31.34,,
2026-06-20,20:19:06,EZY26YM,G-EJCD,Airbus A320,easyJet,landing,arrivee,675,249.1,98.7,,31.27,,
2026-06-20,20:22:21,BTI8WF,YL-CSI,C Series 300,Air Baltic,landing,arrivee,650,254.8,99.5,,25.16,,
2026-06-20,20:25:08,TAP543W,CS-TNJ,Airbus A320,TAP Air Portugal,landing,arrivee,650,258.9,99.1,,30.93,,
2026-06-20,20:27:55,TAP69UX,CS-TJR,Airbus A321neo,TAP Air Portugal,landing,arrivee,650,270.8,98.2,,30.41,,
2026-06-20,20:30:35,WMT537,9H-WDY,Airbus A321,Lauda Europe,landing,arrivee,650,241.5,94.8,,26.53,,
2026-06-20,20:33:25,TAP48M,CS-TTY,Embraer E195,TAP Air Portugal,landing,arrivee,700,249.8,99.1,,24.22,,
2026-06-20,20:35:51,TAP93ZS,CS-TJE,Airbus A321,TAP Air Portugal,landing,arrivee,625,256.5,95.5,,33.51,,
2026-06-20,20:38:52,TAP1019,CS-TPS,Embraer E190,TAP Air Portugal,landing,arrivee,675,241.7,98.6,,27.94,,
2026-06-20,20:41:54,TAP877,CS-TPY,Embraer E190,TAP Air Portugal,landing,arrivee,475,233.2,66.8,,13.49,,
2026-06-20,20:43:30,RYR9PA,EI-HEW,Boeing 737 MAX 8,Ryanair,landing,arrivee,850,273.2,97.0,,39.44,,
2026-06-20,20:47:30,AXY209W,9H-DOM,Challenger 850,Air X Charter,landing,arrivee,650,250.8,98.5,,20.57,,
2026-06-20,20:50:11,TAP3928,CS-TVA,Airbus A320neo,TAP Air Portugal,landing,arrivee,975,233.2,100,,25.92,,
2026-06-20,20:53:04,RYR9QJ,9H-QCK,Boeing 737-800,Malta Air,landing,arrivee,625,278.0,95.5,,42.43,,
2026-06-20,20:58:01,TAP755,CS-TVF,Airbus A320neo,TAP Air Portugal,landing,arrivee,625,239.1,95.8,,24.05,,
2026-06-20,21:00:42,RZO142,CS-TKP,Airbus A320,TAP Air Portugal,landing,arrivee,650,247.2,96.7,,28.05,,
2026-06-20,21:03:08,VLG14YF,EC-OKG,Airbus A320,Vueling,landing,arrivee,650,268.9,99.0,,26.6,,
2026-06-20,21:06:06,TAP1692,CS-TAW,Embraer E195,TAP Air Portugal,landing,arrivee,625,252.4,94.1,,32.29,,
2026-06-20,21:08:35,RYR6626,9H-QCC,Boeing 737-800,Malta Air,landing,arrivee,650,281.3,95.5,,42.9,,
2026-06-20,21:10:56,EZY25BM,G-EZDJ,Airbus A319,easyJet,landing,arrivee,1025,230.0,96.6,,24.4,,
2026-06-20,21:14:01,TAP53ED,CS-TNQ,Airbus A320,TAP Air Portugal,landing,arrivee,675,252.2,96.8,,35.61,,
2026-06-20,21:15:31,TAP57W,CS-TVB,Airbus A320neo,TAP Air Portugal,landing,arrivee,925,230.8,95.2,,26.19,,
2026-06-20,21:23:41,EIN4PT,EI-XLR,Airbus A321neo,Aer Lingus,landing,arrivee,650,256.3,98.8,,31.85,,
2026-06-20,21:26:04,RZO134,CS-TSK,Airbus A320,TAP Air Portugal,landing,arrivee,650,239.1,98.7,,22.68,,
2026-06-20,21:27:47,EJU15DB,OE-ISH,Airbus A321neo,easyJet Europe,landing,arrivee,675,270.4,99.0,,28.38,,
2026-06-20,21:30:28,WJA32,C-FKWS,Boeing 737-700,WestJet,landing,arrivee,600,276.5,97.4,,36.24,,
2026-06-20,21:33:15,TAP827V,CS-TNV,Airbus A320,TAP Air Portugal,landing,arrivee,625,255.6,97.1,,30.89,,
2026-06-20,21:35:58,TAP37CN,CS-TAY,Embraer E195,TAP Air Portugal,landing,arrivee,650,258.0,99.1,,28.79,,
2026-06-20,21:38:24,RYR85MR,EI-IJO,Boeing 737 MAX 8,Ryanair,landing,arrivee,650,270.4,92.5,,31.69,,
2026-06-20,21:41:14,DLH34J,D-AIDG,Airbus A321,Lufthansa,landing,arrivee,650,263.2,96.1,,28.22,,
2026-06-20,21:43:52,VLG39HL,EC-MOG,Airbus A320,Vueling,landing,arrivee,650,249.1,94.5,,31.04,,
2026-06-20,21:46:41,LBT6148,TS-INQ,Airbus A320,Nouvelair Tunisie,landing,arrivee,650,248.0,95.6,,35.79,,
2026-06-20,21:49:17,FIA5811,ER-00001,Airbus A321,Fly One,landing,arrivee,650,248.0,98.3,,41.8,,
2026-06-20,21:52:09,EJU71TK,HB-JYA,Airbus A320,easyJet Europe,landing,arrivee,625,252.4,97.9,,28.23,,
2026-06-20,21:54:44,LZB563,LZ-ROM,A220-300,Bulgaria Air,landing,arrivee,650,247.2,99.7,,24.91,,
2026-06-20,21:58:05,EJU74EP,OE-LSA,Airbus A320neo,easyJet Europe,landing,arrivee,650,257.2,99.2,,26.46,,
2026-06-20,22:00:41,TAP67U,CS-TJJ,Airbus A321neo,TAP Air Portugal,landing,arrivee,625,243.9,97.3,,20.35,,
2026-06-20,22:03:20,EWG6TR,9H-EWB,Airbus A320,Eurowings,landing,arrivee,625,259.7,94.7,,30.83,,
2026-06-20,22:07:08,TAP837,CS-TNN,Airbus A320,TAP Air Portugal,landing,arrivee,600,245.6,95.5,,34.13,,
2026-06-20,22:09:15,EJU32GK,OE-IDX,Airbus A320,easyJet Europe,landing,arrivee,650,240.8,93.9,,32.79,,
2026-06-20,22:11:46,TRA55J,PH-YHO,Airbus A321neo,,landing,arrivee,650,241.5,98.5,,25.93,,
2026-06-20,22:13:30,RYR5BP,EI-EVO,Boeing 737-800,Ryanair,landing,arrivee,625,266.3,94.0,,58.91,,
2026-06-20,22:16:55,TAP437X,CS-TNX,Airbus A320,TAP Air Portugal,landing,arrivee,650,258.0,98.5,,39.35,,
2026-06-20,22:20:03,TAP555,CS-TNY,Airbus A320,TAP Air Portugal,landing,arrivee,650,227.4,97.9,,37.44,,
2026-06-20,22:22:21,ASL41G,YU-APE,Airbus A319,Air Serbia,landing,arrivee,625,230.6,96.2,,26.08,,
2026-06-20,22:25:11,TAP885,CS-TPZ,Embraer E190,TAP Air Portugal,landing,arrivee,600,225.0,100,,29.42,,
2026-06-20,22:27:59,TAP1369,CS-TVD,Airbus A320neo,TAP Air Portugal,landing,arrivee,625,229.1,99.3,,27.1,,
2026-06-20,22:29:55,EJU97HA,OE-IWW,Airbus A320,easyJet Europe,landing,arrivee,975,248.4,99.8,,38.89,,
2026-06-20,22:32:50,DLH64P,D-AISK,Airbus A321,Lufthansa,landing,arrivee,650,258.9,96.8,,58.43,,
2026-06-20,22:35:55,TAP1933,CS-TPP,Embraer E190,TAP Air Portugal,landing,arrivee,650,230.8,97.8,,30.42,,
2026-06-20,22:38:21,TAP21MM,CS-TPU,Embraer E190,TAP Air Portugal,landing,arrivee,625,228.4,97.1,,34.31,,
2026-06-20,22:40:44,AFR64PQ,F-HBNE,Airbus A320,Air France,landing,arrivee,600,245.6,95.4,,38.18,,
2026-06-20,22:43:09,TVF47RH,F-HTVI,Boeing 737-800,Transavia France,landing,arrivee,600,268.0,94.0,,53.46,,
2026-06-20,22:47:14,TAP645,CS-TNR,Airbus A320,TAP Air Portugal,landing,arrivee,600,253.2,96.7,,31.91,,
2026-06-20,22:50:43,TVF34QV,F-HTVT,Boeing 737-800,Transavia France,landing,arrivee,625,259.3,96.5,,43.66,,
2026-06-20,22:53:42,TAP64M,CS-TVQ,Airbus A320neo,TAP Air Portugal,landing,arrivee,600,229.1,98.8,,28.41,,
2026-06-20,22:56:54,BAW508,G-NEOV,Airbus A321neo,British Airways,landing,arrivee,625,247.2,95.4,,25.74,,
2026-06-20,22:59:58,EJU45UK,OE-LSV,Airbus A320neo,easyJet Europe,landing,arrivee,625,246.7,99.2,,25.84,,
2026-06-20,23:02:44,TAP1738,CS-TNM,Airbus A320,TAP Air Portugal,landing,arrivee,600,254.1,96.8,,30.59,,
2026-06-20,23:05:16,TAP863Y,CS-TTP,Airbus A319,TAP Air Portugal,landing,arrivee,650,244.8,95.5,,31.41,,
2026-06-20,23:08:02,RYR67PW,EI-DPH,Boeing 737-800,Ryanair,landing,arrivee,600,253.9,92.0,,60.83,,
2026-06-20,23:10:30,IBE0539,EC-LUL,Airbus A320,Iberia,landing,arrivee,625,246.7,98.6,,32.38,,
2026-06-20,23:12:40,RYR384,EI-GXM,Boeing 737-800,Ryanair,landing,arrivee,600,262.4,93.3,,44.73,,
2026-06-20,23:18:07,AEE7PT,SX-NET,Airbus A320neo,Aegean Airlines,landing,arrivee,625,253.2,99.2,,32.4,,
2026-06-20,23:22:16,KLM35W,PH-AXH,Airbus A321neo,KLM,landing,arrivee,625,241.5,95.8,,30.98,,
2026-06-20,23:25:14,TAP94KM,CS-TPR,Embraer E190,TAP Air Portugal,landing,arrivee,625,240.8,98.1,,29.67,,
2026-06-20,23:27:50,DLH23C,D-AINB,Airbus A320neo,Lufthansa,landing,arrivee,625,256.3,97.3,,33.31,,
2026-06-20,23:30:55,SWR755L,HB-JPA,Airbus A321neo,Swiss,landing,arrivee,600,259.7,97.5,,33.51,,
2026-06-20,23:33:54,RYR98HW,9H-VVL,Boeing 737 MAX 8,Malta Air,landing,arrivee,575,268.2,98.3,,38.47,,
2026-06-20,23:37:05,EJU69VE,OE-IBF,Airbus A320,easyJet Europe,landing,arrivee,600,238.2,97.5,,41.41,,
2026-06-20,23:48:09,EJU95BR,OE-LSP,Airbus A320,easyJet Europe,landing,arrivee,625,244.8,99.1,,35.15,,
2026-06-21,00:13:51,TAP39PT,EC-OCT,Airbus A321,TAP Air Portugal,landing,arrivee,600,259.7,95.9,,30.58,,
2026-06-21,00:28:46,9HGMF,9H-GVA,GL5T,,approach,arrivee,750,65.2,92.2,,16.39,,
2026-06-21,00:56:27,9HGMF,9H-GVA,GL5T,,descending,arrivee,900,211.3,90.8,,15.52,,
2026-06-21,01:02:33,RZO128,CS-TKQ,Airbus A320,TAP Air Portugal,landing,arrivee,625,232.4,98.3,,,,
2026-06-21,03:23:13,SWT133,EC-MAF,ATR 72 500F,Swiftair,approach,arrivee,600,183.7,97.4,,21.72,,
2026-06-21,04:40:56,TAP1532,CS-TXI,Airbus A321neo,TAP Air Portugal,landing,arrivee,650,260.8,98.4,,33.26,,
2026-06-21,04:45:29,TAP074,CS-TUR,Airbus A330-900neo,TAP Air Portugal,landing,arrivee,675,253.2,99.0,,43.46,,
2026-06-21,04:48:17,TAP202A,CS-TXD,Airbus A321neo,TAP Air Portugal,landing,arrivee,650,234.8,95.3,,25.5,,
2026-06-21,04:59:39,TAP082,CS-TUS,Airbus A330-900neo,TAP Air Portugal,landing,arrivee,650,254.8,99.0,,42.66,,
2026-06-21,05:04:16,TAP224,CS-TUI,Airbus A330-900neo,TAP Air Portugal,landing,arrivee,650,251.5,98.5,,44.32,,
2026-06-21,05:12:24,TAP25YZ,CS-TXG,Airbus A321neo,TAP Air Portugal,landing,arrivee,650,268.9,96.7,,26.37,,
2026-06-21,05:17:44,TAP232Y,CS-TXH,Airbus A321neo,TAP Air Portugal,landing,arrivee,625,265.6,95.3,,27.02,,
2026-06-21,05:28:13,TAP218,CS-TXB,Airbus A321neo,TAP Air Portugal,landing,arrivee,625,268.2,99.1,,28.6,,
2026-06-21,05:42:27,TAP1484,CS-TJS,Airbus A321neo,TAP Air Portugal,landing,arrivee,650,283.0,99.9,,27.52,,
2026-06-21,05:47:57,TAP1550,CS-TVN,Airbus A320neo,TAP Air Portugal,landing,arrivee,625,267.2,100,,25.86,,
2026-06-21,05:55:58,TAP1937,CS-TVD,Airbus A320neo,TAP Air Portugal,landing,arrivee,625,234.8,99.2,,21.63,,
2026-06-21,05:59:46,TAP1544,CS-TVC,Airbus A320neo,TAP Air Portugal,landing,arrivee,625,265.6,96.1,,23.65,,
2026-06-21,06:01:24,TAP96AW,CS-TNQ,Airbus A320,TAP Air Portugal,landing,arrivee,600,262.4,100,,39.59,,
2026-06-21,06:04:39,TAP058,CS-TUE,Airbus A330-900neo,TAP Air Portugal,landing,arrivee,625,258.9,98.7,,32.73,,
2026-06-21,06:14:35,TAP104,CS-TUN,Airbus A330-900neo,TAP Air Portugal,landing,arrivee,625,258.9,97.4,,36.5,,
2026-06-21,06:17:59,TAP9004,CS-TNL,Airbus A320,TAP Air Portugal,landing,arrivee,625,250.8,99.6,,30.59,,
2026-06-21,06:19:35,TAP1097,CS-TAX,Embraer E195,TAP Air Portugal,landing,arrivee,600,258.9,98.8,,27.25,,
2026-06-21,06:28:32,RYR9PX,EI-ESV,Boeing 737-800,Ryanair,landing,arrivee,600,278.0,90.6,,40.26,,
2026-06-21,06:31:08,TAP11VP,CS-TPY,Embraer E190,TAP Air Portugal,landing,arrivee,925,237.6,98.9,,25.25,,
2026-06-21,06:34:11,DTA650,D2-TEK,Boeing 777-300ER,TAAG Angola Airlines,landing,arrivee,625,283.0,96.2,,42.83,,
2026-06-21,06:37:53,TAP1908,CS-TVB,Airbus A320neo,TAP Air Portugal,landing,arrivee,625,232.4,99.8,,19.64,,
2026-06-21,06:41:16,TAP41SN,CS-TNX,Airbus A320,TAP Air Portugal,landing,arrivee,625,253.2,95.1,,28.05,,
2026-06-21,06:43:55,ETD7LG,A6-BLJ,Boeing 787-9,Etihad Airways,landing,arrivee,575,295.4,94.0,,45.26,,
2026-06-21,06:46:45,TAP296,CS-TUH,Airbus A330-900neo,TAP Air Portugal,landing,arrivee,575,274.1,97.2,,48.35,,
2026-06-21,06:49:33,TAP1023,CS-TNJ,Airbus A320,TAP Air Portugal,landing,arrivee,625,258.4,96.3,,30.85,,
2026-06-21,06:52:35,AZU8750,PR-AIW,Airbus A330-200,Azul,landing,arrivee,600,256.5,96.7,,42.15,,
2026-06-21,06:55:11,TAP1941,CS-TPX,Embraer E190,TAP Air Portugal,landing,arrivee,600,241.5,97.2,,31.32,,
2026-06-21,06:57:49,AEA1159,EC-MJU,Boeing 737-800,Air Europa,landing,arrivee,625,258.9,94.9,,39.63,,
2026-06-21,07:00:46,TAP98CX,CS-TNV,Airbus A320,TAP Air Portugal,landing,arrivee,575,250.8,93.8,,34.32,,
2026-06-21,07:03:33,TAM8146,PT-MUJ,Boeing 777-300ER,LATAM Airlines,landing,arrivee,625,268.9,95.2,,56.78,,
2026-06-21,07:09:15,TAP475,CS-TPS,Embraer E190,TAP Air Portugal,landing,arrivee,600,231.5,99.3,,30.16,,
2026-06-21,07:12:41,TAP40MR,CS-TPQ,Embraer E190,TAP Air Portugal,landing,arrivee,575,228.4,99.0,,31.86,,
2026-06-21,07:19:14,DAL272,N433DX,Airbus A330-900neo,Delta Air Lines,landing,arrivee,625,255.6,100,,39.41,,
2026-06-21,07:22:39,TAP441,CS-TJM,Airbus A321neo,TAP Air Portugal,landing,arrivee,625,238.4,96.1,,25.06,,
2026-06-21,07:25:10,TAP945,CS-TJP,Airbus A321neo,TAP Air Portugal,landing,arrivee,600,231.5,93.7,,29.32,,
2026-06-21,07:29:21,TAP9ML,CS-TVJ,Airbus A320neo,TAP Air Portugal,landing,arrivee,625,235.6,98.7,,21.17,,
2026-06-21,07:32:38,TAP85CE,CS-TAW,Embraer E195,TAP Air Portugal,landing,arrivee,625,255.6,98.1,,24.9,,
2026-06-21,07:41:08,TAP495Y,CS-TPO,Embraer E190,TAP Air Portugal,landing,arrivee,625,219.1,96.2,,26.78,,
2026-06-21,07:43:28,TAP8RL,CS-TVR,Airbus A320neo,TAP Air Portugal,landing,arrivee,650,231.5,97.0,,24.91,,
2026-06-21,07:49:32,TAP244,CS-TUF,Airbus A330-900neo,TAP Air Portugal,landing,arrivee,600,257.2,99.0,,49.94,,
2026-06-21,07:52:20,TAP1939,CS-TNS,Airbus A320,TAP Air Portugal,landing,arrivee,600,237.6,94.6,,34.65,,
2026-06-21,07:55:08,UAL64,N17017,Boeing 787-10,United Airlines,landing,arrivee,625,287.2,97.0,,41.58,,
2026-06-21,07:57:54,EZS79YP,HB-AYR,Airbus A320neo,easyJet Europe,landing,arrivee,575,258.9,99.7,,26.02,,
2026-06-21,08:00:42,TAP575,CS-TNU,Airbus A320,TAP Air Portugal,landing,arrivee,650,243.9,98.7,,38.21,,
2026-06-21,08:03:34,VLG46AX,EC-MGY,Airbus A321,Vueling,landing,arrivee,600,258.9,96.2,,23.78,,
2026-06-21,08:10:33,EJU64TB,OE-IJX,Airbus A320,easyJet Europe,landing,arrivee,625,253.2,98.3,,27.64,,
2026-06-21,08:13:19,TAP006,CS-TXK,Airbus A321,TAP Air Portugal,landing,arrivee,600,246.7,93.5,,25.39,,
2026-06-21,08:15:50,TAP27UZ,CS-TPV,Embraer E190,TAP Air Portugal,landing,arrivee,600,234.8,96.7,,26.32,,
2026-06-21,08:21:07,TAP557H,CS-TJI,Airbus A321neo,TAP Air Portugal,landing,arrivee,600,255.6,100,,22.06,,
2026-06-21,08:23:30,TAP56DP,CS-TTS,Airbus A319,TAP Air Portugal,landing,arrivee,600,241.5,96.5,,24.85,,
2026-06-21,08:27:06,TAP53EI,CS-TJK,Airbus A321neo,TAP Air Portugal,landing,arrivee,600,242.4,95.3,,21.74,,
2026-06-21,08:31:16,TAP63GL,CS-TVO,Airbus A320neo,TAP Air Portugal,landing,arrivee,600,239.1,99.9,,20.49,,
2026-06-21,08:33:38,AAL258,N833AA,Boeing 787-9,American Airlines,landing,arrivee,600,275.6,95.9,,30.06,,
2026-06-21,08:36:53,TSC680,C-GOIP,Airbus A321neo,Air Transat,landing,arrivee,575,246.7,99.1,,30.83,,
2026-06-21,08:39:39,AFR35VY,F-GKXM,Airbus A320,Air France,landing,arrivee,600,249.8,97.9,,26.58,,
2026-06-21,08:43:46,EWG66L,D-AENF,Airbus A320neo,Eurowings,landing,arrivee,600,240.8,97.2,,24.24,,
2026-06-21,08:46:45,TAP675,CS-TVM,Airbus A320neo,TAP Air Portugal,landing,arrivee,575,255.9,98.5,,21.8,,
2026-06-21,08:49:49,TVF55WH,F-HXSJ,Airbus A320neo,Transavia France,landing,arrivee,600,249.1,99.0,,23.02,,
2026-06-21,08:52:30,TAP443,CS-TVG,Airbus A320neo,TAP Air Portugal,landing,arrivee,575,251.5,93.5,,20.81,,
2026-06-21,08:56:43,RYR8AT,EI-EXE,Boeing 737-800,Ryanair,landing,arrivee,625,287.2,95.5,,34.25,,
2026-06-21,09:00:19,TAP9243,CS-TPT,Embraer E190,TAP Air Portugal,landing,arrivee,575,234.8,97.7,,23.54,,
2026-06-21,09:02:55,TAP757P,CS-TVH,Airbus A320neo,TAP Air Portugal,landing,arrivee,625,271.3,99.2,,22.24,,
2026-06-21,09:14:55,EZY46AK,G-UJEA,Airbus A320neo,easyJet,landing,arrivee,600,267.2,100,,25.43,,
2026-06-21,09:18:03,EZY25MD,G-UZLZ,Airbus A320neo,easyJet,landing,arrivee,600,251.5,95.3,,22.8,,
2026-06-21,09:20:59,NSZ3616,LN-NOD,Boeing 737-800,Norwegian,landing,arrivee,625,284.8,95.2,,32.48,,
2026-06-21,09:23:59,RYR4ZF,EI-IHY,Boeing 737 MAX 8,Ryanair,landing,arrivee,575,282.1,97.5,,19.42,,
2026-06-21,09:27:06,TAP9RH,CS-TJF,Airbus A321,TAP Air Portugal,landing,arrivee,600,276.3,99.4,,26.39,,
2026-06-21,09:29:52,THY3WE,TC-LTB,Airbus A321neo,Turkish Airlines,landing,arrivee,600,260.8,99.9,,28.66,,
2026-06-21,09:32:27,TAP3178,CS-TOP,Airbus A330-200,TAP Air Portugal,landing,arrivee,600,254.8,97.3,,42.82,,
2026-06-21,09:35:07,TAP210,CS-TOO,Airbus A330-200,TAP Air Portugal,landing,arrivee,600,252.4,97.0,,33.42,,
2026-06-21,09:37:33,TAP66PD,CS-TVA,Airbus A320neo,TAP Air Portugal,landing,arrivee,625,275.6,98.4,,21.32,,
2026-06-21,09:41:13,TAP036,EC-NBN,Airbus A330-200,TAP Air Portugal,landing,arrivee,600,242.4,99.6,,31.16,,
2026-06-21,09:44:09,BAW50P,G-TTNR,Airbus A320neo,British Airways,landing,arrivee,575,250.8,98.6,,25.37,,
2026-06-21,09:46:47,TAP012,CS-TXJ,Airbus A321neo,TAP Air Portugal,landing,arrivee,625,254.8,99.2,,23.26,,
2026-06-21,09:51:13,TAP072,CS-TUO,Airbus A330-900neo,TAP Air Portugal,landing,arrivee,675,264.1,99.9,,30.44,,
2026-06-21,09:54:44,EIN82T,EI-NSE,Airbus A320neo,Aer Lingus,landing,arrivee,600,250.8,96.1,,19.24,,
2026-06-21,09:58:05,TAP1921,CS-TVL,Airbus A320,TAP Air Portugal,landing,arrivee,550,243.2,94.8,,21.42,,
2026-06-21,10:00:48,EJU7690,OE-IDX,Airbus A320,easyJet Europe,landing,arrivee,625,259.7,99.3,,24.37,,
2026-06-21,10:05:01,TAP1826,CS-TJO,Airbus A321neo,TAP Air Portugal,landing,arrivee,600,261.5,98.0,,20.62,,
2026-06-21,10:09:07,TAP234Y,CS-TXL,Airbus A321neo,TAP Air Portugal,landing,arrivee,725,273.2,98.8,,22.89,,
2026-06-21,10:11:36,TSC480,C-GTSR,Airbus A330-200,Air Transat,landing,arrivee,850,245.6,98.6,,27.77,,
2026-06-21,10:14:13,RYR3WD,EI-HEW,Boeing 737 MAX 8,Ryanair,landing,arrivee,975,292.8,97.7,,24.11,,
2026-06-21,10:19:28,EZY79RV,G-UZHR,Airbus A320neo,easyJet,landing,arrivee,975,264.8,99.4,,19.42,,
2026-06-21,10:24:04,UAL942,N76010,Boeing 777-200,United Airlines,landing,arrivee,600,268.0,95.8,,34.08,,
2026-06-21,10:26:38,TAP13LH,CS-TVP,Airbus A320neo,TAP Air Portugal,landing,arrivee,650,267.2,99.0,,22.75,,
2026-06-21,10:29:21,TAP088,CS-TUG,Airbus A330-900neo,TAP Air Portugal,landing,arrivee,675,261.5,96.7,,33.26,,
2026-06-21,10:31:39,ACA810,C-FITU,Boeing 777-300ER,Air Canada,landing,arrivee,650,275.6,95.0,,44.35,,
2026-06-21,10:34:22,DAL124,N423DX,Airbus A330-900neo,Delta Air Lines,landing,arrivee,650,264.8,99.3,,33.66,,
2026-06-21,10:37:21,TAP11MG,CS-TAX,Embraer E195,TAP Air Portugal,landing,arrivee,600,271.3,99.9,,26.41,,
2026-06-21,10:40:04,TAP204A,CS-TUL,Airbus A330-900neo,TAP Air Portugal,landing,arrivee,600,260.0,96.8,,28.02,,
2026-06-21,10:44:39,TAP216L,CS-TXA,Airbus A321neo,TAP Air Portugal,landing,arrivee,925,278.9,100,,22.06,,
2026-06-21,10:48:13,KLM1579,PH-AXK,Airbus A321neo,KLM,landing,arrivee,650,258.9,98.9,,23.12,,
2026-06-21,10:50:20,TAP68JP,CS-TNM,Airbus A320,TAP Air Portugal,landing,arrivee,975,260.4,99.7,,25.51,,
2026-06-21,10:54:54,SAS2903,EI-SIW,Airbus A320neo,SAS Scandinavian,landing,arrivee,900,252.2,99.6,,18.38,,
2026-06-21,10:57:59,EJU74EF,OE-IBF,Airbus A320,easyJet Europe,landing,arrivee,350,265.6,66.2,,11.82,,
2026-06-21,10:59:31,EZY31FV,G-EZOU,Airbus A320,easyJet,landing,arrivee,875,260.4,98.9,,29.52,,
2026-06-21,11:02:35,TAP1923,CS-TVK,Airbus A320neo,TAP Air Portugal,landing,arrivee,525,241.5,85.8,,19.0,,
2026-06-21,11:05:37,EJU15UG,HB-JYA,Airbus A320,easyJet Europe,landing,arrivee,975,263.9,96.7,,21.86,,
2026-06-21,11:09:49,TAP048,CS-TXC,Airbus A321neo,TAP Air Portugal,landing,arrivee,875,268.9,99.1,,20.42,,
2026-06-21,11:12:49,VLG39HL,EC-OKJ,Airbus A320,Vueling,landing,arrivee,550,265.6,96.1,,20.04,,
2026-06-21,11:15:24,TAP11WQ,CS-TNQ,Airbus A320,TAP Air Portugal,landing,arrivee,575,273.9,99.4,,22.49,,
2026-06-21,11:17:32,BEL2DY,OO-SSA,Airbus A319,Brussels Airlines,landing,arrivee,975,258.4,100,,28.63,,
2026-06-21,11:20:33,TAP248,CS-TUA,Airbus A330-900neo,TAP Air Portugal,landing,arrivee,600,264.1,98.7,,39.95,,
2026-06-21,11:22:40,RZO120,CS-TSH,Airbus A321neo,Azores Airlines,landing,arrivee,950,277.2,99.3,,20.33,,
2026-06-21,11:25:20,WPT3154,EC-OND,Airbus A330-300,,landing,arrivee,975,252.2,99.2,,29.73,,
2026-06-21,11:30:49,EJU32GK,OE-LSV,Airbus A320neo,easyJet Europe,landing,arrivee,800,277.2,99.1,,22.84,,
2026-06-21,11:33:49,AFR41GW,F-HZUD,A220 300,Air France,landing,arrivee,575,256.5,91.9,,19.18,,
2026-06-21,11:35:56,IBE05FV,EC-LEI,Airbus A319,Iberia,landing,arrivee,1000,239.1,98.2,,15.33,,
2026-06-21,11:43:37,DLH39X,D-AIEO,Airbus A321neo,Lufthansa,landing,arrivee,975,252.4,99.6,,21.0,,
2026-06-21,11:46:39,TAP028,CS-TUJ,Airbus A330-900neo,TAP Air Portugal,landing,arrivee,675,279.7,99.5,,35.78,,
2026-06-21,11:48:30,RYR7GJ,EI-GXM,Boeing 737-800,Ryanair,landing,arrivee,975,303.0,95.0,,24.82,,
2026-06-21,11:51:31,49521a,CS-TPZ,Embraer E190,TAP Air Portugal,landing,arrivee,850,256.3,99.8,,23.64,,
2026-06-21,11:54:33,LOT4HT,SP-LVD,Boeing 737 MAX 8,LOT Polish Airlines,landing,arrivee,400,293.0,91.6,,11.65,,
2026-06-21,11:56:05,RYR3RB,9H-QEW,Boeing 737-800,Malta Air,landing,arrivee,700,297.2,98.5,,28.43,,
2026-06-21,12:02:02,EJU92TK,OE-IWW,Airbus A320,easyJet Europe,landing,arrivee,975,266.5,97.6,,24.09,,
2026-06-21,12:07:08,EJU32WQ,OE-LSP,Airbus A320,easyJet Europe,landing,arrivee,350,272.4,100,,10.4,,
2026-06-21,12:08:39,RYR59QQ,EI-GSK,Boeing 737-800,Ryanair,landing,arrivee,725,288.0,95.8,,24.38,,
2026-06-21,12:11:06,UAE3MV,A6-EPX,Boeing 777-300ER,Emirates,landing,arrivee,950,291.3,96.7,,41.24,,
2026-06-21,12:14:08,EWG37V,OK-TSU,Boeing 737-800,Eurowings,landing,arrivee,775,298.2,94.9,,25.65,,
2026-06-21,12:16:40,TAP1902,CS-TJE,Airbus A321,TAP Air Portugal,landing,arrivee,950,285.6,98.8,,29.15,,
2026-06-21,12:19:41,TVF97HD,F-GZHY,Boeing 737-800,Transavia France,landing,arrivee,575,296.1,94.6,,34.1,,
2026-06-21,12:21:47,495066,CS-TCF,Airbus A330-900neo,TAP Air Portugal,landing,arrivee,975,273.2,99.2,,27.14,,
2026-06-21,12:24:49,TAP1123,CS-TTY,Embraer E195,TAP Air Portugal,landing,arrivee,850,277.2,99.2,,18.29,,
2026-06-21,12:27:53,TAP143P,CS-TTP,Airbus A319,TAP Air Portugal,landing,arrivee,725,245.6,98.6,,23.44,,
2026-06-21,12:30:33,TAP1031,CS-TJS,Airbus A321neo,TAP Air Portugal,landing,arrivee,975,279.7,99.8,,22.42,,
2026-06-21,12:41:26,RZO122,CS-TSI,Airbus A321neo,TAP Air Portugal,landing,arrivee,975,291.3,99.5,,22.06,,
2026-06-21,12:44:39,RYR16GW,9H-VVL,Boeing 737 MAX 8,Malta Air,landing,arrivee,950,293.7,99.0,,18.94,,
2026-06-21,13:02:56,TAP1335,CS-TPW,Embraer E190,TAP Air Portugal,landing,arrivee,525,253.2,96.0,,24.47,,
2026-06-21,13:05:10,TAP831,CS-TNN,Airbus A320,TAP Air Portugal,landing,arrivee,750,263.2,99.6,,29.91,,
2026-06-21,13:07:51,VLG8JM,EC-NLX,Airbus A321,Vueling,landing,arrivee,550,274.5,90.0,,27.06,,
2026-06-21,13:09:53,4ca4ec,EI-DPH,Boeing 737-800,Ryanair,landing,arrivee,900,300.6,96.6,,26.84,,
2026-06-21,13:12:55,TAP145W,CS-TVJ,Airbus A320neo,TAP Air Portugal,landing,arrivee,700,253.2,98.9,,18.61,,
2026-06-21,13:15:28,EJU69GW,OE-LSA,Airbus A320neo,easyJet Europe,landing,arrivee,375,259.7,62.1,,9.08,,
2026-06-21,13:17:19,EJU52PB,OE-IDT,Airbus A320,easyJet Europe,landing,arrivee,925,268.9,98.4,,27.3,,
2026-06-21,13:20:21,EJU98EV,OE-IZH,Airbus A320,easyJet Europe,landing,arrivee,600,274.8,96.2,,20.38,,
2026-06-21,13:22:28,TAP43JD,CS-TVF,Airbus A320neo,TAP Air Portugal,landing,arrivee,975,260.8,99.7,,16.43,,
2026-06-21,13:25:31,DLH47T,D-AIEJ,Airbus A321neo,Lufthansa,landing,arrivee,700,277.2,98.1,,22.78,,
2026-06-21,13:27:45,EJU38DF,OE-LSR,Airbus A320,easyJet Europe,landing,arrivee,1000,278.9,98.9,,20.83,,
2026-06-21,13:30:47,TAP1736,CS-TNU,Airbus A320,TAP Air Portugal,landing,arrivee,625,266.3,98.1,,32.52,,
2026-06-21,13:33:08,SWR32F,HB-JCB,C Series 300,Swiss,landing,arrivee,900,273.2,97.1,,19.42,,
2026-06-21,13:36:10,TAP641,CS-TVI,Airbus A320neo,TAP Air Portugal,landing,arrivee,775,257.2,97.8,,18.67,,
2026-06-21,13:39:18,TAP23V,CS-TPP,Embraer E190,TAP Air Portugal,landing,arrivee,550,263.9,87.9,,19.32,,
2026-06-21,13:41:02,RYR55AR,EI-ENG,Boeing 737-800,Ryanair,landing,arrivee,1275,309.7,94.6,,9.44,,
2026-06-21,13:45:48,TAP86GM,CS-TNR,Airbus A320,TAP Air Portugal,landing,arrivee,400,260.8,93.2,,10.26,,
2026-06-21,13:47:40,495215,CS-TPU,Embraer E190,TAP Air Portugal,landing,arrivee,850,260.8,98.0,,28.32,,
2026-06-21,13:50:42,TAP1151,CS-TNX,Airbus A320,TAP Air Portugal,landing,arrivee,475,273.9,75.5,,9.23,,
2026-06-21,13:52:29,495171,CS-TKQ,Airbus A320,TAP Air Portugal,landing,arrivee,1075,286.5,99.0,,9.66,,
2026-06-21,13:55:30,TAP1860,CS-TVB,Airbus A320neo,TAP Air Portugal,landing,arrivee,825,267.2,98.8,,19.64,,
2026-06-21,13:58:32,TAP36GS,CS-TVN,Airbus A320neo,TAP Air Portugal,landing,arrivee,450,274.8,83.8,,9.58,,
2026-06-21,14:00:08,4952c3,CS-TVC,Airbus A320neo,TAP Air Portugal,landing,arrivee,1325,309.1,78.2,,9.96,,
2026-06-21,14:03:11,TAP23SL,CS-TUP,Airbus A330-900neo,TAP Air Portugal,landing,arrivee,1200,288.0,96.4,,9.95,,
2026-06-21,14:06:55,TAP91TL,CS-TTW,Embraer E195,TAP Air Portugal,landing,arrivee,575,266.5,93.6,,22.86,,
2026-06-21,14:09:26,TAP11EG,CS-TPR,Embraer E190,TAP Air Portugal,landing,arrivee,550,273.2,89.5,,16.65,,
2026-06-21,14:12:10,TAP10VL,CS-TPV,Embraer E190,TAP Air Portugal,landing,arrivee,550,263.2,93.7,,,,
2026-06-21,14:14:13,AMB280,D-CCCB,Learjet 35 A,DRF Luftrettung,landing,arrivee,775,272.1,62.6,,15.12,,
2026-06-21,14:17:15,TAP401P,CS-TPS,Embraer E190,TAP Air Portugal,landing,arrivee,550,270.4,96.4,,16.65,,
2026-06-21,14:19:51,TAP471A,CS-TPX,Embraer E190,TAP Air Portugal,landing,arrivee,575,257.2,91.8,,20.66,,
2026-06-21,14:22:57,TAP1013,CS-TPQ,Embraer E190,TAP Air Portugal,landing,arrivee,600,272.1,99.0,,16.7,,
2026-06-21,14:25:21,TAP481,CS-TAY,Embraer E195,TAP Air Portugal,landing,arrivee,825,293.0,84.5,,22.52,,
2026-06-21,14:28:21,KLM97N,PH-AXA,Airbus A321neo,KLM,landing,arrivee,575,281.3,93.4,,16.69,,
2026-06-21,14:30:50,TAP88TM,CS-TJH,Airbus A321,TAP Air Portugal,landing,arrivee,975,289.8,92.2,,9.61,,
2026-06-21,14:33:56,RYR76ZW,9H-QFE,Boeing 737-800,Malta Air,landing,arrivee,600,316.3,91.6,,,,
2026-06-21,14:42:09,EJU74WP,OE-ICR,Airbus A320,easyJet Europe,landing,arrivee,975,284.8,98.5,,,,
2026-06-21,14:45:12,TAP941,CS-TJM,Airbus A321neo,TAP Air Portugal,landing,arrivee,825,305.4,97.5,,,,
2026-06-21,14:50:14,EJU81TJ,OE-IDX,Airbus A320,easyJet Europe,landing,arrivee,650,280.6,96.3,,,,
2026-06-21,14:52:35,SWR2BK,HB-JPD,Airbus A321,Swiss,landing,arrivee,950,308.9,96.3,,25.66,,
2026-06-21,14:57:11,RZO1156,CS-TKP,Airbus A320,TAP Air Portugal,landing,arrivee,600,273.9,96.5,,29.86,,
2026-06-21,15:10:39,RYR5HE,9H-VVL,Boeing 737 MAX 8,Malta Air,takeoff,depart,1175,306.1,96.5,,20.5,,
2026-06-21,15:15:21,TAP1242,CS-TJE,Airbus A321,TAP Air Portugal,takeoff,depart,1325,285.0,92.5,,62.56,,
2026-06-21,15:17:57,TAP1438,CS-TPU,Embraer E190,TAP Air Portugal,takeoff,depart,1150,267.2,91.8,,25.37,,
2026-06-21,15:21:57,TAP1312,CS-TTW,Embraer E195,TAP Air Portugal,takeoff,depart,1450,294.5,94.1,,21.69,,
2026-06-21,15:24:06,TAP836A,CS-TTP,Airbus A319,TAP Air Portugal,takeoff,depart,1150,276.3,94.9,,22.25,,
2026-06-21,15:26:04,TAP492,CS-TPS,Embraer E190,TAP Air Portugal,takeoff,depart,1150,277.8,93.4,,22.0,,
2026-06-21,15:28:26,TAP1272,CS-TVJ,Airbus A320neo,TAP Air Portugal,takeoff,depart,1625,316.1,95.0,,12.02,,
2026-06-21,15:31:51,4d211c,,,,cruise,,925,193.9,95.0,,9.2,,
2026-06-21,15:35:32,TAP94EV,CS-TPR,Embraer E190,TAP Air Portugal,takeoff,depart,1225,268.0,89.6,,38.94,,
2026-06-21,15:38:57,AMB280,D-CCCB,Learjet 35 A,DRF Luftrettung,takeoff,depart,1800,326.3,95.5,,16.45,,
2026-06-21,15:41:21,TAP50Y,CS-TXC,Airbus A321neo,TAP Air Portugal,takeoff,depart,1225,295.8,92.4,,15.42,,
2026-06-21,15:44:02,TAP554M,CS-TVI,Airbus A320neo,TAP Air Portugal,takeoff,depart,1425,269.3,92.8,,14.2,,
2026-06-21,15:47:25,495171,CS-TKQ,Airbus A320,TAP Air Portugal,takeoff,depart,700,285.4,96.7,,45.48,,
2026-06-21,15:50:19,TAP54MH,CS-TNN,Airbus A320,TAP Air Portugal,takeoff,depart,975,275.6,97.4,,26.77,,
2026-06-21,15:55:47,TAP67AM,CS-TVC,Airbus A320neo,TAP Air Portugal,takeoff,depart,1400,288.2,95.0,,,,
2026-06-21,16:01:01,TAP13DU,CS-TPX,Embraer E190,TAP Air Portugal,takeoff,depart,1000,294.3,97.4,,31.04,,
2026-06-21,16:03:59,TAP436,CS-TVB,Airbus A320neo,TAP Air Portugal,takeoff,depart,1225,281.1,95.9,,15.18,,
2026-06-21,16:07:12,495066,CS-TCF,Airbus A330-900neo,TAP Air Portugal,takeoff,depart,600,342.6,94.8,,29.18,,
2026-06-21,16:12:37,TAP10AD,CS-TAY,Embraer E195,TAP Air Portugal,takeoff,depart,1200,281.7,94.1,,18.8,,
2026-06-21,16:15:25,4952ce,CS-TVN,Airbus A320neo,TAP Air Portugal,takeoff,depart,725,279.3,93.9,,12.9,,
2026-06-21,16:18:40,495211,CS-TPQ,Embraer E190,TAP Air Portugal,takeoff,depart,1025,279.3,93.4,,33.81,,
2026-06-21,16:20:51,DLH01A,D-AIEJ,Airbus A321neo,Lufthansa,takeoff,depart,925,324.5,94.0,,28.53,,
2026-06-21,16:24:14,9HGME,,,,climb,depart,325,1.3,94.1,,11.61,,
2026-06-21,16:29:11,EJU34BX,OE-LSA,Airbus A320neo,easyJet Europe,takeoff,depart,775,304.5,96.8,,,,
2026-06-21,16:32:21,KLM80Z,PH-AXA,Airbus A321neo,KLM,takeoff,depart,1150,291.7,92.2,,18.13,,
2026-06-21,16:35:36,4951d8,CS-TNX,Airbus A320,TAP Air Portugal,takeoff,depart,975,289.8,93.0,,33.8,,
2026-06-21,16:38:19,AFR99MY,F-HEPH,Airbus A320,Air France,takeoff,depart,975,300.4,90.4,,34.32,,
2026-06-21,16:40:43,49514d,CS-TJM,Airbus A321neo,TAP Air Portugal,takeoff,depart,750,297.8,95.6,,19.59,,
2026-06-21,16:49:39,TAP1905,CS-TPO,Embraer E190,TAP Air Portugal,takeoff,depart,1025,284.5,94.9,,,,
2026-06-21,16:52:15,4b194d,HB-JPD,Airbus A321,Swiss,takeoff,depart,875,327.4,97.7,,30.77,,
2026-06-21,16:55:03,DLH42Y,D-AIEL,Airbus A321neo,Lufthansa,takeoff,depart,1250,308.2,94.7,,,,
2026-06-21,17:07:59,TAP1929,CS-TVM,Airbus A320neo,TAP Air Portugal,landing,arrivee,575,253.2,93.5,,19.92,,
2026-06-21,17:10:54,WMT1489,HA-LZO,Airbus A321neo,Wizz Air,landing,arrivee,600,248.4,93.3,,25.32,,
2026-06-21,17:13:06,NSZ2WK,SE-RTB,Boeing 737 MAX 8,Norwegian Air Sweden,landing,arrivee,575,285.6,99.5,,29.62,,
2026-06-21,17:15:46,TAP15NC,CS-TNQ,Airbus A320,TAP Air Portugal,landing,arrivee,600,263.2,95.6,,37.95,,
2026-06-21,17:18:32,EJU45HZ,OE-IWW,Airbus A320,easyJet Europe,landing,arrivee,575,252.2,95.5,,35.39,,
2026-06-21,17:20:03,TRA27L,PH-HBK,Boeing 737-800,Transavia,landing,arrivee,500,287.2,91.3,,11.22,,
2026-06-21,17:22:05,RYR384,EI-GXM,Boeing 737-800,Ryanair,landing,arrivee,575,282.8,93.9,,38.32,,
2026-06-21,17:24:30,EWG25P,D-AIDP,Airbus A321,Eurowings,takeoff,depart,1500,326.0,91.3,,40.49,,
2026-06-21,17:27:25,RYR29TL,EI-EKO,Boeing 737-800,Ryanair,landing,arrivee,625,278.9,93.4,,37.89,,
2026-06-21,17:30:30,TRA9H,PH-HXA,Boeing 737-800,Transavia,landing,arrivee,550,278.9,92.8,,42.02,,
2026-06-21,17:34:36,RAM982,CN-RHP,Boeing 737 MAX 8,Royal Air Maroc,landing,arrivee,575,264.8,93.1,,29.28,,
2026-06-21,17:40:50,RYR36JX,EI-DLC,Boeing 737-800,Ryanair,landing,arrivee,550,278.2,93.1,,41.13,,
2026-06-21,17:46:41,TAP1542,CS-TJJ,Airbus A321neo,TAP Air Portugal,landing,arrivee,575,251.5,94.1,,27.13,,
2026-06-21,17:49:28,TAP643,CS-TJL,Airbus A321neo,TAP Air Portugal,landing,arrivee,600,265.6,95.4,,24.25,,
2026-06-21,17:52:02,AFR24MF,F-HEPF,Airbus A320,Air France,landing,arrivee,575,258.4,98.3,,32.77,,
2026-06-21,17:54:52,TAP1558,CS-TVR,Airbus A320neo,TAP Air Portugal,landing,arrivee,675,230.8,98.4,,23.9,,
2026-06-21,17:57:26,TAP1852,CS-TVA,Airbus A320neo,TAP Air Portugal,landing,arrivee,825,229.1,99.5,,,,
2026-06-21,18:01:39,LGL3753,LX-LBR,Boeing 737-700,Luxair,landing,arrivee,550,258.0,99.4,,318.07,,
2026-06-21,18:04:28,BAW506,G-TTNS,Airbus A320neo,British Airways,landing,arrivee,575,244.8,88.7,,20.28,,
2026-06-21,18:06:58,RYR85MR,9H-LMC,Airbus A320,Lauda Europe,landing,arrivee,575,254.8,98.2,,26.38,,
2026-06-21,18:10:24,EJU15PC,HB-JYA,Airbus A320,easyJet Europe,landing,arrivee,725,236.7,100,,26.29,,
2026-06-21,18:13:35,VLG7PA,EC-JZI,Airbus A320,Vueling,landing,arrivee,575,258.9,98.4,,,,
2026-06-21,18:16:37,TAP1439,CS-TPU,Embraer E190,TAP Air Portugal,landing,arrivee,575,237.4,94.7,,,,
2026-06-21,18:19:44,TAP435,CS-TJN,Airbus A321neo,TAP Air Portugal,landing,arrivee,600,271.3,97.1,,27.31,,
2026-06-21,18:24:41,N956WS,,,,landing,arrivee,575,226.7,94.1,,20.07,,
2026-06-21,18:26:40,IBE05RP,EC-LRG,Airbus A320,Iberia,landing,arrivee,575,252.4,100,,,,
2026-06-21,18:30:47,TAP15CV,CS-TJI,Airbus A321neo,TAP Air Portugal,landing,arrivee,575,255.9,99.3,,25.39,,
2026-06-21,18:34:56,KLM71Y,PH-AXE,Airbus A321neo,KLM,landing,arrivee,575,264.8,98.2,,,,
2026-06-21,18:38:27,EZY47LC,G-EZWP,Airbus A320,easyJet,landing,arrivee,550,260.8,94.1,,,,
2026-06-21,18:44:49,TVF72AP,F-HTVT,Boeing 737-800,Transavia France,landing,arrivee,575,285.2,93.8,,40.75,,
2026-06-21,18:48:01,TAP1906,CS-TPO,Embraer E190,TAP Air Portugal,landing,arrivee,575,238.4,95.4,,26.37,,
2026-06-21,18:50:39,TAP1862,CS-TJO,Airbus A321neo,TAP Air Portugal,landing,arrivee,575,262.4,96.3,,28.67,,
2026-06-21,18:57:43,RZO124,CS-TSF,Airbus A321neo,TAP Air Portugal,landing,arrivee,575,265.6,98.6,,22.77,,
2026-06-21,19:07:04,TAP825,CS-TNY,Airbus A320,TAP Air Portugal,landing,arrivee,575,260.8,97.6,,29.19,,
2026-06-21,19:08:36,TAP1017,CS-TAY,Embraer E195,TAP Air Portugal,landing,arrivee,975,249.1,99.6,,21.68,,
2026-06-21,19:11:39,BEL2DT,OO-TCQ,Airbus A320,Brussels Airlines,landing,arrivee,600,257.2,99.4,,28.63,,
2026-06-21,19:13:41,RYR647X,EI-EBC,Boeing 737-800,Ryanair,approach,arrivee,1000,289.7,96.6,,34.17,,
2026-06-21,19:17:25,EJU19TV,OE-LSV,Airbus A320neo,easyJet Europe,landing,arrivee,575,244.8,95.6,,24.79,,
2026-06-21,19:19:59,TRA951N,PH-YHS,Airbus A321neo,Transavia,landing,arrivee,575,240.6,96.3,,25.1,,
2026-06-21,19:22:29,UAE5M,A6-EPA,Boeing 777-300ER,Emirates,landing,arrivee,625,282.1,94.6,,51.25,,
2026-06-21,19:25:29,TAP671,CS-TVL,Airbus A320,TAP Air Portugal,landing,arrivee,575,226.7,97.5,,20.39,,
2026-06-21,19:28:03,TAP10EV,CS-TPR,Embraer E190,TAP Air Portugal,landing,arrivee,550,241.5,87.9,,23.05,,
2026-06-21,19:30:46,EZY26YM,G-EZUF,Airbus A320,easyJet,landing,arrivee,600,253.2,99.6,,29.7,,
2026-06-21,19:33:26,TVF35GD,F-HTVM,Boeing 737-800,Transavia France,landing,arrivee,575,264.8,94.4,,30.23,,
2026-06-21,19:35:58,RYR9654,9H-VUC,Boeing 737 MAX 8,Malta Air,landing,arrivee,550,283.7,98.2,,26.9,,
2026-06-21,19:39:12,TAP1361,CS-TVO,Airbus A320neo,TAP Air Portugal,landing,arrivee,575,256.5,98.4,,,,
2026-06-21,19:41:56,EJU67HP,OE-LKO,Airbus A319,easyJet Europe,landing,arrivee,575,253.2,94.7,,26.24,,
2026-06-21,19:46:42,TAP4TL,CS-TPS,Embraer E190,TAP Air Portugal,landing,arrivee,575,231.5,86.6,,,,
2026-06-21,19:49:50,TAP871,CS-TTY,Embraer E195,TAP Air Portugal,landing,arrivee,575,283.7,96.2,,27.41,,
2026-06-21,19:57:28,TAP1931,CS-TJH,Airbus A321,TAP Air Portugal,landing,arrivee,575,267.2,99.7,,27.45,,
2026-06-21,20:02:20,ANE44TG,EC-OOR,Bombardier CRJ-1000,Air Nostrum,landing,arrivee,600,258.9,91.6,,25.06,,
2026-06-21,20:06:27,TAP48M,CS-TAW,Embraer E195,TAP Air Portugal,landing,arrivee,575,266.3,93.2,,33.44,,
2026-06-21,20:09:26,QTR29C,A7-BCH,Boeing 787-8,Qatar Airways,landing,arrivee,575,258.9,96.9,,,,
2026-06-21,20:12:25,TAP473H,CS-TPP,Embraer E190,TAP Air Portugal,landing,arrivee,550,235.6,99.7,,31.42,,
2026-06-21,20:15:06,TAP835,CS-TJR,Airbus A321neo,TAP Air Portugal,landing,arrivee,600,265.4,90.9,,20.8,,
2026-06-21,20:18:10,TAP1065,CS-TPQ,Embraer E190,TAP Air Portugal,landing,arrivee,575,223.9,90.3,,,,
2026-06-21,20:20:07,RYR95SN,9H-QAT,Boeing 737-800,Malta Air,landing,arrivee,575,269.7,97.3,,34.26,,
2026-06-21,20:23:09,KAL921,HL7206,Boeing 787-9,Korean Air,landing,arrivee,550,267.2,96.3,,34.86,,
2026-06-21,20:26:26,TAP1019,CS-TTS,Airbus A319,TAP Air Portugal,landing,arrivee,575,232.4,92.8,,43.25,,
2026-06-21,20:30:42,WMT537,9H-WMQ,Airbus A321neo,Lauda Europe,landing,arrivee,600,240.0,93.6,,34.01,,
2026-06-21,20:33:25,TAP94VA,CS-TNM,Airbus A320,TAP Air Portugal,landing,arrivee,550,241.5,96.2,,21.38,,
2026-06-21,20:38:27,WZZ477,HA-LGT,Airbus A321neo,Wizz Air,landing,arrivee,575,242.4,89.0,,24.47,,
2026-06-21,20:41:05,TAP93ZS,CS-TJS,Airbus A321neo,TAP Air Portugal,landing,arrivee,575,265.6,96.2,,29.58,,
2026-06-21,20:43:43,VLG14YF,EC-OKI,Airbus A320,Vueling,landing,arrivee,550,250.8,95.4,,26.78,,
2026-06-21,20:46:14,WJA32,C-GUWS,Boeing 737-700,WestJet,landing,arrivee,625,257.2,93.5,,33.88,,
2026-06-21,20:49:00,DTA652,D2-TEJ,Boeing 777-300ER,TAAG Angola Airlines,landing,arrivee,600,286.5,94.8,,55.26,,
2026-06-21,20:52:27,TAP1455,CS-TPY,Embraer E190,TAP Air Portugal,landing,arrivee,575,225.0,85.5,,26.29,,
2026-06-21,20:54:58,ELY375,4X-EKT,Boeing 737-800,El Al,landing,arrivee,625,275.6,93.0,,,,
2026-06-21,20:57:58,AEA1157,EC-LXV,Boeing 737-800,Air Europa,landing,arrivee,550,266.5,95.0,,40.9,,
2026-06-21,21:01:31,TAP35BL,CS-TNX,Airbus A320,TAP Air Portugal,landing,arrivee,650,254.1,100,,,,
2026-06-21,21:07:08,TVF90KW,F-HUYT,Boeing 737-800,Transavia France,landing,arrivee,675,268.0,96.9,,35.22,,
2026-06-21,21:10:18,VLG8UE,EC-MER,Airbus A320,Vueling,landing,arrivee,575,253.9,97.8,,27.09,,
2026-06-21,21:14:11,9HGME,,,,cruise,,900,189.6,91.1,,16.28,,
2026-06-21,21:18:27,VLG4JP,EC-MGZ,Airbus A321,Vueling,landing,arrivee,550,251.5,90.3,,33.82,,
2026-06-21,21:20:49,TAP885,CS-TPT,Embraer E190,TAP Air Portugal,landing,arrivee,525,240.0,94.1,,,,
2026-06-21,21:23:09,TAP1692,CS-TNR,Airbus A320,TAP Air Portugal,landing,arrivee,550,254.7,94.5,,28.26,,
2026-06-21,21:26:12,VJT712,9H-VIK,Gulfstream G700,VistaJet,landing,arrivee,575,208.4,92.1,,19.7,,
2026-06-21,21:28:44,TAP1155,CS-TNN,Airbus A320,TAP Air Portugal,landing,arrivee,575,253.2,93.4,,28.32,,
2026-06-21,21:31:16,RYR24SE,9H-VVL,Boeing 737 MAX 8,Malta Air,landing,arrivee,575,278.9,90.9,,28.84,,
2026-06-21,21:34:20,RZO134,,,TAP Air Portugal,landing,arrivee,600,239.8,96.3,,,,
2026-06-21,21:36:58,RZO152,CS-TKQ,Airbus A320,TAP Air Portugal,landing,arrivee,575,250.8,98.8,,,,
2026-06-21,21:39:34,EIN4PT,EI-DVN,Airbus A320,Aer Lingus,landing,arrivee,550,244.8,92.1,,,,
2026-06-21,21:42:07,RYR668T,9H-VVR,Boeing 737 MAX 8,Malta Air,landing,arrivee,550,269.7,89.9,,,,
2026-06-21,21:44:51,ICE578,TF-ICI,Boeing 737 MAX 8,Icelandair,landing,arrivee,550,272.1,95.8,,,,
2026-06-21,21:47:38,TAP57W,CS-TXC,Airbus A321neo,TAP Air Portugal,landing,arrivee,575,258.4,95.8,,,,
2026-06-21,21:50:10,TAP1313,CS-TTW,Embraer E195,TAP Air Portugal,landing,arrivee,575,251.5,93.4,,,,
2026-06-21,21:52:58,VOE54GD,EC-NOY,Airbus A320,Volotea,landing,arrivee,575,245.9,99.9,,,,
2026-06-21,21:55:52,SEH922,SX-GRE,Airbus A320neo,Sky Express Greece,landing,arrivee,550,230.8,98.6,,,,
2026-06-21,21:58:32,DLH34J,D-AIDL,Airbus A321,Lufthansa,landing,arrivee,550,257.2,95.7,,,,
2026-06-21,22:01:36,TAP877,CS-TPW,Embraer E190,TAP Air Portugal,landing,arrivee,550,243.2,97.1,,,,
2026-06-21,22:04:12,TAP837,CS-TTP,Airbus A319,TAP Air Portugal,landing,arrivee,550,248.4,93.1,,,,
2026-06-21,22:07:01,TAP1325,CS-TPX,Embraer E190,TAP Air Portugal,landing,arrivee,575,235.6,96.5,,,,
2026-06-21,22:08:44,TAP5AS,CS-TNU,Airbus A320,TAP Air Portugal,landing,arrivee,550,243.2,97.4,,,,
2026-06-21,22:11:03,TAP783,CS-TVP,Airbus A320neo,TAP Air Portugal,landing,arrivee,575,243.2,93.7,,,,
2026-06-21,22:13:15,EZY25BM,G-UZHP,Airbus A320neo,easyJet,landing,arrivee,550,263.2,97.4,,,,
2026-06-21,22:15:55,TAP863Y,CS-TNS,Airbus A320,TAP Air Portugal,landing,arrivee,550,250.8,93.9,,,,
2026-06-21,22:18:36,RYR4XW,EI-IKC,Boeing 737 MAX 8,Ryanair,landing,arrivee,575,283.0,91.3,,,,
2026-06-21,22:21:21,RYR21UN,SP-RZG,Boeing 737 MAX 8,Buzz,landing,arrivee,550,277.2,95.1,,,,
2026-06-21,22:24:39,TAP67U,CS-TVC,Airbus A320neo,TAP Air Portugal,landing,arrivee,575,237.4,95.1,,,,
2026-06-21,22:27:03,RYR9QJ,EI-DHX,Boeing 737-800,Ryanair,landing,arrivee,575,275.2,96.5,,,,
2026-06-21,22:29:53,RYR7P,9H-QBM,Boeing 737-800,Malta Air,landing,arrivee,550,268.9,96.6,,,,
2026-06-21,22:33:05,TAP76EN,CS-TVK,Airbus A320neo,TAP Air Portugal,landing,arrivee,575,239.8,98.6,,,,
2026-06-21,22:35:22,EJU49AN,OE-LSP,Airbus A320,easyJet Europe,landing,arrivee,600,264.8,100,,,,
2026-06-21,22:37:38,9HGME,,,,takeoff,depart,1025,138.0,93.5,,,,
2026-06-21,22:40:36,TAP437X,CS-TVB,Airbus A320neo,TAP Air Portugal,landing,arrivee,550,240.8,90.9,,,,
2026-06-21,22:43:18,TAP127M,CS-TVJ,Airbus A320neo,TAP Air Portugal,landing,arrivee,550,240.8,92.7,,,,
2026-06-21,22:46:05,TAP555,CS-TVI,Airbus A320neo,TAP Air Portugal,landing,arrivee,550,234.8,93.3,,,,
2026-06-21,22:49:03,TAP37CN,CS-TPZ,Embraer E190,TAP Air Portugal,landing,arrivee,525,238.4,99.3,,,,
2026-06-21,22:51:43,TAP1369,CS-TJM,Airbus A321neo,TAP Air Portugal,landing,arrivee,575,255.6,98.0,,,,
2026-06-21,22:53:58,TAP64M,CS-TVG,Airbus A320neo,TAP Air Portugal,landing,arrivee,975,239.1,63.6,,,,
2026-06-21,22:57:08,EJU91TW,OE-IDX,Airbus A320,easyJet Europe,landing,arrivee,575,254.8,91.9,,,,
2026-06-21,23:00:07,KLM35W,PH-AXC,Airbus A321neo,KLM,landing,arrivee,550,250.8,94.1,,,,
2026-06-21,23:03:06,TAP1933,CS-TPU,Embraer E190,TAP Air Portugal,landing,arrivee,550,240.8,99.8,,,,
2026-06-21,23:05:56,AEE7PT,SX-NEF,Airbus A320,Aegean Airlines,landing,arrivee,575,239.1,95.4,,,,
2026-06-21,23:08:30,EJU36BG,OE-LSR,Airbus A320,easyJet Europe,landing,arrivee,575,262.4,98.4,,,,
2026-06-21,23:11:08,THY2ES,TC-JZH,Boeing 737-800,Turkish Airlines,landing,arrivee,550,278.9,95.2,,,,
2026-06-21,23:14:01,EJU74EP,HB-JYA,Airbus A320,easyJet Europe,landing,arrivee,575,257.2,100,,,,
2026-06-21,23:16:39,DLH64P,D-AIDN,Airbus A321,Lufthansa,landing,arrivee,550,269.7,98.5,,,,
2026-06-21,23:19:27,EJU72RG,OE-IBF,Airbus A320,easyJet Europe,landing,arrivee,575,243.2,98.7,,,,
2026-06-21,23:22:32,TAP827V,CS-TVN,Airbus A320neo,TAP Air Portugal,landing,arrivee,550,227.6,99.7,,,,
2026-06-21,23:25:08,TAP43RY,EC-OCT,Airbus A321,TAP Air Portugal,landing,arrivee,575,266.5,99.4,,,,
2026-06-21,23:28:13,BAW508,G-TTNX,Airbus A320neo,British Airways,landing,arrivee,550,225.0,97.0,,,,
2026-06-21,23:30:35,TVF34QV,F-GZHO,Boeing 737-800,Transavia France,landing,arrivee,575,275.6,92.7,,,,
2026-06-21,23:33:41,IBE0539,EC-JLI,Airbus A321,Iberia,landing,arrivee,550,258.9,96.4,,,,
2026-06-21,23:36:35,EJU52AW,OE-IWW,Airbus A320,easyJet Europe,landing,arrivee,550,237.4,97.6,,,,
2026-06-21,23:39:18,TVF47RH,F-GZHR,Boeing 737-800,Transavia France,landing,arrivee,550,263.9,95.3,,,,
2026-06-21,23:42:02,DLH23C,D-AIDA,Airbus A321,Lufthansa,landing,arrivee,575,268.2,96.6,,,,
2026-06-21,23:43:52,RYR32KG,EI-GXM,Boeing 737-800,Ryanair,landing,arrivee,575,279.7,93.9,,,,
2026-06-21,23:45:42,SWR755L,HB-JPD,Airbus A321,Swiss,landing,arrivee,550,258.4,98.2,,,,
2026-06-21,23:47:51,TAP1243,CS-TJE,Airbus A321,TAP Air Portugal,landing,arrivee,550,267.2,99.1,,,,
2026-06-21,23:49:40,TAP39PT,CS-TAX,Embraer E195,TAP Air Portugal,landing,arrivee,600,261.5,99.0,,,,
2026-06-21,23:52:08,RYR63TC,EI-HEW,Boeing 737 MAX 8,Ryanair,landing,arrivee,550,281.3,93.3,,,,
2026-06-21,23:55:10,EJU56VP,OE-IDT,Airbus A320,easyJet Europe,landing,arrivee,550,249.1,100,,,,
2026-06-21,23:57:51,EJU97VT,OE-LSV,Airbus A320neo,easyJet Europe,landing,arrivee,575,241.7,99.5,,,,
2026-06-22,00:00:59,AFR64PQ,F-HEPA,Airbus A320,Air France,landing,arrivee,575,250.0,97.2,,,,
2026-06-22,00:05:49,EJU98XP,OE-LSA,Airbus A320neo,easyJet Europe,landing,arrivee,575,268.9,100,,,,
2026-06-22,00:10:10,TAP94KM,CS-TJL,Airbus A321neo,TAP Air Portugal,landing,arrivee,575,263.9,97.5,,,,
2026-06-22,00:50:07,RYR12SN,EI-DLC,Boeing 737-800,Ryanair,landing,arrivee,525,273.2,93.5,,,,
2026-06-22,00:53:38,RZO128,CS-TKP,Airbus A320,TAP Air Portugal,landing,arrivee,575,243.9,97.2,,,,
2026-06-22,02:35:53,TAP35MT,CS-TVQ,Airbus A320neo,TAP Air Portugal,landing,arrivee,600,229.1,100,,,,
2026-06-22,04:42:50,TAP202A,CS-TXA,Airbus A321neo,TAP Air Portugal,landing,arrivee,625,240.8,87.4,,,,
2026-06-22,04:49:50,TAP074,CS-TUQ,Airbus A330-900neo,TAP Air Portugal,landing,arrivee,650,253.9,97.8,,,,
2026-06-22,04:52:33,TAY1MN,OE-IXO,Boeing 737-800,,landing,arrivee,600,263.9,95.5,,,,
2026-06-22,04:57:46,TAP082,CS-TUM,Airbus A330-900neo,TAP Air Portugal,landing,arrivee,650,248.0,98.5,,,,
2026-06-22,05:11:12,TAP224,CS-TUS,Airbus A330-900neo,TAP Air Portugal,landing,arrivee,625,256.5,97.9,,,,
2026-06-22,05:37:59,TAP218,CS-TXJ,Airbus A321neo,TAP Air Portugal,landing,arrivee,625,260.8,99.0,,,,
2026-06-22,05:48:04,TAP1937,CS-TNQ,Airbus A320,TAP Air Portugal,landing,arrivee,575,239.3,99.2,,34.28,,
2026-06-22,05:56:47,TAP1528,CS-TXI,Airbus A321neo,TAP Air Portugal,landing,arrivee,600,266.5,96.7,,20.63,,
2026-06-22,06:00:26,TAP96AW,CS-TTY,Embraer E195,TAP Air Portugal,landing,arrivee,575,253.2,98.9,,26.7,,
2026-06-22,06:03:03,TAP25YZ,CS-TXH,Airbus A321neo,TAP Air Portugal,landing,arrivee,600,262.4,96.5,,19.8,,
2026-06-22,06:05:56,TAP1550,CS-TVR,Airbus A320neo,TAP Air Portugal,landing,arrivee,600,262.4,94.6,,20.88,,
2026-06-22,06:08:08,TAP232Y,CS-TXK,Airbus A321,TAP Air Portugal,landing,arrivee,600,263.2,100,,24.11,,
2026-06-22,06:11:29,TAP1484,CS-TVL,Airbus A320,TAP Air Portugal,landing,arrivee,600,258.9,97.1,,20.41,,
2026-06-22,06:14:45,TAP1544,CS-TJI,Airbus A321neo,TAP Air Portugal,landing,arrivee,600,249.1,94.1,,20.65,,
2026-06-22,06:18:12,BCS2FC,D-AEAP,A300 B4-622RF,Lufthansa,landing,arrivee,600,233.2,96.0,,33.92,,
2026-06-22,06:21:52,TAP8RL,CS-TJH,Airbus A321,TAP Air Portugal,landing,arrivee,575,263.9,98.4,,36.16,,
2026-06-22,06:25:23,TAP104,CS-TUR,Airbus A330-900neo,TAP Air Portugal,landing,arrivee,625,241.5,99.5,,30.94,,
2026-06-22,06:39:16,TAP1908,CS-TNN,Airbus A320,TAP Air Portugal,landing,arrivee,600,232.4,99.9,,24.24,,
2026-06-22,06:41:55,ETD7LG,A6-BLR,Boeing 787-9,Etihad Airways,landing,arrivee,575,284.8,98.6,,33.7,,
2026-06-22,06:45:20,TSC680,C-GUBL,Airbus A330-200,Air Transat,landing,arrivee,625,239.8,98.3,,29.84,,
2026-06-22,06:48:26,TAP1097,CS-TPP,Embraer E190,TAP Air Portugal,landing,arrivee,600,234.8,99.1,,20.06,,
2026-06-22,06:51:07,AEA1159,EC-MUZ,Boeing 737-800,Air Europa,landing,arrivee,625,263.2,94.5,,32.18,,
2026-06-22,06:53:56,TAP41SN,CS-TAW,Embraer E195,TAP Air Portugal,landing,arrivee,600,262.4,99.6,,27.07,,
2026-06-22,06:56:40,AZU8900,CS-TSW,Boeing 777-200,Azul,landing,arrivee,650,258.9,95.9,,41.44,,
2026-06-22,06:59:19,TAM8146,PT-MUC,Boeing 777-300ER,LATAM Airlines,landing,arrivee,675,275.6,94.4,,38.56,,
2026-06-22,07:02:37,SRR6646,OY-SRM,767 25EBDSF,Star Air,landing,arrivee,625,227.1,96.4,,24.2,,
2026-06-22,07:05:50,TAP40MR,CS-TPO,Embraer E190,TAP Air Portugal,landing,arrivee,600,237.4,95.2,,20.17,,
2026-06-22,07:08:57,TAP1139,CS-TPS,Embraer E190,TAP Air Portugal,landing,arrivee,600,238.4,98.6,,20.72,,
2026-06-22,07:11:41,TAP98CX,CS-TTS,Airbus A319,TAP Air Portugal,landing,arrivee,575,243.9,87.7,,20.57,,
2026-06-22,07:15:37,TAP475,CS-TPY,Embraer E190,TAP Air Portugal,landing,arrivee,625,244.8,99.4,,19.17,,
2026-06-22,07:19:17,DAL272,N416DX,Airbus A330-900neo,Delta Air Lines,landing,arrivee,625,258.9,98.8,,41.79,,
2026-06-22,07:22:24,IBE05TR,EC-LXQ,Airbus A320,Iberia,landing,arrivee,575,271.3,92.8,,24.23,,
2026-06-22,07:25:18,TAP9021,CS-TNR,Airbus A320,TAP Air Portugal,landing,arrivee,625,244.8,99.0,,28.65,,
2026-06-22,07:28:04,TAP85CE,CS-TTW,Embraer E195,TAP Air Portugal,landing,arrivee,575,254.8,98.4,,24.87,,
2026-06-22,07:31:00,TAP9ML,CS-TNM,Airbus A320,TAP Air Portugal,landing,arrivee,600,249.1,99.1,,27.58,,
2026-06-22,07:34:00,EZS79YP,HB-AYP,Airbus A320neo,easyJet Switzerland,landing,arrivee,600,258.9,98.7,,17.31,,
2026-06-22,07:36:42,TAP441,CS-TJJ,Airbus A321neo,TAP Air Portugal,landing,arrivee,575,246.7,93.2,,20.33,,
2026-06-22,07:39:32,TAP945,CS-TVA,Airbus A320neo,TAP Air Portugal,landing,arrivee,575,233.2,98.2,,19.37,,
2026-06-22,07:42:00,9HGME,,,,takeoff,depart,250,1.3,88.7,,29.97,,
2026-06-22,07:45:43,TAP244,CS-TUN,Airbus A330-900neo,TAP Air Portugal,landing,arrivee,625,252.2,100,,36.94,,
2026-06-22,07:48:14,UAL64,N14011,Boeing 787-10,United Airlines,landing,arrivee,600,278.9,95.2,,43.32,,
2026-06-22,07:51:22,TAP647,CS-TNJ,Airbus A320,TAP Air Portugal,landing,arrivee,575,250.8,97.2,,26.0,,
2026-06-22,07:54:12,TAP495Y,CS-TAY,Embraer E195,TAP Air Portugal,landing,arrivee,575,242.2,97.9,,21.24,,
2026-06-22,07:56:51,TAP1023,CS-TJN,Airbus A321neo,TAP Air Portugal,landing,arrivee,600,253.2,96.6,,23.22,,
2026-06-22,07:59:29,TAP9RH,CS-TJF,Airbus A321,TAP Air Portugal,landing,arrivee,575,239.8,95.3,,31.87,,
2026-06-22,08:02:10,DTA650,D2-TEK,Boeing 777-300ER,TAAG Angola Airlines,landing,arrivee,625,281.3,93.5,,55.86,,
2026-06-22,08:05:05,TAP575,CS-TNV,Airbus A320,TAP Air Portugal,landing,arrivee,600,251.1,95.8,,30.71,,
2026-06-22,08:07:55,NJE280G,CS-LUD,Cessna Citation Latitude,NetJets,landing,arrivee,600,198.5,98.6,,11.62,,
2026-06-22,08:10:38,VLG46AX,EC-MHB,Airbus A321,Vueling,landing,arrivee,550,258.4,99.1,,30.82,,
2026-06-22,08:13:24,TAP1939,CS-TPV,Embraer E190,TAP Air Portugal,landing,arrivee,600,235.6,97.3,,16.71,,
2026-06-22,08:16:09,TAP27UZ,CS-TPQ,Embraer E190,TAP Air Portugal,landing,arrivee,575,243.2,93.5,,25.17,,
2026-06-22,08:18:51,TAP557H,CS-TVM,Airbus A320neo,TAP Air Portugal,landing,arrivee,600,240.0,96.4,,19.14,,
2026-06-22,08:21:38,TAP56DP,CS-TNL,Airbus A320,TAP Air Portugal,landing,arrivee,575,244.8,96.4,,22.36,,
2026-06-22,08:24:14,TAP53EI,CS-TJP,Airbus A321neo,TAP Air Portugal,landing,arrivee,600,283.7,98.3,,22.14,,
2026-06-22,08:26:40,RYR9494,EI-DWG,Boeing 737-800,Ryanair,landing,arrivee,800,233.9,93.7,,25.76,,
2026-06-22,08:30:06,TAP757P,CS-TVO,Airbus A320neo,TAP Air Portugal,landing,arrivee,575,243.2,99.2,,18.34,,
2026-06-22,08:32:49,AAL258,N838AA,Boeing 787-9,American Airlines,landing,arrivee,575,283.0,97.1,,33.52,,
2026-06-22,08:35:33,RYR3RB,EI-DHR,Boeing 737-800,Ryanair,landing,arrivee,600,282.4,95.5,,35.58,,
2026-06-22,08:38:34,TAP63GL,CS-TVH,Airbus A320neo,TAP Air Portugal,landing,arrivee,575,236.3,96.8,,35.31,,
2026-06-22,08:41:05,RYR2078,9H-QCZ,Boeing 737-800,Malta Air,landing,arrivee,550,275.8,95.4,,37.63,,
2026-06-22,08:43:34,RYR3WD,EI-IKJ,Boeing 737 MAX 8,Ryanair,landing,arrivee,850,281.3,99.0,,26.04,,
2026-06-22,08:46:31,AFR35VY,F-HBND,Airbus A320,Air France,landing,arrivee,550,267.2,96.4,,24.79,,
2026-06-22,08:55:59,TVF55WH,F-HTVZ,Boeing 737-800,Transavia France,landing,arrivee,575,271.3,93.4,,33.11,,
2026-06-22,08:59:38,TAP675,CS-TVF,Airbus A320neo,TAP Air Portugal,landing,arrivee,575,250.8,95.8,,25.07,,
2026-06-22,09:02:20,RYR9PX,EI-DLC,Boeing 737-800,Ryanair,landing,arrivee,575,274.1,94.5,,35.97,,
2026-06-22,09:07:59,TAP443,CS-TJK,Airbus A321neo,TAP Air Portugal,landing,arrivee,575,260.8,88.7,,21.93,,
2026-06-22,09:26:17,TAP072,CS-TUF,Airbus A330-900neo,TAP Air Portugal,landing,arrivee,675,260.8,96.8,,33.02,,
2026-06-22,09:29:19,THY3WE,TC-LTC,Airbus A321neo,Turkish Airlines,landing,arrivee,575,247.2,96.0,,27.13,,
2026-06-22,09:32:04,TRA27L,PH-HSM,Boeing 737-800,Transavia,landing,arrivee,600,275.8,96.1,,43.37,,
2026-06-22,09:34:56,TAP66PD,CS-TVB,Airbus A320neo,TAP Air Portugal,approach,arrivee,600,253.2,95.2,,22.35,,
2026-06-22,09:37:59,TSC480,C-GUFZ,Airbus A330-200,Air Transat,landing,arrivee,600,250.0,95.6,,28.62,,
2026-06-22,09:40:35,ACA812,C-GKUG,Airbus A330-300,Air Canada,landing,arrivee,600,254.1,98.9,,,,
2026-06-22,09:43:31,EZY79RV,G-UZLC,Airbus A320neo,easyJet,landing,arrivee,600,266.3,97.2,,20.94,,
2026-06-22,09:50:41,TAP210,CS-TUA,Airbus A330-900neo,TAP Air Portugal,landing,arrivee,650,255.6,100,,,,
2026-06-22,09:53:55,TAP036,EC-NBN,Airbus A330-200,TAP Air Portugal,landing,arrivee,575,249.8,99.0,,29.47,,
2026-06-22,09:56:51,UAL942,N206UA,Boeing 777-200,United Airlines,landing,arrivee,625,264.8,96.2,,,,
2026-06-22,09:59:30,EZY5619,G-EZWK,Airbus A320,easyJet,landing,arrivee,625,256.5,99.1,,34.05,,
2026-06-22,10:02:22,TAP216L,CS-TXM,Airbus A321,TAP Air Portugal,landing,arrivee,1000,245.6,97.8,,14.52,,
2026-06-22,10:05:45,TAP012,CS-TUH,Airbus A330-900neo,TAP Air Portugal,landing,arrivee,575,255.6,95.6,,37.06,,
2026-06-22,10:08:18,DAH3004,7T-VJO,Boeing 737-800,Air Algerie,landing,arrivee,575,273.2,92.1,,32.39,,
2026-06-22,10:11:02,TAP1921,CS-TNX,Airbus A320,TAP Air Portugal,landing,arrivee,575,260.8,100,,,,
2026-06-22,10:13:43,TAP088,CS-TUE,Airbus A330-900neo,TAP Air Portugal,landing,arrivee,650,263.2,95.8,,35.79,,
2026-06-22,10:16:13,TAP1826,CS-TJO,Airbus A321neo,TAP Air Portugal,landing,arrivee,575,250.8,93.5,,22.28,,
2026-06-22,10:20:50,LGL51P,LX-LGV,Boeing 737-800,Luxair,landing,arrivee,575,278.9,97.2,,36.68,,
2026-06-22,10:24:49,ACA810,C-FIVS,Boeing 777-300ER,Air Canada,landing,arrivee,650,269.7,95.6,,47.07,,
2026-06-22,10:27:52,TAP13LH,CS-TVD,Airbus A320neo,TAP Air Portugal,landing,arrivee,600,257.2,97.4,,23.43,,
2026-06-22,10:30:44,TAP254,CS-TXF,Airbus A321neo,TAP Air Portugal,landing,arrivee,575,265.6,98.4,,20.75,,
2026-06-22,10:32:04,495218,CS-TPX,Embraer E190,TAP Air Portugal,landing,arrivee,975,239.1,98.7,,13.5,,
2026-06-22,10:35:28,AEA1153,EC-LQX,Boeing 737-800,Air Europa,landing,arrivee,600,267.2,93.1,,29.89,,
2026-06-22,10:38:13,AZU8752,PR-ANU,Airbus A330-900neo,Azul,landing,arrivee,625,260.8,98.8,,39.45,,
2026-06-22,10:41:32,TAP1923,CS-TJR,Airbus A321neo,TAP Air Portugal,landing,arrivee,575,250.8,99.1,,20.94,,
2026-06-22,10:48:03,TAP204A,CS-TOP,Airbus A330-200,TAP Air Portugal,landing,arrivee,625,243.2,98.6,,32.29,,
2026-06-22,10:50:54,TAP68JP,CS-TPW,Embraer E190,TAP Air Portugal,landing,arrivee,600,233.2,98.0,,20.2,,
2026-06-22,10:52:15,48455a,PH-BGC,Boeing 737-800,KLM,landing,arrivee,800,261.7,97.9,,33.38,,
2026-06-22,10:55:14,TAP262M,CS-TXD,Airbus A321neo,TAP Air Portugal,landing,arrivee,1000,248.7,98.7,,15.16,,
2026-06-22,10:58:43,TAP11MG,CS-TPR,Embraer E190,TAP Air Portugal,landing,arrivee,600,243.2,98.5,,20.75,,
2026-06-22,11:01:57,JTH28,,,,landing,arrivee,550,236.7,96.6,,15.09,,
2026-06-22,11:05:03,AFR41GW,F-GKXN,Airbus A320,Air France,landing,arrivee,925,248.0,96.9,,26.72,,
2026-06-22,11:09:08,EJU74EF,OE-LSV,Airbus A320neo,easyJet Europe,landing,arrivee,575,264.8,97.3,,,,
2026-06-22,11:12:03,TAP234Y,CS-TXL,Airbus A321neo,TAP Air Portugal,landing,arrivee,575,278.9,97.1,,,,
2026-06-22,11:15:04,RZO1130,CS-TSI,Airbus A321neo,TAP Air Portugal,landing,arrivee,550,247.2,100,,18.97,,
2026-06-22,11:16:50,BEL2DY,OO-SBB,Airbus A320,Brussels Airlines,landing,arrivee,600,240.8,97.2,,21.78,,
2026-06-22,11:18:56,TAP248,CS-TUI,Airbus A330-900neo,TAP Air Portugal,landing,arrivee,600,250.8,98.7,,29.01,,
2026-06-22,11:22:00,OAW1202,HB-AZA,Embraer E190-E2,Helvetic Airways,landing,arrivee,550,212.6,98.1,,,,
2026-06-22,11:24:02,EJU15PC,OE-IDT,Airbus A320,easyJet Europe,landing,arrivee,925,260.8,96.8,,25.53,,
2026-06-22,11:27:08,EIN82T,EI-LRD,Airbus A321neo,Aer Lingus,landing,arrivee,975,250.4,98.7,,,,
2026-06-22,11:30:01,TAP11WQ,CS-TJL,Airbus A321neo,TAP Air Portugal,landing,arrivee,975,279.7,100,,21.74,,
2026-06-22,11:35:39,TAP429,CS-TPU,Embraer E190,TAP Air Portugal,landing,arrivee,900,243.9,98.6,,21.75,,
2026-06-22,11:40:24,RZO120,CS-TKQ,Airbus A320,TAP Air Portugal,landing,arrivee,625,240.8,97.9,,,,
2026-06-22,11:43:08,RAM980E,CN-RHJ,Boeing 737 MAX 8,Royal Air Maroc,landing,arrivee,575,265.6,93.7,,,,
2026-06-22,11:45:55,RZO9126,CS-TSF,Airbus A321neo,TAP Air Portugal,landing,arrivee,800,252.4,98.2,,,,
2026-06-22,11:52:02,EJU97VT,OE-LSA,Airbus A320neo,easyJet Europe,landing,arrivee,1000,273.2,98.9,,19.99,,
2026-06-22,11:54:50,DLH39X,D-AIEO,Airbus A321neo,Lufthansa,landing,arrivee,975,248.4,98.7,,26.4,,
2026-06-22,11:57:50,EJU15UG,HB-JYA,Airbus A320,easyJet Europe,landing,arrivee,925,253.9,99.6,,23.58,,
2026-06-22,12:02:46,TAP1902,CS-TVA,Airbus A320neo,TAP Air Portugal,landing,arrivee,975,242.2,98.9,,17.45,,
2026-06-22,12:05:44,IBE05FV,EC-NDN,Airbus A320neo,Iberia,landing,arrivee,975,238.4,97.1,,14.2,,
2026-06-22,12:08:59,TAP028,CS-TUO,Airbus A330-900neo,TAP Air Portugal,landing,arrivee,925,264.1,98.0,,,,
2026-06-22,12:12:50,TAP1925,CS-TJF,Airbus A321,TAP Air Portugal,landing,arrivee,975,248.0,99.7,,14.93,,
2026-06-22,12:17:57,UAE3MV,A6-EPP,Boeing 777-300ER,Emirates,landing,arrivee,975,283.4,94.0,,52.34,,
2026-06-22,12:24:19,EWG66L,9H-SWC,Airbus A320,Eurowings,landing,arrivee,975,250.8,95.5,,22.02,,
2026-06-22,12:28:16,EJU32WQ,OE-IBF,Airbus A320,easyJet Europe,landing,arrivee,975,240.8,98.5,,15.82,,
2026-06-22,12:30:56,EJU64TB,OE-LSP,Airbus A320,easyJet Europe,landing,arrivee,950,234.8,100,,15.31,,
2026-06-22,12:35:50,9HGME,,,,approach,arrivee,500,94.6,97.3,,14.99,,
2026-06-22,12:40:07,TVF46JB,F-GZHO,Boeing 737-800,Transavia France,landing,arrivee,950,272.4,96.4,,38.26,,
2026-06-22,12:43:45,EWG25P,9H-EURO,Airbus A320,Eurowings,landing,arrivee,975,258.9,99.3,,17.93,,
2026-06-22,12:46:43,RYR7GJ,EI-GXM,Boeing 737-800,Ryanair,landing,arrivee,1025,276.5,97.4,,30.93,,
2026-06-22,12:49:00,RZO122,CS-TSK,Airbus A320,TAP Air Portugal,landing,arrivee,975,254.8,99.6,,15.42,,
2026-06-22,12:51:37,TAP63CT,CS-TPP,Embraer E190,TAP Air Portugal,landing,arrivee,1000,244.3,99.1,,16.22,,
2026-06-22,12:54:08,EJU38DF,OE-IWW,Airbus A320,easyJet Europe,landing,arrivee,975,258.9,97.9,,22.15,,
2026-06-22,12:57:22,DAL124,N423DX,Airbus A330-900neo,Delta Air Lines,landing,arrivee,1000,272.4,100,,,,
2026-06-22,13:00:45,BAW50P,G-TNEG,Airbus A321neo,British Airways,landing,arrivee,1000,249.1,98.0,,17.76,,
2026-06-22,13:03:38,OBS864,CS-TCF,Airbus A330-900neo,TAP Air Portugal,landing,arrivee,975,258.9,97.0,,27.73,,
2026-06-22,13:06:04,TAP1031,CS-TJE,Airbus A321,TAP Air Portugal,landing,arrivee,975,283.4,96.7,,33.25,,
2026-06-22,13:09:27,TAP10VL,CS-TPQ,Embraer E190,TAP Air Portugal,landing,arrivee,850,237.1,100,,19.55,,
2026-06-22,13:11:42,TAP1151,CS-TNS,Airbus A320,TAP Air Portugal,landing,arrivee,975,258.9,99.0,,27.24,,
2026-06-22,13:14:34,TAP831,CS-TVG,Airbus A320neo,TAP Air Portugal,landing,arrivee,975,261.5,99.8,,27.88,,
2026-06-22,13:17:18,LOT4HT,SP-LYJ,Boeing 737 MAX 8,LOT Polish Airlines,landing,arrivee,1000,274.8,99.8,,,,
2026-06-22,13:20:13,TAP145W,CS-TPS,Embraer E190,TAP Air Portugal,landing,arrivee,975,235.6,97.6,,13.9,,
2026-06-22,13:22:57,EJU98EV,OE-IZH,Airbus A320,easyJet Europe,landing,arrivee,1000,249.1,80.8,,12.98,,
2026-06-22,13:25:58,TAP226,CS-TOO,Airbus A330-200,TAP Air Portugal,landing,arrivee,950,246.7,98.4,,,,
2026-06-22,13:28:49,WPT2152,EC-OND,Airbus A330-300,,landing,arrivee,975,263.2,96.5,,25.58,,
2026-06-22,13:31:38,TAP91TL,CS-TTW,Embraer E195,TAP Air Portugal,landing,arrivee,1025,264.8,100,,,,
2026-06-22,13:34:15,VLG8JM,EC-MBS,Airbus A320,Vueling,landing,arrivee,1000,261.5,100,,23.63,,
2026-06-22,13:37:59,SWR32F,HB-JCO,C Series 300,Swiss,landing,arrivee,500,255.6,100,,279.91,,
2026-06-22,13:40:43,9HGME,,,,cruise,,850,70.4,94.9,,20.33,,
2026-06-22,13:43:35,RZO140,CS-TKP,Airbus A320,TAP Air Portugal,landing,arrivee,500,269.7,86.8,,9.87,,
2026-06-22,13:46:08,EJU56VP,OE-IDX,Airbus A320,easyJet Europe,landing,arrivee,625,264.8,98.2,,24.61,,
2026-06-22,13:49:10,TAP1860,CS-TJI,Airbus A321neo,TAP Air Portugal,landing,arrivee,600,272.1,98.9,,19.83,,
2026-06-22,13:52:09,DLH47T,D-AIEH,Airbus A321neo,Lufthansa,landing,arrivee,600,261.5,65.2,,,,
2026-06-22,13:54:44,TAP481,CS-TAW,Embraer E195,TAP Air Portugal,landing,arrivee,575,258.9,98.4,,24.23,,
2026-06-22,13:57:22,RYR4ZF,EI-EBX,Boeing 737-800,Ryanair,landing,arrivee,750,276.5,95.7,,32.62,,
2026-06-22,14:00:33,TAP823,CS-TNY,Airbus A320,TAP Air Portugal,landing,arrivee,600,253.2,95.9,,28.5,,
2026-06-22,14:03:09,TAP1013,CS-TPO,Embraer E190,TAP Air Portugal,landing,arrivee,575,243.9,100,,30.11,,
2026-06-22,14:05:51,TAP471A,CS-TPY,Embraer E190,TAP Air Portugal,landing,arrivee,600,242.2,93.4,,20.05,,
2026-06-22,14:08:16,RYR1316,EI-HEW,Boeing 737 MAX 8,Ryanair,landing,arrivee,600,273.9,88.5,,21.34,,
2026-06-22,14:11:53,EJU98XP,OE-LSR,Airbus A320,easyJet Europe,landing,arrivee,600,266.5,86.7,,21.81,,
2026-06-22,14:14:49,TAP1335,CS-TVC,Airbus A320neo,TAP Air Portugal,landing,arrivee,600,273.2,94.0,,21.7,,
2026-06-22,14:17:43,TAP869,CS-TPT,Embraer E190,TAP Air Portugal,landing,arrivee,575,249.1,87.0,,22.44,,
2026-06-22,14:20:22,TAP36GS,CS-TJS,Airbus A321neo,TAP Air Portugal,landing,arrivee,600,263.9,99.6,,18.27,,
2026-06-22,14:23:46,TAP941,CS-TNJ,Airbus A320,TAP Air Portugal,landing,arrivee,600,257.2,93.2,,21.51,,
2026-06-22,14:26:56,TAP11EG,CS-TVL,Airbus A320,TAP Air Portugal,landing,arrivee,575,244.8,93.1,,16.56,,
2026-06-22,14:29:36,TAP641,CS-TTP,Airbus A319,TAP Air Portugal,landing,arrivee,625,255.9,99.3,,18.52,,
2026-06-22,14:32:11,TAP084,CS-TUG,Airbus A330-900neo,TAP Air Portugal,landing,arrivee,600,273.2,95.8,,34.39,,
2026-06-22,14:34:58,TAP88TM,CS-TNV,Airbus A320,TAP Air Portugal,landing,arrivee,575,269.7,91.7,,27.4,,
2026-06-22,14:38:02,KLM97N,PH-AXE,Airbus A321neo,KLM,landing,arrivee,600,254.8,91.5,,21.35,,
2026-06-22,14:40:51,TAP691P,CS-TAX,Embraer E195,TAP Air Portugal,landing,arrivee,600,266.5,91.2,,23.26,,
2026-06-22,14:43:41,SWR2BK,HB-JPG,Airbus A321neo,Swiss,landing,arrivee,625,270.8,96.1,,19.72,,
2026-06-22,14:51:37,RYR67UV,9H-QCA,Boeing 737-800,Malta Air,landing,arrivee,575,278.9,91.5,,33.31,,
2026-06-22,15:04:16,AFR37EQ,F-GTAK,Airbus A321,Air France,landing,arrivee,575,274.5,98.5,,28.73,,
2026-06-22,15:11:23,THY4GH,TC-LTI,Airbus A321neo,Turkish Airlines,landing,arrivee,600,251.5,95.0,,20.8,,
2026-06-22,15:17:06,BTI7FR,YL-CSH,C Series 300,Air Baltic,landing,arrivee,575,263.2,88.7,,17.32,,
2026-06-22,15:19:40,EZY35DC,G-EZDA,Airbus A319,easyJet,landing,arrivee,600,247.2,93.6,,26.06,,
2026-06-22,15:22:13,RYR85MR,9H-IHL,Airbus A320,Lauda Europe,landing,arrivee,625,263.2,91.6,,24.84,,
2026-06-22,15:24:49,AEA12AT,EC-LPR,Boeing 737-800,Air Europa,landing,arrivee,575,290.4,94.9,,26.7,,
2026-06-22,15:27:41,TAP931L,CS-TVK,Airbus A320neo,TAP Air Portugal,landing,arrivee,625,254.8,89.9,,23.62,,
2026-06-22,15:31:39,DLH03H,D-AIEB,Airbus A321neo,Lufthansa,landing,arrivee,650,267.2,88.5,,26.32,,
2026-06-22,15:37:55,TAP3834,CS-TPZ,Embraer E190,TAP Air Portugal,landing,arrivee,575,241.5,99.2,,84.04,,
2026-06-22,16:01:44,TAP90EH,CS-TUF,Airbus A330-900neo,TAP Air Portugal,landing,arrivee,1150,261.5,99.5,,11.07,,
2026-06-22,16:05:01,TAP016,CS-TXC,Airbus A321neo,TAP Air Portugal,landing,arrivee,600,275.6,87.5,,19.27,,
2026-06-22,16:08:07,TAP71VE,CS-TJH,Airbus A321,TAP Air Portugal,landing,arrivee,600,274.8,97.3,,24.37,,
2026-06-22,16:11:19,TAP56DT,CS-TNN,Airbus A320,TAP Air Portugal,landing,arrivee,600,264.8,95.4,,21.92,,
2026-06-22,16:14:22,TAP120R,CS-TVN,Airbus A320neo,TAP Air Portugal,landing,arrivee,600,250.8,99.2,,,,
2026-06-22,16:17:06,TAP1105,CS-TPU,Embraer E190,TAP Air Portugal,landing,arrivee,600,243.2,98.9,,20.78,,
2026-06-22,16:18:56,RYR95SN,EI-DLC,Boeing 737-800,Ryanair,landing,arrivee,600,286.1,93.0,,,,
2026-06-22,16:20:54,TAP433,CS-TVF,Airbus A320neo,TAP Air Portugal,landing,arrivee,625,261.5,98.8,,18.74,,
2026-06-22,16:23:32,RYR384,EI-IKJ,Boeing 737 MAX 8,Ryanair,landing,arrivee,625,284.8,97.9,,,,
2026-06-22,16:27:06,TAP10NL,CS-TNX,Airbus A320,TAP Air Portugal,landing,arrivee,625,266.3,98.0,,26.65,,
2026-06-22,16:30:02,EJU69VE,OE-LSV,Airbus A320neo,easyJet Europe,landing,arrivee,600,257.2,96.1,,18.29,,
2026-06-22,16:37:45,TAP1359,CS-TVO,Airbus A320neo,TAP Air Portugal,landing,arrivee,625,242.4,95.1,,,,
2026-06-22,16:40:18,QTR29C,A7-BCB,Boeing 787-8,Qatar Airways,landing,arrivee,600,261.5,95.7,,,,
2026-06-22,16:43:04,TAM8150,CC-BGT,Boeing 787-9,LATAM Airlines,landing,arrivee,600,301.3,95.7,,25.35,,
2026-06-22,16:46:07,EJU81TJ,OE-LSA,Airbus A320neo,easyJet Europe,landing,arrivee,550,265.6,93.7,,17.74,,
2026-06-22,16:48:33,ANE91TE,EC-MUG,Bombardier CRJ-1000,Air Nostrum,landing,arrivee,650,268.9,99.1,,15.16,,
2026-06-22,16:51:20,BAW5DW,G-EUYS,Airbus A320,British Airways,landing,arrivee,625,254.8,94.4,,22.6,,
2026-06-22,16:54:07,TAP1929,CS-TXG,Airbus A321neo,TAP Air Portugal,landing,arrivee,650,246.7,98.4,,,,
2026-06-22,16:56:54,CBJ627,B-305R,Airbus A330-300,Capital Airlines,landing,arrivee,625,254.8,99.3,,,,
2026-06-22,16:58:56,TAP1824,CS-TVB,Airbus A320neo,TAP Air Portugal,landing,arrivee,1125,240.8,77.2,,10.15,,
2026-06-22,17:02:18,TAP15NC,CS-TNL,Airbus A320,TAP Air Portugal,landing,arrivee,625,275.6,96.2,,,,
2026-06-22,17:04:42,RYR5KT,EI-DPY,Boeing 737-800,Ryanair,landing,arrivee,625,278.0,93.4,,28.28,,
2026-06-22,17:07:31,AXY396F,9H-JPC,Legacy 600,Air X Charter,landing,arrivee,625,253.0,94.0,,15.32,,
2026-06-22,17:17:21,TRA9H,PH-HXA,Boeing 737-800,Transavia,landing,arrivee,650,282.4,92.1,,28.51,,
2026-06-22,17:18:48,SWR58H,YL-AAV,A220 300,Swiss,landing,arrivee,600,253.2,90.7,,18.17,,
2026-06-22,17:22:15,WMT6155,9H-WMF,Airbus A321neo,Lauda Europe,landing,arrivee,600,250.8,94.0,,21.28,,
2026-06-22,17:24:19,RAM982,CN-RHP,Boeing 737 MAX 8,Royal Air Maroc,landing,arrivee,975,284.8,98.4,,33.75,,
2026-06-22,17:25:10,9HGME,,,,descending,arrivee,650,163.2,90.4,,12.13,,
2026-06-22,17:28:28,TAP763,EC-OCT,Airbus A321,TAP Air Portugal,landing,arrivee,525,283.7,92.2,,25.55,,
2026-06-22,17:29:23,4d2246,9H-QEJ,Boeing 737-800,Malta Air,landing,arrivee,1100,296.5,93.9,,12.22,,
2026-06-22,17:32:20,EWG8602,D-AENI,Airbus A320neo,Eurowings,landing,arrivee,925,255.2,89.3,,19.75,,
2026-06-22,17:35:17,TAP643,CS-TVM,Airbus A320neo,TAP Air Portugal,landing,arrivee,550,266.5,84.4,,11.99,,
2026-06-22,17:38:27,TAP298,CS-TUP,Airbus A330-900neo,TAP Air Portugal,landing,arrivee,1025,251.5,62.0,,12.93,,
2026-06-22,17:41:16,TAP3333,CS-TJP,Airbus A321neo,TAP Air Portugal,landing,arrivee,1025,254.8,58.3,,12.77,,
2026-06-22,17:50:59,BAW506,G-NEOZ,Airbus A321neo,British Airways,landing,arrivee,1050,241.5,82.2,,15.15,,
2026-06-22,17:55:21,EJU45HZ,OE-IBF,Airbus A320,easyJet Europe,landing,arrivee,1025,248.4,79.1,,27.5,,
2026-06-22,17:58:01,VLG9QY,EC-NUP,Airbus A320,Vueling,landing,arrivee,1025,249.8,85.0,,14.23,,
2026-06-22,17:59:56,AFR24MF,F-GTAU,Airbus A321,Air France,landing,arrivee,1025,254.1,85.7,,16.96,,
2026-06-22,18:02:48,TAP1558,CS-TVI,Airbus A320neo,TAP Air Portugal,landing,arrivee,1025,264.8,88.9,,22.58,,
2026-06-22,18:05:34,TAP435,CS-TVD,Airbus A320neo,TAP Air Portugal,landing,arrivee,1025,244.8,83.3,,13.16,,
2026-06-22,18:09:44,TAP1542,CS-TVR,Airbus A320neo,TAP Air Portugal,landing,arrivee,1025,258.9,90.4,,16.33,,
2026-06-22,18:13:25,VLG14YF,EC-OKG,Airbus A320,Vueling,landing,arrivee,1025,250.8,84.8,,13.08,,
2026-06-22,18:16:18,RZO124,CS-TSM,Airbus A320,TAP Air Portugal,landing,arrivee,1025,234.8,67.2,,13.16,,
2026-06-22,18:18:37,TAP781,CS-TJM,Airbus A321neo,TAP Air Portugal,landing,arrivee,1050,254.1,87.6,,17.68,,
2026-06-22,18:21:09,TAP282,CS-TUL,Airbus A330-900neo,TAP Air Portugal,landing,arrivee,1025,268.0,93.3,,39.43,,
2026-06-22,18:23:54,RYR68VC,SP-RKG,Boeing 737-800,Ryanair,landing,arrivee,1025,271.3,94.7,,33.75,,
2026-06-22,18:26:38,TAP1455,CS-TPX,Embraer E190,TAP Air Portugal,landing,arrivee,1000,234.8,76.3,,13.79,,
2026-06-22,18:32:58,TAP1439,CS-TPT,Embraer E190,TAP Air Portugal,landing,arrivee,1000,226.7,70.8,,12.94,,
2026-06-22,18:37:17,TVF46GH,F-GZHP,Boeing 737-800,Transavia France,landing,arrivee,1025,279.7,95.4,,34.99,,
2026-06-22,18:41:07,TAY2MN,OE-IXO,Boeing 737-800,,landing,arrivee,1025,244.8,94.8,,32.2,,
2026-06-22,18:43:51,TAP1931,CS-TNV,Airbus A320,TAP Air Portugal,landing,arrivee,1050,243.2,95.1,,28.34,,
2026-06-22,18:47:07,TAP10EV,CS-TPS,Embraer E190,TAP Air Portugal,landing,arrivee,1025,225.0,94.2,,21.93,,
2026-06-22,18:49:40,EZS62YX,HB-JZY,Airbus A320,Austrian Airlines,landing,arrivee,1050,243.2,94.6,,26.51,,
2026-06-22,18:54:02,RYR24SE,EI-DPH,Boeing 737-800,Ryanair,landing,arrivee,1025,268.9,93.0,,30.26,,
2026-06-22,18:57:04,TRA55J,PH-YHO,Airbus A321neo,,landing,arrivee,1025,258.0,93.5,,24.87,,
2026-06-22,18:59:38,TAP1906,CS-TNR,Airbus A320,TAP Air Portugal,landing,arrivee,1050,240.8,93.3,,23.07,,
2026-06-22,19:02:27,BEL2DT,OO-SBB,Airbus A320,Brussels Airlines,landing,arrivee,1050,238.4,91.2,,20.41,,
2026-06-22,19:05:35,KLM71Y,PH-AXR,Airbus A321neo,KLM,landing,arrivee,1025,237.6,93.1,,24.38,,
2026-06-22,19:08:00,AEE4554,SX-DVT,Airbus A320,Aegean Airlines,landing,arrivee,1025,254.8,91.5,,21.03,,
2026-06-22,19:10:53,AEA1157,EC-MXM,Boeing 737-800,Air Europa,landing,arrivee,1025,274.8,94.5,,31.88,,
2026-06-22,19:13:40,TAP1337,CS-TPW,Embraer E190,TAP Air Portugal,landing,arrivee,1000,234.8,90.4,,22.93,,
2026-06-22,19:16:25,SAS2801,EI-SCC,Airbus A320neo,SAS Scandinavian,landing,arrivee,1050,232.4,91.7,,19.75,,
2026-06-22,19:19:07,TAP825,CS-TVP,Airbus A320neo,TAP Air Portugal,landing,arrivee,1050,224.3,90.0,,19.58,,
2026-06-22,19:21:37,VLG7PA,EC-LVT,Airbus A320,Vueling,landing,arrivee,1050,258.4,93.5,,20.96,,
2026-06-22,19:24:27,UAE5M,A6-ENT,Boeing 777-300ER,Emirates,landing,arrivee,1050,283.0,100.8,,51.65,,
2026-06-22,19:28:58,EJU32GK,OE-IDT,Airbus A320,easyJet Europe,landing,arrivee,1050,256.5,89.3,,25.0,,
2026-06-22,19:32:00,TAP671,CS-TJK,Airbus A321neo,TAP Air Portugal,landing,arrivee,1075,250.8,90.5,,20.81,,
2026-06-22,19:34:50,RYR59QQ,EI-GXG,Boeing 737-800,Ryanair,landing,arrivee,1000,269.3,93.6,,41.22,,
2026-06-22,19:46:18,EZY26YM,G-UZMC,Airbus A321neo,easyJet,landing,arrivee,1050,266.5,90.1,,25.76,,
2026-06-22,19:48:59,TAP3928,CS-TVG,Airbus A320neo,TAP Air Portugal,landing,arrivee,1050,252.4,89.0,,21.4,,
2026-06-22,19:51:33,WZZ477,HA-LDB,Airbus A321neo,Wizz Air,landing,arrivee,1050,246.7,93.9,,26.2,,
2026-06-22,19:54:46,EZY31FV,G-UZMB,Airbus A321neo,easyJet,landing,arrivee,1075,249.1,91.3,,27.33,,
2026-06-22,19:57:26,TAP835,CS-TNM,Airbus A320,TAP Air Portugal,landing,arrivee,1025,270.8,92.5,,26.0,,
2026-06-22,20:00:21,TAP94VA,CS-TVH,Airbus A320neo,TAP Air Portugal,landing,arrivee,1050,230.8,89.5,,20.96,,
2026-06-22,20:03:27,TAP473H,CS-TPQ,Embraer E190,TAP Air Portugal,landing,arrivee,1025,233.2,89.2,,27.03,,
2026-06-22,20:06:03,EJU71TK,OE-INO,Airbus A320,easyJet Europe,landing,arrivee,1050,250.8,91.8,,31.14,,
2026-06-22,20:08:36,TAP93ZS,CS-TJO,Airbus A321neo,TAP Air Portugal,landing,arrivee,1050,262.4,91.8,,22.87,,
2026-06-22,20:11:15,IBE0537,EC-ILS,Airbus A320,Iberia,landing,arrivee,1050,250.8,94.9,,30.59,,
2026-06-22,20:13:53,TAP543W,CS-TJF,Airbus A321,TAP Air Portugal,landing,arrivee,1050,232.4,95.2,,31.82,,
2026-06-22,20:16:25,TAP25AC,CS-TPO,Embraer E190,TAP Air Portugal,landing,arrivee,1050,226.7,90.4,,25.12,,
2026-06-22,20:19:39,WMT537,9H-WII,Citation VII,Luxwing Ltd,landing,arrivee,1050,239.8,92.0,,25.24,,
2026-06-22,20:25:36,EWG37V,OK-TVL,Boeing 737-800,Eurowings,landing,arrivee,1000,284.5,96.7,,34.77,,
2026-06-22,20:28:28,EJU67HP,OE-LKO,Airbus A319,easyJet Europe,landing,arrivee,1050,262.4,91.2,,25.21,,
2026-06-22,20:31:02,TAP1155,CS-TAX,Embraer E195,TAP Air Portugal,landing,arrivee,1075,270.0,90.7,,25.87,,
2026-06-22,20:33:32,EZY15UP,G-EZTV,Airbus A320,easyJet,landing,arrivee,1025,254.8,94.5,,28.74,,
2026-06-22,20:36:23,TAP48M,CS-TAY,Embraer E195,TAP Air Portugal,landing,arrivee,1025,256.3,90.6,,25.57,,
2026-06-22,20:38:55,RYR14SC,EI-ILL,Boeing 737 MAX 8,Ryanair,landing,arrivee,1000,264.1,94.8,,29.22,,
2026-06-22,20:41:30,TAP755,CS-TJR,Airbus A321neo,TAP Air Portugal,landing,arrivee,1050,264.8,93.0,,25.37,,
2026-06-22,20:44:17,RUK2252,G-RUKB,Boeing 737-800,Ryanair UK,landing,arrivee,1025,275.6,95.4,,38.73,,
2026-06-22,20:46:48,VLG39HL,EC-MVE,Airbus A320,Vueling,landing,arrivee,1050,270.8,91.5,,24.01,,
2026-06-22,20:49:13,TAP1313,CS-TNS,Airbus A320,TAP Air Portugal,landing,arrivee,1050,252.4,89.8,,28.86,,
2026-06-22,20:51:48,TAP1862,CS-TVA,Airbus A320neo,TAP Air Portugal,landing,arrivee,1050,232.4,89.3,,23.63,,
2026-06-22,20:55:37,TAP1143,CS-TTP,Airbus A319,TAP Air Portugal,landing,arrivee,1050,246.7,92.2,,29.78,,
2026-06-22,20:58:40,TAP403Z,CS-TAW,Embraer E195,TAP Air Portugal,landing,arrivee,1025,254.8,91.1,,32.12,,
2026-06-22,21:01:11,TAP1692,CS-TVQ,Airbus A320neo,TAP Air Portugal,landing,arrivee,1050,260.8,87.7,,22.27,,
2026-06-22,21:04:13,ELY375,4X-EKO,Boeing 737-800,El Al,landing,arrivee,1000,279.7,97.8,,54.49,,
2026-06-22,21:07:30,EJU9040,OE-IDS,Airbus A320,easyJet Europe,landing,arrivee,1050,229.1,92.0,,23.91,,
2026-06-22,21:09:24,TAP437X,CS-TJI,Airbus A321neo,TAP Air Portugal,landing,arrivee,1050,261.5,89.0,,24.06,,
2026-06-22,21:12:00,TAP1019,CS-TNJ,Airbus A320,TAP Air Portugal,landing,arrivee,1075,253.9,94.8,,24.47,,
2026-06-22,21:14:49,RZO152,CS-TKP,Airbus A320,TAP Air Portugal,landing,arrivee,1050,254.8,94.8,,25.98,,
2026-06-22,21:17:30,TAR318,TS-IMX,Airbus A320neo,Tunisair,landing,arrivee,1050,230.8,88.8,,22.15,,
2026-06-22,21:20:40,WJA32,C-FIBA,Boeing 737 MAX 8,WestJet,landing,arrivee,1050,268.7,93.0,,26.1,,
2026-06-22,21:23:14,VLG8UE,EC-OLF,Airbus A320,Vueling,landing,arrivee,1050,260.0,89.9,,22.61,,
2026-06-22,21:26:06,TAP877,CS-TPR,Embraer E190,TAP Air Portugal,landing,arrivee,1025,226.7,88.4,,28.5,,
2026-06-22,21:28:30,RYR4RL,9H-QBY,Boeing 737-800,Malta Air,landing,arrivee,1050,268.9,93.0,,50.06,,
2026-06-22,21:31:06,TAP37CN,CS-TTS,Airbus A319,TAP Air Portugal,landing,arrivee,1025,246.3,93.6,,26.18,,
2026-06-22,21:33:50,TAP57W,CS-TXD,Airbus A321neo,TAP Air Portugal,landing,arrivee,1050,254.8,94.6,,25.09,,
2026-06-22,21:36:48,TAP67U,CS-TJN,Airbus A321neo,TAP Air Portugal,landing,arrivee,1075,215.0,91.3,,23.56,,
2026-06-22,21:39:23,PGT1561,TC-NBR,Airbus A320neo,Pegasus,landing,arrivee,1050,234.8,88.9,,24.75,,
2026-06-22,21:42:02,LZB563,LZ-ROM,A220-300,Bulgaria Air,landing,arrivee,1025,239.1,90.2,,23.91,,
2026-06-22,21:44:46,EJU91TW,HB-JYA,Airbus A320,easyJet Europe,landing,arrivee,1050,250.8,92.9,,25.18,,
2026-06-22,21:47:39,RZO134,,,TAP Air Portugal,landing,arrivee,1050,240.8,91.7,,26.23,,
2026-06-22,21:49:27,495297,CS-TTW,Embraer E195,TAP Air Portugal,landing,arrivee,1025,258.4,92.1,,30.55,,
2026-06-22,21:52:32,FIA5811,,,Fly One,landing,arrivee,1050,239.1,91.7,,22.74,,
2026-06-22,21:54:18,TAP827V,CS-TNY,Airbus A320,TAP Air Portugal,landing,arrivee,1050,249.1,91.4,,30.53,,
2026-06-22,21:55:56,RYR56BR,EI-GXM,Boeing 737-800,Ryanair,landing,arrivee,1025,268.9,93.8,,34.01,,
2026-06-22,21:58:22,TAP1243,CS-TJL,Airbus A321neo,TAP Air Portugal,landing,arrivee,1050,256.5,91.7,,25.21,,
2026-06-22,22:00:00,RYR4XW,9H-QCS,Boeing 737-800,Malta Air,landing,arrivee,1025,272.1,94.6,,41.53,,
2026-06-22,22:07:55,VLG4JP,EC-MGZ,Airbus A321,Vueling,landing,arrivee,1025,256.5,93.9,,26.4,,
2026-06-22,22:10:29,TAP1933,CS-TPP,Embraer E190,TAP Air Portugal,landing,arrivee,1025,220.8,88.6,,24.46,,
2026-06-22,22:13:17,TAP837,CS-TJE,Airbus A321,TAP Air Portugal,landing,arrivee,1000,251.7,92.3,,33.75,,
2026-06-22,22:16:30,DLH64P,D-AIUD,Airbus A320,Lufthansa,landing,arrivee,1025,258.9,90.0,,25.61,,
2026-06-22,22:32:28,DLH34J,D-AIWJ,Airbus A320,Lufthansa,landing,arrivee,1050,252.2,93.0,,29.84,,
2026-06-22,22:35:33,TAP1369,CS-TJS,Airbus A321neo,TAP Air Portugal,landing,arrivee,1050,253.2,90.0,,24.25,,
2026-06-22,22:38:04,RYR20EE,EI-DWW,Boeing 737-800,Ryanair,landing,arrivee,1025,278.9,96.0,,32.39,,
2026-06-22,22:39:44,TAP555,CS-TVC,Airbus A320neo,TAP Air Portugal,landing,arrivee,1025,256.5,87.2,,24.13,,
2026-06-22,22:42:22,KLM35W,PH-AXE,Airbus A321neo,KLM,landing,arrivee,1075,277.2,90.1,,27.39,,
2026-06-22,22:45:08,TAP64M,CS-TVF,Airbus A320neo,TAP Air Portugal,landing,arrivee,1050,234.8,90.8,,22.9,,
2026-06-22,22:47:49,RYR36JX,EI-EVP,Boeing 737-800,Ryanair,landing,arrivee,1025,279.7,93.3,,34.73,,
2026-06-22,22:50:30,RYR29TL,EI-DLC,Boeing 737-800,Ryanair,landing,arrivee,1025,278.0,92.4,,34.11,,
2026-06-22,22:53:27,EJU93ZB,OE-LSP,Airbus A320,easyJet Europe,landing,arrivee,1025,255.6,89.2,,22.02,,
2026-06-22,22:54:57,TVF34QV,F-GZHI,Boeing 737-800,Transavia France,landing,arrivee,1025,278.9,94.7,,35.26,,
2026-06-22,22:57:41,EJU36BG,OE-LSR,Airbus A320,easyJet Europe,landing,arrivee,1050,271.3,91.2,,24.81,,
2026-06-22,22:59:37,THY2ES,TC-LPE,Airbus A321neo,Turkish Airlines,landing,arrivee,1050,263.2,90.6,,29.14,,
2026-06-22,23:01:30,TAP645,CS-TVK,Airbus A320neo,TAP Air Portugal,landing,arrivee,1025,239.8,90.0,,21.74,,
2026-06-22,23:04:16,TAP5AS,CS-TVL,Airbus A320,TAP Air Portugal,landing,arrivee,1025,250.8,87.5,,23.17,,
2026-06-22,23:06:54,AFR64PQ,F-GKXH,Airbus A320,Air France,landing,arrivee,1050,258.4,96.5,,28.58,,
2026-06-22,23:09:48,TAP21MM,CS-TJP,Airbus A321neo,TAP Air Portugal,landing,arrivee,1050,265.6,87.4,,24.7,,
2026-06-22,23:12:31,RYR8AT,9H-QDC,Boeing 737-800,Malta Air,landing,arrivee,1025,282.1,91.5,,55.2,,
2026-06-22,23:14:48,SWR755L,HB-JDF,Airbus A320neo,Swiss,landing,arrivee,1050,266.5,91.5,,23.74,,
2026-06-22,23:17:30,RYR85KH,EI-HEW,Boeing 737 MAX 8,Ryanair,landing,arrivee,1050,289.5,92.8,,25.8,,
2026-06-22,23:19:32,AEE7PT,SX-NEB,Airbus A320neo,Aegean Airlines,landing,arrivee,1025,246.3,90.1,,28.1,,
2026-06-22,23:22:00,EJU97HA,OE-LSV,Airbus A320neo,easyJet Europe,landing,arrivee,1050,263.2,88.0,,28.16,,
2026-06-22,23:23:44,TVF47RH,F-GZHK,Boeing 737-800,Transavia France,landing,arrivee,1025,287.2,97.0,,40.65,,
2026-06-22,23:25:26,EJU74EP,OE-IBF,Airbus A320,easyJet Europe,landing,arrivee,1025,258.0,91.1,,26.61,,
2026-06-22,23:27:23,DLH23C,D-AINX,Airbus A320neo,Lufthansa,landing,arrivee,1050,254.1,89.2,,25.59,,
2026-06-22,23:30:28,495215,CS-TPU,Embraer E190,TAP Air Portugal,landing,arrivee,950,230.0,91.4,,30.87,,
2026-06-22,23:33:26,TAP35MT,CS-TNU,Airbus A320,TAP Air Portugal,landing,arrivee,750,225.0,90.9,,26.73,,
2026-06-22,23:35:27,IBE0539,EC-NTA,Airbus A320neo,Iberia,landing,arrivee,1050,255.9,90.2,,21.88,,
2026-06-22,23:37:08,4951cc,CS-TNL,Airbus A320,TAP Air Portugal,landing,arrivee,1025,254.8,91.1,,28.54,,
2026-06-22,23:40:13,BAW508,G-TTNK,Airbus A320neo,British Airways,landing,arrivee,1050,235.9,90.9,,21.6,,
2026-06-22,23:41:47,EJU52PB,OE-LSA,Airbus A320neo,easyJet Europe,landing,arrivee,1050,250.8,92.0,,24.2,,
2026-06-22,23:43:34,RYR55AR,9H-QEJ,Boeing 737-800,Malta Air,landing,arrivee,1050,279.7,94.9,,38.78,,
2026-06-22,23:46:46,WZZ84UJ,HA-LGW,Airbus A321neo,Wizz Air,landing,arrivee,1050,271.3,88.0,,23.24,,
2026-06-22,23:57:06,EJU87HG,OE-IDT,Airbus A320,easyJet Europe,landing,arrivee,1025,265.6,91.6,,31.45,,
2026-06-23,00:06:31,RZO128,CS-TSK,Airbus A320,TAP Air Portugal,landing,arrivee,1075,228.2,58.1,,13.59,,
2026-06-23,00:17:42,3475c9,EC-OCT,Airbus A321,TAP Air Portugal,landing,arrivee,1250,271.3,89.9,,34.15,,
2026-06-23,00:21:26,EJU9052,OE-IDX,Airbus A320,easyJet Europe,landing,arrivee,1175,222.6,92.6,,23.14,,
2026-06-23,00:23:01,495148,CS-TJH,Airbus A321,TAP Air Portugal,landing,arrivee,1175,258.4,98.8,,28.39,,
2026-06-23,04:46:33,4952ab,CS-TUK,Airbus A330-900neo,TAP Air Portugal,landing,arrivee,1275,274.8,97.3,,39.21,,
2026-06-23,04:52:22,TAP082,CS-TUC,Airbus A330-900neo,TAP Air Portugal,landing,arrivee,1250,271.3,97.0,,39.84,,
2026-06-23,04:55:38,49530a,CS-TXJ,Airbus A321neo,TAP Air Portugal,landing,arrivee,1225,253.9,92.1,,22.88,,
2026-06-23,05:11:23,495309,CS-TXI,Airbus A321neo,TAP Air Portugal,cruise,,1300,0.0,93.3,,20.94,,
2026-06-23,05:34:19,4952b1,CS-TUQ,Airbus A330-900neo,TAP Air Portugal,landing,arrivee,1275,276.3,97.2,,40.76,,
2026-06-23,05:44:45,4952d2,CS-TVR,Airbus A320neo,TAP Air Portugal,landing,arrivee,1250,272.4,87.4,,20.66,,
2026-06-23,05:55:30,49529a,CS-TTZ,Embraer E195,TAP Air Portugal,landing,arrivee,1200,264.8,91.7,,23.46,,
2026-06-23,06:00:41,495306,CS-TXF,Airbus A321neo,TAP Air Portugal,cruise,,1325,0.0,90.4,,25.26,,
2026-06-23,06:03:19,4951ca,CS-TNJ,Airbus A320,TAP Air Portugal,landing,arrivee,1250,258.9,94.0,,32.62,,
2026-06-23,06:07:14,4952ad,CS-TUM,Airbus A330-900neo,TAP Air Portugal,landing,arrivee,1275,269.7,93.7,,36.97,,
2026-06-23,06:19:34,TAP232Y,CS-TXM,Airbus A321,TAP Air Portugal,approach,arrivee,2200,352.1,55.3,,11.84,,
2026-06-23,06:23:36,49520f,CS-TPO,Embraer E190,TAP Air Portugal,landing,arrivee,1175,247.6,88.1,,24.33,,
2026-06-23,06:26:42,4952ae,CS-TUN,Airbus A330-900neo,TAP Air Portugal,approach,arrivee,1200,274.8,95.4,,37.66,,
2026-06-23,06:29:43,e4908e,PR-AIV,Airbus A330-200,Azul,landing,arrivee,1225,265.6,96.2,,35.68,,
2026-06-23,06:33:21,06a0c2,A7-BDD,Boeing 787-8,Qatar Airways,landing,arrivee,1275,271.3,92.3,,30.52,,
2026-06-23,06:40:56,TAP1544,CS-TJK,Airbus A321neo,TAP Air Portugal,landing,arrivee,1250,258.9,92.5,,23.45,,
2026-06-23,06:43:28,8964fd,A6-BMB,Boeing 787-10,Etihad Airways,landing,arrivee,1275,293.0,94.4,,36.81,,
2026-06-23,06:46:55,TAP9004,CS-TVA,Airbus A320neo,TAP Air Portugal,landing,arrivee,1275,240.8,92.8,,26.08,,
2026-06-23,06:49:37,0900f0,D2-TEJ,Boeing 777-300ER,TAAG Angola Airlines,landing,arrivee,1250,299.7,101.0,,54.37,,
2026-06-23,06:52:39,TAP41SN,CS-TPS,Embraer E190,TAP Air Portugal,landing,arrivee,1200,260.8,89.4,,24.21,,
2026-06-23,06:55:17,495293,CS-TTS,Airbus A319,TAP Air Portugal,landing,arrivee,1225,244.3,90.7,,23.32,,
2026-06-23,06:57:55,TAY1MN,OE-IBO,737 490SF,Iberia,cruise,,1250,0.0,92.5,,28.3,,
2026-06-23,07:00:20,c06a76,C-GOIF,Airbus A321neo,Air Transat,landing,arrivee,1275,274.8,90.0,,24.66,,
2026-06-23,07:02:58,AEA1159,EC-LPR,Boeing 737-800,Air Europa,landing,arrivee,1225,277.2,93.6,,37.6,,
2026-06-23,07:05:32,TAM8146,PT-MUI,Boeing 777-300ER,LATAM Airlines,landing,arrivee,1250,291.3,101.4,,48.25,,
2026-06-23,07:12:36,TAP86PZ,CS-TVK,Airbus A320neo,TAP Air Portugal,takeoff,depart,875,296.5,58.2,,12.24,,
2026-06-23,07:15:13,TAP98CX,CS-TVQ,Airbus A320neo,TAP Air Portugal,landing,arrivee,1250,245.6,93.3,,25.58,,
2026-06-23,07:18:15,SRR6646,OY-SRN,767 219ERBDSF,Star Air,landing,arrivee,1275,230.8,100.6,,27.2,,
2026-06-23,07:20:55,3420cb,EC-IZH,Airbus A320,Iberia,landing,arrivee,1275,264.8,93.2,,25.78,,
2026-06-23,07:23:57,DAL272,,,Delta Air Lines,landing,arrivee,1250,273.2,99.1,,38.24,,
2026-06-23,07:26:42,4952c2,CS-TVB,Airbus A320neo,TAP Air Portugal,landing,arrivee,1250,253.2,87.9,,24.03,,
2026-06-23,07:29:05,4951d2,CS-TNR,Airbus A320,TAP Air Portugal,landing,arrivee,1250,268.0,91.8,,21.21,,
2026-06-23,07:31:35,4952c4,CS-TVD,Airbus A320neo,TAP Air Portugal,approach,arrivee,2225,345.4,58.0,,11.84,,
2026-06-23,07:37:01,4952c8,CS-TVH,Airbus A320neo,TAP Air Portugal,landing,arrivee,1250,269.7,89.2,,22.6,,
2026-06-23,07:39:56,4406f0,OE-LQU,Airbus A319,easyJet Europe,cruise,,1275,0.0,89.6,,24.79,,
2026-06-23,07:42:55,495214,CS-TPT,Embraer E190,TAP Air Portugal,cruise,,1150,0.0,90.5,,21.23,,
2026-06-23,07:47:50,4951d6,CS-TNV,Airbus A320,TAP Air Portugal,landing,arrivee,1225,258.0,92.3,,30.61,,
2026-06-23,07:50:34,4951d3,CS-TNS,Airbus A320,TAP Air Portugal,landing,arrivee,1325,274.8,89.5,,22.22,,
2026-06-23,07:55:13,TAP9RH,CS-TNX,Airbus A320,TAP Air Portugal,landing,arrivee,1325,280.6,91.7,,22.62,,
2026-06-23,07:57:56,4952d0,CS-TVP,Airbus A320neo,TAP Air Portugal,landing,arrivee,1275,265.6,93.8,,23.13,,
2026-06-23,08:04:07,4951ce,CS-TNN,Airbus A320,TAP Air Portugal,landing,arrivee,1250,256.3,93.1,,30.61,,
2026-06-23,08:09:11,440daf,OE-IDU,Airbus A320,easyJet Europe,landing,arrivee,1225,274.8,90.7,,30.95,,
2026-06-23,08:11:57,ECODU,,,,landing,arrivee,1225,299.7,86.8,,20.68,,
2026-06-23,08:14:29,VLG46AX,EC-NLV,Airbus A321,Vueling,landing,arrivee,1225,278.0,93.6,,31.96,,
2026-06-23,08:17:31,TAP557H,CS-TVI,Airbus A320neo,TAP Air Portugal,landing,arrivee,1225,254.8,89.3,,24.98,,
2026-06-23,08:20:19,4d2041,9H-VFS,CL60,,landing,arrivee,1300,232.4,89.5,,16.15,,
2026-06-23,08:25:31,TRA97Q,PH-YHE,Airbus A321neo,Transavia,landing,arrivee,1350,288.0,90.1,,28.09,,
2026-06-23,08:28:42,RYR24SE,EI-EBO,Boeing 737-800,Ryanair,landing,arrivee,825,278.9,95.4,,31.55,,
2026-06-23,08:30:49,RYR63TC,EI-ILL,Boeing 737 MAX 8,Ryanair,landing,arrivee,1200,294.8,93.8,,23.76,,
2026-06-23,08:33:31,49514d,CS-TJM,Airbus A321neo,TAP Air Portugal,landing,arrivee,1250,254.8,92.2,,71.18,,
2026-06-23,08:36:34,39e699,F-HZUZ,A220-300,Air France,cruise,,1175,0.0,89.5,,18.81,,
2026-06-23,08:39:01,4d00ed,LX-LBK,Boeing 737 MAX 8,Luxair,landing,arrivee,1200,281.3,94.4,,27.39,,
2026-06-23,08:43:16,ab7268,N837AN,Boeing 787-9,American Airlines,approach,arrivee,1550,287.8,66.8,,31.67,,
2026-06-23,08:49:41,4ca9d2,EI-EVJ,Boeing 737-800,Ryanair,landing,arrivee,1225,296.5,93.2,,38.32,,
2026-06-23,08:52:24,WPT3154,EC-OND,Airbus A330-300,,landing,arrivee,1225,277.2,93.9,,34.11,,
2026-06-23,09:00:17,ACA812,CA-GOFV,Airbus A330-300,Air Canada,landing,arrivee,1150,276.5,93.9,,29.84,,
2026-06-23,09:03:07,ECODU,,,,cruise,,650,32.4,91.5,,12.82,,
2026-06-23,09:04:37,TAP443,CS-TVM,Airbus A320neo,TAP Air Portugal,landing,arrivee,450,268.9,58.9,,11.82,,
2026-06-23,09:06:53,40653a,G-EZGK,Airbus A319,easyJet,landing,arrivee,1250,278.9,88.9,,26.49,,
2026-06-23,09:09:48,UAL64,N17017,Boeing 787-10,United Airlines,landing,arrivee,1200,313.0,93.3,,36.59,,
2026-06-23,09:12:26,4d21f2,9H-QAJ,Boeing 737-800,Malta Air,landing,arrivee,1250,299.8,93.4,,33.87,,
2026-06-23,09:16:16,TAP3178,CS-TUH,Airbus A330-900neo,TAP Air Portugal,landing,arrivee,625,263.9,92.2,,20.19,,
2026-06-23,09:17:56,TAP675,CS-TVN,Airbus A320neo,TAP Air Portugal,landing,arrivee,1275,271.7,95.4,,23.83,,
2026-06-23,09:21:42,c078ac,C-GTSD,Airbus A330-300,Air Transat,landing,arrivee,1225,274.8,95.7,,42.09,,
2026-06-23,09:24:14,495066,CS-TCF,Airbus A330-900neo,TAP Air Portugal,landing,arrivee,1275,282.4,94.3,,30.84,,
2026-06-23,09:30:25,THY3WE,TC-LTF,Airbus A321neo,Turkish Airlines,landing,arrivee,1275,278.2,91.2,,31.02,,
2026-06-23,09:37:02,TAP036,EC-NBN,Airbus A330-200,TAP Air Portugal,landing,arrivee,1225,274.8,95.1,,36.4,,
2026-06-23,09:39:33,TAP3832,CS-TPZ,Embraer E190,TAP Air Portugal,cruise,,1200,0.0,89.1,,26.21,,
2026-06-23,09:42:21,TAP66PD,CS-TJR,Airbus A321neo,TAP Air Portugal,landing,arrivee,925,289.7,89.8,,22.62,,
2026-06-23,09:44:35,484b2a,PH-HSA,Boeing 737-800,Turkish Airlines,landing,arrivee,1225,305.4,93.1,,40.59,,
2026-06-23,09:47:43,3c5434,D-AEAT,A300 B4-622RF,DHL Air,landing,arrivee,1275,262.4,102.0,,37.15,,
2026-06-23,09:50:35,BAW50P,G-TNEJ,Airbus A321neo,British Airways,landing,arrivee,1175,259.3,90.8,,20.68,,
2026-06-23,09:53:15,TAP216L,CS-TXL,Airbus A321neo,TAP Air Portugal,landing,arrivee,1250,297.2,89.1,,23.86,,
2026-06-23,09:55:52,TAP1921,CS-TVO,Airbus A320neo,TAP Air Portugal,landing,arrivee,1250,254.8,89.4,,21.69,,
2026-06-23,09:58:50,TAP210,CS-TUI,Airbus A330-900neo,TAP Air Portugal,landing,arrivee,1225,272.4,94.7,,40.3,,
2026-06-23,10:01:29,TAP010,CS-TXC,Airbus A321neo,TAP Air Portugal,landing,arrivee,1225,276.5,90.1,,24.67,,
2026-06-23,10:05:27,49514f,CS-TJO,Airbus A321neo,TAP Air Portugal,landing,arrivee,1225,273.2,92.9,,26.34,,
2026-06-23,10:10:18,495307,CS-TXG,Airbus A321neo,TAP Air Portugal,landing,arrivee,1225,264.8,93.1,,23.63,,
2026-06-23,10:18:05,RYR32KG,EI-DLC,Boeing 737-800,Ryanair,landing,arrivee,475,288.0,58.5,,13.03,,
2026-06-23,10:23:56,406752,G-EZWA,Airbus A320,easyJet,landing,arrivee,1275,322.1,89.8,,24.4,,
2026-06-23,10:26:52,TAP1142,CS-TPS,Embraer E190,TAP Air Portugal,cruise,,850,0.0,58.7,,13.67,,
2026-06-23,10:28:22,RYR3WD,EI-GXM,Boeing 737-800,Ryanair,landing,arrivee,450,290.6,58.1,,13.49,,
2026-06-23,10:34:07,49529a,CS-TTZ,Embraer E195,TAP Air Portugal,landing,arrivee,1125,275.8,94.1,,24.53,,
2026-06-23,10:36:45,4d21ee,9H-QAF,Boeing 737-800,Malta Air,approach,arrivee,1275,317.4,94.6,,44.0,,
2026-06-23,10:39:40,495302,CS-TXB,Airbus A321neo,TAP Air Portugal,landing,arrivee,1200,263.2,91.5,,23.84,,
2026-06-23,10:44:40,TAP13LH,CS-TJJ,Airbus A321neo,TAP Air Portugal,approach,arrivee,2125,333.7,58.6,,13.62,,
2026-06-23,10:48:20,TAP204A,CS-TUF,Airbus A330-900neo,TAP Air Portugal,landing,arrivee,1225,266.7,96.2,,34.34,,
2026-06-23,10:51:03,TAP11MG,CS-TAX,Embraer E195,TAP Air Portugal,landing,arrivee,1200,245.9,93.8,,36.03,,
2026-06-23,10:53:14,495277,CS-TSW,Boeing 777-200,Azul,landing,arrivee,1250,278.9,97.5,,40.74,,
2026-06-23,10:56:43,3d42e5,,,,landing,arrivee,1275,288.9,87.5,,38.13,,
2026-06-23,11:00:27,RYR98HW,EI-EVS,Boeing 737-800,Ryanair,landing,arrivee,1250,320.6,97.4,,31.06,,
2026-06-23,11:07:31,BEL2DY,OO-SBF,Airbus A320neo,Brussels Airlines,landing,arrivee,450,260.8,57.3,,14.04,,
2026-06-23,11:10:10,3d42e5,,,,cruise,,1300,0.0,85.8,,32.23,,
2026-06-23,11:19:17,TAP23SL,CS-TUR,Airbus A330-900neo,TAP Air Portugal,landing,arrivee,1025,264.7,95.6,,43.1,,
2026-06-23,11:21:42,4952c3,CS-TVC,Airbus A320neo,TAP Air Portugal,landing,arrivee,1275,278.0,91.8,,26.35,,
2026-06-23,11:23:55,3d42e5,,,,landing,arrivee,1200,286.9,85.4,,29.0,,
2026-06-23,11:27:06,AFR41GW,F-HEPF,Airbus A320,Air France,approach,arrivee,1750,355.8,73.7,,13.89,,
2026-06-23,11:34:53,DAL124,N423DX,Airbus A330-900neo,Delta Air Lines,landing,arrivee,450,275.8,59.6,,13.41,,
2026-06-23,11:36:28,SILVR60,,,,landing,arrivee,1000,261.5,97.1,,37.5,,
2026-06-23,11:39:00,4952c1,CS-TVA,Airbus A320neo,TAP Air Portugal,landing,arrivee,1225,285.6,91.6,,21.57,,
2026-06-23,11:41:30,AEA1153,EC-MPG,Boeing 737-800,Air Europa,landing,arrivee,1250,287.2,96.0,,29.85,,
2026-06-23,11:44:50,440c35,OE-LSA,Airbus A320neo,easyJet Europe,landing,arrivee,1150,245.6,91.4,,21.48,,
2026-06-23,11:47:25,3c65e1,D-AIOA,Airbus A321neo,Lufthansa,landing,arrivee,1200,258.4,92.7,,22.07,,
2026-06-23,11:50:08,348508,EC-OOV,Airbus A320,Vueling,landing,arrivee,1225,254.8,91.8,,20.93,,
2026-06-23,11:51:35,TAP11WQ,CS-TNU,Airbus A320,TAP Air Portugal,landing,arrivee,1175,265.8,93.8,,27.25,,
2026-06-23,11:53:15,UAL942,N216UA,Boeing 777-200,United Airlines,landing,arrivee,1225,286.5,96.6,,35.32,,
2026-06-23,12:04:14,TAP1032,CS-TPT,Embraer E190,TAP Air Portugal,takeoff,depart,725,291.1,86.4,,27.46,,
2026-06-23,12:07:53,TAP89WT,CS-TOP,Airbus A330-200,TAP Air Portugal,takeoff,depart,1050,312.1,88.6,,26.58,,
2026-06-23,12:11:26,348342,EC-OND,Airbus A330-300,,takeoff,depart,925,310.0,86.3,,24.08,,
2026-06-23,12:16:35,RYR103K,EI-EVS,Boeing 737-800,Ryanair,takeoff,depart,800,315.4,93.5,,66.57,,
2026-06-23,12:19:21,TSC481,C-GTSD,Airbus A330-300,Air Transat,takeoff,depart,1225,312.8,86.1,,23.85,,
2026-06-23,12:21:56,RTV3S,,,,takeoff,depart,2025,202.2,59.7,,13.03,,
2026-06-23,12:24:22,DTA651,D2-TEJ,Boeing 777-300ER,TAAG Angola Airlines,takeoff,depart,1025,370.0,91.5,,27.3,,
2026-06-23,12:27:14,UAL65,N17017,Boeing 787-10,United Airlines,takeoff,depart,1075,353.9,90.4,,23.02,,
2026-06-23,12:30:04,TAP231P,CS-TXC,Airbus A321neo,TAP Air Portugal,takeoff,depart,1150,338.0,80.4,,16.15,,
2026-06-23,12:32:50,49530a,CS-TXJ,Airbus A321neo,TAP Air Portugal,takeoff,depart,1050,332.2,78.5,,18.37,,
2026-06-23,12:37:08,3d42e5,,,,takeoff,depart,1500,201.3,60.4,,12.73,,
2026-06-23,12:39:20,49514f,CS-TJO,Airbus A321neo,TAP Air Portugal,takeoff,depart,850,302.2,86.0,,18.37,,
2026-06-23,12:41:28,TAP217C,CS-TXL,Airbus A321neo,TAP Air Portugal,takeoff,depart,1875,357.6,62.4,,13.53,,
2026-06-23,12:43:46,4952c4,CS-TVD,Airbus A320neo,TAP Air Portugal,takeoff,depart,750,282.4,83.5,,14.59,,
2026-06-23,12:46:40,495038,CS-TAX,Embraer E195,TAP Air Portugal,takeoff,depart,800,284.5,86.5,,27.93,,
2026-06-23,12:49:42,49530b,CS-TXK,Airbus A321,TAP Air Portugal,takeoff,depart,950,330.2,82.3,,17.14,,
2026-06-23,12:52:25,SILVR60,,,,climb,depart,1200,358.0,87.5,,19.76,,
2026-06-23,12:55:14,RTV3S,,,,climb,depart,1275,240.9,63.8,,13.34,,
2026-06-23,13:03:27,RYR1LX,EI-GXM,Boeing 737-800,Ryanair,takeoff,depart,875,308.9,92.9,,40.76,,
2026-06-23,13:06:33,3991e5,F-HEPF,Airbus A320,Air France,takeoff,depart,950,293.4,88.1,,24.88,,
2026-06-23,13:09:25,4b1a34,HB-JYA,Airbus A320,easyJet Europe,takeoff,depart,825,292.1,86.5,,22.45,,
2026-06-23,13:12:12,34538e,EC-MPG,Boeing 737-800,Air Europa,takeoff,depart,675,310.8,90.7,,36.22,,
2026-06-23,13:18:06,KLM74L,PH-AXM,Airbus A321neo,KLM,takeoff,depart,950,307.8,83.9,,15.26,,
2026-06-23,13:20:52,4952c1,CS-TVA,Airbus A320neo,TAP Air Portugal,takeoff,depart,925,278.2,74.5,,20.91,,
2026-06-23,13:25:16,348508,EC-OOV,Airbus A320,Vueling,takeoff,depart,925,296.5,87.6,,20.74,,
2026-06-23,13:28:36,TAP43TR,CS-TVO,Airbus A320neo,TAP Air Portugal,takeoff,depart,1125,275.6,78.7,,31.79,,
2026-06-23,13:33:06,RYR88AA,9H-VVJ,Boeing 737 MAX 8,Malta Air,takeoff,depart,825,317.8,87.2,,18.06,,
2026-06-23,13:35:42,DLH35M,D-AIOA,Airbus A321neo,Lufthansa,takeoff,depart,1525,292.1,81.1,,18.1,,
2026-06-23,13:38:50,3475c9,EC-OCT,Airbus A321,TAP Air Portugal,takeoff,depart,925,318.2,95.6,,62.08,,
2026-06-23,13:44:23,49521a,CS-TPZ,Embraer E190,TAP Air Portugal,takeoff,depart,950,304.7,86.4,,18.33,,
2026-06-23,13:49:41,RZO123,CS-TKQ,Airbus A320,TAP Air Portugal,takeoff,depart,850,283.4,88.5,,28.17,,
2026-06-23,13:52:33,AZU8901,CS-TSW,Boeing 777-200,Azul,takeoff,depart,1075,339.5,88.1,,35.06,,
2026-06-23,13:55:44,EJU54WH,OE-LSA,Airbus A320neo,easyJet Europe,takeoff,depart,1275,294.1,76.4,,16.19,,
2026-06-23,13:58:49,49514a,CS-TJJ,Airbus A321neo,TAP Air Portugal,takeoff,depart,825,317.4,88.2,,19.28,,
2026-06-23,14:30:22,RYR3628,9H-QEJ,Boeing 737-800,Malta Air,takeoff,depart,775,315.2,89.8,,33.69,,
2026-06-23,14:33:41,c02cf1,C-FRAM,Boeing 777-300ER,Air Canada,takeoff,depart,925,343.9,90.2,,29.53,,
2026-06-23,14:36:12,DAL125,N423DX,Airbus A330-900neo,Delta Air Lines,takeoff,depart,1325,294.5,83.3,,17.77,,
2026-06-23,14:39:09,TAP69D,CS-TNX,Airbus A320,TAP Air Portugal,takeoff,depart,900,286.5,91.7,,25.84,,
2026-06-23,14:44:29,OBS863,CS-TCF,Airbus A330-900neo,TAP Air Portugal,takeoff,depart,950,319.3,86.7,,18.36,,
2026-06-23,14:49:45,345212,EC-MLM,Airbus A321,Vueling,takeoff,depart,875,300.4,93.1,,51.59,,
2026-06-23,14:52:49,49526b,CS-TSK,Airbus A320,TAP Air Portugal,takeoff,depart,1000,276.5,74.7,,15.16,,
2026-06-23,14:55:14,3423c3,EC-JQZ,Airbus A321,Iberia,takeoff,depart,1175,280.0,86.9,,25.3,,
2026-06-23,14:58:06,H36,F-GKJB,Squirrel AS.350 B2,Private,cruise,,1075,191.1,63.9,,13.72,,
2026-06-23,15:02:18,NJE735K,CS-CLE,CL60,NetJets,takeoff,depart,750,329.8,81.9,,15.78,,
2026-06-23,15:05:36,TVF76UF,F-HTVC,Boeing 737-800,Transavia France,takeoff,depart,1325,311.3,91.0,,38.66,,
2026-06-23,15:08:41,TAP1034,CS-TPX,Embraer E190,TAP Air Portugal,takeoff,depart,875,304.1,86.2,,19.29,,
2026-06-23,15:11:36,49d13d,OK-TVL,Boeing 737-800,Eurowings,takeoff,depart,825,313.0,90.9,,36.7,,
2026-06-23,15:13:50,BAW59Z,G-TTSG,Airbus A320neo,British Airways,takeoff,depart,1800,306.5,69.7,,13.8,,
2026-06-23,15:16:44,TAP42LV,CS-TNU,Airbus A320,TAP Air Portugal,takeoff,depart,975,297.2,89.8,,22.96,,
2026-06-23,15:20:56,896318,A6-ENV,Boeing 777-300ER,Emirates,takeoff,depart,1175,326.7,85.6,,21.45,,
2026-06-23,15:23:46,H36,F-GKJB,Squirrel AS.350 B2,Private,climb,depart,1025,204.1,85.0,,19.63,,
2026-06-23,15:26:51,49514c,CS-TJL,Airbus A321neo,TAP Air Portugal,takeoff,depart,1000,285.8,84.8,,15.81,,
2026-06-23,15:28:42,TAP86VR,CS-TPP,Embraer E190,TAP Air Portugal,takeoff,depart,750,292.6,88.6,,29.34,,
2026-06-23,15:32:17,495039,CS-TAY,Embraer E195,TAP Air Portugal,takeoff,depart,675,307.6,86.2,,25.31,,
2026-06-23,15:35:26,TAP50Y,CS-TXE,Airbus A321neo,TAP Air Portugal,takeoff,depart,1225,305.0,83.9,,17.43,,
2026-06-23,15:39:57,TAM8149,PT-MUA,Boeing 777-300ER,LATAM Airlines,takeoff,depart,900,375.2,92.6,,48.32,,
2026-06-23,15:45:24,TAP13DU,CS-TPQ,Embraer E190,TAP Air Portugal,takeoff,depart,925,279.7,88.8,,24.96,,
2026-06-23,15:50:35,49520f,CS-TPO,Embraer E190,TAP Air Portugal,cruise,,675,0.0,87.0,,22.15,,
2026-06-23,15:53:16,4951ca,CS-TNJ,Airbus A320,TAP Air Portugal,takeoff,depart,1225,294.5,84.9,,20.54,,
2026-06-23,15:56:07,4402e8,OE-INM,Airbus A320,easyJet Europe,cruise,,925,0.0,87.9,,22.39,,
2026-06-23,15:59:32,495153,CS-TJS,Airbus A321neo,TAP Air Portugal,takeoff,depart,875,289.3,84.9,,18.21,,
2026-06-23,16:02:01,TAP2300,CS-TVF,Airbus A320neo,TAP Air Portugal,takeoff,depart,1375,267.6,82.9,,16.14,,
2026-06-23,16:05:06,EJU68GB,OE-IBF,Airbus A320,easyJet Europe,takeoff,depart,1000,289.8,87.6,,20.68,,
2026-06-23,16:12:21,3c64a7,D-AIEG,Airbus A321neo,Lufthansa,takeoff,depart,900,314.7,81.4,,16.9,,
2026-06-23,16:15:15,495145,CS-TJE,Airbus A321,TAP Air Portugal,takeoff,depart,900,296.1,92.5,,30.52,,
2026-06-23,16:18:31,4b1800,HB-JCI,C Series 300,Swiss,takeoff,depart,1300,274.8,81.2,,15.59,,
2026-06-23,16:21:08,TAP554M,CS-TNQ,Airbus A320,TAP Air Portugal,takeoff,depart,1075,271.3,86.5,,22.58,,
2026-06-23,16:24:35,440db0,OE-IDX,Airbus A320,easyJet Europe,takeoff,depart,875,293.0,89.2,,23.16,,
2026-06-23,16:26:17,TAP436,CS-TVK,Airbus A320neo,TAP Air Portugal,takeoff,depart,1675,284.5,80.8,,14.2,,
2026-06-23,16:29:02,4aca86,SE-RTF,Boeing 737 MAX 8,Norwegian Air Sweden,takeoff,depart,875,310.8,80.0,,22.49,,
2026-06-23,16:31:38,495217,CS-TPW,Embraer E190,TAP Air Portugal,takeoff,depart,850,268.9,84.9,,18.29,,
2026-06-23,16:34:29,495309,CS-TXI,Airbus A321neo,TAP Air Portugal,takeoff,depart,825,295.4,101.4,,19.56,,
2026-06-23,16:37:15,406133,G-EZFR,Airbus A319,easyJet,cruise,,825,0.0,87.2,,24.72,,
2026-06-23,16:40:05,440128,OE-IJZ,Airbus A320,easyJet Europe,takeoff,depart,1225,294.1,85.9,,21.47,,
2026-06-23,16:42:53,495213,CS-TPS,Embraer E190,TAP Air Portugal,takeoff,depart,750,282.8,89.3,,24.01,,
2026-06-23,16:46:16,3453cc,EC-MQP,Boeing 737-800,Air Europa,takeoff,depart,650,292.2,92.1,,39.12,,
2026-06-23,16:49:49,RYR3953,EI-DLC,Boeing 737-800,Ryanair,takeoff,depart,1675,317.4,74.2,,18.63,,
2026-06-23,16:52:06,TAP1905,CS-TTP,Airbus A319,TAP Air Portugal,takeoff,depart,950,282.1,82.9,,23.96,,
2026-06-23,16:54:39,KLM80Z,PH-AXK,Airbus A321neo,KLM,takeoff,depart,1175,292.6,81.0,,15.5,,
2026-06-23,16:57:23,TAP1036,CS-TAW,Embraer E195,TAP Air Portugal,takeoff,depart,925,291.7,100.0,,77.88,,
2026-06-23,17:00:26,4951d2,CS-TNR,Airbus A320,TAP Air Portugal,takeoff,depart,1000,291.3,87.5,,35.22,,
2026-06-23,17:03:04,3c65c7,D-AING,Airbus A320neo,Lufthansa,takeoff,depart,1025,274.8,83.3,,14.93,,
2026-06-23,17:05:49,502d5e,YL-ABM,A220-300,Swiss,takeoff,depart,925,284.5,84.1,,15.49,,
2026-06-23,17:07:24,AIZ254,4X-AGH,Airbus A321neo,Arkia,takeoff,depart,1175,317.1,86.7,,22.27,,
2026-06-23,17:12:21,BAW505,G-TTNY,Airbus A320neo,British Airways,takeoff,depart,850,267.6,79.2,,18.64,,
2026-06-23,17:15:08,461fa9,OH-LZT,Airbus A321,Finnair,takeoff,depart,800,313.0,92.8,,55.66,,
2026-06-23,17:17:56,SWR2GX,HB-JPE,Airbus A321neo,Swiss,takeoff,depart,1375,300.6,85.1,,16.08,,
2026-06-23,17:20:03,4952cc,CS-TVL,Airbus A320,TAP Air Portugal,takeoff,depart,925,266.5,72.6,,14.58,,
2026-06-23,17:28:13,VLG35PE,EC-MAH,Airbus A320,Vueling,takeoff,depart,900,275.2,84.8,,26.57,,
2026-06-23,17:30:18,ASL17H,YU-APE,Airbus A319,Air Serbia,takeoff,depart,1700,316.1,64.2,,14.13,,
2026-06-23,17:32:28,RZO153,CS-TKP,Airbus A320,TAP Air Portugal,takeoff,depart,1125,277.2,89.5,,30.1,,
2026-06-23,17:35:09,EJU45WU,OE-LSV,Airbus A320neo,easyJet Europe,takeoff,depart,1450,271.7,74.6,,14.78,,
2026-06-23,17:40:33,4952b3,CS-TUS,Airbus A330-900neo,TAP Air Portugal,takeoff,depart,875,306.5,86.0,,20.21,,
2026-06-23,17:45:59,4952c8,CS-TVH,Airbus A320neo,TAP Air Portugal,takeoff,depart,900,266.5,79.9,,14.32,,
2026-06-23,17:48:48,46b823,SX-NAC,Airbus A321neo,Aegean Airlines,cruise,,800,0.0,84.1,,18.9,,
2026-06-23,17:52:03,4ba9e5,TC-JOE,Airbus A330-300,Turkish Airlines,takeoff,depart,1200,286.1,86.4,,28.26,,
2026-06-23,17:56:05,495038,CS-TAX,Embraer E195,TAP Air Portugal,cruise,,750,0.0,86.2,,22.94,,
2026-06-23,17:58:58,TAP029,CS-TOO,Airbus A330-200,TAP Air Portugal,takeoff,depart,1200,304.5,86.6,,35.93,,
2026-06-23,18:02:44,VLG2CU,EC-MXP,Airbus A320,Vueling,takeoff,depart,1650,286.9,84.0,,18.58,,
2026-06-23,18:06:24,495302,CS-TXB,Airbus A321neo,TAP Air Portugal,takeoff,depart,925,329.8,83.3,,18.28,,
2026-06-23,18:09:57,4d2246,9H-QEJ,Boeing 737-800,Malta Air,takeoff,depart,625,305.8,90.9,,38.67,,
2026-06-23,18:12:37,4d251b,9H-QEW,Boeing 737-800,Malta Air,takeoff,depart,825,304.7,88.4,,52.0,,
2026-06-23,18:15:15,LOT7KU,SP-LYI,Boeing 737 MAX 8,LOT Polish Airlines,takeoff,depart,1025,307.2,87.1,,27.19,,
2026-06-23,18:18:12,RYR420Z,9H-QDO,Boeing 737-800,Malta Air,takeoff,depart,1200,306.5,94.0,,44.36,,
2026-06-23,18:21:04,SAS2904,SE-ROR,Airbus A320neo,SAS Scandinavian,takeoff,depart,1375,289.8,73.7,,14.64,,
2026-06-23,18:23:44,RYR72ZY,EI-GXH,Boeing 737-800,Ryanair,takeoff,depart,1050,292.8,91.8,,42.3,,
2026-06-23,18:26:08,346195,EC-NBN,Airbus A330-200,TAP Air Portugal,takeoff,depart,850,317.1,89.3,,44.29,,
2026-06-23,18:34:20,347614,,,,takeoff,depart,1275,287.2,82.1,,17.68,,
2026-06-23,18:35:46,4952c2,CS-TVB,Airbus A320neo,TAP Air Portugal,takeoff,depart,800,272.4,74.1,,17.29,,
2026-06-23,18:44:02,3c54a4,D-AEED,Airbus A321,Eurowings,takeoff,depart,825,306.5,84.0,,17.96,,
2026-06-23,18:49:15,EJU65YE,OE-LSA,Airbus A320neo,easyJet Europe,takeoff,depart,875,280.4,73.1,,15.35,,
2026-06-23,18:52:32,502cc6,YL-CSA,C Series 300,Air Baltic,takeoff,depart,925,271.7,76.1,,15.12,,
2026-06-23,18:55:27,4d24e7,9H-SWC,Airbus A320,Eurowings,takeoff,depart,825,295.4,86.0,,28.69,,
2026-06-23,18:58:04,020092,CN-ROT,Boeing 737-800,Royal Air Maroc,takeoff,depart,975,290.9,85.7,,38.48,,
2026-06-23,19:00:34,3991e9,F-HEPJ,Airbus A320,Air France,takeoff,depart,850,290.6,86.7,,24.56,,
2026-06-23,19:06:30,440da5,OE-IDS,Airbus A320,easyJet Europe,takeoff,depart,850,303.7,83.1,,23.61,,
2026-06-23,19:09:20,4ca92b,EI-HAT,Boeing 737 MAX 8,Ryanair,takeoff,depart,1000,317.1,85.1,,20.1,,
2026-06-23,19:12:00,RYR385,EI-GXM,Boeing 737-800,Ryanair,takeoff,depart,875,311.5,92.4,,45.27,,
2026-06-23,19:17:52,TAP934,CS-TNV,Airbus A320,TAP Air Portugal,takeoff,depart,950,285.8,85.6,,27.62,,
2026-06-23,19:23:02,TVF15AN,F-GZHP,Boeing 737-800,Transavia France,takeoff,depart,700,314.7,91.9,,46.79,,
2026-06-23,19:25:29,4400dc,OE-IDT,Airbus A320,easyJet Europe,takeoff,depart,975,299.8,82.8,,27.41,,
2026-06-23,19:30:41,4952d1,CS-TVQ,Airbus A320neo,TAP Air Portugal,takeoff,depart,850,303.4,69.7,,15.4,,
2026-06-23,19:33:45,TAP38KJ,CS-TNL,Airbus A320,TAP Air Portugal,takeoff,depart,975,286.9,86.0,,23.47,,
2026-06-23,19:36:24,49514e,CS-TJN,Airbus A321neo,TAP Air Portugal,takeoff,depart,1200,308.2,80.9,,16.34,,
2026-06-23,19:41:26,4951ce,CS-TNN,Airbus A320,TAP Air Portugal,takeoff,depart,825,278.0,83.6,,25.44,,
2026-06-23,19:44:22,TAM8151,CC-BGV,Boeing 787-9,LATAM Airlines,takeoff,depart,675,356.3,89.6,,29.24,,
2026-06-23,19:46:57,BCS1LG,D-AEAT,A300 B4-622RF,DHL Air,takeoff,depart,1500,312.8,83.4,,24.07,,
2026-06-23,19:51:47,4867c3,PH-AXH,Airbus A321neo,KLM,takeoff,depart,750,293.0,83.3,,16.94,,
2026-06-23,19:54:50,SRR6645,OY-SRN,767 219ERBDSF,Star Air,takeoff,depart,1425,303.0,81.7,,21.18,,
2026-06-23,19:57:49,EJU17CM,OE-IDU,Airbus A320,easyJet Europe,takeoff,depart,900,298.0,84.8,,26.68,,
2026-06-23,20:00:10,4952cd,CS-TVM,Airbus A320neo,TAP Air Portugal,takeoff,depart,850,275.8,72.7,,15.87,,
2026-06-23,20:03:09,4952cf,CS-TVO,Airbus A320neo,TAP Air Portugal,takeoff,depart,925,260.8,71.2,,15.56,,
2026-06-23,20:13:57,0900f1,D2-TEK,Boeing 777-300ER,TAAG Angola Airlines,cruise,,1275,0.0,96.5,,53.62,,
2026-06-23,20:16:29,344648,EC-MDK,Airbus A320,Iberia,landing,arrivee,1225,277.2,92.4,,27.35,,
2026-06-23,20:19:35,4952c4,CS-TVD,Airbus A320neo,TAP Air Portugal,landing,arrivee,1300,293.7,86.7,,22.23,,
2026-06-23,20:29:43,49514a,CS-TJJ,Airbus A321neo,TAP Air Portugal,landing,arrivee,1250,271.3,88.5,,25.56,,
2026-06-23,20:37:51,4952c1,CS-TVA,Airbus A320neo,TAP Air Portugal,landing,arrivee,1300,284.8,90.2,,25.53,,
2026-06-23,20:40:28,4074b6,G-UZHF,Airbus A320neo,easyJet,landing,arrivee,1250,283.0,88.6,,29.31,,
2026-06-23,20:43:09,VLG14YF,EC-MES,Airbus A320,Vueling,landing,arrivee,1250,281.3,87.4,,17.73,,
2026-06-23,20:45:54,SILVR60,,,,landing,arrivee,1325,264.8,90.3,,32.82,,
2026-06-23,20:49:17,4cac20,EI-HGG,Boeing 737 MAX 8,Ryanair,landing,arrivee,1225,298.9,95.5,,26.37,,
2026-06-23,20:51:49,4951d5,CS-TNU,Airbus A320,TAP Air Portugal,cruise,,1275,0.0,91.9,,27.55,,
2026-06-23,20:54:26,096023,D4-CCI,Boeing 737-700,Cabo Verde Airlines,landing,arrivee,1200,254.8,93.8,,29.39,,
2026-06-23,21:07:08,49514f,CS-TJO,Airbus A321neo,TAP Air Portugal,landing,arrivee,1250,268.9,94.9,,23.29,,
2026-06-23,21:10:02,495037,CS-TAW,Embraer E195,TAP Air Portugal,landing,arrivee,1200,276.5,91.9,,29.37,,
2026-06-23,21:14:44,40768b,G-UZHW,Airbus A320neo,easyJet,landing,arrivee,1275,262.4,92.8,,20.3,,
2026-06-23,21:18:31,TAP1692,CS-TPT,Embraer E190,TAP Air Portugal,landing,arrivee,1200,258.9,93.6,,24.16,,
2026-06-23,21:20:52,495305,CS-TXE,Airbus A321neo,TAP Air Portugal,landing,arrivee,1275,277.2,92.1,,22.11,,
2026-06-23,21:24:21,495216,CS-TPV,Embraer E190,TAP Air Portugal,cruise,,1225,0.0,89.9,,20.87,,
2026-06-23,21:27:16,4ca84c,EI-EMD,Boeing 737-800,Ryanair,landing,arrivee,1250,306.5,98.0,,54.76,,
2026-06-23,21:29:54,4cad7a,EI-NSA,Airbus A320neo,Aer Lingus,landing,arrivee,1300,268.9,88.7,,22.99,,
2026-06-23,21:32:58,495038,CS-TAX,Embraer E195,TAP Air Portugal,landing,arrivee,1250,284.8,91.2,,27.27,,
2026-06-23,21:36:00,EJU32GK,OE-IBF,Airbus A320,easyJet Europe,landing,arrivee,1225,274.8,92.6,,35.01,,
2026-06-23,21:38:22,4951d8,CS-TNX,Airbus A320,TAP Air Portugal,landing,arrivee,1275,284.8,94.1,,31.57,,
2026-06-23,21:41:00,RYR8AT,EI-HGZ,Boeing 737 MAX 8,Ryanair,landing,arrivee,1250,318.2,92.2,,27.95,,
2026-06-23,21:43:52,495211,CS-TPQ,Embraer E190,TAP Air Portugal,landing,arrivee,1225,264.8,90.8,,24.92,,
2026-06-23,21:46:43,4caa5a,EI-EVV,Boeing 737-800,Ryanair,landing,arrivee,1225,311.3,95.0,,35.71,,
2026-06-23,21:49:42,4952cb,CS-TVK,Airbus A320neo,TAP Air Portugal,landing,arrivee,1250,277.2,92.4,,22.84,,
2026-06-23,21:53:33,3c65c3,D-AINC,Airbus A320neo,Lufthansa,landing,arrivee,1275,261.5,93.0,,22.81,,
2026-06-23,21:56:01,RYR20EE,EI-DPF,Boeing 737-800,Ryanair,landing,arrivee,1225,289.7,98.4,,34.67,,
2026-06-23,21:58:38,RYR9QJ,9H-QDS,Boeing 737-800,Malta Air,landing,arrivee,1225,307.1,96.6,,54.46,,
2026-06-23,22:00:30,495210,CS-TPP,Embraer E190,TAP Air Portugal,landing,arrivee,1200,250.0,90.4,,24.62,,
2026-06-23,22:02:14,4ca263,EI-DHG,Boeing 737-800,Ryanair,landing,arrivee,1325,279.3,96.2,,42.36,,
2026-06-23,22:05:09,RZO134,,,TAP Air Portugal,landing,arrivee,1275,264.8,93.7,,28.89,,
2026-06-23,22:06:36,AEE7PT,SX-NAH,Airbus A321neo,Aegean Airlines,landing,arrivee,1250,293.0,94.1,,29.12,,
2026-06-23,22:12:26,39d30b,F-HUYL,Boeing 737-800,Transavia France,landing,arrivee,1225,292.8,97.1,,35.39,,
2026-06-23,22:14:59,VJT467,9H-VCD,Challenger 350,VistaJet,landing,arrivee,1325,254.1,78.6,,14.18,,
2026-06-23,22:17:05,495153,CS-TJS,Airbus A321neo,TAP Air Portugal,landing,arrivee,1250,258.0,88.7,,20.02,,
2026-06-23,22:18:36,AFR64PQ,F-GKXS,Airbus A320,Air France,landing,arrivee,1175,270.8,91.5,,30.07,,
2026-06-23,22:20:23,4d2414,9H-EWB,Airbus A320,Eurowings,approach,arrivee,1275,0.0,93.4,,29.73,,
2026-06-23,22:22:54,4cad2b,EI-HEW,Boeing 737 MAX 8,Ryanair,landing,arrivee,1250,309.7,91.5,,28.75,,
2026-06-23,22:26:32,738058,4X-EKU,Boeing 737-800,El Al,landing,arrivee,1250,300.4,94.9,,34.42,,
2026-06-23,22:29:00,DLH64P,D-AIEE,Airbus A321neo,Lufthansa,landing,arrivee,1325,276.5,93.0,,33.69,,
2026-06-23,22:31:12,TAP837,CS-TJE,Airbus A321,TAP Air Portugal,landing,arrivee,1250,273.9,90.8,,26.99,,
2026-06-23,22:34:49,RYR384,EI-GXM,Boeing 737-800,Ryanair,landing,arrivee,1200,286.1,95.5,,40.3,,
2026-06-23,22:38:17,TAP64M,CS-TVH,Airbus A320neo,TAP Air Portugal,landing,arrivee,1150,260.8,88.7,,21.96,,
2026-06-23,22:40:34,4d2304,9H-VUF,Boeing 737 MAX 8,Malta Air,landing,arrivee,1300,287.6,95.0,,30.63,,
2026-06-23,22:43:14,TAP43RY,CS-TVL,Airbus A320,TAP Air Portugal,landing,arrivee,1250,244.8,85.6,,20.89,,
2026-06-23,22:45:52,440d6f,OE-LSR,Airbus A320,easyJet Europe,landing,arrivee,1250,278.9,90.6,,21.75,,
2026-06-23,22:48:16,4952d0,CS-TVP,Airbus A320neo,TAP Air Portugal,landing,arrivee,1225,271.3,91.4,,21.06,,
2026-06-23,22:50:38,EJU78QH,OE-IDX,Airbus A320,easyJet Europe,landing,arrivee,1200,277.2,91.1,,26.72,,
2026-06-23,22:53:03,3475c9,EC-OCT,Airbus A321,TAP Air Portugal,cruise,,1275,0.0,90.5,,26.45,,
2026-06-23,22:55:41,4951d2,CS-TNR,Airbus A320,TAP Air Portugal,landing,arrivee,1225,264.8,92.4,,28.6,,
2026-06-23,22:58:29,407b8e,G-TTNR,Airbus A320neo,British Airways,landing,arrivee,1225,247.2,90.3,,21.19,,
2026-06-23,23:00:55,4868f8,PH-AXR,Airbus A321neo,KLM,landing,arrivee,1425,287.2,90.1,,21.06,,
2026-06-23,23:03:57,495309,CS-TXI,Airbus A321neo,TAP Air Portugal,cruise,,1300,0.0,93.2,,19.85,,
2026-06-23,23:06:31,TAP555,CS-TNQ,Airbus A320,TAP Air Portugal,landing,arrivee,1275,274.8,93.3,,29.52,,
2026-06-23,23:08:12,495170,CS-TKP,Airbus A320,TAP Air Portugal,landing,arrivee,1250,273.2,95.6,,24.0,,
2026-06-23,23:10:01,4951ce,CS-TNN,Airbus A320,TAP Air Portugal,landing,arrivee,1250,264.8,94.0,,29.3,,
2026-06-23,23:12:27,3964e2,F-GZHC,Boeing 737-800,Transavia France,cruise,,1350,0.0,95.3,,32.09,,
2026-06-23,23:15:06,49526a,CS-TSJ,Airbus A321neo,TAP Air Portugal,landing,arrivee,1275,288.9,93.1,,21.53,,
2026-06-23,23:16:38,EJU15PC,OE-LSA,Airbus A320neo,easyJet Europe,landing,arrivee,1300,274.8,90.0,,21.68,,
2026-06-23,23:18:24,THY2ES,TC-LST,Airbus A321neo,Turkish Airlines,approach,arrivee,1300,0.0,89.9,,31.55,,
2026-06-23,23:20:23,4b1618,HB-IJO,Airbus A320,Swiss,landing,arrivee,1225,273.2,91.1,,25.96,,
2026-06-23,23:22:24,EJU32WQ,OE-LSP,Airbus A320,easyJet Europe,landing,arrivee,1275,278.9,91.6,,22.47,,
2026-06-23,23:24:03,4400dc,OE-IDT,Airbus A320,easyJet Europe,landing,arrivee,1275,268.9,90.0,,26.36,,
2026-06-23,23:25:44,4951ca,CS-TNJ,Airbus A320,TAP Air Portugal,approach,arrivee,2450,376.9,56.3,,12.46,,
2026-06-23,23:30:00,IBE0539,EC-MXY,Airbus A320neo,Iberia,landing,arrivee,1250,290.4,91.3,,30.42,,
2026-06-23,23:33:36,DLH23C,D-AILN,Airbus A319,Lufthansa,landing,arrivee,1250,273.9,92.2,,24.43,,
2026-06-23,23:39:10,440075,OE-LSV,Airbus A320neo,easyJet Europe,landing,arrivee,1250,280.6,89.7,,25.37,,
2026-06-23,23:44:28,4951cc,CS-TNL,Airbus A320,TAP Air Portugal,landing,arrivee,1275,288.2,92.2,,28.4,,
2026-06-23,23:47:24,EJU97HA,OE-IDS,Airbus A320,easyJet Europe,landing,arrivee,1300,288.9,89.0,,26.74,,
2026-06-23,23:49:42,4d2246,9H-QEJ,Boeing 737-800,Malta Air,cruise,,1275,0.0,94.8,,32.86,,
2026-06-23,23:52:18,440daf,OE-IDU,Airbus A320,easyJet Europe,landing,arrivee,1275,270.8,93.0,,32.76,,
2026-06-24,00:04:50,495149,CS-TJI,Airbus A321neo,TAP Air Portugal,landing,arrivee,1250,261.5,89.5,,25.84,,
2026-06-24,00:21:07,TAP76EN,CS-TVN,Airbus A320neo,TAP Air Portugal,approach,arrivee,2400,337.2,56.2,,12.38,,
2026-06-24,01:38:05,RZO128,CS-TKQ,Airbus A320,TAP Air Portugal,landing,arrivee,1275,252.4,92.4,,26.39,,
2026-06-24,01:41:19,495215,CS-TPU,Embraer E190,TAP Air Portugal,landing,arrivee,1250,234.8,94.2,,32.71,,
2026-06-24,05:08:39,KLM44L,PH-AXR,Airbus A321neo,KLM,takeoff,depart,725,288.5,82.0,,15.62,,
2026-06-24,05:16:33,DLH72K,D-AINC,Airbus A320neo,Lufthansa,takeoff,depart,900,284.1,78.0,,16.17,,
2026-06-24,05:35:05,392af2,F-GKXS,Airbus A320,Air France,takeoff,depart,850,284.8,85.2,,26.57,,
2026-06-24,06:01:01,4d2304,9H-VUF,Boeing 737 MAX 8,Malta Air,takeoff,depart,725,297.8,87.3,,18.82,,
2026-06-24,06:04:17,RYR4SZ,9H-QEJ,Boeing 737-800,Malta Air,takeoff,depart,650,290.9,87.4,,34.32,,
2026-06-24,06:07:47,THY6ER,TC-LST,Airbus A321neo,Turkish Airlines,takeoff,depart,875,289.7,84.0,,19.03,,
2026-06-24,06:10:37,495213,CS-TPS,Embraer E190,TAP Air Portugal,takeoff,depart,700,274.1,86.0,,28.38,,
2026-06-24,06:18:14,SWR2083,HB-IJO,Airbus A320,Swiss,takeoff,depart,750,286.9,88.1,,44.97,,
2026-06-24,06:23:54,EJU17CM,OE-IDT,Airbus A320,easyJet Europe,takeoff,depart,975,288.0,82.6,,26.92,,
2026-06-24,06:28:46,TAP830,CS-TVN,Airbus A320neo,TAP Air Portugal,takeoff,depart,925,271.3,71.7,,14.19,,
2026-06-24,06:31:35,440cc1,OE-LSP,Airbus A320,easyJet Europe,takeoff,depart,800,285.6,72.6,,15.33,,
2026-06-24,06:34:21,DLH06E,D-AIEE,Airbus A321neo,Lufthansa,takeoff,depart,850,285.4,84.6,,16.67,,
2026-06-24,06:37:00,RYR088,EI-GXM,Boeing 737-800,Ryanair,takeoff,depart,700,309.5,89.1,,51.17,,
2026-06-24,06:46:21,TVF77CD,F-GZHC,Boeing 737-800,Transavia France,takeoff,depart,650,300.6,89.7,,49.26,,
2026-06-24,06:50:23,440075,OE-LSV,Airbus A320neo,easyJet Europe,takeoff,depart,875,290.6,80.3,,16.03,,
2026-06-24,06:52:56,4951d3,CS-TNS,Airbus A320,TAP Air Portugal,takeoff,depart,775,277.2,84.0,,27.94,,
2026-06-24,06:56:14,IBE05WK,EC-MXY,Airbus A320neo,Iberia,takeoff,depart,950,275.8,73.3,,13.63,,
2026-06-24,06:58:28,DLH99Y,D-AILN,Airbus A319,Lufthansa,takeoff,depart,1150,292.1,85.0,,27.92,,
2026-06-24,07:05:41,SWT130,EC-MAF,ATR 72 500F,Swiftair,takeoff,depart,850,212.8,80.8,,12.55,,
2026-06-24,07:19:57,440db0,OE-IDX,Airbus A320,easyJet Europe,takeoff,depart,900,288.9,84.5,,27.29,,
2026-06-24,07:26:38,TAP86PZ,CS-TJE,Airbus A321,TAP Air Portugal,takeoff,depart,1250,325.8,84.1,,24.89,,
2026-06-24,07:28:22,RYR7UY,9H-QCO,Boeing 737-800,Malta Air,takeoff,depart,1400,304.8,89.9,,40.39,,
2026-06-24,07:32:02,4951d1,CS-TNQ,Airbus A320,TAP Air Portugal,takeoff,depart,725,280.6,82.2,,27.01,,
2026-06-24,07:34:45,TAP13J,CS-TPX,Embraer E190,TAP Air Portugal,takeoff,depart,775,299.7,83.6,,24.97,,
2026-06-24,07:39:30,4952cc,CS-TVL,Airbus A320,TAP Air Portugal,takeoff,depart,700,269.3,72.3,,15.32,,
2026-06-24,07:41:24,TAP1310,CS-TPR,Embraer E190,TAP Air Portugal,takeoff,depart,1725,292.2,66.2,,14.28,,
2026-06-24,07:51:20,34538e,EC-MPG,Boeing 737-800,Air Europa,takeoff,depart,725,298.0,88.9,,46.55,,
2026-06-24,07:55:31,4951cc,CS-TNL,Airbus A320,TAP Air Portugal,takeoff,depart,975,263.4,83.0,,27.75,,
2026-06-24,07:59:09,4951ce,CS-TNN,Airbus A320,TAP Air Portugal,takeoff,depart,900,278.9,82.0,,21.21,,
2026-06-24,08:02:32,4951d2,CS-TNR,Airbus A320,TAP Air Portugal,takeoff,depart,1050,293.0,80.5,,21.66,,
2026-06-24,08:05:17,495170,CS-TKP,Airbus A320,TAP Air Portugal,takeoff,depart,675,278.9,87.3,,37.59,,
2026-06-24,08:07:55,4952c1,CS-TVA,Airbus A320neo,TAP Air Portugal,takeoff,depart,975,265.8,82.5,,15.12,,
2026-06-24,08:11:03,4952c8,CS-TVH,Airbus A320neo,TAP Air Portugal,takeoff,depart,750,260.4,80.2,,13.9,,
2026-06-24,08:12:58,4951d8,CS-TNX,Airbus A320,TAP Air Portugal,takeoff,depart,1400,272.1,85.3,,25.25,,
2026-06-24,08:17:06,TAP1150,CS-TAY,Embraer E195,TAP Air Portugal,takeoff,depart,850,284.5,84.2,,29.34,,
2026-06-24,08:23:45,TAP30BC,CS-TJJ,Airbus A321neo,TAP Air Portugal,takeoff,depart,950,308.9,88.4,,15.2,,
2026-06-24,08:26:49,TAP1240,CS-TJF,Airbus A321,TAP Air Portugal,takeoff,depart,800,306.5,93.8,,71.54,,
2026-06-24,08:29:55,4952d0,CS-TVP,Airbus A320neo,TAP Air Portugal,takeoff,depart,775,262.2,70.1,,14.14,,
2026-06-24,08:32:41,49514b,CS-TJK,Airbus A321neo,TAP Air Portugal,takeoff,depart,875,289.3,81.4,,19.6,,
2026-06-24,08:36:14,TSC681,C-GTSJ,Airbus A330-200,Air Transat,takeoff,depart,850,299.8,84.2,,25.22,,
2026-06-24,08:39:32,TAP70VE,CS-TJO,Airbus A321neo,TAP Air Portugal,takeoff,depart,1350,300.2,72.9,,13.59,,
2026-06-24,08:46:50,4952cd,CS-TVM,Airbus A320neo,TAP Air Portugal,takeoff,depart,825,268.2,80.8,,13.87,,
2026-06-24,08:49:08,495038,CS-TAX,Embraer E195,TAP Air Portugal,takeoff,depart,675,289.7,85.3,,21.83,,
2026-06-24,08:53:42,TAP6MS,CS-TXC,Airbus A321neo,TAP Air Portugal,takeoff,depart,950,293.4,83.5,,18.05,,
2026-06-24,08:56:54,495290,CS-TTP,Airbus A319,TAP Air Portugal,takeoff,depart,650,288.9,84.9,,26.04,,
2026-06-24,08:59:21,49514c,CS-TJL,Airbus A321neo,TAP Air Portugal,takeoff,depart,850,290.4,78.9,,15.53,,
2026-06-24,09:01:55,TAP400,CS-TPO,Embraer E190,TAP Air Portugal,takeoff,depart,700,288.2,84.4,,25.31,,
2026-06-24,09:05:02,495171,CS-TKQ,Airbus A320,TAP Air Portugal,takeoff,depart,850,282.4,89.0,,40.98,,
2026-06-24,09:08:09,4952c6,CS-TVF,Airbus A320neo,TAP Air Portugal,takeoff,depart,875,261.7,75.0,,16.04,,
2026-06-24,09:10:12,TAP1452,CS-TNJ,Airbus A320,TAP Air Portugal,takeoff,depart,1700,301.7,68.9,,13.42,,
2026-06-24,09:13:15,TAP70YS,CS-TPP,Embraer E190,TAP Air Portugal,takeoff,depart,825,285.8,87.8,,27.12,,
2026-06-24,09:17:50,3423c3,EC-JQZ,Airbus A321,Iberia,takeoff,depart,900,276.9,88.0,,43.97,,
2026-06-24,09:23:01,495216,CS-TPV,Embraer E190,TAP Air Portugal,takeoff,depart,700,286.1,86.4,,27.91,,
2026-06-24,09:26:13,495211,CS-TPQ,Embraer E190,TAP Air Portugal,takeoff,depart,850,263.9,83.3,,35.72,,
2026-06-24,09:28:46,TAP552N,CS-TNU,Airbus A320,TAP Air Portugal,cruise,,2475,400.6,88.2,,32.74,,
2026-06-24,09:35:19,DTA651,D2-TEG,Boeing 777-300ER,TAAG Angola Airlines,takeoff,depart,875,372.4,92.5,,40.52,,
2026-06-24,09:39:32,TAP1541,CS-TVR,Airbus A320neo,TAP Air Portugal,takeoff,depart,1050,280.2,80.2,,22.71,,
2026-06-24,09:42:01,TAP1735,CS-TAW,Embraer E195,TAP Air Portugal,takeoff,depart,650,289.3,89.3,,33.86,,
2026-06-24,09:45:10,4cad2b,EI-HEW,Boeing 737 MAX 8,Ryanair,takeoff,depart,575,309.8,85.4,,24.24,,
2026-06-24,09:49:38,4952b0,CS-TUP,Airbus A330-900neo,TAP Air Portugal,takeoff,depart,750,323.2,86.0,,25.53,,
2026-06-24,09:53:06,RYR7WW,EI-ILL,Boeing 737 MAX 8,Ryanair,takeoff,depart,875,304.3,85.8,,20.86,,
2026-06-24,09:55:31,4952cf,CS-TVO,Airbus A320neo,TAP Air Portugal,takeoff,depart,800,266.3,73.4,,13.71,,
2026-06-24,09:59:13,EWG16F,D-AIDT,Airbus A321,Eurowings,takeoff,depart,925,315.4,91.2,,54.91,,
2026-06-24,10:05:43,39348e,F-GNEO,Airbus A320neo,Avolon Leasing Ireland 3 Limited,takeoff,depart,725,279.7,71.8,,13.51,,
2026-06-24,10:09:23,4d2246,9H-QEJ,Boeing 737-800,Malta Air,cruise,,700,0.0,90.9,,50.28,,
2026-06-24,10:12:01,48520c,PH-HXD,Boeing 737-800,Transavia,takeoff,depart,575,302.1,91.5,,36.87,,
2026-06-24,10:15:11,4952b1,CS-TUQ,Airbus A330-900neo,TAP Air Portugal,takeoff,depart,725,322.1,85.3,,22.44,,
2026-06-24,10:22:00,EWG3GH,D-AENI,Airbus A320neo,Eurowings,takeoff,depart,1175,285.0,74.2,,14.72,,
2026-06-24,10:25:01,TAP1687,CS-TXE,Airbus A321neo,TAP Air Portugal,takeoff,depart,1175,300.4,73.5,,15.96,,
2026-06-24,10:28:09,TAP051,CS-TXD,Airbus A321neo,TAP Air Portugal,takeoff,depart,1175,318.9,82.6,,17.39,,
2026-06-24,10:31:22,TAP52TP,CS-TVG,Airbus A320neo,TAP Air Portugal,takeoff,depart,1125,271.3,74.6,,16.3,,
2026-06-24,10:33:34,49530b,CS-TXK,Airbus A321,TAP Air Portugal,takeoff,depart,1125,325.8,83.0,,15.79,,
2026-06-24,10:39:08,RYR88AA,EI-IHP,Boeing 737 MAX 8,Ryanair,takeoff,depart,1150,308.2,88.1,,26.8,,
2026-06-24,10:41:05,TRA46G,PH-HXJ,Boeing 737-800,Transavia,takeoff,depart,1850,351.1,62.2,,12.74,,
2026-06-24,10:49:01,DAL273,N416DX,Airbus A330-900neo,Delta Air Lines,takeoff,depart,1150,303.4,84.6,,25.8,,
2026-06-24,10:52:21,UAL65,N13013,Boeing 787-10,United Airlines,takeoff,depart,1850,351.1,85.1,,19.04,,
2026-06-24,10:54:26,TAP22MI,CS-TUM,Airbus A330-900neo,TAP Air Portugal,takeoff,depart,1725,364.5,57.8,,12.67,,
2026-06-24,10:56:54,EZY39RZ,G-EZFV,Airbus A319,easyJet,takeoff,depart,1100,284.5,88.5,,26.09,,
2026-06-24,10:59:03,RYR22RD,EI-GXL,Boeing 737-800,Ryanair,takeoff,depart,1100,303.4,90.2,,39.43,,
2026-06-24,11:04:47,THY8FT,TC-LSC,Airbus A321neo,Turkish Airlines,takeoff,depart,1100,296.5,87.8,,21.65,,
2026-06-24,11:08:09,TAP103,CS-TUL,Airbus A330-900neo,TAP Air Portugal,takeoff,depart,1125,313.9,86.9,,24.36,,
2026-06-24,11:11:20,RYR5HE,9H-QDL,Boeing 737-800,Malta Air,takeoff,depart,1100,312.4,94.3,,46.17,,
2026-06-24,11:13:33,EJU57QA,OE-IDS,Airbus A320,easyJet Europe,takeoff,depart,1100,299.7,85.5,,25.2,,
2026-06-24,11:16:52,49530a,CS-TXJ,Airbus A321neo,TAP Air Portugal,takeoff,depart,1175,324.3,82.4,,20.62,,
2026-06-24,11:24:40,TAM8147,PT-MUG,Boeing 777-300ER,LATAM Airlines,takeoff,depart,1125,365.2,91.5,,38.08,,
2026-06-24,11:27:35,AAL259,N841AN,Boeing 787-9,American Airlines,takeoff,depart,1100,337.1,91.0,,23.51,,
2026-06-24,11:30:26,4952a3,CS-TUC,Airbus A330-900neo,TAP Air Portugal,takeoff,depart,1150,303.4,84.6,,20.61,,
2026-06-24,11:35:44,440d42,OE-GLB,PC24,,takeoff,depart,1625,262.4,80.8,,23.27,,
2026-06-24,11:39:03,BAW501,G-TTSI,Airbus A320neo,British Airways,takeoff,depart,1100,270.4,73.3,,17.28,,
2026-06-24,11:42:55,46b8b2,SX-NER,Airbus A320neo,Aegean Airlines,takeoff,depart,1200,277.2,82.5,,39.81,,
2026-06-24,11:45:35,TAP1032,CS-TVB,Airbus A320neo,TAP Air Portugal,takeoff,depart,1150,261.7,84.5,,19.57,,
2026-06-24,11:47:59,RYR9FG,SP-RZT,Boeing 737 MAX 8,Buzz,takeoff,depart,1125,311.3,90.1,,22.6,,
2026-06-24,11:50:50,49514e,CS-TJN,Airbus A321neo,TAP Air Portugal,takeoff,depart,1175,304.3,82.5,,19.61,,
2026-06-24,11:53:46,AEA41RG,EC-MUZ,Boeing 737-800,Air Europa,takeoff,depart,1100,304.1,91.7,,34.82,,
2026-06-24,11:56:37,TAP89WT,CS-TUO,Airbus A330-900neo,TAP Air Portugal,takeoff,depart,1900,404.5,58.5,,14.5,,
2026-06-24,11:59:01,TAP1861,CS-TVD,Airbus A320neo,TAP Air Portugal,takeoff,depart,1100,268.7,80.8,,15.8,,
2026-06-24,12:02:30,RYR990N,EI-GXM,Boeing 737-800,Ryanair,takeoff,depart,1100,294.5,92.4,,42.97,,
2026-06-24,12:11:04,TAP532B,CS-TJR,Airbus A321neo,TAP Air Portugal,takeoff,depart,1150,311.0,82.3,,20.97,,
2026-06-24,12:13:01,LGL3752,LX-LGV,Boeing 737-800,Luxair,takeoff,depart,1825,320.2,68.6,,20.84,,
2026-06-24,12:14:44,ACA813,C-GHKX,Airbus A330-300,Air Canada,takeoff,depart,1350,297.8,92.8,,40.57,,
2026-06-24,12:17:44,EJU45CG,OE-IDX,Airbus A320,easyJet Europe,takeoff,depart,1125,290.9,85.7,,24.03,,
2026-06-24,12:20:27,VLG3647,EC-NCF,Airbus A320neo,Vueling,takeoff,depart,1150,268.5,83.3,,16.36,,
2026-06-24,12:22:17,TAP1206,CS-TJS,Airbus A321neo,TAP Air Portugal,takeoff,depart,1975,338.4,59.8,,14.66,,
2026-06-24,12:28:35,TAP1136,CS-TPZ,Embraer E190,TAP Air Portugal,takeoff,depart,1150,270.4,86.0,,26.46,,
2026-06-24,12:37:10,AFR31PQ,F-HZUT,A220-300,Air France,takeoff,depart,1100,268.2,83.3,,14.99,,
2026-06-24,12:39:53,aa441c,N76010,Boeing 777-200,United Airlines,takeoff,depart,1175,317.1,91.8,,24.31,,
2026-06-24,12:43:36,TAP201,CS-TXB,Airbus A321neo,TAP Air Portugal,takeoff,depart,1150,321.5,82.9,,16.79,,
2026-06-24,12:45:59,TAP217C,CS-TXL,Airbus A321neo,TAP Air Portugal,takeoff,depart,1525,316.3,83.2,,16.48,,
2026-06-24,12:48:34,KLM74L,PH-AXF,Airbus A321neo,KLM,takeoff,depart,1000,300.9,83.2,,19.39,,
2026-06-24,12:51:21,495309,CS-TXI,Airbus A321neo,TAP Air Portugal,takeoff,depart,1000,324.5,84.8,,18.99,,
2026-06-24,12:54:17,TAP43TR,CS-TVK,Airbus A320neo,TAP Air Portugal,takeoff,depart,1050,269.3,85.2,,18.4,,
2026-06-24,12:57:30,RZO123,CS-TSM,Airbus A320,TAP Air Portugal,takeoff,depart,1000,261.7,76.0,,18.04,,
2026-06-24,13:00:10,44cc46,OO-SBF,Airbus A320neo,Brussels Airlines,takeoff,depart,1000,264.5,84.1,,14.77,,
2026-06-24,13:05:22,TAP2HM,CS-TVC,Airbus A320neo,TAP Air Portugal,takeoff,depart,1075,270.0,81.1,,18.93,,
2026-06-24,13:08:17,DAL125,N428DX,Airbus A330-900neo,Delta Air Lines,takeoff,depart,1200,286.5,88.4,,20.9,,
2026-06-24,13:10:54,4952b3,CS-TUS,Airbus A330-900neo,TAP Air Portugal,takeoff,depart,1175,303.0,87.9,,23.99,,
2026-06-24,13:13:57,TAP670,CS-TJP,Airbus A321neo,TAP Air Portugal,takeoff,depart,1825,317.8,71.2,,16.11,,
2026-06-24,13:16:20,EJU65YE,OE-IBF,Airbus A320,easyJet Europe,takeoff,depart,1200,277.6,87.5,,20.72,,
2026-06-24,13:19:35,3c64af,D-AIEO,Airbus A321neo,Lufthansa,takeoff,depart,1025,301.7,82.0,,16.94,,
2026-06-24,13:22:00,4952c9,CS-TVI,Airbus A320neo,TAP Air Portugal,takeoff,depart,1025,258.9,81.5,,39.12,,
2026-06-24,13:24:39,TAP764,CS-TVQ,Airbus A320neo,TAP Air Portugal,takeoff,depart,1075,258.4,72.8,,14.68,,
2026-06-24,13:27:04,RYR617R,9H-VUF,Boeing 737 MAX 8,Malta Air,takeoff,depart,1000,311.7,88.6,,24.88,,
2026-06-24,13:30:01,TAP14NC,CS-TVH,Airbus A320neo,TAP Air Portugal,takeoff,depart,1000,267.6,78.2,,15.59,,
2026-06-24,13:33:03,EJU71UT,OE-IDT,Airbus A320,easyJet Europe,takeoff,depart,1000,297.2,86.2,,21.53,,
2026-06-24,13:35:44,ACA811,C-FIVQ,Boeing 777-300ER,Air Canada,takeoff,depart,1025,341.9,91.4,,29.82,,
2026-06-24,13:40:42,EWG58E,9H-EWC,Airbus A320,Eurowings,takeoff,depart,1000,282.6,91.9,,35.04,,
2026-06-24,13:43:12,IIBE05PL,EC-LRG,Airbus A320,Iberia,takeoff,depart,1025,286.9,89.7,,27.85,,
2026-06-24,13:46:17,TAP089,CS-TUA,Airbus A330-900neo,TAP Air Portugal,takeoff,depart,1025,305.0,86.3,,21.49,,
2026-06-24,13:51:59,4951d3,CS-TNS,Airbus A320,TAP Air Portugal,cruise,,725,0.0,88.4,,29.11,,
2026-06-24,13:54:48,AZU8901,CS-TSW,Boeing 777-200,Azul,takeoff,depart,1200,326.0,93.3,,33.32,,
2026-06-24,13:57:32,4952cf,CS-TVO,Airbus A320neo,TAP Air Portugal,takeoff,depart,1025,258.9,73.4,,16.43,,
2026-06-24,14:00:31,407f65,G-EJCF,Airbus A320,easyJet,takeoff,depart,1075,278.9,89.4,,33.72,,
2026-06-24,14:03:11,LOT7KU,SP-LVF,Boeing 737 MAX 8,LOT Polish Airlines,takeoff,depart,1000,304.8,88.0,,23.45,,
2026-06-24,14:05:58,EJU54WH,OE-LSR,Airbus A320,easyJet Europe,takeoff,depart,1550,288.9,86.9,,15.61,,
2026-06-24,14:08:55,TAP932,CS-TJI,Airbus A321neo,TAP Air Portugal,takeoff,depart,1075,291.7,84.2,,21.7,,
2026-06-24,14:12:32,EZY72NL,G-UZHI,Airbus A320neo,easyJet,takeoff,depart,1025,276.5,77.7,,16.29,,
2026-06-24,14:15:02,TAP1142,CS-TPS,Embraer E190,TAP Air Portugal,takeoff,depart,1075,265.6,84.3,,22.02,,
2026-06-24,14:18:21,4951f0,CS-TOP,Airbus A330-200,TAP Air Portugal,takeoff,depart,1025,309.7,92.6,,35.89,,
2026-06-24,14:21:01,34538d,EC-MQL,Airbus A321,Vueling,cruise,,825,0.0,90.3,,34.24,,
2026-06-24,14:23:58,TAP824,CS-TTS,Airbus A319,TAP Air Portugal,takeoff,depart,1000,280.0,85.1,,28.42,,
2026-06-24,14:26:42,RZO125,CS-TSH,Airbus A321neo,Azores Airlines,takeoff,depart,1025,274.8,84.0,,18.48,,
2026-06-24,14:29:13,TVF16BU,F-HXSF,Airbus A320neo,Transavia France,takeoff,depart,1025,261.5,71.3,,15.95,,
2026-06-24,14:32:11,TAP42LV,CS-TNV,Airbus A320,TAP Air Portugal,takeoff,depart,1050,280.0,87.9,,28.76,,
2026-06-24,14:34:59,EJU86ZG,OE-IVU,Airbus A320,easyJet Europe,takeoff,depart,1000,294.8,87.1,,26.4,,
2026-06-24,14:37:28,EJU7585,OE-LSP,Airbus A320,easyJet Europe,takeoff,depart,1025,287.2,72.9,,17.7,,
2026-06-24,14:39:40,OBS835,CS-TCF,Airbus A330-900neo,TAP Air Portugal,takeoff,depart,1750,299.3,73.8,,18.24,,
2026-06-24,14:46:56,TAP1034,CS-TAX,Embraer E195,TAP Air Portugal,takeoff,depart,1050,285.0,87.9,,24.43,,
2026-06-24,14:49:49,EJU62BF,OE-LQQ,Airbus A319,easyJet Europe,takeoff,depart,1000,278.4,84.9,,25.35,,
2026-06-24,14:52:17,TVF76UF,F-HTVK,Boeing 737-800,Transavia France,takeoff,depart,1025,300.9,94.6,,41.19,,
2026-06-24,14:55:32,DLH01A,D-AIEJ,Airbus A321neo,Lufthansa,takeoff,depart,1000,291.3,88.4,,20.41,,
2026-06-24,14:57:57,RYR31TE,9H-QFN,Boeing 737-800,Malta Air,takeoff,depart,1000,298.5,95.8,,48.38,,
2026-06-24,15:00:45,TAP86VR,CS-TNJ,Airbus A320,TAP Air Portugal,takeoff,depart,1000,279.3,93.4,,32.62,,
2026-06-24,15:03:35,TAP72LP,CS-TNR,Airbus A320,TAP Air Portugal,takeoff,depart,1000,281.3,88.9,,30.26,,
2026-06-24,15:05:45,SWR8YB,HB-JCI,C Series 300,Swiss,takeoff,depart,1525,259.7,69.2,,16.31,,
2026-06-24,15:07:26,4952ce,CS-TVN,Airbus A320neo,TAP Air Portugal,takeoff,depart,1075,258.5,74.1,,16.21,,
2026-06-24,15:10:56,495039,CS-TAY,Embraer E195,TAP Air Portugal,takeoff,depart,1000,275.6,85.8,,26.98,,
2026-06-24,15:14:35,UAE192,A6-EPU,Boeing 777-300ER,Emirates,takeoff,depart,2850,319.5,60.5,,14.68,,
2026-06-24,15:18:16,TAP492,CS-TAW,Embraer E195,TAP Air Portugal,takeoff,depart,1000,280.2,88.4,,27.83,,
2026-06-24,15:22:05,TAP1438,CS-TPT,Embraer E190,TAP Air Portugal,takeoff,depart,1275,267.8,86.7,,25.79,,
2026-06-24,15:26:52,TAP50Y,CS-TVL,Airbus A320,TAP Air Portugal,takeoff,depart,1075,267.2,79.9,,15.74,,
2026-06-24,15:30:36,RZO153,CS-TKP,Airbus A320,TAP Air Portugal,takeoff,depart,1000,274.8,88.7,,26.21,,
2026-06-24,15:33:17,TAP826,CS-TJJ,Airbus A321neo,TAP Air Portugal,takeoff,depart,1000,283.7,80.8,,16.52,,
2026-06-24,15:36:07,WPT4159,EC-OND,Airbus A330-300,,takeoff,depart,1050,311.1,95.8,,31.8,,
2026-06-24,15:39:22,RYR4CU,EI-EVJ,Boeing 737-800,Ryanair,takeoff,depart,1000,304.1,90.9,,50.81,,
2026-06-24,15:41:47,49514b,CS-TJK,Airbus A321neo,TAP Air Portugal,takeoff,depart,1300,288.9,84.5,,24.31,,
2026-06-24,15:44:46,BAW59Z,G-TTSG,Airbus A320neo,British Airways,takeoff,depart,1025,265.6,74.6,,16.68,,
2026-06-24,15:47:28,RYR693D,EI-DYR,Boeing 737-800,Ryanair,takeoff,depart,1050,297.8,93.0,,40.45,,
2026-06-24,15:50:45,TAP554M,CS-TNQ,Airbus A320,TAP Air Portugal,takeoff,depart,1150,283.7,84.2,,24.26,,
2026-06-24,15:52:58,TAP1124,CS-TPQ,Embraer E190,TAP Air Portugal,takeoff,depart,1250,270.4,85.6,,25.99,,
2026-06-24,15:56:05,TAP436,CS-TNX,Airbus A320,TAP Air Portugal,takeoff,depart,1050,266.1,85.4,,24.95,,
2026-06-24,15:59:06,4952c1,CS-TVA,Airbus A320neo,TAP Air Portugal,takeoff,depart,1050,261.7,72.9,,15.86,,
2026-06-24,16:02:12,EZY35AB,G-EZGR,Airbus A319,easyJet,takeoff,depart,1150,278.0,86.6,,25.84,,
2026-06-24,16:05:32,3991e3,F-HEPD,Airbus A320,Air France,takeoff,depart,1000,278.7,82.8,,25.49,,
2026-06-24,16:08:36,KLM80Z,PH-AXP,Airbus A321neo,KLM,takeoff,depart,1000,295.9,81.5,,18.93,,
2026-06-24,16:12:25,WMT6420,HA-LXL,Airbus A321,SAS Scandinavian,takeoff,depart,1000,304.1,93.2,,51.83,,
2026-06-24,16:15:33,LX2085,HB-JPC,Airbus A321,Swiss,takeoff,depart,1100,315.4,88.9,,19.02,,
2026-06-24,16:18:24,AZU8751,CS-TSV,767 34PER,Azul,takeoff,depart,1100,341.9,95.9,,87.15,,
2026-06-24,16:22:40,EJU43QE,OE-IDU,Airbus A320,easyJet Europe,climb,depart,2375,375.6,65.0,,15.7,,
2026-06-24,16:24:40,TCV607,D4-CCI,Boeing 737-700,Cabo Verde Airlines,takeoff,depart,1025,296.5,92.5,,44.72,,
2026-06-24,16:27:47,RYR1LX,9H-QEJ,Boeing 737-800,Malta Air,climb,depart,3150,392.3,66.0,,17.6,,
2026-06-24,16:29:47,TAP1930,CS-TXG,Airbus A321neo,TAP Air Portugal,takeoff,depart,1025,266.5,74.3,,19.99,,
2026-06-24,16:33:17,EJU68GB,OE-IDS,Airbus A320,easyJet Europe,takeoff,depart,1075,279.5,84.2,,22.12,,
2026-06-24,16:35:33,TAP44BR,CS-TNL,Airbus A320,TAP Air Portugal,takeoff,depart,1550,286.9,92.6,,254.16,,
2026-06-24,16:38:24,AEA67QW,EC-NZR,Boeing 737-800,Air Europa,takeoff,depart,1000,296.1,89.3,,34.91,,
2026-06-24,16:45:36,TAP1036,CS-TTZ,Embraer E195,TAP Air Portugal,takeoff,depart,1150,265.8,85.0,,82.48,,
2026-06-24,16:49:22,TAP3960,CS-TPP,Embraer E190,TAP Air Portugal,takeoff,depart,1000,258.5,85.2,,23.41,,
2026-06-24,16:52:54,4075fd,G-TTNH,Airbus A320neo,British Airways,takeoff,depart,1025,259.7,84.2,,18.4,,
2026-06-24,16:55:42,TAP1905,CS-TPO,Embraer E190,TAP Air Portugal,takeoff,depart,1000,275.8,86.2,,230.44,,
2026-06-24,17:01:51,TAP13HL,CS-TVF,Airbus A320neo,TAP Air Portugal,takeoff,depart,1225,263.4,86.5,,20.43,,
2026-06-24,17:07:51,9HGME,,,,approach,arrivee,850,171.7,73.6,,23.78,,
2026-06-24,17:10:25,RYR1887,EI-HGR,Boeing 737 MAX 8,Ryanair,takeoff,depart,1075,294.8,88.3,,29.29,,
2026-06-24,17:12:47,THY1DB,TC-LTL,Airbus A321neo,Turkish Airlines,takeoff,depart,1500,306.1,88.1,,25.86,,
2026-06-24,17:15:35,EJU15RE,OE-LSA,Airbus A320neo,easyJet Europe,takeoff,depart,1625,300.6,87.0,,18.0,,
2026-06-24,17:18:45,3c6545,D-AIJE,Airbus A320neo,Lufthansa,takeoff,depart,1150,273.4,88.5,,19.48,,
2026-06-24,17:21:53,TAP91SR,CS-TNY,Airbus A320,TAP Air Portugal,takeoff,depart,1125,277.2,86.8,,31.92,,
2026-06-24,17:24:24,TAP1018,CS-TTP,Airbus A319,TAP Air Portugal,takeoff,depart,2825,342.2,88.6,,18.78,,
2026-06-24,17:26:23,EZY75QC,G-EZPX,Airbus A320,easyJet,takeoff,depart,1050,288.7,94.3,,28.77,,
2026-06-24,17:29:36,IBE0534,EC-KHM,Airbus A319,Iberia,takeoff,depart,1000,265.4,98.2,,102.33,,
2026-06-24,17:32:10,461fa5,OH-LZP,Airbus A321,Finnair,cruise,,525,0.0,92.3,,60.88,,
2026-06-24,17:34:58,TAP083,CS-TUG,Airbus A330-900neo,TAP Air Portugal,takeoff,depart,1000,308.2,88.1,,25.51,,
2026-06-24,17:40:16,EJU45WU,OE-LSV,Airbus A320neo,easyJet Europe,takeoff,depart,1350,278.2,83.0,,19.39,,
2026-06-24,17:43:55,RYR2GC,SP-RZC,Boeing 737 MAX 8,Ryanair,takeoff,depart,1000,304.3,87.7,,24.69,,
2026-06-24,17:46:18,RYR3628,EI-DYE,Boeing 737-800,Ryanair,takeoff,depart,2375,364.8,88.9,,38.15,,
2026-06-24,17:48:42,EWG66L,9H-GKK,Airbus A320,Eurowings,takeoff,depart,2925,423.4,91.4,,22.92,,
2026-06-24,17:50:04,TAP209K,CS-TUI,Airbus A330-900neo,TAP Air Portugal,takeoff,depart,1750,326.9,76.2,,19.72,,
2026-06-24,17:57:57,346355,EC-NIY,Airbus A320neo,Vueling,takeoff,depart,1000,269.7,80.3,,20.21,,
2026-06-24,18:00:01,9HGME,,,,cruise,,550,35.4,66.6,,26.98,,
2026-06-24,18:02:30,49530d,CS-TXM,Airbus A321,TAP Air Portugal,takeoff,depart,1000,327.1,83.2,,23.22,,
2026-06-24,18:06:28,TAP215,CS-TXC,Airbus A321neo,TAP Air Portugal,takeoff,depart,1100,311.5,83.7,,20.38,,
2026-06-24,18:09:40,TAP029,CS-TUO,Airbus A330-900neo,TAP Air Portugal,takeoff,depart,1050,293.4,83.4,,24.5,,
2026-06-24,18:13:29,TAP1863,CS-TVB,Airbus A320neo,TAP Air Portugal,takeoff,depart,1600,280.4,81.3,,20.73,,
2026-06-24,18:15:29,RYR185,9H-QAU,Boeing 737-800,Malta Air,takeoff,depart,1125,288.5,87.9,,41.31,,
2026-06-24,18:18:42,346195,EC-NBN,Airbus A330-200,TAP Air Portugal,takeoff,depart,1000,307.8,94.7,,58.18,,
2026-06-24,18:22:25,TAP233,CS-TXE,Airbus A321neo,TAP Air Portugal,takeoff,depart,1500,320.6,83.0,,18.9,,
2026-06-24,18:25:33,TAP203,CS-TOO,Airbus A330-200,TAP Air Portugal,takeoff,depart,1050,304.1,88.1,,37.64,,
2026-06-24,18:28:51,EJU45QL,OE-IDX,Airbus A320,easyJet Europe,takeoff,depart,1700,304.7,81.6,,19.66,,
2026-06-24,18:31:36,SWT132,EC-MAF,ATR 72 500F,Swiftair,takeoff,depart,1025,217.2,73.6,,16.32,,
2026-06-24,18:35:34,EWG36AZ,D-AEEB,Airbus A321,Eurowings,takeoff,depart,1825,323.0,70.3,,18.44,,
2026-06-24,18:37:30,TAP4BE,CS-TJM,Airbus A321neo,TAP Air Portugal,takeoff,depart,1425,305.0,82.4,,19.04,,
2026-06-24,18:40:13,TAP1932,CS-TVJ,Airbus A320neo,TAP Air Portugal,takeoff,depart,1175,267.6,78.9,,17.41,,
2026-06-24,18:42:42,495301,CS-TXA,Airbus A321neo,TAP Air Portugal,cruise,,900,0.0,82.5,,19.26,,
2026-06-24,18:45:33,RYR420Z,EI-HEN,Boeing 737 MAX 8,Ryanair,takeoff,depart,1075,300.9,84.2,,24.06,,
2026-06-24,18:48:26,TAP57LK,CS-TVG,Airbus A320neo,TAP Air Portugal,takeoff,depart,1725,286.5,72.3,,16.68,,
2026-06-24,18:50:49,4ca707,EI-EBK,Boeing 737-800,Ryanair,cruise,,675,0.0,90.2,,50.53,,
2026-06-24,18:53:24,TAP67NP,CS-TVH,Airbus A320neo,TAP Air Portugal,takeoff,depart,1050,268.2,78.8,,17.65,,
2026-06-24,18:55:59,TAP440,CS-TVP,Airbus A320neo,TAP Air Portugal,takeoff,depart,1000,262.1,83.0,,19.56,,
2026-06-24,18:58:59,TAP6CY,CS-TJL,Airbus A321neo,TAP Air Portugal,takeoff,depart,1000,291.7,83.4,,21.84,,
2026-06-24,19:02:04,NOZ7CT,LN-ENQ,Boeing 737-800,Norwegian,takeoff,depart,1075,295.2,88.1,,36.25,,
2026-06-24,19:04:54,RAM983,CN-ROU,Boeing 737-800,Royal Air Maroc,takeoff,depart,1000,284.7,90.9,,40.12,,
2026-06-24,19:08:10,TAP934,CS-TNU,Airbus A320,TAP Air Portugal,takeoff,depart,1825,334.3,58.8,,14.64,,
2026-06-24,19:10:44,EJU41EH,OE-IBF,Airbus A320,easyJet Europe,takeoff,depart,1025,285.6,83.5,,26.99,,
2026-06-24,19:13:09,QTR99L,A7-BCH,Boeing 787-8,Qatar Airways,takeoff,depart,1275,302.1,82.7,,17.72,,
2026-06-24,19:16:27,BAW507,G-TTSD,Airbus A320neo,British Airways,takeoff,depart,1000,266.1,79.6,,15.9,,
2026-06-24,19:19:38,TAP38KJ,EC-OCT,Airbus A321,TAP Air Portugal,takeoff,depart,1000,309.3,89.6,,58.02,,
2026-06-24,19:22:34,VLG631N,EC-MHB,Airbus A321,Vueling,takeoff,depart,1250,280.9,87.5,,43.91,,
2026-06-24,19:27:49,SRR6645,OY-SRM,767 25EBDSF,Star Air,takeoff,depart,2200,322.2,74.5,,17.84,,
2026-06-24,19:31:02,TAP20L,CS-TJE,Airbus A321,TAP Air Portugal,takeoff,depart,1000,324.7,88.2,,37.63,,
2026-06-24,19:34:20,RYR5DQ,9H-LMG,Airbus A320,Lauda Europe,takeoff,depart,1025,298.9,85.7,,24.85,,
2026-06-24,19:36:32,TRA59H,PH-YHR,Airbus A321neo,Transavia,takeoff,depart,1400,302.1,83.2,,21.49,,
2026-06-24,19:38:26,TAP58Y,CS-TJN,Airbus A321neo,TAP Air Portugal,takeoff,depart,1850,313.0,59.2,,14.11,,
2026-06-24,19:40:04,EJU68VM,OE-LSR,Airbus A320,easyJet Europe,takeoff,depart,2025,333.0,61.2,,14.74,,
2026-06-24,19:42:15,4952a8,CS-TUH,Airbus A330-900neo,TAP Air Portugal,takeoff,depart,1000,299.3,86.6,,27.97,,
2026-06-24,19:45:34,34444b,EC-LRG,Airbus A320,Iberia,takeoff,depart,1025,276.5,87.1,,31.38,,
2026-06-24,19:48:47,TAP556,CS-TVM,Airbus A320neo,TAP Air Portugal,takeoff,depart,1025,277.2,73.8,,18.01,,
2026-06-24,19:51:45,RZO127,CS-TSM,Airbus A320,TAP Air Portugal,takeoff,depart,1000,265.2,73.9,,17.51,,
2026-06-24,19:54:23,BCS1LG,D-AEAL,A300 B4-622RF,Lufthansa,takeoff,depart,1175,299.3,83.7,,26.03,,
2026-06-24,19:57:36,EZS18AR,HB-AYO,Airbus A320neo,easyJet Switzerland,takeoff,depart,1000,272.1,80.4,,14.33,,
2026-06-24,20:00:01,4cac93,EI-NFX,E550,,takeoff,depart,1075,268.0,77.5,,16.63,,
2026-06-24,20:03:38,4952cb,CS-TVK,Airbus A320neo,TAP Air Portugal,cruise,,700,0.0,81.4,,16.3,,
2026-06-24,20:06:28,486898,PH-AXM,Airbus A321neo,KLM,takeoff,depart,1075,277.6,81.2,,17.19,,
2026-06-24,20:09:04,EZY17WM,G-EZFT,Airbus A319,easyJet,takeoff,depart,1050,278.9,89.8,,29.73,,
2026-06-24,20:19:38,TVF23AE,F-HUYZ,Boeing 737-800,Transavia France,takeoff,depart,1025,309.8,89.8,,47.11,,
2026-06-24,20:32:51,N974QS,,,,takeoff,depart,1025,349.5,73.1,,14.78,,
2026-06-24,20:37:46,BEL2ET,OO-SNN,Airbus A320,Brussels Airlines,takeoff,depart,1025,270.8,85.1,,22.99,,
2026-06-24,20:40:12,TVF81FA,F-HUYT,Boeing 737-800,Transavia France,takeoff,depart,1025,290.9,89.2,,43.3,,
2026-06-24,20:43:14,TAP46RU,CS-TVD,Airbus A320neo,TAP Air Portugal,takeoff,depart,1025,262.4,83.9,,15.99,,
2026-06-24,20:46:16,WZZ64LB,HA-LGT,Airbus A321neo,Wizz Air,takeoff,depart,1075,300.2,83.6,,21.35,,
2026-06-24,20:48:44,TAP1366,CS-TVR,Airbus A320neo,TAP Air Portugal,takeoff,depart,1075,263.4,78.3,,18.47,,
2026-06-24,20:52:02,TAP11AG,CS-TPS,Embraer E190,TAP Air Portugal,takeoff,depart,1050,265.2,83.4,,24.45,,
2026-06-24,20:55:11,AEA91KM,EC-OBJ,Boeing 737-800,Air Europa,takeoff,depart,1000,286.5,91.4,,41.09,,
2026-06-24,20:57:56,4951d3,CS-TNS,Airbus A320,TAP Air Portugal,takeoff,depart,1000,284.5,86.3,,30.95,,
2026-06-24,21:05:22,TAP43M,CS-TVO,Airbus A320neo,TAP Air Portugal,takeoff,depart,1025,271.7,81.4,,15.76,,
2026-06-24,21:08:29,EJU85UT,OE-LQI,Airbus A319,easyJet Europe,takeoff,depart,1075,269.7,85.4,,26.2,,
2026-06-24,21:11:22,RYR2LY,EI-DPF,Boeing 737-800,Ryanair,takeoff,depart,1000,287.2,91.4,,40.79,,
2026-06-24,21:14:12,TAP1483,CS-TJO,Airbus A321neo,TAP Air Portugal,takeoff,depart,1025,285.8,85.2,,19.12,,
2026-06-24,21:17:22,346458,EC-NJU,Airbus A320neo,Iberia,takeoff,depart,1000,256.5,73.4,,14.67,,
2026-06-24,21:22:27,TAY2MN,OE-IBO,737 490SF,Iberia,takeoff,depart,1100,297.8,93.0,,39.92,,
2026-06-24,21:25:10,TAP1549,CS-TJH,Airbus A321,TAP Air Portugal,takeoff,depart,1025,302.8,88.6,,56.15,,
2026-06-24,21:36:40,348506,,,,takeoff,depart,1150,323.7,78.4,,18.7,,
2026-06-24,21:40:09,4951d6,CS-TNV,Airbus A320,TAP Air Portugal,takeoff,depart,1050,270.9,85.7,,29.09,,
2026-06-24,21:43:34,UAE194,A6-EPL,Boeing 777-300ER,Emirates,takeoff,depart,1025,361.9,91.0,,32.89,,
2026-06-24,21:46:53,TAP1096,CS-TPQ,Embraer E190,TAP Air Portugal,takeoff,depart,1925,312.1,64.1,,15.09,,
2026-06-24,21:48:53,RYR83ZV,9H-QAJ,Boeing 737-800,Malta Air,takeoff,depart,1025,304.3,90.2,,47.09,,
2026-06-24,21:51:24,RYR385,EI-IKJ,Boeing 737 MAX 8,Ryanair,takeoff,depart,1025,298.4,88.0,,19.01,,
2026-06-24,21:54:52,TAP1825,CS-TJP,Airbus A321neo,TAP Air Portugal,takeoff,depart,1000,287.8,86.1,,20.48,,
2026-06-24,21:57:54,VLG8463,EC-LVU,Airbus A320,Vueling,takeoff,depart,1150,298.5,82.4,,21.68,,
2026-06-24,22:00:39,RYR22UT,EI-ILF,Boeing 737 MAX 8,Ryanair,takeoff,depart,1000,295.8,82.0,,17.62,,
2026-06-24,22:03:49,WMT511,9H-WML,Airbus A321neo,Lauda Europe,takeoff,depart,1000,302.6,83.2,,15.62,,
2026-06-24,22:07:12,AFR53MJ,F-HPNY,Airbus A220-300,Air France,takeoff,depart,1000,263.9,77.3,,13.73,,
2026-06-24,22:10:21,RYR27ST,EI-DWD,Boeing 737-800,Ryanair,takeoff,depart,1000,303.7,89.8,,44.15,,
2026-06-24,22:13:52,TAP36RC,CS-TPV,Embraer E190,TAP Air Portugal,takeoff,depart,1050,275.2,85.3,,23.03,,
2026-06-24,22:16:48,348205,EC-OJH,Airbus A320,Vueling,cruise,,625,0.0,88.2,,23.85,,
2026-06-24,22:19:44,TAP1022,CS-TVC,Airbus A320neo,TAP Air Portugal,takeoff,depart,1125,254.8,71.8,,12.32,,
2026-06-24,22:25:49,LBT6847,TS-INF,Airbus A320,Nouvelair Tunisie,takeoff,depart,1025,258.9,83.2,,24.66,,
2026-06-24,22:28:38,VOE3595,EC-NOY,Airbus A320,Volotea,takeoff,depart,1050,273.9,85.3,,25.79,,
2026-06-24,22:31:28,495290,CS-TTP,Airbus A319,TAP Air Portugal,takeoff,depart,1050,288.2,88.8,,30.37,,
2026-06-24,22:41:37,TAP11ZL,CS-TPW,Embraer E190,TAP Air Portugal,takeoff,depart,1000,252.4,75.4,,15.99,,
2026-06-24,22:44:52,TAP1040,CS-TNY,Airbus A320,TAP Air Portugal,cruise,,725,0.0,85.5,,23.41,,
2026-06-24,22:47:35,EIN4RL,EI-DEG,Airbus A320,Aer Lingus,takeoff,depart,1000,299.1,84.7,,33.22,,
2026-06-24,22:52:37,TAP65PD,CS-TJS,Airbus A321neo,TAP Air Portugal,takeoff,depart,1125,288.9,85.7,,22.04,,
2026-06-24,22:59:00,RSX6078,,,,takeoff,depart,1025,320.2,91.5,,63.44,,
2026-06-24,23:04:45,RYR8HM,EI-HEY,Boeing 737 MAX 8,Ryanair,takeoff,depart,1050,300.2,85.3,,22.03,,
2026-06-24,23:06:51,KAL922,HL8573,Boeing 787-10,Korean Air,takeoff,depart,1225,364.7,90.8,,30.19,,
2026-06-24,23:11:06,TAP1907,CS-TNJ,Airbus A320,TAP Air Portugal,takeoff,depart,1000,266.5,85.2,,19.9,,
2026-06-24,23:15:26,EZY32EH,G-UZHL,Airbus A320neo,easyJet,takeoff,depart,1000,285.2,77.1,,13.2,,
2026-06-24,23:18:08,SEH923,SX-WEB,Airbus A320neo,Swiss,takeoff,depart,1000,277.2,71.5,,15.69,,
2026-06-24,23:24:41,ELY376,4X-EHI,Boeing 737-900,El Al,takeoff,depart,1025,336.1,90.5,,43.46,,
2026-06-24,23:28:59,461f39,OH-LVL,Airbus A319,Finnair,takeoff,depart,1025,283.7,88.1,,22.68,,
2026-06-24,23:35:22,DTA653,D2-TEK,Boeing 777-300ER,TAAG Angola Airlines,takeoff,depart,1200,331.9,88.0,,32.88,,
2026-06-24,23:38:21,FIA5812,ER-00003,Airbus A321,Fly One,takeoff,depart,1050,299.3,92.4,,49.08,,
2026-06-24,23:42:04,TAP075,CS-TUK,Airbus A330-900neo,TAP Air Portugal,takeoff,depart,1000,307.4,86.3,,27.29,,
2026-06-24,23:45:14,LZB564,LZ-ROM,A220-300,Bulgaria Air,takeoff,depart,1025,259.3,76.4,,12.3,,
2026-06-24,23:48:29,RYR8618,EI-GJT,Boeing 737-800,Ryanair,takeoff,depart,1350,287.2,85.4,,34.19,,
2026-06-24,23:50:48,TAP297,CS-TUE,Airbus A330-900neo,TAP Air Portugal,takeoff,depart,2075,408.4,55.2,,10.79,,
2026-06-24,23:54:16,TAP1938,CS-TNL,Airbus A320,TAP Air Portugal,takeoff,depart,1100,270.0,90.3,,27.86,,
2026-06-24,23:57:08,TAM8145,CC-BGV,Boeing 787-9,LATAM Airlines,takeoff,depart,1025,357.1,89.6,,26.58,,
2026-06-25,00:01:17,TAP087,CS-TUN,Airbus A330-900neo,TAP Air Portugal,takeoff,depart,1000,313.0,87.8,,22.93,,
2026-06-25,00:08:39,TP97LS,CS-TJF,Airbus A321,TAP Air Portugal,takeoff,depart,1125,301.3,86.6,,21.32,,
2026-06-25,00:22:23,AEE3LP,SX-NAM,Airbus A321,Aegean Airlines,takeoff,depart,1050,296.9,82.6,,14.1,,
2026-06-25,05:15:03,KLM44L,PH-AXI,Airbus A321neo,KLM,takeoff,depart,1025,294.8,84.1,,19.27,,
2026-06-25,05:18:10,DLH72K,D-AINX,Airbus A320neo,Lufthansa,takeoff,depart,1150,262.1,80.7,,12.28,,
2026-06-25,05:48:19,AFR18LZ,F-HZFM,Airbus A320,Air France,takeoff,depart,1000,268.2,81.9,,17.11,,
2026-06-25,06:03:06,RYR200Z,EI-GXM,Boeing 737-800,Ryanair,takeoff,depart,1225,286.1,90.5,,27.11,,
2026-06-25,06:05:04,THY6ER,TC-LCD,Boeing 737 MAX 8,Turkish Airlines,takeoff,depart,1075,293.5,85.8,,14.27,,
2026-06-25,06:09:09,SWR2083,HB-JDD,Airbus A320neo,Swiss,takeoff,depart,1100,259.3,81.6,,10.33,,
2026-06-25,06:12:50,EJU45QL,OE-LSP,Airbus A320,easyJet Europe,takeoff,depart,1000,253.9,70.8,,13.6,,
2026-06-25,06:14:37,RZO121,CS-TKQ,Airbus A320,TAP Air Portugal,takeoff,depart,1025,277.2,88.6,,20.77,,
2026-06-25,06:17:02,EJU34VC,OE-IBF,Airbus A320,easyJet Europe,takeoff,depart,2450,360.2,78.7,,11.81,,
2026-06-25,06:18:21,EJU7695,OE-LSR,Airbus A320,easyJet Europe,takeoff,depart,2250,335.6,58.7,,8.81,,
2026-06-25,06:21:21,3964e1,F-GZHB,Boeing 737-800,Transavia France,cruise,,650,0.0,86.1,,30.49,,
2026-06-25,06:28:02,DLH06E,D-AIDX,Airbus A321,Lufthansa,takeoff,depart,1000,290.4,84.1,,19.45,,
2026-06-25,06:38:52,RYR088,EI-HGR,Boeing 737 MAX 8,Ryanair,takeoff,depart,1050,285.4,84.9,,12.47,,
2026-06-25,06:41:24,TAP830,CS-TNN,Airbus A320,TAP Air Portugal,takeoff,depart,2375,372.8,58.8,,9.05,,
2026-06-25,06:43:29,WJA33,C-FIBA,Boeing 737 MAX 8,WestJet,takeoff,depart,1050,292.6,88.0,,16.46,,
2026-06-25,06:46:46,RYR7WW,9H-VUF,Boeing 737 MAX 8,Malta Air,takeoff,depart,1150,292.1,82.5,,13.92,,
2026-06-25,06:49:31,TAP1685,CS-TVB,Airbus A320neo,TAP Air Portugal,takeoff,depart,1025,249.8,78.1,,10.74,,
2026-06-25,06:52:12,TVF77CD,F-HTVB,Boeing 737-800,Transavia France,takeoff,depart,1025,289.5,89.8,,24.22,,
2026-06-25,06:55:00,EJU54HM,OE-IDS,Airbus A320,easyJet Europe,takeoff,depart,1000,270.8,84.7,,18.18,,
2026-06-25,06:57:34,EJU38MQ,OE-LSA,Airbus A320neo,easyJet Europe,takeoff,depart,1025,265.8,71.3,,11.49,,
2026-06-25,06:59:24,EJU47DR,OE-IDX,Airbus A320,easyJet Europe,takeoff,depart,1150,261.7,81.4,,14.64,,
2026-06-25,07:02:20,TAP86PZ,CS-TTS,Airbus A319,TAP Air Portugal,takeoff,depart,1075,267.2,85.5,,14.07,,
2026-06-25,07:08:28,EJU95BW,OE-IDT,Airbus A320,easyJet Europe,takeoff,depart,1100,278.2,86.7,,17.32,,
2026-06-25,07:13:51,EJU75FP,OE-LSF,Airbus A320neo,easyJet Europe,takeoff,depart,1100,268.9,73.1,,10.46,,
2026-06-25,07:15:44,TAP1920,CS-TNR,Airbus A320,TAP Air Portugal,takeoff,depart,2475,331.9,75.1,,10.15,,
2026-06-25,07:17:04,SWT130,EC-MAF,ATR 72 500F,Swiftair,takeoff,depart,1575,276.5,57.9,,9.01,,
2026-06-25,07:20:10,EJU9042,OE-IDU,Airbus A320,easyJet Europe,takeoff,depart,2600,329.8,63.5,,8.67,,
2026-06-25,07:22:24,EJU38HV,OE-IWW,Airbus A320,easyJet Europe,takeoff,depart,1025,285.2,83.7,,15.8,,
2026-06-25,07:24:35,TAP34A,CS-TPX,Embraer E190,TAP Air Portugal,takeoff,depart,1800,274.8,66.8,,9.79,,
2026-06-25,07:26:30,TAP120Y,CS-TVN,Airbus A320neo,TAP Air Portugal,takeoff,depart,2525,346.7,56.4,,8.45,,
2026-06-25,07:29:11,3475c9,EC-OCT,Airbus A321,TAP Air Portugal,takeoff,depart,1175,302.1,89.5,,46.87,,
2026-06-25,07:39:05,TAP640,CS-TNL,Airbus A320,TAP Air Portugal,takeoff,depart,1050,269.7,85.5,,17.76,,
2026-06-25,07:41:43,TAP1102,CS-TPZ,Embraer E190,TAP Air Portugal,takeoff,depart,1025,260.0,82.0,,14.43,,
2026-06-25,07:45:17,TAP6LX,CS-TAY,Embraer E195,TAP Air Portugal,takeoff,depart,1025,271.3,88.4,,24.66,,
2026-06-25,07:55:16,TAP43PA,CS-TNQ,Airbus A320,TAP Air Portugal,takeoff,depart,1000,282.6,84.6,,16.97,,
2026-06-25,07:57:26,TAP1356,CS-TVL,Airbus A320,TAP Air Portugal,takeoff,depart,1625,276.5,68.9,,9.55,,
2026-06-25,08:00:33,BAW509,G-NEOS,Airbus A321neo,British Airways,takeoff,depart,1000,276.3,84.3,,13.11,,
2026-06-25,08:03:37,TAY1MN,OE-IAM,737 490SF,Iberia,takeoff,depart,1125,277.1,80.7,,14.5,,
2026-06-25,08:06:04,TAP22MX,CS-TVA,Airbus A320neo,TAP Air Portugal,takeoff,depart,1000,243.2,70.3,,10.35,,
2026-06-25,08:07:59,AEA93EM,EC-LPQ,Boeing 737-800,Air Europa,takeoff,depart,1925,309.5,79.7,,15.5,,
2026-06-25,08:10:49,TAP30BC,CS-TPR,Embraer E190,TAP Air Portugal,takeoff,depart,1050,268.9,84.4,,22.07,,
2026-06-25,08:13:06,TAP10MD,CS-TVI,Airbus A320neo,TAP Air Portugal,takeoff,depart,1000,253.2,72.0,,10.67,,
2026-06-25,08:15:59,TAP1150,CS-TPP,Embraer E190,TAP Air Portugal,takeoff,depart,1000,272.1,86.5,,21.25,,
2026-06-25,08:18:31,TAP1452,CS-TPO,Embraer E190,TAP Air Portugal,takeoff,depart,1125,266.5,84.7,,15.05,,
2026-06-25,08:21:15,RZO151,CS-TKP,Airbus A320,TAP Air Portugal,takeoff,depart,1875,298.5,61.5,,9.07,,
2026-06-25,08:23:47,TAP1922,CS-TNM,Airbus A320,TAP Air Portugal,takeoff,depart,1050,271.7,84.8,,16.85,,
2026-06-25,08:27:10,TAP1240,CS-TJE,Airbus A321,TAP Air Portugal,takeoff,depart,1025,293.0,89.1,,30.61,,
2026-06-25,08:31:35,TSC681,C-GUBC,Airbus A330-200,Air Transat,takeoff,depart,1250,275.2,84.1,,14.13,,
2026-06-25,08:38:41,39d315,F-HUYV,Boeing 737-800,Transavia France,cruise,,275,0.0,56.7,,9.5,,
2026-06-25,08:44:38,TAP1859,CS-TJO,Airbus A321neo,TAP Air Portugal,takeoff,depart,1025,280.2,81.2,,12.63,,
2026-06-25,08:47:24,TAP7AB,CS-TXF,Airbus A321neo,TAP Air Portugal,takeoff,depart,1025,271.3,83.3,,10.82,,
2026-06-25,08:50:10,EZS78AY,HB-JXJ,Airbus A320,easyJet Switzerland,takeoff,depart,1000,277.1,84.7,,15.11,,
2026-06-25,08:52:54,EZS63BD,HB-JXB,Airbus A320,Austrian Airlines,takeoff,depart,1025,262.8,83.7,,13.26,,
2026-06-25,08:55:57,TAP5DL,CS-TPQ,Embraer E190,TAP Air Portugal,takeoff,depart,1100,267.8,86.8,,14.76,,
2026-06-25,08:58:49,TAP6MS,CS-TVP,Airbus A320neo,TAP Air Portugal,takeoff,depart,1050,269.7,82.7,,13.62,,
2026-06-25,09:01:33,4ca4ec,EI-DPH,Boeing 737-800,Ryanair,cruise,,600,0.0,89.3,,25.29,,
2026-06-25,09:05:19,TAP832,CS-TNX,Airbus A320,TAP Air Portugal,takeoff,depart,1025,274.5,85.3,,18.26,,
2026-06-25,09:08:31,TAP40GV,CS-TNV,Airbus A320,TAP Air Portugal,takeoff,depart,1000,258.4,83.6,,16.28,,
2026-06-25,09:11:03,TAP552N,CS-TXK,Airbus A321,TAP Air Portugal,takeoff,depart,1000,278.2,85.1,,16.42,,
2026-06-25,09:13:13,RZO131,,,TAP Air Portugal,takeoff,depart,1050,286.5,83.0,,15.19,,
2026-06-25,09:16:17,TVF24SV,F-HUYV,Boeing 737-800,Transavia France,cruise,,275,0.0,56.2,,8.65,,
2026-06-25,09:18:15,49530a,CS-TXJ,Airbus A321neo,TAP Air Portugal,takeoff,depart,1000,287.4,84.1,,22.8,,
2026-06-25,09:21:18,TVF24SV,F-HUYV,Boeing 737-800,Transavia France,cruise,,275,1.3,83.5,,14.18,,
2026-06-25,09:24:20,TAP54MH,CS-TAW,Embraer E195,TAP Air Portugal,takeoff,depart,1025,253.7,83.7,,21.25,,
2026-06-25,09:26:49,TAP62JR,CS-TTY,Embraer E195,TAP Air Portugal,takeoff,depart,2125,271.3,83.5,,14.07,,
2026-06-25,09:28:34,TAP155A,CS-TVQ,Airbus A320neo,TAP Air Portugal,takeoff,depart,1000,254.5,75.4,,10.64,,
2026-06-25,09:30:46,TAP1735,CS-TPV,Embraer E190,TAP Air Portugal,takeoff,depart,2100,268.0,84.9,,20.86,,
2026-06-25,09:33:32,VLG1HR,EC-MGY,Airbus A321,Vueling,takeoff,depart,1100,268.2,85.8,,22.65,,
2026-06-25,09:36:49,IBE05AK,EC-LUL,Airbus A320,Iberia,takeoff,depart,1050,250.4,81.1,,17.24,,
2026-06-25,09:39:52,TAP9037,CS-TUM,Airbus A330-900neo,TAP Air Portugal,takeoff,depart,1000,292.1,83.7,,12.72,,
2026-06-25,09:43:02,TAP1924,CS-TVO,Airbus A320neo,TAP Air Portugal,takeoff,depart,1000,255.9,71.1,,9.46,,
2026-06-25,09:44:46,4952c6,CS-TVF,Airbus A320neo,TAP Air Portugal,takeoff,depart,1025,272.1,80.9,,10.06,,
2026-06-25,09:51:16,TAP243U,CS-TUF,Airbus A330-900neo,TAP Air Portugal,takeoff,depart,1050,294.8,84.2,,13.92,,
2026-06-25,09:56:51,RYR10TR,9H-QEJ,Boeing 737-800,Malta Air,takeoff,depart,1050,304.1,91.5,,28.23,,
2026-06-25,10:00:06,TVF24SV,F-HUYV,Boeing 737-800,Transavia France,takeoff,depart,1000,286.7,88.6,,22.83,,
2026-06-25,10:03:04,DTA651,D2-TEG,Boeing 777-300ER,TAAG Angola Airlines,takeoff,depart,1050,346.0,90.0,,20.88,,
2026-06-25,10:05:55,TAP1901,CS-TJF,Airbus A321,TAP Air Portugal,takeoff,depart,1150,264.1,84.0,,17.74,,
2026-06-25,10:08:51,TAM8147,PT-MUJ,Boeing 777-300ER,LATAM Airlines,takeoff,depart,1050,352.8,92.1,,23.67,,
2026-06-25,10:12:05,EWG58E,OK-TVV,Boeing 737-800,Eurowings,takeoff,depart,1775,300.2,65.5,,9.05,,
2026-06-25,10:14:08,AFR32WF,F-GUGO,A318 111,Air France,takeoff,depart,2325,330.8,57.9,,8.78,,
2026-06-25,10:16:04,TAP26TS,CS-TNJ,Airbus A320,TAP Air Portugal,takeoff,depart,1025,240.8,84.0,,16.32,,
2026-06-25,10:18:21,EZY36CZ,G-UZLW,Airbus A320,easyJet,takeoff,depart,2525,353.9,56.4,,8.75,,
2026-06-25,10:21:05,TAP1687,CS-TVC,Airbus A320neo,TAP Air Portugal,takeoff,depart,1175,254.1,85.7,,15.53,,
2026-06-25,10:24:02,RYR4CU,9H-QET,Boeing 737-800,Malta Air,takeoff,depart,1000,281.3,86.5,,22.74,,
2026-06-25,10:26:03,TAP52TP,CS-TVG,Airbus A320neo,TAP Air Portugal,takeoff,depart,1800,286.7,64.5,,9.61,,
2026-06-25,10:32:32,EJU73LY,OE-ING,Airbus A320,easyJet Europe,takeoff,depart,1000,280.2,83.1,,18.47,,
2026-06-25,10:34:50,RYR103K,EI-IHS,Boeing 737 MAX 8,Ryanair,takeoff,depart,1000,286.5,83.3,,13.8,,
2026-06-25,10:37:36,DAL273,,,Delta Air Lines,takeoff,depart,1000,298.2,83.4,,13.03,,
2026-06-25,10:40:58,TAP237M,CS-TUJ,Airbus A330-900neo,TAP Air Portugal,takeoff,depart,1025,292.8,88.4,,15.27,,
2026-06-25,10:44:00,EZY39RZ,G-EZUR,Airbus A320,easyJet,takeoff,depart,1000,279.5,83.5,,15.74,,
2026-06-25,10:46:41,TAP432,CS-TXI,Airbus A321neo,TAP Air Portugal,takeoff,depart,1000,290.0,74.1,,14.42,,
2026-06-25,10:49:27,TAP16AL,CS-TPS,Embraer E190,TAP Air Portugal,takeoff,depart,1000,257.1,84.3,,14.1,,
2026-06-25,10:52:35,TAP12LM,CS-TNU,Airbus A320,TAP Air Portugal,takeoff,depart,1075,273.2,82.0,,14.82,,
2026-06-25,10:54:12,UAL65,N13018,Boeing 787-10,United Airlines,takeoff,depart,1075,335.0,87.0,,17.41,,
2026-06-25,10:57:21,TAP103,CS-TUL,Airbus A330-900neo,TAP Air Portugal,takeoff,depart,1100,292.8,84.2,,12.54,,
2026-06-25,11:02:24,EZY72NL,G-EZWA,Airbus A320,easyJet,takeoff,depart,1000,280.0,85.4,,16.39,,
2026-06-25,11:04:55,4952a3,CS-TUC,Airbus A330-900neo,TAP Air Portugal,cruise,,875,0.0,83.5,,12.63,,
2026-06-25,11:12:41,TAP257N,CS-TXB,Airbus A321neo,TAP Air Portugal,takeoff,depart,1025,285.9,72.6,,14.03,,
2026-06-25,11:15:51,AZU8751,PR-AIW,Airbus A330-200,Azul,takeoff,depart,1250,306.0,87.6,,19.64,,
2026-06-25,11:19:26,AAL259,N824AN,Boeing 787-9,American Airlines,takeoff,depart,2500,299.7,61.0,,9.05,,
2026-06-25,11:22:01,4bb262,TC-LSB,Airbus A321neo,Turkish Airlines,takeoff,depart,1000,270.0,82.1,,10.44,,
2026-06-25,11:25:07,RYR72ZY,EI-HGR,Boeing 737 MAX 8,Ryanair,takeoff,depart,1325,278.0,82.8,,13.75,,
2026-06-25,11:27:39,NJE728N,CS-LUD,Cessna Citation Latitude,NetJets,takeoff,depart,1450,274.5,71.4,,14.69,,
2026-06-25,11:30:28,BAW501,G-NEOT,Airbus A321neo,British Airways,takeoff,depart,1000,271.3,80.1,,23.33,,
2026-06-25,11:34:17,CBJ622,B-8982,Airbus A330-200,Capital Airlines,takeoff,depart,1125,294.5,89.9,,29.16,,
2026-06-25,11:38:16,EJU57QA,OE-IDT,Airbus A320,easyJet Europe,takeoff,depart,1900,326.3,60.9,,9.27,,
2026-06-25,11:40:25,AEE2LP,SX-NET,Airbus A320neo,Aegean Airlines,takeoff,depart,1025,251.7,82.2,,13.21,,
2026-06-25,11:43:33,c0611f,C-GKUG,Airbus A330-300,Air Canada,cruise,,1225,0.0,83.0,,20.58,,
2026-06-25,11:46:31,TAP23PN,CS-TJL,Airbus A321neo,TAP Air Portugal,takeoff,depart,1050,268.0,79.6,,86.12,,
2026-06-25,11:50:03,NJE262D,CS-CHG,Challenger 350,NetJets,takeoff,depart,1100,297.2,81.4,,139.82,,
2026-06-25,11:55:56,TAP89WT,CS-TVD,Airbus A320neo,TAP Air Portugal,takeoff,depart,1125,241.9,73.8,,15.17,,
2026-06-25,11:58:02,TAP1032,CS-TPU,Embraer E190,TAP Air Portugal,takeoff,depart,2575,294.8,68.4,,14.24,,
2026-06-25,11:59:22,TAP22MI,CS-TUS,Airbus A330-900neo,TAP Air Portugal,takeoff,depart,1400,296.5,85.8,,30.55,,
2026-06-25,12:02:26,TAP13CT,CS-TPW,Embraer E190,TAP Air Portugal,takeoff,depart,1175,266.5,89.5,,25.92,,
2026-06-25,12:04:59,TSC481,C-GUFZ,Airbus A330-200,Air Transat,takeoff,depart,1975,300.6,65.0,,13.68,,
2026-06-25,12:07:11,TAP231P,CS-TXD,Airbus A321neo,TAP Air Portugal,takeoff,depart,1975,348.5,61.5,,13.06,,
2026-06-25,12:11:17,VLG3647,EC-MVE,Airbus A320,Vueling,takeoff,depart,1050,286.1,81.8,,25.54,,
2026-06-25,12:18:11,AEA41RG,EC-MXM,Boeing 737-800,Air Europa,takeoff,depart,1025,266.7,89.3,,39.42,,
2026-06-25,12:21:00,SWR1AB,YL-ABS,Airbus A220-300,Swiss,takeoff,depart,1525,247.2,65.6,,12.59,,
2026-06-25,12:24:30,EIN4LK,EI-DEG,Airbus A320,Aer Lingus,takeoff,depart,1125,269.7,87.0,,43.56,,
2026-06-25,12:27:09,49530c,CS-TXL,Airbus A321neo,TAP Air Portugal,takeoff,depart,1100,293.4,82.5,,19.02,,
2026-06-25,12:29:29,TRA96J,PH-YHW,Airbus A321neo,Transavia,takeoff,depart,1950,311.5,58.7,,12.42,,
2026-06-25,12:31:13,TAP532B,CS-TNM,Airbus A320,TAP Air Portugal,takeoff,depart,1800,300.6,85.6,,22.76,,
2026-06-25,12:37:53,TAP073,CS-TUI,Airbus A330-900neo,TAP Air Portugal,takeoff,depart,1100,284.5,89.9,,38.26,,
2026-06-25,12:44:11,UAL943,N76010,Boeing 777-200,United Airlines,takeoff,depart,1000,310.6,88.1,,27.51,,
2026-06-25,12:46:26,495305,CS-TXE,Airbus A321neo,TAP Air Portugal,takeoff,depart,1075,294.5,85.9,,20.09,,
2026-06-25,12:49:40,TAP2HM,CS-TVM,Airbus A320neo,TAP Air Portugal,takeoff,depart,1075,252.4,72.2,,13.37,,
2026-06-25,12:52:02,440cc1,OE-LSP,Airbus A320,easyJet Europe,cruise,,675,0.0,71.0,,14.47,,
2026-06-25,12:55:27,TAP1851,CS-TVB,Airbus A320neo,TAP Air Portugal,takeoff,depart,1000,227.6,82.2,,15.75,,
2026-06-25,12:58:07,AFR31PQ,F-HPNM,Airbus A220-300,Air France,takeoff,depart,1075,238.7,82.8,,13.91,,
2026-06-25,13:01:18,TAP217C,CS-TXA,Airbus A321neo,TAP Air Portugal,takeoff,depart,1050,281.3,82.8,,15.09,,
2026-06-25,13:04:00,TAP43TR,CS-TVI,Airbus A320neo,TAP Air Portugal,takeoff,depart,1000,242.4,72.2,,14.14,,
2026-06-25,13:06:51,TAP782,CS-TJR,Airbus A321neo,TAP Air Portugal,cruise,,725,0.0,81.5,,17.96,,
2026-06-25,13:09:28,TAP64BR,CS-TJI,Airbus A321neo,TAP Air Portugal,takeoff,depart,1025,251.5,81.3,,17.58,,
2026-06-25,13:12:01,a53d80,N437DX,Airbus A330-900neo,,takeoff,depart,1000,257.6,83.2,,17.48,,
2026-06-25,13:17:56,3c64b0,D-AIEP,Airbus A321,Lufthansa,takeoff,depart,1000,258.9,88.1,,16.65,,
2026-06-25,13:21:13,TAP670,CS-TVH,Airbus A320neo,TAP Air Portugal,takeoff,depart,1000,238.2,83.8,,13.45,,
2026-06-25,13:23:29,TAP824,CS-TJH,Airbus A321,TAP Air Portugal,takeoff,depart,1000,267.2,86.6,,31.16,,
2026-06-25,13:26:57,44cc48,OO-SBH,Airbus A320neo,Brussels Airlines,takeoff,depart,1025,235.6,80.9,,15.19,,
2026-06-25,13:29:50,RAM981E,CN-ROC,Boeing 737-800,Royal Air Maroc,takeoff,depart,1000,253.5,85.8,,23.41,,
2026-06-25,13:32:41,IBE05PL,EC-LEI,Airbus A319,Iberia,takeoff,depart,1050,241.5,85.2,,21.9,,
2026-06-25,13:35:02,TAP83K,CS-TJM,Airbus A321neo,TAP Air Portugal,takeoff,depart,1025,256.5,83.7,,18.67,,
2026-06-25,13:38:06,TAP117,CS-TUA,Airbus A330-900neo,TAP Air Portugal,takeoff,depart,1075,297.4,85.6,,20.95,,
2026-06-25,13:42:52,TAP754A,CS-TJN,Airbus A321neo,TAP Air Portugal,takeoff,depart,1000,286.5,84.3,,17.98,,
2026-06-25,13:45:38,4951d3,CS-TNS,Airbus A320,TAP Air Portugal,takeoff,depart,1000,247.6,88.3,,24.36,,
2026-06-25,13:48:38,TAP14NC,CS-TXM,Airbus A321,TAP Air Portugal,takeoff,depart,1000,259.3,82.8,,17.79,,
2026-06-25,13:51:36,TAP68HR,CS-TJP,Airbus A321neo,TAP Air Portugal,takeoff,depart,1000,270.8,85.6,,17.02,,
2026-06-25,13:54:31,EWG66L,D-AEWV,Airbus A320,Eurowings,takeoff,depart,1025,264.5,90.0,,21.84,,
2026-06-25,13:57:16,RYR4NR,EI-IFZ,Boeing 737 MAX 8,Ryanair,takeoff,depart,1025,290.8,90.1,,21.31,,
2026-06-25,14:03:10,TAP1477,CS-TVK,Airbus A320neo,TAP Air Portugal,takeoff,depart,1250,261.7,83.3,,21.65,,
2026-06-25,14:06:45,495146,CS-TJF,Airbus A321,TAP Air Portugal,takeoff,depart,1025,280.9,88.3,,34.22,,
2026-06-25,14:10:04,ACA811,C-FIVR,Boeing 777-300ER,Air Canada,takeoff,depart,1000,319.8,91.3,,28.95,,
2026-06-25,14:12:17,TAP089,CS-TUP,Airbus A330-900neo,TAP Air Portugal,takeoff,depart,1800,345.8,59.6,,13.63,,
2026-06-25,14:14:50,RYR51DR,EI-GXM,Boeing 737-800,Ryanair,takeoff,depart,1025,275.8,88.5,,34.73,,
2026-06-25,14:17:18,TAP542U,CS-TTP,Airbus A319,TAP Air Portugal,takeoff,depart,1000,261.9,84.7,,29.1,,
2026-06-25,14:19:55,EJU7581,OE-LSF,Airbus A320neo,easyJet Europe,takeoff,depart,1000,280.0,81.6,,17.36,,
2026-06-25,14:23:01,TAP1272,CS-TNY,Airbus A320,TAP Air Portugal,takeoff,depart,1175,269.7,83.5,,27.51,,
2026-06-25,14:25:37,44056b,OE-LKD,Airbus A319,easyJet Europe,takeoff,depart,1000,266.5,89.2,,27.09,,
2026-06-25,14:28:04,348506,,,,takeoff,depart,1025,317.6,81.2,,21.79,,
2026-06-25,14:29:54,495212,CS-TPR,Embraer E190,TAP Air Portugal,takeoff,depart,1150,260.4,86.8,,27.54,,
2026-06-25,14:32:43,495214,CS-TPT,Embraer E190,TAP Air Portugal,cruise,,625,0.0,85.4,,32.99,,
2026-06-25,14:35:38,RZO123,CS-TSJ,Airbus A321neo,TAP Air Portugal,takeoff,depart,1725,281.3,72.4,,15.86,,
2026-06-25,14:37:29,VLG6LF,EC-MMH,Airbus A321,Vueling,takeoff,depart,2100,286.5,71.6,,20.68,,
2026-06-25,14:39:20,TAP1928,CS-TJJ,Airbus A321neo,TAP Air Portugal,takeoff,depart,1000,252.2,85.3,,16.73,,
2026-06-25,14:41:24,TAP82LN,CS-TTY,Embraer E195,TAP Air Portugal,climb,depart,1800,288.9,66.5,,13.98,,
2026-06-25,14:43:18,EJU9046,OE-IDX,Airbus A320,easyJet Europe,takeoff,depart,2850,340.4,64.5,,12.95,,
2026-06-25,14:44:38,UAE192,A6-ENS,Boeing 777-300ER,Emirates,takeoff,depart,1225,326.0,91.3,,24.06,,
2026-06-25,14:47:32,TAP1104,CS-TPZ,Embraer E190,TAP Air Portugal,takeoff,depart,1000,255.2,84.4,,26.0,,
2026-06-25,14:50:51,TAP42LV,CS-TVJ,Airbus A320neo,TAP Air Portugal,takeoff,depart,1025,244.5,81.7,,16.89,,
2026-06-25,14:53:41,EJU32UQ,OE-ICB,Airbus A320,easyJet Europe,takeoff,depart,1050,267.1,83.2,,25.99,,
2026-06-25,14:56:37,TAP3831,CS-TTZ,Embraer E195,TAP Air Portugal,takeoff,depart,1025,292.1,96.1,,25.95,,
2026-06-25,14:59:43,TAP472C,CS-TTW,Embraer E195,TAP Air Portugal,takeoff,depart,1000,259.7,88.0,,29.33,,
2026-06-25,15:02:25,TAP94EV,CS-TPP,Embraer E190,TAP Air Portugal,takeoff,depart,2900,341.1,57.4,,14.21,,
2026-06-25,15:03:51,4952cf,CS-TVO,Airbus A320neo,TAP Air Portugal,takeoff,depart,1000,247.6,81.4,,15.1,,
2026-06-25,15:06:03,EJU62BF,OE-IJU,Airbus A320,easyJet Europe,takeoff,depart,1500,272.8,88.1,,24.11,,
2026-06-25,15:07:59,TAP86VR,CS-TNN,Airbus A320,TAP Air Portugal,takeoff,depart,1825,292.6,66.8,,14.28,,
2026-06-25,15:09:44,TAP884,CS-TPV,Embraer E190,TAP Air Portugal,takeoff,depart,1700,265.4,72.7,,18.09,,
2026-06-25,15:13:57,TVF76UF,F-HTVK,Boeing 737-800,Transavia France,takeoff,depart,1000,283.7,88.6,,40.41,,
2026-06-25,15:17:02,49520f,CS-TPO,Embraer E190,TAP Air Portugal,takeoff,depart,1000,268.5,89.6,,29.48,,
2026-06-25,15:24:05,4b1806,HB-JCO,C Series 300,Swiss,takeoff,depart,1025,235.6,77.7,,14.01,,
2026-06-25,15:26:25,DLH01A,D-AIEE,Airbus A321neo,Lufthansa,takeoff,depart,1875,308.2,62.2,,19.07,,
2026-06-25,15:29:07,TCV611,D4-CCI,Boeing 737-700,Cabo Verde Airlines,takeoff,depart,1000,269.3,88.3,,36.99,,
2026-06-25,15:31:46,RYR2JJ,9H-VUF,Boeing 737 MAX 8,Malta Air,takeoff,depart,1000,289.3,82.2,,22.02,,
2026-06-25,15:34:52,TAP50Y,CS-TXC,Airbus A321neo,TAP Air Portugal,takeoff,depart,1075,272.4,82.2,,20.53,,
2026-06-25,15:36:46,TAP1438,CS-TNQ,Airbus A320,TAP Air Portugal,takeoff,depart,1850,294.8,69.2,,15.33,,
2026-06-25,15:39:51,TAP72LP,CS-TNL,Airbus A320,TAP Air Portugal,takeoff,depart,1700,301.3,69.8,,20.21,,
2026-06-25,15:41:47,TAP554M,CS-TJS,Airbus A321neo,TAP Air Portugal,takeoff,depart,2125,353.9,61.2,,12.96,,
2026-06-25,15:43:07,TAP1312,CS-TPX,Embraer E190,TAP Air Portugal,takeoff,depart,1775,280.6,84.4,,21.7,,
2026-06-25,15:47:18,TAP492,CS-TTS,Airbus A319,TAP Air Portugal,takeoff,depart,1025,262.8,83.9,,29.95,,
2026-06-25,15:50:18,TAP436,CS-TVC,Airbus A320neo,TAP Air Portugal,takeoff,depart,1025,244.8,72.3,,15.95,,
2026-06-25,15:53:17,RYR3664,EI-ENW,Boeing 737-800,Ryanair,takeoff,depart,1000,282.1,88.9,,53.18,,
2026-06-25,15:55:44,RZO143,CS-TKQ,Airbus A320,TAP Air Portugal,takeoff,depart,1050,269.7,86.3,,27.85,,
2026-06-25,15:59:36,BAW59Z,G-TTOE,Airbus A320,British Airways,takeoff,depart,2325,348.0,56.3,,12.96,,
2026-06-25,16:01:53,TAP13DU,CS-TAY,Embraer E195,TAP Air Portugal,takeoff,depart,1100,279.5,84.9,,23.84,,
2026-06-25,16:04:32,KLM80Z,PH-AXC,Airbus A321neo,KLM,takeoff,depart,1000,276.9,82.6,,21.03,,
2026-06-25,16:08:01,495038,CS-TAX,Embraer E195,TAP Air Portugal,takeoff,depart,1150,274.5,81.7,,25.79,,
2026-06-25,16:11:32,RYR9CZ,9H-QAP,Boeing 737-800,Malta Air,takeoff,depart,1050,286.5,89.1,,67.26,,
2026-06-25,16:13:55,DLH99Y,D-AISQ,Airbus A321,Lufthansa,takeoff,depart,1000,259.7,85.5,,34.23,,
2026-06-25,16:16:58,TAP249,CS-TUO,Airbus A330-900neo,TAP Air Portugal,takeoff,depart,1025,296.9,82.6,,21.64,,
2026-06-25,16:20:37,AFR99MY,F-HBNE,Airbus A320,Air France,takeoff,depart,2400,262.8,63.6,,15.93,,
2026-06-25,16:22:46,TAP826,CS-TNU,Airbus A320,TAP Air Portugal,takeoff,depart,1025,269.3,86.6,,45.11,,
2026-06-25,16:25:28,TAP13HL,CS-TVL,Airbus A320,TAP Air Portugal,takeoff,depart,1050,249.1,76.1,,14.69,,
2026-06-25,16:31:19,LOT7KU,SP-LYE,Boeing 737 MAX 8,LOT Polish Airlines,takeoff,depart,1000,290.9,87.6,,29.35,,
2026-06-25,16:39:49,4951ca,CS-TNJ,Airbus A320,TAP Air Portugal,takeoff,depart,1050,270.8,85.9,,32.9,,
2026-06-25,16:44:08,4951d6,CS-TNV,Airbus A320,TAP Air Portugal,takeoff,depart,1050,251.7,84.1,,24.36,,
2026-06-25,16:46:48,TAP1905,CS-TAW,Embraer E195,TAP Air Portugal,takeoff,depart,1000,249.8,84.3,,27.42,,
2026-06-25,16:52:33,DLH42Y,D-AISI,Airbus A321,Lufthansa,takeoff,depart,1000,268.9,84.6,,43.36,,
2026-06-25,16:58:02,EJU56YT,OE-IBS,Airbus A320,easyJet Europe,takeoff,depart,1050,268.2,85.6,,28.05,,
2026-06-25,17:00:15,TAP91SR,CS-TPS,Embraer E190,TAP Air Portugal,takeoff,depart,2000,313.0,61.6,,12.29,,
2026-06-25,17:02:40,FIN7FG,OH-LZO,Airbus A321,Finnair,takeoff,depart,1100,299.8,90.9,,76.97,,
2026-06-25,17:05:08,RYR22RD,9H-QEJ,Boeing 737-800,Malta Air,takeoff,depart,1675,282.4,82.1,,26.88,,
2026-06-25,17:08:15,EJU43QE,OE-IWW,Airbus A320,easyJet Europe,takeoff,depart,1000,265.6,86.7,,38.2,,
2026-06-25,17:10:57,RYR27ST,EI-DPZ,Boeing 737-800,Ryanair,takeoff,depart,1025,274.8,91.8,,68.42,,
2026-06-25,17:13:27,EJU97XA,OE-LSR,Airbus A320,easyJet Europe,takeoff,depart,1100,255.6,81.0,,18.23,,
2026-06-25,17:16:36,TAP1930,CS-TPQ,Embraer E190,TAP Air Portugal,takeoff,depart,1025,257.2,85.5,,33.79,,
2026-06-25,17:22:34,SWR2GX,HB-JPD,Airbus A321,Swiss,takeoff,depart,1025,295.8,86.1,,20.12,,
2026-06-25,17:25:01,EJU75NR,OE-LSA,Airbus A320neo,easyJet Europe,takeoff,depart,1000,264.8,80.9,,16.31,,
2026-06-25,17:28:08,ANE79CP,EC-MNQ,Bombardier CRJ-1000,Air Nostrum,takeoff,depart,1050,267.6,85.6,,32.48,,
2026-06-25,17:29:57,RYR9QJ,9H-QAL,Boeing 737-800,Malta Air,climb,depart,3050,417.8,55.5,,12.16,,
2026-06-25,17:33:40,TAP1018,CS-TPU,Embraer E190,TAP Air Portugal,takeoff,depart,1025,259.7,81.9,,28.8,,
2026-06-25,17:36:41,4951ef,CS-TOO,Airbus A330-200,TAP Air Portugal,takeoff,depart,1025,285.4,90.7,,42.84,,
2026-06-25,17:39:38,IAM3140,MM62344,GLF6,,climb,depart,3450,344.8,74.4,,23.53,,
2026-06-25,17:43:40,TAP233,CS-TXF,Airbus A321neo,TAP Air Portugal,takeoff,depart,1175,308.9,82.2,,18.39,,
2026-06-25,17:46:32,EJU68GB,OE-IDS,Airbus A320,easyJet Europe,takeoff,depart,1000,267.1,86.8,,27.68,,
2026-06-25,17:49:21,RYR5DQ,9H-LMH,Airbus A320,Lauda Europe,takeoff,depart,1025,277.6,87.1,,36.9,,
2026-06-25,17:52:30,BAW505,G-TNEA,Airbus A321neo,British Airways,takeoff,depart,1100,265.8,83.2,,20.0,,
2026-06-25,17:54:22,TAP083,CS-TUQ,Airbus A330-900neo,TAP Air Portugal,takeoff,depart,1450,295.8,89.6,,35.47,,
2026-06-25,17:58:12,EWG16F,D-AEEE,Airbus A321,Eurowings,takeoff,depart,1075,290.9,86.8,,21.8,,
2026-06-25,18:00:38,TAP011,CS-TXJ,Airbus A321neo,TAP Air Portugal,takeoff,depart,1125,303.5,81.2,,17.69,,
2026-06-25,18:03:34,RYR693D,EI-EMJ,Boeing 737-800,Ryanair,takeoff,depart,1025,278.2,89.3,,54.58,,
2026-06-25,18:08:37,TAP438T,EC-OCT,Airbus A321,TAP Air Portugal,takeoff,depart,1000,272.4,89.6,,59.77,,
2026-06-25,18:11:19,4ba9e1,TC-JOA,Airbus A330-300,Turkish Airlines,takeoff,depart,1050,275.6,88.4,,43.29,,
2026-06-25,18:14:45,TAP047,CS-TXG,Airbus A321neo,TAP Air Portugal,takeoff,depart,2825,439.9,57.3,,12.73,,
2026-06-25,18:16:44,40756b,G-UZHL,Airbus A320neo,easyJet,takeoff,depart,1025,270.0,80.8,,16.91,,
2026-06-25,18:18:38,TAP029,CS-TUG,Airbus A330-900neo,TAP Air Portugal,takeoff,depart,1675,344.3,67.2,,16.86,,
2026-06-25,18:20:35,TAP1863,CS-TJO,Airbus A321neo,TAP Air Portugal,takeoff,depart,1600,293.7,82.7,,17.55,,
2026-06-25,18:22:29,TAP564C,CS-TVN,Airbus A320neo,TAP Air Portugal,takeoff,depart,1875,300.2,56.5,,12.24,,
2026-06-25,18:25:08,RYR88AA,EI-IKN,Boeing 737 MAX 8,Ryanair,takeoff,depart,1050,285.9,92.8,,28.91,,
2026-06-25,18:27:52,4400dc,OE-IDT,Airbus A320,easyJet Europe,takeoff,depart,1025,276.3,87.7,,28.3,,
2026-06-25,18:30:27,RYR2095,EI-HGR,Boeing 737 MAX 8,Ryanair,takeoff,depart,1000,289.7,87.0,,28.58,,
2026-06-25,18:33:32,AEA67QW,EC-OBJ,Boeing 737-800,Air Europa,takeoff,depart,1025,281.7,90.6,,56.0,,
2026-06-25,18:36:27,TAP035,EC-NBN,Airbus A330-200,TAP Air Portugal,takeoff,depart,1575,290.6,89.4,,52.37,,
2026-06-25,18:39:45,TAP215,CS-TXK,Airbus A321,TAP Air Portugal,takeoff,depart,2175,409.5,63.3,,13.34,,
2026-06-25,18:41:57,TAP1932,CS-TVG,Airbus A320neo,TAP Air Portugal,takeoff,depart,1000,242.8,70.5,,14.28,,
2026-06-25,18:44:42,TAP4BE,CS-TVA,Airbus A320neo,TAP Air Portugal,takeoff,depart,1125,255.9,78.7,,16.32,,
2026-06-25,18:47:17,440cc1,OE-LSP,Airbus A320,easyJet Europe,takeoff,depart,1000,258.7,71.0,,15.64,,
2026-06-25,18:50:17,TAP261,CS-TXI,Airbus A321neo,TAP Air Portugal,takeoff,depart,1075,308.5,72.5,,17.73,,
2026-06-25,18:53:22,VLG2CU,EC-MIR,Airbus A319,Vueling,takeoff,depart,1025,252.8,83.5,,29.45,,
2026-06-25,18:56:17,WMT8734,9H-WAT,Airbus A321,Lauda Europe,takeoff,depart,1000,295.8,85.2,,22.25,,
2026-06-25,18:58:46,SAS2904,SE-RZE,Airbus A320neo,SAS Scandinavian,takeoff,depart,1275,267.2,71.5,,15.61,,
2026-06-25,19:01:22,RYR7TT,9H-QAL,Boeing 737-800,Malta Air,takeoff,depart,1025,279.7,87.0,,53.82,,
2026-06-25,19:04:36,EZY75QC,G-EZPX,Airbus A320,easyJet,takeoff,depart,1050,272.1,124.1,,31.24,,
2026-06-25,19:07:06,TAP440,CS-TVP,Airbus A320neo,TAP Air Portugal,takeoff,depart,1800,289.7,63.4,,12.31,,
2026-06-25,19:08:46,TAP203,CS-TOP,Airbus A330-200,TAP Air Portugal,takeoff,depart,1000,297.2,91.7,,51.39,,
2026-06-25,19:11:51,TAP67NP,CS-TJJ,Airbus A321neo,TAP Air Portugal,takeoff,depart,1325,279.7,83.5,,19.22,,
2026-06-25,19:17:56,TAP38KJ,CS-TPZ,Embraer E190,TAP Air Portugal,takeoff,depart,1025,267.2,85.2,,30.8,,
2026-06-25,19:21:08,EJU41EH,OE-IDU,Airbus A320,easyJet Europe,takeoff,depart,1050,282.1,86.0,,37.99,,
2026-06-25,19:23:31,TRA87Y,PH-HBJ,Boeing 737-800,,takeoff,depart,1350,302.6,88.6,,54.94,,
2026-06-25,19:28:10,TVF23AE,F-GZHA,Boeing 737-800,Transavia France,takeoff,depart,1000,283.0,89.6,,54.94,,
2026-06-25,19:31:02,RAM983,CN-ROC,Boeing 737-800,Royal Air Maroc,takeoff,depart,1025,277.2,90.4,,41.89,,
2026-06-25,19:33:44,BAW507,G-EUUK,Airbus A320,British Airways,takeoff,depart,1175,257.1,83.7,,31.27,,
2026-06-25,19:36:43,TRA46G,PH-HSM,Boeing 737-800,Transavia,takeoff,depart,1050,301.5,89.9,,56.12,,
2026-06-25,19:39:43,EJU59RL,OE-INE,Airbus A320,easyJet Europe,takeoff,depart,1100,273.5,85.0,,31.36,,
2026-06-25,19:42:13,VLG631N,EC-NYE,Airbus A321,Vueling,takeoff,depart,1000,281.3,73.3,,17.6,,
2026-06-25,19:45:34,RYR1LX,9H-QEA,Boeing 737-800,Malta Air,takeoff,depart,1050,291.7,88.0,,52.74,,
2026-06-25,19:48:38,TAP93MA,CS-TNS,Airbus A320,TAP Air Portugal,takeoff,depart,1775,289.7,70.3,,19.99,,
2026-06-25,19:50:49,TAP57LK,CS-TVD,Airbus A320neo,TAP Air Portugal,takeoff,depart,1025,261.1,71.7,,16.59,,
2026-06-25,19:53:24,TAP1934,CS-TPR,Embraer E190,TAP Air Portugal,takeoff,depart,1025,264.1,84.8,,30.69,,
2026-06-25,19:59:41,RYR22UT,EI-EVH,Boeing 737-800,Ryanair,takeoff,depart,1075,298.9,93.3,,87.1,,
2026-06-25,20:03:05,TVF62BD,F-HTVA,Boeing 737-800,Transavia France,takeoff,depart,1000,288.9,88.8,,53.86,,
2026-06-25,20:05:19,AFR53MJ,F-HZUT,A220-300,Air France,takeoff,depart,1025,260.9,82.4,,18.36,,
2026-06-25,20:07:54,TAP442,CS-TVI,Airbus A320neo,TAP Air Portugal,takeoff,depart,1000,248.7,82.2,,18.31,,
2026-06-25,20:10:55,TAP934,CS-TNX,Airbus A320,TAP Air Portugal,takeoff,depart,1000,272.4,84.5,,41.1,,
2026-06-25,20:13:27,TAP253R,CS-TXM,Airbus A321,TAP Air Portugal,takeoff,depart,1100,292.2,82.7,,22.2,,
2026-06-25,20:16:12,RYR95FC,EI-EVP,Boeing 737-800,Ryanair,takeoff,depart,1025,292.4,120.8,,58.19,,
2026-06-25,20:19:17,TAP58Y,CS-TJL,Airbus A321neo,TAP Air Portugal,takeoff,depart,1025,275.6,82.6,,22.1,,
2026-06-25,20:24:29,4400be,OE-IAM,737 490SF,Iberia,takeoff,depart,1050,291.3,88.2,,73.48,,
2026-06-25,20:27:30,TAP944,CS-TVF,Airbus A320neo,TAP Air Portugal,takeoff,depart,1100,248.0,80.4,,22.37,,
2026-06-25,20:30:07,NSZ3619,SE-RTZ,Boeing 737 MAX 8,,takeoff,depart,1025,296.5,86.6,,27.25,,
2026-06-25,20:36:03,EZY28CU,G-EZBW,Airbus A319,easyJet,takeoff,depart,1075,275.8,88.0,,42.55,,
2026-06-25,20:42:02,TAP20L,CS-TPW,Embraer E190,TAP Air Portugal,takeoff,depart,1025,273.4,84.9,,36.72,,
2026-06-25,20:44:54,RYR2BX,9H-QCG,Boeing 737-800,Malta Air,takeoff,depart,1025,295.4,91.1,,58.81,,
2026-06-25,20:47:59,TAP404W,CS-TPQ,Embraer E190,TAP Air Portugal,takeoff,depart,1000,268.9,83.0,,30.55,,
2026-06-25,20:51:00,WZZ64LB,9H-WDQ,Airbus A321,Wizz Air,takeoff,depart,1100,302.1,88.0,,26.91,,
2026-06-25,20:53:50,KLM98E,PH-AXK,Airbus A321neo,KLM,takeoff,depart,1125,303.0,69.4,,22.66,,
2026-06-25,20:56:43,TAP1366,CS-TVQ,Airbus A320neo,TAP Air Portugal,takeoff,depart,1025,258.7,81.4,,16.63,,
2026-06-25,20:59:35,TAP46RU,CS-TNQ,Airbus A320,TAP Air Portugal,takeoff,depart,1050,278.2,86.0,,44.06,,
2026-06-25,21:02:25,AEA91KM,EC-MPG,Boeing 737-800,Air Europa,takeoff,depart,1050,292.2,89.7,,49.88,,
2026-06-25,21:05:16,NSZ278Y,SE-RRE,Boeing 737-800,Norwegian Air Sweden,takeoff,depart,1000,298.2,87.5,,39.09,,
2026-06-25,21:07:56,TAP11AG,CS-TPP,Embraer E190,TAP Air Portugal,takeoff,depart,1000,260.4,83.1,,31.53,,
2026-06-25,21:11:18,EJU57PQ,OE-LQI,Airbus A319,easyJet Europe,takeoff,depart,1050,264.1,84.9,,33.58,,
2026-06-25,21:13:52,IBE05RW,EC-MCS,Airbus A320,Iberia,takeoff,depart,1075,251.7,82.6,,30.43,,
2026-06-25,21:16:50,3c5422,D-AEAB,A300 B4-622RF,DHL Air,takeoff,depart,1025,289.7,82.7,,45.48,,
2026-06-25,21:19:40,RZO127,CS-TSK,Airbus A320,TAP Air Portugal,takeoff,depart,1075,261.7,77.3,,17.72,,
2026-06-25,21:21:59,495149,CS-TJI,Airbus A321neo,TAP Air Portugal,cruise,,550,0.0,82.4,,22.89,,
2026-06-25,21:24:45,RYR3628,EI-GXM,Boeing 737-800,Ryanair,takeoff,depart,1000,283.5,88.2,,35.1,,
2026-06-25,21:27:49,TAP838Z,CS-TJE,Airbus A321,TAP Air Portugal,takeoff,depart,1000,284.5,86.0,,55.61,,
2026-06-25,21:30:35,BEL2ET,OO-SBH,Airbus A320neo,Brussels Airlines,takeoff,depart,1700,277.6,73.0,,15.39,,
2026-06-25,21:32:54,TAP484H,CS-TAW,Embraer E195,TAP Air Portugal,takeoff,depart,1050,270.9,93.1,,37.97,,
2026-06-25,21:36:07,4952d2,CS-TVR,Airbus A320neo,TAP Air Portugal,takeoff,depart,1000,262.2,80.6,,20.68,,
2026-06-25,21:38:53,TAP1483,CS-TJH,Airbus A321,TAP Air Portugal,takeoff,depart,1050,301.9,93.9,,94.73,,
2026-06-25,21:42:44,UAE194,A6-EPD,Boeing 777-300ER,Emirates,takeoff,depart,2375,433.4,62.8,,35.93,,
2026-06-25,21:44:41,TAP1825,CS-TJP,Airbus A321neo,TAP Air Portugal,takeoff,depart,1050,270.0,73.3,,18.95,,
2026-06-25,21:49:48,TAP828,CS-TVH,Airbus A320neo,TAP Air Portugal,takeoff,depart,1025,252.4,71.2,,16.1,,
2026-06-25,21:52:39,VLG630A,EC-OKG,Airbus A320,Vueling,takeoff,depart,1050,264.7,80.6,,26.78,,
2026-06-25,21:58:16,TAP474,CS-TPT,Embraer E190,TAP Air Portugal,takeoff,depart,1050,256.3,85.8,,30.04,,
2026-06-25,22:01:25,WMT511,9H-XLF,Airbus A321neo,Lauda Europe,takeoff,depart,1000,322.6,92.8,,23.38,,
2026-06-25,22:03:58,QTR42U,A7-BCP,Boeing 787-8,Qatar Airways,takeoff,depart,1025,285.4,81.5,,18.91,,
2026-06-25,22:08:28,VLG8463,EC-MER,Airbus A320,Vueling,takeoff,depart,1000,301.7,83.9,,27.56,,
2026-06-25,22:20:13,TAP1096,CS-TAX,Embraer E195,TAP Air Portugal,takeoff,depart,1025,261.7,87.4,,34.34,,
2026-06-25,22:23:28,VLG77JY,EC-NLY,Airbus A321,Vueling,takeoff,depart,1075,272.4,86.6,,36.12,,
2026-06-25,22:25:32,EZY65CG,G-EZOU,Airbus A320,easyJet,takeoff,depart,1900,345.8,56.2,,13.7,,
2026-06-25,22:32:03,495215,CS-TPU,Embraer E190,TAP Air Portugal,takeoff,depart,1000,259.7,81.7,,23.13,,
2026-06-25,22:41:32,TAP16LN,CS-TNM,Airbus A320,TAP Air Portugal,takeoff,depart,1075,254.8,85.6,,36.83,,
2026-06-25,22:46:22,TAP1022,CS-TVM,Airbus A320neo,TAP Air Portugal,takeoff,depart,1125,263.2,74.6,,16.05,,
2026-06-25,22:48:12,TAP1040,CS-TTS,Airbus A319,TAP Air Portugal,takeoff,depart,1075,262.4,116.3,,29.21,,
2026-06-25,22:51:00,RZO129,CS-TKQ,Airbus A320,TAP Air Portugal,takeoff,depart,1000,260.9,82.4,,28.55,,
2026-06-25,22:57:52,TAP9246,CS-TAY,Embraer E195,TAP Air Portugal,cruise,,625,0.0,72.2,,22.19,,
2026-06-25,23:00:01,ICE579,TF-ICG,Boeing 737 MAX 8,Icelandair,takeoff,depart,1075,296.1,86.7,,21.71,,
2026-06-25,23:03:01,EZY97QP,G-EZDN,Airbus A319,easyJet,climb,depart,3400,367.1,56.2,,12.97,,
2026-06-25,23:05:49,TAP36RC,CS-TPX,Embraer E190,TAP Air Portugal,takeoff,depart,1025,268.9,86.9,,28.62,,
2026-06-25,23:09:17,TAP65PD,CS-TVC,Airbus A320neo,TAP Air Portugal,takeoff,depart,1050,260.0,72.8,,16.82,,
2026-06-25,23:12:15,TAP26T,CS-TTW,Embraer E195,TAP Air Portugal,takeoff,depart,1175,288.7,90.7,,27.58,,
2026-06-25,23:16:59,TAP1907,CS-TNN,Airbus A320,TAP Air Portugal,takeoff,depart,1025,265.8,85.9,,24.76,,
2026-06-25,23:25:38,NJE369W,CS-LTN,Citation Latitude,NetJets,takeoff,depart,1100,283.7,70.5,,21.16,,
2026-06-25,23:28:23,ELY376,4X-EKJ,Boeing 737-800,El Al,takeoff,depart,1000,317.1,54.4,,,,
2026-06-25,23:39:58,ASL14C,YU-APB,Airbus A319,Air Serbia,takeoff,depart,1050,275.8,83.4,,35.29,,
2026-06-25,23:42:54,TAP015,CS-TXC,Airbus A321neo,TAP Air Portugal,takeoff,depart,1050,293.0,80.1,,22.16,,
2026-06-25,23:45:17,TRA5960,PH-YHV,Airbus A321neo,Transavia,takeoff,depart,1000,288.0,81.7,,19.5,,
2026-06-25,23:50:22,TAP075,CS-TUB,Airbus A330-900neo,TAP Air Portugal,cruise,,475,0.0,85.1,,30.03,,
2026-06-25,23:57:09,TAP1938,CS-TJR,Airbus A321neo,TAP Air Portugal,takeoff,depart,1025,252.1,73.3,,17.41,,
2026-06-26,00:00:07,AEE3LP,SX-NAP,Airbus A321neo,Aegean Airlines,takeoff,depart,1000,279.7,84.6,,22.86,,
2026-06-26,00:03:18,TAP97LS,CS-TPO,Embraer E190,TAP Air Portugal,takeoff,depart,1125,258.9,86.5,,31.61,,
2026-06-26,00:11:19,TAP9011,CS-TVL,Airbus A320,TAP Air Portugal,takeoff,depart,1100,241.5,69.3,,15.58,,
2026-06-26,00:13:25,TAP087,CS-TUH,Airbus A330-900neo,TAP Air Portugal,takeoff,depart,1550,327.4,70.6,,17.1,,
2026-06-26,00:16:30,RYR7UY,9H-QCO,Boeing 737-800,Malta Air,takeoff,depart,1025,280.2,83.9,,37.83,,
2026-06-26,00:20:28,TAP297,CS-TUE,Airbus A330-900neo,TAP Air Portugal,takeoff,depart,1025,278.9,83.3,,28.45,,
2026-06-26,00:33:07,RYR385,EI-IKY,Boeing 737 MAX 8,Ryanair,takeoff,depart,1000,281.3,82.0,,25.92,,
2026-06-26,00:40:55,RYR2GB,EI-HGX,Boeing 737 MAX 8,Ryanair,takeoff,depart,1050,289.5,86.1,,24.19,,
2026-06-26,00:48:05,RYR4CB,EI-EKD,Boeing 737-800,Ryanair,takeoff,depart,1025,305.4,89.9,,58.6,,
2026-06-26,02:25:35,TAP2846,CS-TVB,Airbus A320neo,TAP Air Portugal,takeoff,depart,1100,255.9,71.6,,15.09,,
2026-06-26,05:11:30,DLH72K,D-AINI,Airbus A320neo,Lufthansa,takeoff,depart,1025,255.9,83.9,,17.38,,
2026-06-26,05:13:49,KLM44L,PH-AXH,Airbus A321neo,KLM,takeoff,depart,1050,289.7,82.0,,20.52,,
2026-06-26,05:40:47,AFR18LZ,F-HEPD,Airbus A320,Air France,takeoff,depart,1125,283.0,86.5,,31.6,,
2026-06-26,06:04:30,SWR2083,HB-JPE,Airbus A321neo,Swiss,takeoff,depart,1000,299.7,81.3,,15.89,,
2026-06-26,06:08:30,EJU45QL,OE-LSF,Airbus A320neo,easyJet Europe,takeoff,depart,1000,267.6,72.9,,16.16,,
2026-06-26,06:11:15,440b1e,OE-IWW,Airbus A320,easyJet Europe,takeoff,depart,1025,276.3,82.7,,38.26,,
2026-06-26,06:14:18,EJU7583,OE-LSR,Airbus A320,easyJet Europe,takeoff,depart,1025,283.0,73.6,,16.57,,
2026-06-26,06:16:16,THY6ER,TC-LSF,Airbus A321neo,Turkish Airlines,takeoff,depart,1950,286.1,57.4,,12.49,,
2026-06-26,06:17:36,RZO121,CS-TSI,Airbus A321neo,TAP Air Portugal,takeoff,depart,1500,280.0,70.0,,17.03,,
2026-06-26,06:21:53,TVF34BR,F-HUYV,Boeing 737-800,Transavia France,takeoff,depart,1025,293.7,86.4,,55.55,,
2026-06-26,06:28:29,RYR5DQ,EI-HGR,Boeing 737 MAX 8,Ryanair,takeoff,depart,1025,305.4,87.3,,31.79,,
2026-06-26,06:32:43,EJU54HM,OE-IDT,Airbus A320,easyJet Europe,takeoff,depart,1000,287.2,85.9,,33.03,,
2026-06-26,06:35:07,EJU34BX,OE-LSP,Airbus A320,easyJet Europe,takeoff,depart,1025,280.6,72.8,,17.5,,
2026-06-26,06:37:33,DLH06E,D-AIEE,Airbus A321neo,Lufthansa,cruise,,600,0.0,85.4,,21.61,,
2026-06-26,06:40:46,RYR13QK,9H-VUF,Boeing 737 MAX 8,Malta Air,takeoff,depart,1075,304.8,87.5,,26.21,,
2026-06-26,06:43:28,TVF77CD,F-GZHM,Boeing 737-800,Transavia France,takeoff,depart,1000,302.2,90.7,,57.91,,
2026-06-26,06:46:05,EJU38MQ,OE-LSA,Airbus A320neo,easyJet Europe,takeoff,depart,1000,275.8,70.1,,16.52,,
2026-06-26,06:49:05,TAP1685,CS-TJS,Airbus A321neo,TAP Air Portugal,takeoff,depart,1000,294.1,85.5,,20.8,,
2026-06-26,06:52:02,RYR2BX,EI-GXM,Boeing 737-800,Ryanair,takeoff,depart,1100,298.2,88.6,,50.27,,
2026-06-26,06:55:12,TAP830,CS-TVG,Airbus A320neo,TAP Air Portugal,takeoff,depart,1100,270.0,75.5,,15.09,,
2026-06-26,06:57:00,IBE05WK,EC-HUI,Airbus A321,Iberia,takeoff,depart,1000,275.2,88.1,,58.29,,
2026-06-26,07:00:47,EJU95BW,OE-IDU,Airbus A320,easyJet Europe,takeoff,depart,1000,285.8,85.0,,30.56,,
2026-06-26,07:10:08,EJU75FP,OE-IDS,Airbus A320,easyJet Europe,takeoff,depart,1050,284.8,85.1,,32.31,,
2026-06-26,07:14:07,TAP1920,CS-TTP,Airbus A319,TAP Air Portugal,takeoff,depart,1000,268.0,78.6,,25.69,,
2026-06-26,07:18:37,TAY1MN,OE-IAM,737 490SF,Iberia,takeoff,depart,1025,288.5,84.4,,34.29,,
2026-06-26,07:21:57,SWT130,EC-MAF,ATR 72 500F,Swiftair,takeoff,depart,1000,215.9,72.0,,15.48,,
2026-06-26,07:26:13,EJU53NL,OE-IBS,Airbus A320,easyJet Europe,takeoff,depart,1025,302.8,81.4,,30.44,,
2026-06-26,07:29:22,TAP752,CS-TJM,Airbus A321neo,TAP Air Portugal,takeoff,depart,1075,274.1,82.4,,18.41,,
2026-06-26,07:32:13,TAP874H,CS-TPR,Embraer E190,TAP Air Portugal,takeoff,depart,1000,272.8,86.7,,44.02,,
2026-06-26,07:34:54,TAP34A,CS-TPS,Embraer E190,TAP Air Portugal,takeoff,depart,1000,280.2,82.9,,38.6,,
2026-06-26,07:37:04,TAP86PZ,CS-TVO,Airbus A320neo,TAP Air Portugal,takeoff,depart,1900,312.6,54.6,,12.52,,
2026-06-26,07:40:44,TAP1310,CS-TTZ,Embraer E195,TAP Air Portugal,takeoff,depart,1000,283.0,86.5,,43.22,,
2026-06-26,07:44:25,TAP22MX,CS-TNJ,Airbus A320,TAP Air Portugal,takeoff,depart,1650,309.1,63.5,,13.48,,
2026-06-26,07:48:11,TAP13J,CS-TTY,Embraer E195,TAP Air Portugal,takeoff,depart,1000,278.9,88.6,,44.59,,
2026-06-26,07:51:31,TAP1452,CS-TVJ,Airbus A320neo,TAP Air Portugal,takeoff,depart,1850,298.2,55.8,,11.85,,
2026-06-26,07:53:54,495217,CS-TPW,Embraer E190,TAP Air Portugal,takeoff,depart,1000,260.9,83.7,,22.32,,
2026-06-26,07:57:07,3c6485,D-AIDE,Airbus A321,Lufthansa,takeoff,depart,1000,289.7,90.6,,41.66,,
2026-06-26,08:00:17,TAP34CC,CS-TAX,Embraer E195,TAP Air Portugal,takeoff,depart,1000,279.7,87.6,,47.61,,
2026-06-26,08:03:37,TAP868,CS-TNL,Airbus A320,TAP Air Portugal,takeoff,depart,1300,276.5,84.9,,37.14,,
2026-06-26,08:06:31,BAW509,G-EUYF,Airbus A320,British Airways,takeoff,depart,1000,270.8,84.5,,31.67,,
2026-06-26,08:09:05,RYR9CZ,9H-QEJ,Boeing 737-800,Malta Air,takeoff,depart,1050,289.8,88.0,,61.6,,
2026-06-26,08:12:01,TAP882,CS-TPV,Embraer E190,TAP Air Portugal,takeoff,depart,1000,279.3,87.8,,43.12,,
2026-06-26,08:15:24,RZO151,CS-TKP,Airbus A320,TAP Air Portugal,takeoff,depart,1025,291.3,85.4,,43.87,,
2026-06-26,08:18:19,TAP10MD,CS-TTS,Airbus A319,TAP Air Portugal,takeoff,depart,1050,272.8,82.8,,36.29,,
2026-06-26,08:21:03,TAP30BC,CS-TNM,Airbus A320,TAP Air Portugal,takeoff,depart,1000,270.8,82.7,,35.78,,
2026-06-26,08:23:42,TAP53LB,CS-TNS,Airbus A320,TAP Air Portugal,takeoff,depart,1025,274.1,89.3,,61.41,,
2026-06-26,08:26:27,347555,,,,takeoff,depart,1000,273.9,84.6,,34.65,,
2026-06-26,08:29:40,TAP43PA,CS-TJR,Airbus A321neo,TAP Air Portugal,takeoff,depart,1025,302.2,84.9,,23.14,,
2026-06-26,08:32:27,TAP1922,CS-TNN,Airbus A320,TAP Air Portugal,takeoff,depart,1025,268.9,83.8,,29.99,,
2026-06-26,08:34:55,TAP70VE,CS-TVK,Airbus A320neo,TAP Air Portugal,takeoff,depart,1000,269.3,81.8,,20.85,,
2026-06-26,08:38:32,TP780,EC-OCT,Airbus A321,TAP Air Portugal,takeoff,depart,1075,305.8,88.7,,83.0,,
2026-06-26,08:42:12,TAP1859,CS-TJI,Airbus A321neo,TAP Air Portugal,takeoff,depart,1000,294.1,81.4,,20.2,,
2026-06-26,08:44:16,TAP48N,CS-TPU,Embraer E190,TAP Air Portugal,takeoff,depart,1750,303.7,62.4,,13.14,,
2026-06-26,08:46:08,TP1240,CS-TJH,Airbus A321,TAP Air Portugal,takeoff,depart,1775,306.7,78.2,,12.72,,
2026-06-26,08:48:35,AEA93EM,EC-ORJ,Boeing 737 MAX 8,Air Europa,takeoff,depart,2450,389.8,56.0,,12.79,,
2026-06-26,08:50:10,TAP1356,CS-TVL,Airbus A320,TAP Air Portugal,takeoff,depart,1700,326.1,65.3,,12.33,,
2026-06-26,08:51:43,TAP5DL,CS-TAW,Embraer E195,TAP Air Portugal,takeoff,depart,1550,273.5,75.3,,25.17,,
2026-06-26,08:54:41,TAP93ZR,CS-TVP,Airbus A320neo,TAP Air Portugal,takeoff,depart,1025,268.9,72.3,,15.05,,
2026-06-26,08:58:46,EJU73LY,OE-LQU,Airbus A319,easyJet Europe,takeoff,depart,1075,277.8,83.3,,27.01,,
2026-06-26,09:01:21,346458,EC-NJU,Airbus A320neo,Iberia,takeoff,depart,1025,254.8,71.5,,17.57,,
2026-06-26,09:03:02,VLG630A,EC-OJH,Airbus A320,Vueling,takeoff,depart,1325,282.4,86.1,,26.33,,
2026-06-26,09:04:47,TAP7AB,CS-TNU,Airbus A320,TAP Air Portugal,takeoff,depart,1200,274.8,88.2,,37.49,,
2026-06-26,09:06:56,TAP9006,CS-TJN,Airbus A321neo,TAP Air Portugal,takeoff,depart,1725,313.0,60.3,,12.72,,
2026-06-26,09:08:39,TAP49L,CS-TPP,Embraer E190,TAP Air Portugal,takeoff,depart,1750,317.6,58.9,,12.23,,
2026-06-26,09:12:21,TAP552N,CS-TJF,Airbus A321,TAP Air Portugal,takeoff,depart,1075,276.9,87.7,,42.82,,
2026-06-26,09:14:14,TAP6MS,CS-TVR,Airbus A320neo,TAP Air Portugal,takeoff,depart,1800,303.7,60.4,,12.76,,
2026-06-26,09:15:49,RZO131,CS-TSM,Airbus A320,TAP Air Portugal,takeoff,depart,1775,311.5,57.3,,12.88,,
2026-06-26,09:19:54,TAP400,CS-TPT,Embraer E190,TAP Air Portugal,takeoff,depart,1000,276.1,84.7,,30.92,,
2026-06-26,09:23:10,TAM8147,PT-MUC,Boeing 777-300ER,LATAM Airlines,takeoff,depart,1000,372.4,84.8,,36.75,,
2026-06-26,09:25:59,TAP155A,CS-TVF,Airbus A320neo,TAP Air Portugal,takeoff,depart,1025,277.6,84.8,,23.21,,
2026-06-26,09:30:36,RYR385,EI-IKY,Boeing 737 MAX 8,Ryanair,takeoff,depart,1025,305.4,83.0,,26.04,,
2026-06-26,09:34:07,VLG1HR,EC-OFU,Airbus A320,Vueling,takeoff,depart,2150,408.6,55.5,,12.27,,
2026-06-26,09:36:52,DTA651,D2-TEK,Boeing 777-300ER,TAAG Angola Airlines,takeoff,depart,1000,350.0,92.1,,49.45,,
2026-06-26,09:39:58,RYR2JJ,EI-IJH,Boeing 737 MAX 8,Ryanair,takeoff,depart,1000,306.1,84.1,,31.17,,
2026-06-26,09:42:31,TAP1541,CS-TVH,Airbus A320neo,TAP Air Portugal,takeoff,depart,1000,273.2,81.2,,19.43,,
2026-06-26,09:46:00,TAP92VC,CS-TPO,Embraer E190,TAP Air Portugal,takeoff,depart,1000,283.7,84.0,,29.15,,
2026-06-26,09:48:31,TAP40GV,CS-TNQ,Airbus A320,TAP Air Portugal,takeoff,depart,1025,283.4,82.9,,35.8,,
2026-06-26,09:51:50,TAP237M,CS-TUN,Airbus A330-900neo,TAP Air Portugal,takeoff,depart,1025,306.1,84.5,,31.98,,
2026-06-26,09:54:53,TAP1735,CS-TNX,Airbus A320,TAP Air Portugal,takeoff,depart,1000,269.3,83.0,,40.87,,
2026-06-26,09:58:27,TAP62JR,CS-TPX,Embraer E190,TAP Air Portugal,takeoff,depart,1000,280.0,85.8,,35.91,,
2026-06-26,10:00:47,TAP15LD,CS-TJO,Airbus A321neo,TAP Air Portugal,takeoff,depart,1800,320.2,58.6,,12.74,,
2026-06-26,10:04:13,TAP1901,CS-TTW,Embraer E195,TAP Air Portugal,takeoff,depart,1025,279.7,84.9,,31.73,,
2026-06-26,10:09:42,RYR8HM,EI-DYC,Boeing 737-800,Ryanair,takeoff,depart,1025,298.2,89.8,,60.4,,
2026-06-26,10:12:44,TVF24SV,F-HXSM,Airbus A320neo,Transavia France,takeoff,depart,1075,264.7,70.4,,14.67,,
2026-06-26,10:15:34,TAP1687,CS-TJE,Airbus A321,TAP Air Portugal,takeoff,depart,1025,303.7,90.1,,71.56,,
2026-06-26,10:18:51,TAP52TP,CS-TVM,Airbus A320neo,TAP Air Portugal,takeoff,depart,1125,261.7,80.1,,15.03,,
2026-06-26,10:21:14,TAP103,CS-TUK,Airbus A330-900neo,TAP Air Portugal,cruise,,575,0.0,84.4,,29.0,,
2026-06-26,10:25:01,4952ce,CS-TVN,Airbus A320neo,TAP Air Portugal,takeoff,depart,1150,256.3,75.6,,15.65,,
2026-06-26,10:30:36,TAP432,CS-TVD,Airbus A320neo,TAP Air Portugal,takeoff,depart,1025,272.8,73.7,,15.42,,
2026-06-26,10:33:29,TAP12LM,CS-TVA,Airbus A320neo,TAP Air Portugal,takeoff,depart,1000,271.7,72.3,,16.18,,
2026-06-26,10:37:19,RYR420Z,EI-EGA,Boeing 737-800,Ryanair,takeoff,depart,1025,300.6,90.1,,57.1,,
2026-06-26,10:40:57,TAP247,CS-TUS,Airbus A330-900neo,TAP Air Portugal,takeoff,depart,1000,299.7,84.0,,23.07,,
2026-06-26,10:44:30,TAP1527,CS-TXD,Airbus A321neo,TAP Air Portugal,takeoff,depart,1825,339.8,60.2,,17.23,,
2026-06-26,10:47:24,EZY75QC,G-UZHO,Airbus A320neo,easyJet,takeoff,depart,2525,388.0,72.5,,13.55,,
2026-06-26,10:49:32,ABF1,OH-SWI,Citation CJ2+,Scanwings OY,cruise,,600,0.0,81.5,,19.13,,
2026-06-26,10:54:46,TAP16AL,CS-TVB,Airbus A320neo,TAP Air Portugal,takeoff,depart,1025,274.1,71.5,,18.16,,
2026-06-26,10:58:21,UAL65,N13013,Boeing 787-10,United Airlines,takeoff,depart,1000,350.8,86.8,,33.07,,
2026-06-26,11:00:51,DAL273,N438DX,Airbus A330-900neo,Delta Air Lines,takeoff,depart,1000,307.1,85.7,,21.05,,
2026-06-26,11:06:38,406e66,G-EZOU,Airbus A320,easyJet,takeoff,depart,1025,292.2,83.7,,27.85,,
2026-06-26,11:09:37,TAP22MI,CS-TUL,Airbus A330-900neo,TAP Air Portugal,takeoff,depart,1000,325.4,85.1,,23.03,,
2026-06-26,11:12:44,TAP1861,CS-TVC,Airbus A320neo,TAP Air Portugal,takeoff,depart,1000,264.1,82.1,,16.99,,
2026-06-26,11:15:47,AAL259,N841AN,Boeing 787-9,American Airlines,takeoff,depart,1075,337.8,88.4,,28.34,,
2026-06-26,11:18:39,TAP257N,CS-TXA,Airbus A321neo,TAP Air Portugal,takeoff,depart,1000,312.1,78.5,,20.19,,
2026-06-26,11:21:09,THY8FT,TC-LSC,Airbus A321neo,Turkish Airlines,takeoff,depart,1025,288.2,86.5,,19.23,,
2026-06-26,11:24:09,TAP057,CS-TUC,Airbus A330-900neo,TAP Air Portugal,climb,depart,1375,327.1,82.0,,20.94,,
2026-06-26,11:27:03,EJU57QA,OE-IDU,Airbus A320,easyJet Europe,takeoff,depart,1050,294.1,85.9,,23.74,,
2026-06-26,11:29:38,TAP1032,CS-TPQ,Embraer E190,TAP Air Portugal,takeoff,depart,1025,284.8,87.3,,28.53,,
2026-06-26,11:32:05,TAP23PN,CS-TJJ,Airbus A321neo,TAP Air Portugal,takeoff,depart,1425,305.8,67.5,,16.08,,
2026-06-26,11:34:54,BAW501,G-TNED,Airbus A321neo,British Airways,takeoff,depart,1100,306.7,88.6,,18.63,,
2026-06-26,11:37:47,TAP64BR,CS-TVI,Airbus A320neo,TAP Air Portugal,takeoff,depart,1300,260.8,74.9,,28.14,,
2026-06-26,11:40:31,495305,CS-TXE,Airbus A321neo,TAP Air Portugal,takeoff,depart,1000,311.5,83.4,,18.98,,
2026-06-26,11:43:36,SAS2802,SE-DOX,Airbus A320neo,SAS Scandinavian,takeoff,depart,1025,294.8,74.4,,18.25,,
2026-06-26,11:49:44,RYR4CU,EI-EFH,Boeing 737-800,Ryanair,takeoff,depart,1025,298.9,92.2,,55.73,,
2026-06-26,11:51:55,TSC481,C-GUBD,Airbus A330-200,Air Transat,takeoff,depart,1075,297.2,87.0,,24.89,,
2026-06-26,11:54:43,495290,CS-TTP,Airbus A319,TAP Air Portugal,cruise,,650,0.0,84.3,,26.98,,
2026-06-26,11:58:30,TAP1206,CS-TJK,Airbus A321neo,TAP Air Portugal,takeoff,depart,1975,337.8,59.8,,14.55,,
2026-06-26,12:00:09,TAP231P,CS-TXK,Airbus A321,TAP Air Portugal,takeoff,depart,1775,323.7,68.6,,14.89,,
2026-06-26,12:02:25,AEA41RG,EC-MPG,Boeing 737-800,Air Europa,takeoff,depart,1850,361.9,56.0,,14.08,,
2026-06-26,12:04:38,LGL3752,LX-LBA,Boeing 737-800,Luxair,takeoff,depart,1025,306.9,88.1,,48.66,,
2026-06-26,12:11:46,RZO1147,CS-TKQ,Airbus A320,TAP Air Portugal,takeoff,depart,1100,279.7,86.8,,27.89,,
2026-06-26,12:14:42,JCB1,M-JCBB,Gulfstream G700,J C Bamford Excavators Ltd,climb,depart,3000,377.6,58.2,,14.34,,
2026-06-26,12:21:22,RYR22RD,9H-QEW,Boeing 737-800,Malta Air,takeoff,depart,1000,303.4,90.9,,42.82,,
2026-06-26,12:24:10,RYR990N,EI-HET,Boeing 737 MAX 8,Ryanair,takeoff,depart,1025,311.3,86.2,,26.49,,
2026-06-26,12:28:40,RYR1LX,EI-GXM,Boeing 737-800,Ryanair,takeoff,depart,1025,307.2,91.5,,52.08,,
2026-06-26,12:31:44,KLM74L,PH-AXE,Airbus A321neo,KLM,takeoff,depart,1025,292.2,112.0,,18.83,,
2026-06-26,12:34:29,495306,CS-TXF,Airbus A321neo,TAP Air Portugal,takeoff,depart,1025,313.0,82.8,,18.6,,
2026-06-26,12:39:49,TAP201,CS-TXJ,Airbus A321neo,TAP Air Portugal,takeoff,depart,1000,318.5,74.6,,20.07,,
2026-06-26,12:44:36,UAL943,N791UA,Boeing 777-200,United Airlines,takeoff,depart,1100,333.2,91.8,,35.65,,
2026-06-26,12:47:44,BEL3HE,OO-SNK,Airbus A320,Brussels Airlines,takeoff,depart,1000,269.7,84.7,,25.24,,
2026-06-26,12:53:45,EJU54WH,OE-LSF,Airbus A320neo,easyJet Europe,takeoff,depart,1925,311.0,60.0,,16.0,,
2026-06-26,12:59:54,TAP43TR,CS-TJS,Airbus A321neo,TAP Air Portugal,takeoff,depart,1050,282.1,72.2,,18.92,,
2026-06-26,13:03:05,TAP83K,CS-TNN,Airbus A320,TAP Air Portugal,takeoff,depart,1075,293.4,90.6,,36.08,,
2026-06-26,13:05:49,TAP824,CS-TTS,Airbus A319,TAP Air Portugal,takeoff,depart,1050,291.7,87.8,,30.77,,
2026-06-26,13:09:15,AZU8901,CS-TSW,Boeing 777-200,Azul,takeoff,depart,1100,342.6,90.4,,24.35,,
2026-06-26,13:12:11,AFR31PQ,F-HOZD,Airbus A220-300,Air France,takeoff,depart,1000,268.0,86.4,,17.85,,
2026-06-26,13:15:19,TAP670,CS-TJP,Airbus A321neo,TAP Air Portugal,takeoff,depart,1150,269.5,75.8,,18.45,,
2026-06-26,13:17:45,TAP764,CS-TJL,Airbus A321neo,TAP Air Portugal,takeoff,depart,1000,305.8,84.7,,19.53,,
2026-06-26,13:21:14,DLH35M,D-AIED,Airbus A321neo,Lufthansa,takeoff,depart,1150,288.2,86.1,,19.48,,
2026-06-26,13:23:46,RZO123,,,TAP Air Portugal,takeoff,depart,1175,298.5,84.6,,27.95,,
2026-06-26,13:26:34,TAP243U,CS-TUD,Airbus A330-900neo,TAP Air Portugal,takeoff,depart,1600,315.2,69.5,,15.74,,
2026-06-26,13:29:30,EJU34VC,OE-IDS,Airbus A320,easyJet Europe,takeoff,depart,1550,287.2,80.4,,20.52,,
2026-06-26,13:31:28,EWG3GH,D-AENI,Airbus A320neo,Eurowings,takeoff,depart,1600,286.1,65.4,,16.49,,
2026-06-26,13:34:36,TAP1104,CS-TAX,Embraer E195,TAP Air Portugal,takeoff,depart,1000,268.0,86.1,,28.1,,
2026-06-26,13:37:46,TAP109,CS-TOO,Airbus A330-200,TAP Air Portugal,takeoff,depart,1500,333.0,67.1,,16.1,,
2026-06-26,13:40:45,ACA813,C-GHKW,Airbus A330-300,Air Canada,takeoff,depart,1000,287.4,87.7,,37.12,,
2026-06-26,13:45:28,TAP14NC,CS-TXG,Airbus A321neo,TAP Air Portugal,takeoff,depart,1025,292.1,83.8,,17.97,,
2026-06-26,13:48:54,TAP089,CS-TUI,Airbus A330-900neo,TAP Air Portugal,takeoff,depart,1000,297.2,86.0,,27.54,,
2026-06-26,13:51:46,TAP542U,CS-TTW,Embraer E195,TAP Air Portugal,takeoff,depart,1050,293.7,83.8,,24.69,,
2026-06-26,13:54:46,EJU68GB,OE-IWW,Airbus A320,easyJet Europe,takeoff,depart,1675,302.6,65.8,,17.04,,
2026-06-26,13:57:13,EWG66L,9H-SWC,Airbus A320,Eurowings,takeoff,depart,1000,280.6,91.6,,31.88,,
2026-06-26,14:02:36,EJU17CM,OE-IDT,Airbus A320,easyJet Europe,takeoff,depart,1050,275.6,83.2,,26.88,,
2026-06-26,14:05:16,TAP295,CS-TOP,Airbus A330-200,TAP Air Portugal,takeoff,depart,1200,296.1,91.9,,45.8,,
2026-06-26,14:08:43,IBE05PL,EC-NAY,Airbus A320neo,Iberia,takeoff,depart,2425,322.1,58.6,,15.46,,
2026-06-26,14:10:47,TAP932,CS-TVQ,Airbus A320neo,TAP Air Portugal,takeoff,depart,1000,269.5,72.9,,16.47,,
2026-06-26,14:16:14,TVF76UF,F-HUYL,Boeing 737-800,Transavia France,takeoff,depart,1025,301.1,87.3,,45.4,,
2026-06-26,14:19:00,EZY72NL,G-UZLS,Airbus A320neo,easyJet,takeoff,depart,1025,276.5,82.4,,18.63,,
2026-06-26,14:25:06,TAP1034,CS-TPO,Embraer E190,TAP Air Portugal,takeoff,depart,1400,260.9,83.9,,32.36,,
2026-06-26,14:28:00,ACA811,C-FIUW,Boeing 777-300ER,Air Canada,takeoff,depart,1075,338.0,90.1,,33.32,,
2026-06-26,14:33:12,TAP42LV,CS-TNM,Airbus A320,TAP Air Portugal,takeoff,depart,1025,268.9,86.5,,28.1,,
2026-06-26,14:36:11,TAP86VR,CS-TJN,Airbus A321neo,TAP Air Portugal,takeoff,depart,1025,288.5,84.5,,19.45,,
2026-06-26,14:41:01,EJU92KQ,OE-LQD,Airbus A319,easyJet Europe,takeoff,depart,1000,280.6,87.0,,30.58,,
2026-06-26,14:43:25,RYR5HE,9H-VUF,Boeing 737 MAX 8,Malta Air,takeoff,depart,1025,297.4,84.7,,23.31,,
2026-06-26,14:48:43,TAP1928,CS-TPX,Embraer E190,TAP Air Portugal,takeoff,depart,1025,273.9,86.1,,27.09,,
2026-06-26,14:51:20,TAP72LP,CS-TVJ,Airbus A320neo,TAP Air Portugal,takeoff,depart,1525,278.5,71.1,,16.21,,
2026-06-26,14:54:04,UAE192,A6-EPF,Boeing 777-300ER,Emirates,takeoff,depart,1075,337.1,88.6,,25.56,,
2026-06-26,15:00:15,TAP1242,CS-TNV,Airbus A320,TAP Air Portugal,takeoff,depart,1050,260.9,89.1,,36.45,,
2026-06-26,15:03:24,TAP10AD,CS-TTY,Embraer E195,TAP Air Portugal,takeoff,depart,1000,278.9,86.5,,27.14,,
2026-06-26,15:09:57,RYR27ST,EI-DWH,Boeing 737-800,Ryanair,takeoff,depart,1025,295.8,89.2,,59.78,,
2026-06-26,15:13:32,VLG6LF,EC-MHB,Airbus A321,Vueling,takeoff,depart,1150,272.8,87.8,,34.27,,
2026-06-26,15:16:22,495210,CS-TPP,Embraer E190,TAP Air Portugal,cruise,,650,0.0,86.2,,28.36,,
2026-06-26,15:19:09,LOT7KU,SP-LVQ,Boeing 737 MAX 8,LOT Polish Airlines,takeoff,depart,1000,306.1,87.0,,24.63,,
2026-06-26,15:21:48,TAP50Y,CS-TJR,Airbus A321neo,TAP Air Portugal,takeoff,depart,1450,302.1,73.8,,15.35,,
2026-06-26,15:23:39,TAP554M,CS-TNJ,Airbus A320,TAP Air Portugal,takeoff,depart,1275,285.0,92.0,,38.01,,
2026-06-26,15:27:29,TAP826,CS-TVA,Airbus A320neo,TAP Air Portugal,takeoff,depart,1000,271.9,82.0,,15.26,,
2026-06-26,15:29:02,49529a,CS-TTZ,Embraer E195,TAP Air Portugal,cruise,,600,0.0,86.5,,26.54,,
2026-06-26,15:31:31,RZO153,CS-TKP,Airbus A320,TAP Air Portugal,takeoff,depart,2250,412.3,84.6,,18.06,,
2026-06-26,15:32:56,QTR99L,A7-BCM,Boeing 787-8,Qatar Airways,takeoff,depart,2150,321.5,60.1,,13.6,,
2026-06-26,15:35:15,RYR2GC,EI-HGR,Boeing 737 MAX 8,Ryanair,takeoff,depart,1000,296.9,86.8,,22.91,,
2026-06-26,15:37:17,TAP836A,CS-TNX,Airbus A320,TAP Air Portugal,takeoff,depart,1625,294.8,70.7,,15.56,,
2026-06-26,15:42:42,SWR8YB,HB-JCN,C Series 300,Swiss,takeoff,depart,1000,253.2,84.0,,15.91,,
2026-06-26,15:47:12,TAP13DU,CS-TPS,Embraer E190,TAP Air Portugal,takeoff,depart,1000,279.7,87.1,,29.27,,
2026-06-26,15:50:20,TAP1124,CS-TPU,Embraer E190,TAP Air Portugal,takeoff,depart,1000,286.9,85.9,,31.24,,
2026-06-26,15:53:15,RZO125,CS-TSF,Airbus A321neo,TAP Air Portugal,takeoff,depart,1000,277.6,84.8,,17.22,,
2026-06-26,16:00:09,4952cf,CS-TVO,Airbus A320neo,TAP Air Portugal,cruise,,625,0.0,78.9,,15.41,,
2026-06-26,16:02:50,KLM80Z,PH-AXP,Airbus A321neo,KLM,takeoff,depart,1025,285.6,83.3,,20.44,,
2026-06-26,16:05:57,3c64a5,D-AIEE,Airbus A321neo,Lufthansa,cruise,,350,0.0,89.5,,19.46,,
2026-06-26,16:09:31,440d10,OE-IBS,Airbus A320,easyJet Europe,takeoff,depart,1100,285.6,91.8,,27.88,,
2026-06-26,16:12:38,TAP876,CS-TPW,Embraer E190,TAP Air Portugal,takeoff,depart,1000,276.1,88.2,,33.35,,
2026-06-26,16:15:14,AEA67QW,EC-MQP,Boeing 737-800,Air Europa,takeoff,depart,1000,294.7,91.4,,44.67,,
2026-06-26,16:18:03,AFR99MY,F-HBNH,Airbus A320,Air France,takeoff,depart,1650,274.5,81.5,,23.72,,
2026-06-26,16:20:35,TCV607,D4-CCI,Boeing 737-700,Cabo Verde Airlines,takeoff,depart,1075,303.7,86.8,,47.52,,
2026-06-26,16:23:09,TAP1930,CS-TPR,Embraer E190,TAP Air Portugal,takeoff,depart,1175,275.6,86.5,,30.86,,
2026-06-26,16:26:07,491312,CS-DXR,Citation XLS,NetJets,takeoff,depart,1025,302.2,71.4,,15.06,,
2026-06-26,16:31:48,ASL17H,YU-APB,Airbus A319,Air Serbia,takeoff,depart,1000,281.3,83.4,,33.64,,
2026-06-26,16:34:31,4952d0,CS-TVP,Airbus A320neo,TAP Air Portugal,cruise,,750,288.9,74.6,,17.46,,
2026-06-26,16:36:37,BTI7FR,YL-ABF,A220 300,Air Baltic,takeoff,depart,2925,266.7,66.4,,14.37,,
2026-06-26,16:38:17,TAP44BR,CS-TNL,Airbus A320,TAP Air Portugal,takeoff,depart,1675,321.3,61.6,,14.16,,
2026-06-26,16:40:26,VLG35PE,EC-OFH,Airbus A320,Vueling,takeoff,depart,1325,276.5,86.4,,27.3,,
2026-06-26,16:42:56,EJU62BF,OE-LKK,Airbus A319,easyJet Europe,takeoff,depart,1050,287.2,90.2,,33.48,,
2026-06-26,16:45:43,495214,CS-TPT,Embraer E190,TAP Air Portugal,takeoff,depart,1000,276.3,86.0,,30.36,,
2026-06-26,16:48:28,TAP1905,CS-TPZ,Embraer E190,TAP Air Portugal,takeoff,depart,1000,273.4,85.6,,26.92,,
2026-06-26,16:50:56,461fa9,OH-LZT,Airbus A321,Finnair,cruise,,500,0.0,92.9,,69.07,,
2026-06-26,16:53:45,EJU15RE,OE-LSP,Airbus A320,easyJet Europe,takeoff,depart,1000,290.2,74.5,,17.33,,
2026-06-26,16:55:36,WPT3161,EC-OND,Airbus A330-300,,takeoff,depart,1075,310.6,89.5,,45.18,,
2026-06-26,17:03:54,TAP91SR,CS-TJI,Airbus A321neo,TAP Air Portugal,takeoff,depart,1025,301.7,87.5,,28.13,,
2026-06-26,17:08:44,TP438T,CS-TJE,Airbus A321,TAP Air Portugal,takeoff,depart,1000,306.9,82.5,,35.38,,
2026-06-26,17:13:50,4bb2b0,TC-LUP,Airbus A321,Turkish Airlines,cruise,,525,0.0,84.0,,22.4,,
2026-06-26,17:16:53,TAP1018,CS-TAX,Embraer E195,TAP Air Portugal,takeoff,depart,1075,282.4,85.0,,37.17,,
2026-06-26,17:19:28,ANE79CP,EC-MJP,Bombardier CRJ-1000,Air Nostrum,takeoff,depart,1000,284.8,90.1,,42.25,,
2026-06-26,17:23:41,EJU43QE,OE-IDU,Airbus A320,easyJet Europe,takeoff,depart,1025,287.8,85.8,,35.85,,
2026-06-26,17:26:04,EJU45WU,OE-LSA,Airbus A320neo,easyJet Europe,takeoff,depart,1850,326.9,57.8,,13.57,,
2026-06-26,17:27:45,EJU35WH,OE-LQS,Airbus A319,easyJet Europe,takeoff,depart,1100,281.7,87.9,,30.43,,
2026-06-26,17:31:24,EJU56YT,OE-LSR,Airbus A320,easyJet Europe,takeoff,depart,1000,278.0,73.2,,15.54,,
2026-06-26,17:33:28,SWR2GX,HB-JPF,Airbus A321neo,Swiss,takeoff,depart,1100,324.7,84.7,,18.77,,
2026-06-26,17:37:00,TAP011,CS-TUG,Airbus A330-900neo,TAP Air Portugal,takeoff,depart,1025,308.9,86.3,,22.63,,
2026-06-26,17:42:04,EZY35AB,G-UZHL,Airbus A320neo,easyJet,takeoff,depart,1000,285.2,74.4,,19.11,,
2026-06-26,17:44:01,RYR7WW,9H-QEJ,Boeing 737-800,Malta Air,takeoff,depart,1525,316.1,79.8,,30.05,,
2026-06-26,17:45:58,TAP209K,CS-TUA,Airbus A330-900neo,TAP Air Portugal,takeoff,depart,1025,321.0,84.9,,23.89,,
2026-06-26,17:49:32,RYR3628,EI-EBE,Boeing 737-800,Ryanair,takeoff,depart,1000,296.9,88.0,,50.53,,
2026-06-26,17:51:37,TAP1863,CS-TVD,Airbus A320neo,TAP Air Portugal,takeoff,depart,1425,282.6,71.0,,17.01,,
2026-06-26,17:59:27,TAP564C,CS-TNU,Airbus A320,TAP Air Portugal,takeoff,depart,1000,281.7,88.5,,34.15,,
2026-06-26,18:05:10,VLG2CU,EC-OGE,Airbus A320,Vueling,takeoff,depart,1125,296.7,87.8,,35.88,,
2026-06-26,18:07:39,EJU65YE,OE-LSF,Airbus A320neo,easyJet Europe,takeoff,depart,1000,284.1,79.3,,16.06,,
2026-06-26,18:09:35,495303,CS-TXC,Airbus A321neo,TAP Air Portugal,takeoff,depart,1225,325.4,79.6,,22.29,,
2026-06-26,18:12:14,49530d,CS-TXM,Airbus A321,TAP Air Portugal,takeoff,depart,1050,334.3,83.5,,22.25,,
2026-06-26,18:14:53,TAP225V,CS-TUF,Airbus A330-900neo,TAP Air Portugal,takeoff,depart,1025,292.1,89.8,,25.29,,
2026-06-26,18:22:51,RYR088,EI-GXM,Boeing 737-800,Ryanair,takeoff,depart,1175,303.0,93.2,,58.84,,
2026-06-26,18:26:02,TAP035,EC-NBN,Airbus A330-200,TAP Air Portugal,takeoff,depart,1150,308.5,94.0,,70.43,,
2026-06-26,18:29:19,TAP203,CS-TUQ,Airbus A330-900neo,TAP Air Portugal,takeoff,depart,1950,449.7,56.0,,14.33,,
2026-06-26,18:31:17,TAP261,CS-TXI,Airbus A321neo,TAP Air Portugal,takeoff,depart,1025,321.5,79.0,,20.58,,
2026-06-26,18:33:48,RYR4CB,EI-IJR,Boeing 737 MAX 8,Ryanair,takeoff,depart,1075,303.4,85.8,,24.88,,
2026-06-26,18:36:51,TAP009,CS-TXL,Airbus A321neo,TAP Air Portugal,takeoff,depart,1000,310.6,82.6,,19.48,,
2026-06-26,18:39:17,DLH42Y,D-AIEB,Airbus A321neo,Lufthansa,takeoff,depart,1200,284.1,85.6,,22.8,,
2026-06-26,18:41:45,TAP4BE,CS-TJM,Airbus A321neo,TAP Air Portugal,takeoff,depart,1000,311.5,80.5,,19.68,,
2026-06-26,18:44:28,4cafc3,EI-GXH,Boeing 737-800,Ryanair,takeoff,depart,1050,293.7,88.6,,46.99,,
2026-06-26,18:48:00,TAP1932,CS-TNS,Airbus A320,TAP Air Portugal,takeoff,depart,1025,284.5,86.9,,40.09,,
2026-06-26,18:50:33,4951d1,CS-TNQ,Airbus A320,TAP Air Portugal,takeoff,depart,1075,272.8,87.6,,38.7,,
2026-06-26,18:53:28,RYR6YK,9H-QCA,Boeing 737-800,Malta Air,takeoff,depart,1025,305.0,90.9,,53.46,,
2026-06-26,18:57:22,TAP67NP,CS-TVL,Airbus A320,TAP Air Portugal,takeoff,depart,1000,268.5,85.2,,18.1,,
2026-06-26,18:59:25,DAH3005,7T-VJQ,737NG 6D6,Air Algerie,takeoff,depart,1775,325.0,60.3,,14.92,,
2026-06-26,19:02:12,TAP6CY,CS-TVK,Airbus A320neo,TAP Air Portugal,takeoff,depart,2125,335.4,55.9,,14.68,,
2026-06-26,19:04:30,RYR103K,EI-IKT,Boeing 737 MAX 8,Ryanair,takeoff,depart,1025,309.5,89.4,,32.57,,
2026-06-26,19:07:17,TAP934,CS-TVR,Airbus A320neo,TAP Air Portugal,takeoff,depart,1075,265.6,77.4,,18.79,,
2026-06-26,19:10:49,TAP253R,CS-TXG,Airbus A321neo,TAP Air Portugal,takeoff,depart,1025,313.4,81.2,,19.96,,
2026-06-26,19:13:39,EWG16F,D-AEED,Airbus A321,Eurowings,takeoff,depart,1025,309.7,84.0,,20.28,,
2026-06-26,19:16:54,EJU41EH,OE-IDS,Airbus A320,easyJet Europe,takeoff,depart,1025,296.1,88.1,,41.38,,
2026-06-26,19:19:43,EJU68VM,OE-IDT,Airbus A320,easyJet Europe,takeoff,depart,1050,278.9,84.9,,35.83,,
2026-06-26,19:27:04,TVF15AN,F-GZHK,Boeing 737-800,Transavia France,takeoff,depart,1000,321.3,89.5,,59.73,,
2026-06-26,19:30:19,RAM983,CN-MAX,Boeing 737 MAX 8,Royal Air Maroc,takeoff,depart,1025,297.6,83.3,,22.61,,
2026-06-26,19:33:08,VLG631N,EC-KLT,Airbus A320,Vueling,takeoff,depart,1075,289.8,85.9,,38.78,,
2026-06-26,19:35:39,BAW507,G-TTNY,Airbus A320neo,British Airways,takeoff,depart,1200,269.3,82.2,,17.32,,
2026-06-26,19:38:18,45ce4e,OY-SRN,767 219ERBDSF,Star Air,takeoff,depart,1050,302.6,81.8,,26.72,,
2026-06-26,19:41:34,TAP1150,CS-TPQ,Embraer E190,TAP Air Portugal,takeoff,depart,1050,273.4,83.1,,36.46,,
2026-06-26,19:45:20,TAP20L,CS-TPX,Embraer E190,TAP Air Portugal,takeoff,depart,1000,278.0,86.1,,33.07,,
2026-06-26,19:47:34,342091,EC-ILS,Airbus A320,Iberia,cruise,,675,0.0,87.2,,38.89,,
2026-06-26,19:50:29,RYR200Z,EI-GJS,Boeing 737-800,Ryanair,takeoff,depart,1050,307.8,91.5,,61.97,,
2026-06-26,19:53:01,4952af,CS-TUO,Airbus A330-900neo,TAP Air Portugal,cruise,,450,0.0,86.2,,33.24,,
2026-06-26,19:56:33,EZS18AR,HB-JZY,Airbus A320,Austrian Airlines,takeoff,depart,1125,290.6,83.8,,31.35,,
2026-06-26,19:59:17,TAP58Y,CS-TVC,Airbus A320neo,TAP Air Portugal,takeoff,depart,1000,277.6,80.5,,21.0,,
2026-06-26,20:02:23,484c9b,PH-HXM,Boeing 737-800,Turkish Airlines,cruise,,475,0.0,90.1,,70.7,,
2026-06-26,20:05:20,TAP38KJ,EC-OCT,Airbus A321,TAP Air Portugal,takeoff,depart,1000,323.4,92.8,,79.46,,
2026-06-26,20:07:45,TAP556,CS-TVN,Airbus A320neo,TAP Air Portugal,takeoff,depart,2575,405.4,65.7,,15.19,,
2026-06-26,20:09:01,BCS1LG,D-AEAI,A300 B4-622RF,Lufthansa,climb,depart,3225,300.6,79.3,,25.96,,
2026-06-26,20:11:15,TAP93MA,CS-TTY,Embraer E195,TAP Air Portugal,takeoff,depart,1000,294.1,89.9,,42.9,,
2026-06-26,20:14:09,RZO127,CS-TKQ,Airbus A320,TAP Air Portugal,takeoff,depart,1025,286.1,85.9,,44.74,,
2026-06-26,20:23:40,347555,,,,landing,arrivee,1075,272.4,94.2,,56.4,,
2026-06-26,20:26:02,4951cd,CS-TNM,Airbus A320,TAP Air Portugal,landing,arrivee,1250,292.1,92.2,,37.49,,
2026-06-26,20:28:50,495038,CS-TAX,Embraer E195,TAP Air Portugal,landing,arrivee,1075,272.4,92.7,,40.58,,
2026-06-26,20:31:28,346184,EC-NDC,Airbus A320neo,Vueling,landing,arrivee,1075,277.2,91.6,,29.42,,
2026-06-26,20:33:50,TAP93ZS,CS-TVQ,Airbus A320neo,TAP Air Portugal,landing,arrivee,1125,278.0,87.2,,27.67,,
2026-06-26,20:36:03,VLG8UE,EC-KHN,Airbus A320,Vueling,landing,arrivee,1325,284.1,94.3,,38.75,,
2026-06-26,20:39:32,495297,CS-TTW,Embraer E195,TAP Air Portugal,landing,arrivee,1050,268.9,90.5,,29.6,,
2026-06-26,20:42:13,WMT537,9H-XLF,Airbus A321neo,Lauda Europe,landing,arrivee,1075,270.8,89.6,,32.69,,
2026-06-26,20:46:36,TAP1207,CS-TJK,Airbus A321neo,TAP Air Portugal,landing,arrivee,1100,255.6,92.3,,28.04,,
2026-06-26,20:58:07,EZY25BM,G-UZHJ,Airbus A320neo,easyJet,landing,arrivee,1100,249.1,91.2,,29.07,,
2026-06-26,21:03:02,495149,CS-TJI,Airbus A321neo,TAP Air Portugal,landing,arrivee,1075,284.3,93.7,,32.32,,
2026-06-26,21:05:44,495170,CS-TKP,Airbus A320,TAP Air Portugal,landing,arrivee,1125,271.3,93.9,,34.0,,
2026-06-26,21:08:43,RYR76WW,EI-IHY,Boeing 737 MAX 8,Ryanair,landing,arrivee,1150,278.2,96.2,,41.19,,
2026-06-26,21:10:44,RZO134,CS-TSM,Airbus A320,TAP Air Portugal,landing,arrivee,1075,257.2,91.0,,28.34,,
2026-06-26,21:13:04,TAP437X,CS-TVO,Airbus A320neo,TAP Air Portugal,landing,arrivee,1125,244.6,92.0,,39.08,,
2026-06-26,21:15:56,495214,CS-TPT,Embraer E190,TAP Air Portugal,landing,arrivee,1050,253.2,90.1,,28.56,,
2026-06-26,21:18:23,345643,EC-MVE,Airbus A320,Vueling,landing,arrivee,1075,265.6,89.3,,28.02,,
2026-06-26,21:20:37,406a92,G-EZWR,Airbus A320,easyJet,cruise,,1450,0.0,60.6,,15.77,,
2026-06-26,21:24:02,RYR24SE,9H-VUF,Boeing 737 MAX 8,Malta Air,landing,arrivee,1075,300.6,92.7,,41.8,,
2026-06-26,21:27:00,4ca293,EI-DEM,Airbus A320,Aer Lingus,cruise,,1100,0.0,93.4,,37.11,,
2026-06-26,21:31:50,TAP57W,CS-TJR,Airbus A321neo,TAP Air Portugal,landing,arrivee,1075,283.0,94.0,,25.89,,
2026-06-26,21:34:48,504e89,ER-00005,Airbus A320,Fly One,cruise,,1075,0.0,94.3,,42.7,,
2026-06-26,21:36:25,4952c1,CS-TVA,Airbus A320neo,TAP Air Portugal,landing,arrivee,1025,265.6,89.9,,30.52,,
2026-06-26,21:38:42,PGT1561,TC-NBR,Airbus A320neo,Pegasus,landing,arrivee,1075,252.4,89.5,,32.74,,
2026-06-26,21:41:12,495213,CS-TPS,Embraer E190,TAP Air Portugal,landing,arrivee,1075,254.8,92.3,,32.68,,
2026-06-26,21:42:54,4d2212,9H-QCB,Boeing 737-800,Malta Air,landing,arrivee,1025,281.1,98.5,,45.76,,
2026-06-26,21:45:35,WJA32,C-FXWJ,Boeing 737 MAX 8,WestJet,landing,arrivee,1100,286.9,88.9,,37.25,,
2026-06-26,21:48:19,49514e,CS-TJN,Airbus A321neo,TAP Air Portugal,landing,arrivee,1175,260.8,91.9,,30.48,,
2026-06-26,21:51:05,TAP837,CS-TNX,Airbus A320,TAP Air Portugal,landing,arrivee,1050,264.8,93.4,,35.16,,
2026-06-26,21:52:38,4cac86,EI-HMZ,Boeing 737 MAX 8,Ryanair,landing,arrivee,1075,286.5,95.7,,50.7,,
2026-06-26,21:54:20,TAP67U,CS-TVG,Airbus A320neo,TAP Air Portugal,landing,arrivee,1100,257.2,92.6,,29.27,,
2026-06-26,21:58:34,4cafd2,EI-GXM,Boeing 737-800,Ryanair,landing,arrivee,1100,302.2,92.9,,58.86,,
2026-06-26,22:05:35,3c56f5,D-AEWU,Airbus A320,Eurowings,landing,arrivee,1200,268.2,95.3,,39.63,,
2026-06-26,22:10:58,VOE54GD,EC-NOY,Airbus A320,Volotea,landing,arrivee,800,257.2,93.3,,38.49,,
2026-06-26,22:15:23,49514c,CS-TJL,Airbus A321neo,TAP Air Portugal,landing,arrivee,1075,278.2,94.1,,38.13,,
2026-06-26,22:18:00,4400dc,OE-IDT,Airbus A320,easyJet Europe,landing,arrivee,1075,267.2,92.7,,41.47,,
2026-06-26,22:21:48,TAP555,CS-TNJ,Airbus A320,TAP Air Portugal,landing,arrivee,350,260.0,54.7,,15.09,,
2026-06-26,22:23:40,46b823,SX-NAC,Airbus A321neo,Aegean Airlines,landing,arrivee,1075,254.8,93.4,,36.21,,
2026-06-26,22:26:25,3964f4,F-GZHU,Boeing 737-800,Transavia France,landing,arrivee,1125,275.8,92.5,,51.23,,
2026-06-26,22:29:33,TAP1243,CS-TNV,Airbus A320,TAP Air Portugal,landing,arrivee,1075,268.9,91.6,,37.83,,
2026-06-26,22:34:07,46a5e2,SX-IOB,Airbus A320neo,,landing,arrivee,1075,236.7,91.5,,23.08,,
2026-06-26,22:36:45,495146,CS-TJF,Airbus A321,TAP Air Portugal,landing,arrivee,1100,250.8,94.1,,48.6,,
2026-06-26,22:39:31,3950cd,F-GUGN,A318 111,Air France,cruise,,1200,0.0,78.3,,15.31,,
2026-06-26,22:41:30,4952d0,CS-TVP,Airbus A320neo,TAP Air Portugal,cruise,,1150,0.0,89.5,,29.03,,
2026-06-26,22:48:36,DLH64P,D-AIEA,Airbus A321neo,Lufthansa,landing,arrivee,1225,252.4,94.5,,30.64,,
2026-06-26,22:50:51,TRA78L,PH-YHB,Airbus A321neo,Transavia,landing,arrivee,925,254.8,93.3,,29.3,,
2026-06-26,22:53:26,EJU56VP,OE-IBS,Airbus A320,easyJet Europe,landing,arrivee,1050,261.5,89.7,,37.43,,
2026-06-26,22:56:10,495217,CS-TPW,Embraer E190,TAP Air Portugal,cruise,,1000,240.8,90.9,,31.37,,
2026-06-26,22:58:28,4951cc,CS-TNL,Airbus A320,TAP Air Portugal,cruise,,1125,255.6,97.6,,56.52,,
2026-06-26,23:03:48,TAP64M,CS-TVD,Airbus A320neo,TAP Air Portugal,landing,arrivee,1075,252.4,95.3,,27.54,,
2026-06-26,23:06:17,495218,CS-TPX,Embraer E190,TAP Air Portugal,landing,arrivee,1025,252.4,90.7,,36.24,,
2026-06-26,23:08:01,3423c3,EC-JQZ,Airbus A321,Iberia,cruise,,1100,0.0,95.4,,38.12,,
2026-06-26,23:10:42,4cac55,EI-HGR,Boeing 737 MAX 8,Ryanair,landing,arrivee,1075,294.8,94.1,,40.76,,
2026-06-26,23:13:46,440c35,OE-LSA,Airbus A320neo,easyJet Europe,landing,arrivee,1075,275.6,91.3,,30.82,,
2026-06-26,23:16:47,EJU15PC,OE-LSF,Airbus A320neo,easyJet Europe,landing,arrivee,1075,261.5,90.4,,26.91,,
2026-06-26,23:19:33,TAP43RY,CS-TJE,Airbus A321,TAP Air Portugal,landing,arrivee,1075,276.5,93.4,,39.69,,
2026-06-26,23:22:20,4d20c7,9H-VFA,Challenger 605,VistaJet,landing,arrivee,1125,240.8,85.9,,20.42,,
2026-06-26,23:25:09,THY2ES,TC-JZH,Boeing 737-800,Turkish Airlines,landing,arrivee,1050,274.8,94.4,,60.41,,
2026-06-26,23:27:42,40097c,G-EUUA,Airbus A320,British Airways,landing,arrivee,1075,250.8,92.3,,40.57,,
2026-06-26,23:30:24,EJU91TW,OE-LSR,Airbus A320,easyJet Europe,landing,arrivee,1075,264.8,89.7,,35.66,,
2026-06-26,23:32:07,440da5,OE-IDS,Airbus A320,easyJet Europe,cruise,,1125,0.0,94.0,,53.7,,
2026-06-26,23:33:57,SWR755L,HB-JDH,Airbus A320neo,Swiss,landing,arrivee,1100,254.1,94.1,,35.07,,
2026-06-26,23:35:51,TVF47RH,F-HUYG,Boeing 737-800,Transavia France,landing,arrivee,1050,282.1,96.0,,69.45,,
2026-06-26,23:38:53,RYR63TC,9H-QEJ,Boeing 737-800,Malta Air,landing,arrivee,1025,275.6,96.5,,47.62,,
2026-06-26,23:40:43,EJU36BG,OE-IDU,Airbus A320,easyJet Europe,cruise,,1100,0.0,92.9,,36.63,,
2026-06-26,23:42:25,TAP94KM,CS-TTY,Embraer E195,TAP Air Portugal,landing,arrivee,1000,267.2,94.0,,37.83,,
2026-06-26,23:48:10,495211,CS-TPQ,Embraer E190,TAP Air Portugal,landing,arrivee,925,236.7,90.5,,30.32,,
2026-06-26,23:52:29,DLH23C,D-AIDB,Airbus A321,Lufthansa,landing,arrivee,1125,281.3,92.6,,35.71,,
2026-06-27,00:02:22,WZZ84UJ,9H-WNY,Airbus A321neo,Wizz Air,landing,arrivee,1100,244.8,90.4,,31.2,,
2026-06-27,00:04:33,4951d2,CS-TNR,Airbus A320,TAP Air Portugal,landing,arrivee,1100,274.8,89.3,,37.27,,
2026-06-27,00:07:08,TAP39PT,EC-OCT,Airbus A321,TAP Air Portugal,landing,arrivee,1075,255.9,93.8,,31.74,,
2026-06-27,00:09:34,4868bc,PH-AXN,Airbus A321neo,KLM,landing,arrivee,1225,268.0,82.9,,17.18,,
2026-06-27,00:12:16,4ca80e,EI-EKN,Boeing 737-800,Ryanair,landing,arrivee,1075,280.6,105.1,,47.08,,
2026-06-27,01:43:45,RZO128,CS-TSG,Airbus A321neo,TAP Air Portugal,landing,arrivee,1125,273.2,90.4,,29.6,,
2026-06-27,02:24:18,4d2304,9H-VUF,Boeing 737 MAX 8,Malta Air,landing,arrivee,1100,295.8,93.5,,38.24,,
2026-06-27,04:36:08,49530b,CS-TXK,Airbus A321,TAP Air Portugal,landing,arrivee,1100,276.5,88.8,,34.37,,
2026-06-27,04:38:15,49530a,CS-TXJ,Airbus A321neo,TAP Air Portugal,landing,arrivee,1075,248.4,90.1,,31.84,,
2026-06-27,04:40:06,TAP074,CS-TUB,Airbus A330-900neo,TAP Air Portugal,landing,arrivee,1100,263.2,95.3,,49.99,,
2026-06-27,04:43:20,495304,CS-TXD,Airbus A321neo,TAP Air Portugal,landing,arrivee,1100,248.4,91.6,,32.91,,
2026-06-27,04:50:01,4952a8,CS-TUH,Airbus A330-900neo,TAP Air Portugal,landing,arrivee,1075,258.9,98.7,,55.24,,
2026-06-27,04:52:40,TAP218,CS-TXF,Airbus A321neo,TAP Air Portugal,landing,arrivee,1075,243.2,91.2,,36.9,,
2026-06-27,05:18:06,495301,CS-TXA,Airbus A321neo,TAP Air Portugal,cruise,,1175,0.0,90.8,,37.03,,
2026-06-27,05:34:48,TAP1550,CS-TVF,Airbus A320neo,TAP Air Portugal,landing,arrivee,1250,238.2,58.6,,14.64,,
2026-06-27,05:39:16,4952ac,CS-TUL,Airbus A330-900neo,TAP Air Portugal,landing,arrivee,1200,260.8,94.1,,54.9,,
2026-06-27,05:46:16,TAP1937,CS-TTR,Airbus A319,TAP Air Portugal,landing,arrivee,975,234.6,95.2,,42.38,,
2026-06-27,06:01:14,TAP96AW,CS-TPO,Embraer E190,TAP Air Portugal,landing,arrivee,1025,238.4,90.6,,36.94,,
2026-06-27,06:04:24,TAP1484,CS-TJH,Airbus A321,TAP Air Portugal,landing,arrivee,1125,276.5,95.9,,51.12,,
2026-06-27,06:07:07,4952cd,CS-TVM,Airbus A320neo,TAP Air Portugal,landing,arrivee,1075,267.2,90.2,,30.12,,
2026-06-27,06:13:49,TAP1097,CS-TTW,Embraer E195,TAP Air Portugal,landing,arrivee,1050,253.2,92.0,,32.22,,
2026-06-27,06:16:01,TAP296,CS-TOP,Airbus A330-200,TAP Air Portugal,landing,arrivee,1000,258.4,95.5,,51.43,,
2026-06-27,06:20:19,495214,CS-TPT,Embraer E190,TAP Air Portugal,landing,arrivee,1025,236.7,91.3,,35.55,,
2026-06-27,06:29:16,QTR343,A7-BCT,Boeing 787-8,Qatar Airways,landing,arrivee,1050,267.2,88.1,,41.67,,
2026-06-27,06:32:23,4952ab,CS-TUK,Airbus A330-900neo,TAP Air Portugal,cruise,,1100,0.0,95.3,,48.69,,
2026-06-27,06:35:11,c07995,C-GUBC,Airbus A330-200,Air Transat,landing,arrivee,1075,249.1,95.4,,53.81,,
2026-06-27,06:42:39,DTA650,D2-TEK,Boeing 777-300ER,TAAG Angola Airlines,landing,arrivee,1075,284.8,99.2,,70.63,,
2026-06-27,06:45:35,346083,EC-MXM,Boeing 737-800,Air Europa,landing,arrivee,1075,259.1,92.0,,39.32,,
2026-06-27,06:49:04,4952d1,CS-TVQ,Airbus A320neo,TAP Air Portugal,landing,arrivee,1125,272.4,89.6,,32.63,,
2026-06-27,06:51:54,4952cf,CS-TVO,Airbus A320neo,TAP Air Portugal,landing,arrivee,1075,240.8,88.0,,26.09,,
2026-06-27,06:54:46,e48ba8,PT-MUE,Boeing 777-300ER,LATAM Airlines,landing,arrivee,1125,268.9,97.9,,69.85,,
2026-06-27,06:57:40,4952a3,CS-TUC,Airbus A330-900neo,TAP Air Portugal,landing,arrivee,1075,252.4,94.7,,45.99,,
2026-06-27,07:02:10,4951d8,CS-TNX,Airbus A320,TAP Air Portugal,landing,arrivee,1150,261.5,91.9,,41.38,,
2026-06-27,07:05:05,781133,B-8981,Airbus A330-200,Capital Airlines,landing,arrivee,1050,247.2,95.0,,44.64,,
2026-06-27,07:07:47,4952c7,CS-TVG,Airbus A320neo,TAP Air Portugal,landing,arrivee,1125,240.0,91.6,,32.35,,
2026-06-27,07:10:24,TAP1139,CS-TAW,Embraer E195,TAP Air Portugal,landing,arrivee,1025,263.2,90.1,,33.26,,
2026-06-27,07:13:06,4951ca,CS-TNJ,Airbus A320,TAP Air Portugal,cruise,,1125,0.0,96.9,,38.97,,
2026-06-27,07:15:51,495216,CS-TPV,Embraer E190,TAP Air Portugal,landing,arrivee,1025,236.7,90.3,,26.82,,
2026-06-27,07:25:07,TAP475,CS-TPP,Embraer E190,TAP Air Portugal,landing,arrivee,1075,247.2,92.8,,29.99,,
2026-06-27,07:27:51,4951ce,CS-TNN,Airbus A320,TAP Air Portugal,landing,arrivee,1100,257.2,93.3,,32.72,,
2026-06-27,07:30:38,IBE05TR,EC-IZH,Airbus A320,Iberia,landing,arrivee,1100,255.9,91.5,,48.56,,
2026-06-27,07:33:38,TAP85CE,CS-TTZ,Embraer E195,TAP Air Portugal,landing,arrivee,1025,266.5,92.7,,30.05,,
2026-06-27,07:36:21,4952c9,CS-TVI,Airbus A320neo,TAP Air Portugal,landing,arrivee,1075,270.8,91.8,,31.19,,
2026-06-27,07:41:06,AZU8750,PR-AIV,Airbus A330-200,Azul,landing,arrivee,200,258.4,52.9,,15.57,,
2026-06-27,07:48:28,TAP1939,CS-TNS,Airbus A320,TAP Air Portugal,landing,arrivee,350,254.8,54.1,,14.23,,
2026-06-27,07:49:58,49514f,CS-TJO,Airbus A321neo,TAP Air Portugal,landing,arrivee,1200,255.6,91.0,,29.39,,
2026-06-27,07:53:41,49514a,CS-TJJ,Airbus A321neo,TAP Air Portugal,landing,arrivee,1100,274.8,90.0,,31.78,,
2026-06-27,07:56:07,a4e714,N415DX,Airbus A330-900neo,Delta Air Lines,landing,arrivee,1125,265.6,96.7,,54.42,,
2026-06-27,08:03:47,4952a4,CS-TUD,Airbus A330-900neo,TAP Air Portugal,landing,arrivee,1075,263.2,92.5,,46.78,,
2026-06-27,08:06:55,VLG46AX,EC-MPV,Airbus A321,Vueling,landing,arrivee,975,267.6,90.6,,43.54,,
2026-06-27,08:12:45,4952d2,CS-TVR,Airbus A320neo,TAP Air Portugal,landing,arrivee,1075,258.4,90.7,,29.77,,
2026-06-27,08:16:50,4951d1,CS-TNQ,Airbus A320,TAP Air Portugal,landing,arrivee,1150,251.5,91.1,,44.59,,
2026-06-27,08:22:55,48663e,PH-YHZ,Airbus A320,Transavia,cruise,,1525,0.0,65.9,,17.3,,
2026-06-27,08:27:28,4952ce,CS-TVN,Airbus A320neo,TAP Air Portugal,cruise,,1325,0.0,53.6,,15.5,,
2026-06-27,08:32:14,4951d5,CS-TNU,Airbus A320,TAP Air Portugal,landing,arrivee,1250,292.1,83.1,,22.4,,
2026-06-27,08:41:05,4952c3,CS-TVC,Airbus A320neo,TAP Air Portugal,cruise,,1175,0.0,91.0,,26.53,,
2026-06-27,08:43:50,495290,CS-TTP,Airbus A319,TAP Air Portugal,landing,arrivee,1100,260.9,92.9,,36.9,,
2026-06-27,08:47:00,4952cb,CS-TVK,Airbus A320neo,TAP Air Portugal,landing,arrivee,1000,258.4,89.4,,30.66,,
2026-06-27,09:00:24,3c5423,D-AEAC,A300 B4-622RF,Lufthansa,landing,arrivee,1225,234.3,89.7,,27.28,,
2026-06-27,09:03:12,407f1f,G-RUKM,Boeing 737-800,Ryanair UK,landing,arrivee,1050,283.7,96.1,,38.95,,
2026-06-27,09:06:37,AAL258,N827AN,Boeing 787-9,American Airlines,landing,arrivee,1050,290.6,94.6,,43.47,,
2026-06-27,09:09:40,495212,CS-TPR,Embraer E190,TAP Air Portugal,landing,arrivee,900,249.1,89.6,,62.12,,
2026-06-27,09:12:04,RYR24SE,9H-QFJ,Boeing 737-800,Malta Air,landing,arrivee,1100,293.4,96.6,,44.94,,
2026-06-27,09:15:44,48c1a2,SP-RNC,Boeing 737-800,Buzz,landing,arrivee,1000,285.6,95.2,,52.2,,
2026-06-27,09:18:35,TAP1150,CS-TPV,Embraer E190,TAP Air Portugal,cruise,,600,0.0,96.3,,51.84,,
2026-06-27,09:20:02,RYR85KH,SP-RSR,Boeing 737-800,Ryanair,landing,arrivee,300,263.9,65.3,,15.08,,
2026-06-27,09:21:58,ACA812,C-GHKC,Airbus A330-300,Air Canada,landing,arrivee,1000,256.5,97.0,,42.08,,
2026-06-27,09:24:54,TAP216L,CS-TXC,Airbus A321neo,TAP Air Portugal,landing,arrivee,1050,253.2,92.9,,33.48,,
2026-06-27,09:27:36,RYR4XW,EI-IKA,Boeing 737 MAX 8,Ryanair,landing,arrivee,1050,285.0,90.5,,34.37,,
2026-06-27,09:30:22,THY3WE,TC-LTC,Airbus A321neo,Turkish Airlines,landing,arrivee,1000,275.6,88.5,,33.68,,
2026-06-27,09:33:12,AEE2PT,SX-NEJ,Airbus A320,Aegean Airlines,landing,arrivee,1150,262.4,89.2,,30.88,,
2026-06-27,09:36:06,TAP012,CS-TUG,Airbus A330-900neo,TAP Air Portugal,landing,arrivee,1050,277.2,93.7,,48.35,,
2026-06-27,09:38:39,TRA27L,PH-HSC,Boeing 737-800,Turkish Airlines,landing,arrivee,1050,292.2,95.4,,45.45,,
2026-06-27,09:41:36,a07dc8,N13013,Boeing 787-10,United Airlines,landing,arrivee,1075,297.2,93.0,,59.17,,
2026-06-27,09:44:57,49514b,CS-TJK,Airbus A321neo,TAP Air Portugal,landing,arrivee,1075,286.5,91.1,,33.23,,
2026-06-27,09:48:39,348342,EC-OND,Airbus A330-300,,landing,arrivee,1025,258.4,95.3,,47.82,,
2026-06-27,09:53:10,346195,EC-NBN,Airbus A330-200,TAP Air Portugal,landing,arrivee,1025,268.2,95.3,,44.78,,
2026-06-27,09:56:25,49514d,CS-TJM,Airbus A321neo,TAP Air Portugal,landing,arrivee,1050,284.8,90.6,,28.54,,
2026-06-27,10:01:43,a1f557,N225UA,Boeing 777-200,United Airlines,cruise,,1050,0.0,98.8,,59.78,,
2026-06-27,10:04:18,TAP1921,CS-TNM,Airbus A320,TAP Air Portugal,approach,arrivee,2350,358.7,55.4,,12.59,,
2026-06-27,10:08:13,4952c2,CS-TVB,Airbus A320neo,TAP Air Portugal,landing,arrivee,1050,258.9,91.2,,20.56,,
2026-06-27,10:11:14,TAP210,CS-TUA,Airbus A330-900neo,TAP Air Portugal,landing,arrivee,1075,269.7,91.9,,48.53,,
2026-06-27,10:13:57,407463,G-TTNB,Airbus A320neo,British Airways,landing,arrivee,1050,258.9,89.1,,25.21,,
2026-06-27,10:15:55,TAP010,CS-TXL,Airbus A321neo,TAP Air Portugal,landing,arrivee,1350,280.0,56.4,,13.06,,
2026-06-27,10:19:18,495307,CS-TXG,Airbus A321neo,TAP Air Portugal,landing,arrivee,1050,264.8,92.3,,37.29,,
2026-06-27,10:22:23,4952b1,CS-TUQ,Airbus A330-900neo,TAP Air Portugal,landing,arrivee,1025,273.2,91.6,,36.84,,
2026-06-27,10:25:34,440cc1,OE-LSP,Airbus A320,easyJet Europe,cruise,,1025,0.0,89.2,,25.51,,
2026-06-27,10:28:31,TAP11SV,CS-TTW,Embraer E195,TAP Air Portugal,landing,arrivee,1000,279.3,87.4,,28.61,,
2026-06-27,10:31:26,ACA810,C-FIVQ,Boeing 777-300ER,Air Canada,landing,arrivee,1000,291.3,98.2,,59.42,,
2026-06-27,10:35:21,4ca947,EI-DVN,Airbus A320,Aer Lingus,landing,arrivee,1000,272.4,94.8,,33.97,,
2026-06-27,10:37:59,AEA1153,EC-MVY,Boeing 737-800,Air Europa,landing,arrivee,1025,294.8,92.7,,31.05,,
2026-06-27,10:40:51,TAP088,CS-TUI,Airbus A330-900neo,TAP Air Portugal,landing,arrivee,975,278.9,96.2,,53.04,,
2026-06-27,10:43:24,4952c8,CS-TVH,Airbus A320neo,TAP Air Portugal,landing,arrivee,1075,271.3,91.0,,26.8,,
2026-06-27,10:46:02,49530d,CS-TXM,Airbus A321,TAP Air Portugal,landing,arrivee,1050,290.6,89.3,,28.3,,
2026-06-27,10:48:59,TAP11MG,CS-TPO,Embraer E190,TAP Air Portugal,landing,arrivee,975,256.5,89.0,,26.96,,
2026-06-27,10:51:34,47a743,LN-NGM,Boeing 737-800,Norwegian,landing,arrivee,1025,302.1,95.7,,40.78,,
2026-06-27,10:55:05,TAP68JP,CS-TVD,Airbus A320neo,TAP Air Portugal,landing,arrivee,350,267.2,64.3,,12.67,,
2026-06-27,10:58:15,DAL124,N423DX,Airbus A330-900neo,Delta Air Lines,landing,arrivee,300,280.4,65.3,,13.35,,
2026-06-27,11:00:30,4952d1,CS-TVQ,Airbus A320neo,TAP Air Portugal,landing,arrivee,1000,277.2,89.9,,24.08,,
2026-06-27,11:03:41,495309,CS-TXI,Airbus A321neo,TAP Air Portugal,landing,arrivee,1075,288.0,91.2,,25.37,,
2026-06-27,11:06:24,39bdb2,F-HPNS,Airbus A220-300,,cruise,,925,0.0,89.0,,31.35,,
2026-06-27,11:11:43,495277,CS-TSW,Boeing 777-200,Azul,landing,arrivee,1050,270.8,97.7,,51.06,,
2026-06-27,11:14:21,EJU74EF,OE-IDS,Airbus A320,easyJet Europe,landing,arrivee,1050,263.2,91.8,,33.39,,
2026-06-27,11:17:02,502ccd,YL-CSD,C Series 300,Air Baltic,landing,arrivee,1025,271.3,88.8,,26.67,,
2026-06-27,11:19:52,BEL2DY,OO-SNN,Airbus A320,Brussels Airlines,landing,arrivee,1050,268.9,93.3,,37.11,,
2026-06-27,11:29:32,EJU65YE,OE-LSP,Airbus A320,easyJet Europe,cruise,,400,0.0,56.2,,13.07,,
2026-06-27,11:31:06,RYR3WD,EI-GXM,Boeing 737-800,Ryanair,landing,arrivee,500,297.2,98.0,,34.03,,
2026-06-27,11:33:16,49514d,CS-TJM,Airbus A321neo,TAP Air Portugal,cruise,,725,0.0,56.1,,12.76,,
2026-06-27,11:36:26,TAP11WQ,CS-TVG,Airbus A320neo,TAP Air Portugal,approach,arrivee,400,260.8,91.0,,17.7,,
2026-06-27,11:43:32,3964f1,F-GZHR,Boeing 737-800,Transavia France,landing,arrivee,1000,288.9,97.0,,39.59,,
2026-06-27,11:45:50,DLH39X,D-AIED,Airbus A321neo,Lufthansa,landing,arrivee,1075,295.4,91.5,,28.26,,
2026-06-27,11:48:18,34324e,EC-KUB,Airbus A319,Iberia,landing,arrivee,1150,254.1,92.0,,31.6,,
2026-06-27,11:50:26,440072,OE-LSF,Airbus A320neo,easyJet Europe,approach,arrivee,1775,295.8,63.9,,13.16,,
2026-06-27,11:54:04,4952b3,CS-TUS,Airbus A330-900neo,TAP Air Portugal,landing,arrivee,1050,277.2,95.7,,44.83,,
2026-06-27,11:57:05,TAP1902,CS-TNU,Airbus A320,TAP Air Portugal,landing,arrivee,1000,269.3,90.8,,26.78,,
2026-06-27,11:59:33,EJU52PB,OE-IWW,Airbus A320,easyJet Europe,cruise,,1050,0.0,93.5,,27.6,,
2026-06-27,12:01:59,a000b8,,,,cruise,,1125,0.0,88.6,,29.71,,
2026-06-27,12:04:40,495301,CS-TXA,Airbus A321neo,TAP Air Portugal,cruise,,1125,0.0,90.0,,24.13,,
2026-06-27,12:08:04,495217,CS-TPW,Embraer E190,TAP Air Portugal,landing,arrivee,975,252.4,92.3,,26.4,,
2026-06-27,12:10:17,4d2304,9H-VUF,Boeing 737 MAX 8,Malta Air,landing,arrivee,1075,315.0,96.5,,26.8,,
2026-06-27,12:14:20,4cac55,EI-HGR,Boeing 737 MAX 8,Ryanair,landing,arrivee,1050,294.8,92.1,,24.36,,
2026-06-27,12:16:54,8963d0,A6-EPA,Boeing 777-300ER,Emirates,landing,arrivee,1075,293.0,100.3,,56.81,,
2026-06-27,12:19:56,49526b,CS-TSK,Airbus A320,TAP Air Portugal,cruise,,1050,0.0,92.0,,30.46,,
2026-06-27,12:24:36,TAP1031,CS-TVA,Airbus A320neo,TAP Air Portugal,approach,arrivee,2400,318.9,57.7,,14.7,,
2026-06-27,12:31:20,407569,G-UZHJ,Airbus A320neo,easyJet,landing,arrivee,1050,257.2,91.6,,22.04,,
2026-06-27,12:38:13,49529a,CS-TTZ,Embraer E195,TAP Air Portugal,landing,arrivee,1000,266.5,93.0,,32.11,,
2026-06-27,12:48:19,49514a,CS-TJJ,Airbus A321neo,TAP Air Portugal,landing,arrivee,1000,262.2,91.5,,29.56,,
2026-06-27,12:53:04,4d2246,9H-QEJ,Boeing 737-800,Malta Air,cruise,,1425,0.0,58.4,,14.15,,
2026-06-27,12:57:53,TAP145W,CS-TNQ,Airbus A320,TAP Air Portugal,landing,arrivee,500,274.1,96.1,,24.47,,
2026-06-27,13:01:54,440c35,OE-LSA,Airbus A320neo,easyJet Europe,landing,arrivee,1075,268.9,91.0,,22.78,,
2026-06-27,13:04:06,EJU14GP,OE-IDU,Airbus A320,easyJet Europe,cruise,,1400,0.0,57.8,,14.53,,
2026-06-27,13:07:09,OBS832,CS-TCF,Airbus A330-900neo,TAP Air Portugal,landing,arrivee,1075,271.1,92.8,,36.95,,
2026-06-27,13:10:04,3453c3,EC-MRF,Airbus A321,Vueling,landing,arrivee,975,286.5,94.0,,27.6,,
2026-06-27,13:13:13,495214,CS-TPT,Embraer E190,TAP Air Portugal,landing,arrivee,950,252.8,90.9,,23.09,,
2026-06-27,13:15:35,SWT131,EC-MAF,ATR 72 500F,Swiftair,landing,arrivee,1100,209.5,61.5,,14.8,,
2026-06-27,13:19:08,TAP831,CS-TVJ,Airbus A320neo,TAP Air Portugal,landing,arrivee,1025,260.8,90.1,,28.21,,
2026-06-27,13:21:57,4952a6,CS-TUF,Airbus A330-900neo,TAP Air Portugal,landing,arrivee,1125,277.2,97.9,,35.32,,
2026-06-27,13:24:58,TAP91TL,CS-TAW,Embraer E195,TAP Air Portugal,landing,arrivee,925,253.2,96.1,,41.85,,
2026-06-27,13:27:29,3c64a1,D-AIEA,Airbus A321neo,Lufthansa,landing,arrivee,1075,272.4,91.7,,37.15,,
2026-06-27,13:29:52,49514c,CS-TJL,Airbus A321neo,TAP Air Portugal,cruise,,1200,0.0,89.6,,28.16,,
2026-06-27,13:32:56,495211,CS-TPQ,Embraer E190,TAP Air Portugal,landing,arrivee,1000,258.9,92.5,,27.31,,
2026-06-27,13:39:35,4400dc,OE-IDT,Airbus A320,easyJet Europe,landing,arrivee,1075,268.2,92.7,,40.23,,
2026-06-27,13:44:33,495216,CS-TPV,Embraer E190,TAP Air Portugal,landing,arrivee,1100,277.2,92.3,,25.54,,
2026-06-27,13:48:42,495305,CS-TXE,Airbus A321neo,TAP Air Portugal,landing,arrivee,1125,267.2,90.1,,25.61,,
2026-06-27,13:51:21,4952c6,CS-TVF,Airbus A320neo,TAP Air Portugal,landing,arrivee,1050,281.3,91.8,,29.51,,
2026-06-27,13:54:03,LOT4HT,SP-LVQ,Boeing 737 MAX 8,LOT Polish Airlines,landing,arrivee,1000,297.2,91.4,,30.73,,
2026-06-27,13:56:53,4ca84c,EI-EMD,Boeing 737-800,Ryanair,landing,arrivee,1050,289.8,93.4,,27.66,,
2026-06-27,14:00:03,TAP8RT,CS-TPS,Embraer E190,TAP Air Portugal,landing,arrivee,975,255.9,88.5,,19.73,,
2026-06-27,14:03:15,4952cb,CS-TVK,Airbus A320neo,TAP Air Portugal,cruise,,1175,0.0,91.6,,24.01,,
2026-06-27,14:05:59,TAP641,CS-TNR,Airbus A320,TAP Air Portugal,landing,arrivee,1000,283.0,91.4,,30.29,,
2026-06-27,14:08:39,495038,CS-TAX,Embraer E195,TAP Air Portugal,landing,arrivee,1050,283.0,92.8,,29.54,,
2026-06-27,14:11:23,RZO150,CS-TKP,Airbus A320,TAP Air Portugal,landing,arrivee,1050,280.6,98.9,,39.89,,
2026-06-27,14:14:35,RZO122,CS-TSG,Airbus A321neo,TAP Air Portugal,landing,arrivee,1050,268.9,91.6,,22.24,,
2026-06-27,14:17:12,096023,D4-CCI,Boeing 737-700,Cabo Verde Airlines,landing,arrivee,1025,279.7,95.8,,29.5,,
2026-06-27,14:18:33,TAP823,CS-TJE,Airbus A321,TAP Air Portugal,approach,arrivee,1950,307.8,59.9,,14.75,,
2026-06-27,14:22:20,4952c3,CS-TVC,Airbus A320neo,TAP Air Portugal,landing,arrivee,1050,281.3,90.0,,24.53,,
2026-06-27,14:25:24,TAP869,CS-TTY,Embraer E195,TAP Air Portugal,landing,arrivee,1025,256.5,98.2,,33.02,,
2026-06-27,14:27:36,4952cd,CS-TVM,Airbus A320neo,TAP Air Portugal,landing,arrivee,1050,262.4,91.1,,23.69,,
2026-06-27,14:30:15,TAP86GM,CS-TJF,Airbus A321,TAP Air Portugal,landing,arrivee,1025,288.2,94.9,,38.54,,
2026-06-27,14:33:48,33fca5,MM62343,GLF6,,landing,arrivee,975,257.2,87.9,,17.44,,
2026-06-27,14:36:24,440d10,OE-IBS,Airbus A320,easyJet Europe,cruise,,1025,0.0,94.7,,28.11,,
2026-06-27,14:41:10,EZS79YP,HB-JYA,Airbus A320,easyJet Europe,landing,arrivee,1050,270.8,91.6,,30.85,,
2026-06-27,14:44:17,EWG37V,OK-TVL,Boeing 737-800,Eurowings,cruise,,1025,0.0,92.3,,27.77,,
2026-06-27,14:46:56,TAP941,CS-TXJ,Airbus A321neo,TAP Air Portugal,landing,arrivee,1050,297.2,93.8,,25.98,,
2026-06-27,14:49:53,4951ef,CS-TOO,Airbus A330-200,TAP Air Portugal,landing,arrivee,1025,270.0,91.8,,47.31,,
2026-06-27,14:52:16,4ca61d,EI-DWP,Boeing 737-800,Ryanair,landing,arrivee,1025,300.6,95.1,,31.72,,
2026-06-27,14:54:59,495290,CS-TTP,Airbus A319,TAP Air Portugal,landing,arrivee,975,281.3,92.0,,27.52,,
2026-06-27,14:56:39,AFR37EQ,F-HZFM,Airbus A320,Air France,landing,arrivee,1150,283.7,95.3,,35.86,,
2026-06-27,15:00:22,440d6f,OE-LSR,Airbus A320,easyJet Europe,landing,arrivee,1075,266.5,90.4,,23.2,,
2026-06-27,15:03:26,TAP1335,CS-TPX,Embraer E190,TAP Air Portugal,landing,arrivee,1000,258.4,90.2,,26.37,,
2026-06-27,15:10:59,4867c4,PH-AXI,Airbus A321neo,KLM,cruise,,1275,0.0,84.8,,20.47,,
2026-06-27,15:15:45,RZO9179,CS-TSH,Airbus A321neo,Azores Airlines,approach,arrivee,2100,363.2,58.2,,14.17,,
2026-06-27,15:26:22,THY4GH,TC-LOF,Airbus A330-300,Turkish Airlines,landing,arrivee,1050,278.9,94.0,,49.58,,
2026-06-27,15:29:05,34538e,EC-MPG,Boeing 737-800,Air Europa,landing,arrivee,1050,291.3,94.5,,37.57,,
2026-06-27,15:31:31,495293,CS-TTS,Airbus A319,TAP Air Portugal,cruise,,1200,0.0,90.1,,25.37,,
2026-06-27,15:33:43,TAP1137,CS-TPO,Embraer E190,TAP Air Portugal,landing,arrivee,1000,260.8,90.1,,34.43,,
2026-06-27,15:36:34,495304,CS-TXD,Airbus A321neo,TAP Air Portugal,landing,arrivee,1025,272.4,92.5,,25.15,,
2026-06-27,15:39:01,4402f0,OE-INO,Airbus A320,easyJet Europe,landing,arrivee,1075,277.2,89.8,,28.29,,
2026-06-27,15:41:42,502d24,YL-AAV,A220 300,Swiss,landing,arrivee,1000,270.8,87.2,,25.83,,
2026-06-27,15:45:11,4952c2,CS-TVB,Airbus A320neo,TAP Air Portugal,landing,arrivee,1000,265.6,91.6,,25.31,,
2026-06-27,15:48:10,495293,CS-TTS,Airbus A319,TAP Air Portugal,cruise,,1050,0.0,91.4,,27.75,,
2026-06-27,15:50:47,4b194c,HB-JPC,Airbus A321,Swiss,landing,arrivee,1100,293.0,98.6,,26.76,,
2026-06-27,15:53:58,4951ce,CS-TNN,Airbus A320,TAP Air Portugal,landing,arrivee,1050,277.2,90.3,,27.3,,
2026-06-27,15:57:00,EZY35DC,G-EZGN,Airbus A319,easyJet,cruise,,1025,0.0,88.6,,27.33,,
2026-06-27,16:00:09,347555,,,,landing,arrivee,1025,275.6,94.8,,44.8,,
2026-06-27,16:03:01,495210,CS-TPP,Embraer E190,TAP Air Portugal,landing,arrivee,975,265.6,92.3,,27.8,,
2026-06-27,16:05:56,TAP120R,CS-TJN,Airbus A321neo,TAP Air Portugal,landing,arrivee,1050,288.2,93.5,,30.18,,
2026-06-27,16:07:22,440cc1,OE-LSP,Airbus A320,easyJet Europe,cruise,,2000,0.0,58.3,,13.81,,
2026-06-27,16:11:19,4951d6,CS-TNV,Airbus A320,TAP Air Portugal,cruise,,1050,0.0,93.7,,33.79,,
2026-06-27,16:14:18,461fa5,OH-LZP,Airbus A321,Finnair,cruise,,1000,0.0,93.7,,26.41,,
2026-06-27,16:17:20,ANE91TE,EC-LOV,Bombardier CRJ-1000,Air Nostrum,landing,arrivee,1025,267.6,88.0,,21.69,,
2026-06-27,16:20:29,TAP1143,CS-TTW,Embraer E195,TAP Air Portugal,approach,arrivee,1000,253.5,95.5,,27.38,,
2026-06-27,16:22:11,4951d8,CS-TNX,Airbus A320,TAP Air Portugal,approach,arrivee,1825,313.7,57.2,,13.49,,
2026-06-27,16:25:54,TAP71VE,CS-TJH,Airbus A321,TAP Air Portugal,landing,arrivee,1100,294.1,93.4,,35.51,,
2026-06-27,16:28:45,TAP016,CS-TXB,Airbus A321neo,TAP Air Portugal,landing,arrivee,1025,284.5,90.2,,30.72,,
2026-06-27,16:31:23,4952ae,CS-TUN,Airbus A330-900neo,TAP Air Portugal,landing,arrivee,1050,277.2,96.2,,43.75,,
2026-06-27,16:34:02,4d2246,9H-QEJ,Boeing 737-800,Malta Air,landing,arrivee,1025,294.8,98.1,,64.43,,
2026-06-27,16:36:46,4952c9,CS-TVI,Airbus A320neo,TAP Air Portugal,landing,arrivee,1025,281.3,90.6,,27.17,,
2026-06-27,16:39:23,3c664f,D-AIRO,Airbus A321,Lufthansa,landing,arrivee,1050,285.6,93.7,,37.63,,
2026-06-27,16:42:14,TAP763,CS-TVP,Airbus A320neo,TAP Air Portugal,landing,arrivee,1025,264.8,91.1,,20.54,,
2026-06-27,16:45:12,TAP433,CS-TVN,Airbus A320neo,TAP Air Portugal,approach,arrivee,1000,260.8,90.5,,20.74,,
2026-06-27,16:47:46,495308,CS-TXH,Airbus A321neo,TAP Air Portugal,approach,arrivee,1050,0.0,92.0,,24.25,,
2026-06-27,16:49:42,3c54a4,D-AEED,Airbus A321,Eurowings,cruise,,1100,0.0,92.6,,27.02,,
2026-06-27,16:51:39,4d2289,9H-QDE,Boeing 737-800,Malta Air,landing,arrivee,1050,283.0,93.7,,50.76,,
2026-06-27,16:53:16,RYR5KT,9H-QBK,Boeing 737-800,Malta Air,landing,arrivee,1050,310.2,95.1,,49.28,,
2026-06-27,16:55:22,NJE379F,,,NetJets,landing,arrivee,1050,243.2,82.0,,19.54,,
2026-06-27,16:57:49,4b1618,HB-IJO,Airbus A320,Swiss,landing,arrivee,1300,251.7,58.8,,14.04,,
2026-06-27,17:00:54,49514d,CS-TJM,Airbus A321neo,TAP Air Portugal,landing,arrivee,1075,263.9,88.4,,80.53,,
2026-06-27,17:02:55,495150,CS-TJP,Airbus A321neo,TAP Air Portugal,cruise,,1425,0.0,60.2,,13.53,,
2026-06-27,17:06:00,4951ca,CS-TNJ,Airbus A320,TAP Air Portugal,cruise,,1075,281.5,94.2,,35.82,,
2026-06-27,17:08:42,4952c7,CS-TVG,Airbus A320neo,TAP Air Portugal,landing,arrivee,1050,248.4,91.3,,25.8,,
2026-06-27,17:11:19,TVF32VF,F-HUYL,Boeing 737-800,Transavia France,landing,arrivee,1050,289.7,95.8,,73.26,,
2026-06-27,17:13:54,BAW5DW,G-TNEA,Airbus A321neo,British Airways,landing,arrivee,1025,246.7,92.5,,22.52,,
2026-06-27,17:18:14,EJU7598,OE-IDS,Airbus A320,easyJet Europe,landing,arrivee,1000,272.4,92.3,,31.8,,
2026-06-27,17:21:42,347696,EC-OGE,Airbus A320,Vueling,landing,arrivee,1100,276.5,92.6,,25.18,,
2026-06-27,17:24:59,4952cf,CS-TVO,Airbus A320neo,TAP Air Portugal,landing,arrivee,1050,245.6,89.9,,23.6,,
2026-06-27,17:29:33,440072,OE-LSF,Airbus A320neo,easyJet Europe,landing,arrivee,1025,252.2,93.8,,26.72,,
2026-06-27,17:30:58,RYR12SN,EI-EVI,Boeing 737-800,Ryanair,landing,arrivee,1375,338.0,63.6,,14.4,,
2026-06-27,17:34:29,RAM982,CN-RGI,Boeing 737-800,Royal Air Maroc,landing,arrivee,950,284.8,93.1,,38.74,,
2026-06-27,17:39:50,RYR55AR,EI-GXM,Boeing 737-800,Ryanair,landing,arrivee,1000,304.7,92.9,,30.62,,
2026-06-27,17:42:24,39e683,F-HZUD,A220 300,Air France,cruise,,1100,251.9,90.7,,30.28,,
2026-06-27,17:45:21,495217,CS-TPW,Embraer E190,TAP Air Portugal,landing,arrivee,950,238.2,92.0,,27.0,,
2026-06-27,17:47:51,3c54a5,D-AEEE,Airbus A321,Eurowings,landing,arrivee,1050,261.7,91.6,,30.34,,
2026-06-27,17:50:26,484b2a,PH-HSA,Boeing 737-800,Turkish Airlines,landing,arrivee,1025,303.0,94.4,,41.07,,
2026-06-27,18:02:06,4cae54,EI-IJD,Boeing 737 MAX 8,Ryanair,landing,arrivee,1050,302.6,88.7,,29.24,,
2026-06-27,18:04:51,4951cd,CS-TNM,Airbus A320,TAP Air Portugal,cruise,,1075,0.0,91.3,,29.71,,
2026-06-27,18:07:45,TAP1558,CS-TVR,Airbus A320neo,TAP Air Portugal,landing,arrivee,1000,251.5,92.4,,28.83,,
2026-06-27,18:12:04,49521a,CS-TPZ,Embraer E190,TAP Air Portugal,landing,arrivee,1025,250.0,91.3,,28.8,,
2026-06-27,18:15:47,49514a,CS-TJJ,Airbus A321neo,TAP Air Portugal,landing,arrivee,1025,252.4,93.0,,27.96,,
2026-06-27,18:18:51,TAP1542,CS-TJR,Airbus A321neo,TAP Air Portugal,landing,arrivee,1025,252.4,94.8,,30.85,,
2026-06-27,18:21:20,RYR3RB,EI-EVC,Boeing 737-800,Ryanair,landing,arrivee,1025,291.3,93.3,,38.04,,
2026-06-27,18:24:18,49514f,CS-TJO,Airbus A321neo,TAP Air Portugal,landing,arrivee,1000,253.9,91.1,,28.76,,
2026-06-27,18:27:01,TAP282,CS-TUO,Airbus A330-900neo,TAP Air Portugal,landing,arrivee,1075,266.5,98.0,,53.11,,
2026-06-27,18:29:55,495038,CS-TAX,Embraer E195,TAP Air Portugal,landing,arrivee,950,244.3,89.0,,27.0,,
2026-06-27,18:32:37,3475c9,EC-OCT,Airbus A321,TAP Air Portugal,landing,arrivee,1025,276.5,93.6,,34.64,,
2026-06-27,18:37:39,UAE5M,A6-ENS,Boeing 777-300ER,Emirates,landing,arrivee,1025,288.9,98.0,,84.05,,
2026-06-27,18:43:55,RYR67UV,EI-EFG,Boeing 737-800,Ryanair,landing,arrivee,1025,289.7,94.2,,37.13,,
2026-06-27,18:46:34,VLG4JP,EC-MHA,Airbus A321,Vueling,landing,arrivee,1050,274.8,92.1,,31.61,,
2026-06-27,18:48:48,4868b9,PH-YHE,Airbus A321neo,Transavia,cruise,,1475,0.0,60.3,,15.26,,
2026-06-27,18:52:07,TAP1906,CS-TTS,Airbus A319,TAP Air Portugal,landing,arrivee,950,250.8,90.0,,26.77,,
2026-06-27,18:54:43,4952cc,CS-TVL,Airbus A320,TAP Air Portugal,approach,arrivee,1025,250.0,90.0,,24.21,,
2026-06-27,19:04:50,495216,CS-TPV,Embraer E190,TAP Air Portugal,landing,arrivee,1000,238.4,89.4,,28.49,,
2026-06-27,19:07:16,4010eb,G-EZBW,Airbus A319,easyJet,landing,arrivee,1075,240.8,94.4,,37.01,,
2026-06-27,19:09:47,344217,EC-LPQ,Boeing 737-800,Air Europa,landing,arrivee,1100,271.3,97.1,,34.75,,
2026-06-27,19:12:40,3444cc,EC-MAN,Airbus A320,Vueling,landing,arrivee,1075,260.8,93.9,,34.84,,
2026-06-27,19:17:20,TAP1862,CS-TXI,Airbus A321neo,TAP Air Portugal,landing,arrivee,1000,269.7,95.2,,31.28,,
2026-06-27,19:20:18,TVF72AP,F-HXSB,Airbus A320neo,Transavia France,landing,arrivee,1075,240.8,92.8,,28.1,,
2026-06-27,19:22:59,495299,CS-TTY,Embraer E195,TAP Air Portugal,landing,arrivee,1025,258.4,90.6,,26.89,,
2026-06-27,19:25:45,440b1e,OE-IWW,Airbus A320,easyJet Europe,landing,arrivee,1050,258.4,92.5,,31.62,,
2026-06-27,19:28:24,495149,CS-TJI,Airbus A321neo,TAP Air Portugal,landing,arrivee,1050,264.8,91.8,,30.78,,
2026-06-27,19:31:11,TAP835,CS-TNY,Airbus A320,TAP Air Portugal,landing,arrivee,975,255.6,95.5,,38.37,,
2026-06-27,19:34:08,TAP4TL,CS-TPS,Embraer E190,TAP Air Portugal,landing,arrivee,1000,234.3,93.3,,23.97,,
2026-06-27,19:37:06,RZO124,CS-TSK,Airbus A320,TAP Air Portugal,landing,arrivee,775,248.4,89.5,,28.41,,
2026-06-27,19:39:28,BEL2DT,OO-SNK,Airbus A320,Brussels Airlines,landing,arrivee,1000,249.1,94.9,,36.76,,
2026-06-27,19:42:18,4d221f,9H-QEI,Boeing 737-800,Malta Air,landing,arrivee,1075,310.6,94.9,,44.95,,
2026-06-27,19:44:58,4d2219,9H-QBW,Boeing 737-800,Malta Air,cruise,,1050,0.0,92.8,,36.69,,
2026-06-27,19:47:29,TAP10EV,CS-TPX,Embraer E190,TAP Air Portugal,landing,arrivee,1000,240.8,90.5,,46.75,,
2026-06-27,19:50:21,TAP403Z,CS-TAW,Embraer E195,TAP Air Portugal,landing,arrivee,1000,253.5,90.7,,31.19,,
2026-06-27,19:53:04,TAP825,CS-TNS,Airbus A320,TAP Air Portugal,landing,arrivee,1025,255.6,92.1,,48.99,,
2026-06-27,19:55:50,KLM71Y,PH-AXT,Airbus A321neo,KLM,landing,arrivee,1050,249.8,92.3,,38.97,,
2026-06-27,19:58:55,0900bb,D2-TEG,Boeing 777-300ER,TAAG Angola Airlines,landing,arrivee,1025,304.7,96.1,,44.92,,
2026-06-27,20:01:34,BTI8WF,YL-CSH,C Series 300,Air Baltic,landing,arrivee,1025,250.8,87.0,,23.89,,
2026-06-27,20:03:23,WMT537,9H-XLF,Airbus A321neo,Lauda Europe,landing,arrivee,1025,252.4,92.9,,38.41,,
2026-06-27,20:04:58,TAP53ED,CS-TJK,Airbus A321neo,TAP Air Portugal,landing,arrivee,1025,262.4,92.1,,24.61,,
2026-06-27,20:07:25,4d2300,9H-VUB,Boeing 737 MAX 8,Malta Air,landing,arrivee,1075,278.0,92.6,,34.58,,
2026-06-27,20:10:04,RYR40MN,9H-QAJ,Boeing 737-800,Malta Air,landing,arrivee,1100,286.1,98.3,,51.9,,
2026-06-27,20:13:09,495211,CS-TPQ,Embraer E190,TAP Air Portugal,landing,arrivee,1000,239.1,91.5,,36.24,,
2026-06-27,20:16:17,TAP69UX,CS-TNU,Airbus A320,TAP Air Portugal,landing,arrivee,700,248.0,92.5,,43.23,,
2026-06-27,20:18:43,TAP48M,CS-TTZ,Embraer E195,TAP Air Portugal,landing,arrivee,1025,263.9,94.0,,34.22,,
2026-06-27,20:21:31,4952d1,CS-TVQ,Airbus A320neo,TAP Air Portugal,landing,arrivee,1075,268.9,92.4,,29.7,,
2026-06-27,20:23:00,RYR9PA,EI-DLB,Boeing 737-800,Ryanair,landing,arrivee,1075,298.5,94.8,,58.13,,
2026-06-27,20:25:00,4952ca,CS-TVJ,Airbus A320neo,TAP Air Portugal,landing,arrivee,1025,265.6,88.6,,28.8,,
2026-06-27,20:27:20,9HGME,,,,approach,arrivee,1425,229.6,55.6,,14.51,,
2026-06-27,20:31:20,VLG8UE,EC-OFZ,Airbus A320,Vueling,landing,arrivee,550,249.8,96.6,,42.56,,
2026-06-27,20:33:34,TAP1019,CS-TPP,Embraer E190,TAP Air Portugal,landing,arrivee,950,244.8,92.5,,32.17,,
2026-06-27,20:35:51,4ca84a,EI-EMB,Boeing 737-800,Ryanair,landing,arrivee,1025,290.9,94.0,,45.4,,
2026-06-27,20:39:17,WZZ477,HA-LDU,Airbus A321neo,Wizz Air,landing,arrivee,1075,240.0,91.8,,34.35,,
2026-06-27,20:49:56,RYR85MR,9H-VUF,Boeing 737 MAX 8,Malta Air,landing,arrivee,325,280.0,59.5,,14.96,,
2026-06-27,20:52:02,TAP671,CS-TVD,Airbus A320neo,TAP Air Portugal,landing,arrivee,550,254.8,90.8,,30.0,,
2026-06-27,20:54:15,495219,CS-TPY,Embraer E190,TAP Air Portugal,approach,arrivee,975,225.0,92.0,,29.5,,
2026-06-27,20:58:13,4b1a24,HB-JXK,Airbus A320,Austrian Airlines,landing,arrivee,1025,246.7,93.4,,37.18,,
2026-06-27,21:01:03,TAP437X,CS-TVC,Airbus A320neo,TAP Air Portugal,landing,arrivee,1025,236.7,91.3,,28.8,,
2026-06-27,21:03:42,TAP1692,CS-TPO,Embraer E190,TAP Air Portugal,landing,arrivee,975,229.5,92.3,,33.39,,
2026-06-27,21:04:16,9HGME,,,,cruise,,800,213.7,70.7,,14.93,,
2026-06-27,21:05:52,4951d1,CS-TNQ,Airbus A320,TAP Air Portugal,landing,arrivee,1000,239.1,93.3,,31.01,,
2026-06-27,21:08:23,495170,CS-TKP,Airbus A320,TAP Air Portugal,landing,arrivee,1025,237.4,96.1,,42.32,,
2026-06-27,21:10:37,EWG6TR,9H-EWG,Airbus A320,Eurowings,landing,arrivee,1025,280.6,93.7,,30.36,,
2026-06-27,21:12:48,VLG14YF,EC-MES,Airbus A320,Vueling,landing,arrivee,1025,245.6,91.1,,28.46,,
2026-06-27,21:15:18,4952c1,CS-TVA,Airbus A320neo,TAP Air Portugal,landing,arrivee,1050,260.8,89.0,,25.47,,
2026-06-27,21:19:04,9HGMF,,,,approach,arrivee,1100,107.6,54.4,,14.44,,
2026-06-27,21:22:15,RYR9QJ,EI-DHX,Boeing 737-800,Ryanair,landing,arrivee,1050,258.9,93.8,,44.71,,
2026-06-27,21:24:04,9HGMF,,,,descending,arrivee,200,9.3,53.3,,14.89,,
2026-06-27,21:25:34,RZO134,CS-TSM,Airbus A320,TAP Air Portugal,landing,arrivee,700,254.8,92.7,,36.27,,
2026-06-27,21:28:01,TAP885,CS-TPT,Embraer E190,TAP Air Portugal,landing,arrivee,950,230.8,88.8,,30.99,,
2026-06-27,21:30:39,346184,EC-NDC,Airbus A320neo,Vueling,landing,arrivee,1050,268.9,89.0,,39.72,,
2026-06-27,21:33:27,TAP543W,CS-TPR,Embraer E190,TAP Air Portugal,landing,arrivee,1000,228.4,92.8,,37.77,,
2026-06-27,21:36:28,4ca5c8,EI-DVE,Airbus A320,Aer Lingus,cruise,,1025,0.0,94.6,,40.1,,
2026-06-27,21:39:14,TAP37CN,CS-TTW,Embraer E195,TAP Air Portugal,landing,arrivee,1000,239.1,91.4,,29.18,,
2026-06-27,21:41:49,504e84,ER-00001,Airbus A321,Fly One,landing,arrivee,950,254.8,91.4,,48.93,,
2026-06-27,21:44:24,49514c,CS-TJL,Airbus A321neo,TAP Air Portugal,landing,arrivee,1025,258.4,91.2,,105.35,,
2026-06-27,21:47:30,4952cb,CS-TVK,Airbus A320neo,TAP Air Portugal,cruise,,925,0.0,86.7,,31.35,,
2026-06-27,21:50:00,4c01e2,YU-APC,Airbus A319,Air Serbia,cruise,,1050,0.0,92.2,,33.27,,
2026-06-27,21:51:28,3c5423,D-AEAC,A300 B4-622RF,Lufthansa,climb,depart,3150,304.7,56.2,,15.15,,
2026-06-27,21:52:48,WJA32,C-FXWJ,Boeing 737 MAX 8,WestJet,landing,arrivee,750,267.2,93.8,,43.66,,
2026-06-27,21:55:08,452124,LZ-ROM,A220-300,Bulgaria Air,landing,arrivee,1050,249.1,89.8,,32.21,,
2026-06-27,21:57:44,495153,CS-TJS,Airbus A321neo,TAP Air Portugal,landing,arrivee,1025,258.9,88.9,,36.32,,
2026-06-27,22:00:46,02a1ae,TS-INO,Airbus A320,Nouvelair Tunisie,landing,arrivee,1050,250.8,96.3,,43.89,,
2026-06-27,22:03:43,4952c6,CS-TVF,Airbus A320neo,TAP Air Portugal,landing,arrivee,1000,238.4,90.9,,31.35,,
2026-06-27,22:06:07,4952c8,CS-TVH,Airbus A320neo,TAP Air Portugal,landing,arrivee,1050,263.7,90.6,,39.2,,
2026-06-27,22:08:48,3c65c9,D-AINI,Airbus A320neo,Lufthansa,landing,arrivee,1050,230.8,92.9,,36.61,,
2026-06-27,22:10:17,440d10,OE-IBS,Airbus A320,easyJet Europe,cruise,,2275,0.0,57.3,,14.42,,
2026-06-27,22:12:44,9HGMF,,,,cruise,,200,1.3,57.6,,14.34,,
2026-06-27,22:14:14,EZY25BM,G-EZRZ,Airbus A320,easyJet,landing,arrivee,900,252.4,90.1,,43.52,,
2026-06-27,22:17:41,TAP1933,CS-TAY,Embraer E195,TAP Air Portugal,landing,arrivee,850,238.2,91.3,,36.7,,
2026-06-27,22:20:34,4952cd,CS-TVM,Airbus A320neo,TAP Air Portugal,landing,arrivee,1025,265.6,88.9,,34.76,,
2026-06-27,22:23:32,392af5,F-GKXV,Airbus A320,Air France,cruise,,1050,0.0,93.1,,32.27,,
2026-06-27,22:26:50,3c6484,D-AIDD,Airbus A321,Lufthansa,landing,arrivee,1025,260.8,95.3,,35.49,,
2026-06-27,22:30:41,495145,CS-TJE,Airbus A321,TAP Air Portugal,landing,arrivee,1000,257.2,91.2,,42.34,,
2026-06-27,22:38:53,39cead,F-HTVN,Boeing 737-800,Transavia France,landing,arrivee,1025,270.0,94.7,,51.49,,
2026-06-27,22:52:23,4951d2,CS-TNR,Airbus A320,TAP Air Portugal,landing,arrivee,1025,248.4,93.4,,38.58,,
2026-06-27,22:54:54,EJU74EP,OE-LSF,Airbus A320neo,easyJet Europe,cruise,,1125,0.0,88.6,,30.0,,
2026-06-27,22:56:35,495290,CS-TTP,Airbus A319,TAP Air Portugal,landing,arrivee,1050,252.4,88.3,,42.32,,
2026-06-27,22:58:20,440da5,OE-IDS,Airbus A320,easyJet Europe,landing,arrivee,1050,234.3,91.4,,33.59,,
2026-06-27,23:00:06,4951d6,CS-TNV,Airbus A320,TAP Air Portugal,landing,arrivee,1050,258.7,95.0,,35.94,,
2026-06-27,23:02:56,495148,CS-TJH,Airbus A321,TAP Air Portugal,landing,arrivee,975,258.7,92.3,,36.51,,
2026-06-27,23:04:44,46b8b6,SX-NEV,Airbus A320neo,,landing,arrivee,1050,255.6,89.4,,33.43,,
2026-06-27,23:06:50,4bb263,TC-LSC,Airbus A321neo,Turkish Airlines,landing,arrivee,1050,235.6,91.6,,36.52,,
2026-06-27,23:08:20,TAP64M,CS-TJN,Airbus A321neo,TAP Air Portugal,landing,arrivee,1050,250.8,91.2,,35.09,,
2026-06-27,23:10:04,4867c2,PH-AXG,Airbus A321neo,KLM,landing,arrivee,1050,257.2,91.5,,32.19,,
2026-06-27,23:12:27,346316,EC-NFZ,Airbus A320neo,Iberia,landing,arrivee,1275,278.9,54.5,,13.85,,
2026-06-27,23:15:10,RYR67PW,9H-QEJ,Boeing 737-800,Malta Air,landing,arrivee,1000,271.7,96.8,,41.67,,
2026-06-27,23:18:05,4cafd2,EI-GXM,Boeing 737-800,Ryanair,landing,arrivee,1050,291.7,93.5,,69.59,,
2026-06-27,23:20:48,3c667a,D-AISZ,Airbus A321,Lufthansa,landing,arrivee,1025,270.8,91.6,,40.06,,
2026-06-27,23:23:41,440b1e,OE-IWW,Airbus A320,easyJet Europe,landing,arrivee,1050,254.8,93.6,,41.06,,
2026-06-27,23:26:13,440daf,OE-IDU,Airbus A320,easyJet Europe,cruise,,1050,255.6,93.8,,37.92,,
2026-06-27,23:28:54,440d6f,OE-LSR,Airbus A320,easyJet Europe,landing,arrivee,1050,256.5,91.1,,30.94,,
2026-06-27,23:31:27,EJU19TV,OE-IDT,Airbus A320,easyJet Europe,landing,arrivee,1000,248.4,91.2,,36.07,,
2026-06-27,23:34:26,495216,CS-TPV,Embraer E190,TAP Air Portugal,landing,arrivee,900,218.4,93.5,,26.12,,
2026-06-27,23:35:56,4b194a,HB-JPA,Airbus A321neo,Swiss,cruise,,1250,0.0,85.1,,23.62,,
2026-06-27,23:38:06,TAP94KM,CS-TAX,Embraer E195,TAP Air Portugal,landing,arrivee,1000,244.3,92.3,,34.94,,
2026-06-27,23:41:49,4081bc,G-TNEG,Airbus A321neo,British Airways,landing,arrivee,1075,242.4,91.7,,30.5,,
2026-06-27,23:53:59,TVF34QV,F-HUYY,Boeing 737-800,Transavia France,landing,arrivee,1100,258.4,91.7,,44.92,,
2026-06-28,00:04:02,EJU32GK,OE-LSP,Airbus A320,easyJet Europe,landing,arrivee,925,234.3,91.1,,31.32,,
2026-06-28,00:07:14,440c35,OE-LSA,Airbus A320neo,easyJet Europe,cruise,,1125,0.0,86.7,,19.06,,
2026-06-28,00:09:32,4cac55,EI-HGR,Boeing 737 MAX 8,Ryanair,landing,arrivee,1075,264.5,92.1,,47.52,,
2026-06-28,00:41:03,TAP39PT,EC-OCT,Airbus A321,TAP Air Portugal,landing,arrivee,1075,256.5,93.4,,31.12,,
2026-06-28,01:47:41,RZO128,CS-TKQ,Airbus A320,TAP Air Portugal,landing,arrivee,1050,234.3,92.3,,33.85,,
2026-06-28,02:58:54,344545,EC-MAF,ATR 72 500F,Swiftair,approach,arrivee,1100,165.4,54.0,,10.9,,
2026-06-28,04:24:32,TAP232Y,CS-TXL,Airbus A321neo,TAP Air Portugal,landing,arrivee,1075,265.8,91.7,,33.85,,
2026-06-28,04:34:33,49530d,CS-TXM,Airbus A321,TAP Air Portugal,landing,arrivee,1075,258.4,91.7,,27.52,,
2026-06-28,04:43:48,495306,CS-TXF,Airbus A321neo,TAP Air Portugal,landing,arrivee,1050,240.8,92.1,,30.05,,
2026-06-28,04:46:20,TAP218,CS-TXG,Airbus A321neo,TAP Air Portugal,landing,arrivee,1050,263.2,91.6,,38.69,,
2026-06-28,04:48:56,4952a5,CS-TUE,Airbus A330-900neo,TAP Air Portugal,landing,arrivee,1050,249.8,94.7,,56.02,,
2026-06-28,04:54:40,TAP074,CS-TUJ,Airbus A330-900neo,TAP Air Portugal,landing,arrivee,1200,253.9,93.9,,59.55,,
2026-06-28,05:05:26,TAP25YZ,CS-TXC,Airbus A321neo,TAP Air Portugal,cruise,,1075,0.0,86.9,,29.28,,
2026-06-28,05:16:18,TAP224,CS-TUH,Airbus A330-900neo,TAP Air Portugal,landing,arrivee,1075,258.9,93.6,,47.21,,
2026-06-28,05:50:01,495217,CS-TPW,Embraer E190,TAP Air Portugal,landing,arrivee,1000,230.0,90.9,,29.36,,
2026-06-28,06:00:40,4951d9,CS-TNY,Airbus A320,TAP Air Portugal,landing,arrivee,1075,254.1,94.1,,46.72,,
2026-06-28,06:03:03,TAP1550,CS-TJO,Airbus A321neo,TAP Air Portugal,landing,arrivee,1000,251.5,89.8,,30.95,,
2026-06-28,06:07:29,495212,CS-TPR,Embraer E190,TAP Air Portugal,landing,arrivee,1000,225.9,91.8,,38.5,,
2026-06-28,06:12:45,TAP1544,CS-TVR,Airbus A320neo,TAP Air Portugal,landing,arrivee,1050,252.4,90.4,,35.68,,
2026-06-28,06:22:45,4952a2,CS-TUB,Airbus A330-900neo,TAP Air Portugal,landing,arrivee,1050,249.1,96.1,,53.37,,
2026-06-28,06:25:23,4d2264,9H-QDJ,Boeing 737-800,Malta Air,landing,arrivee,1075,254.1,95.6,,49.27,,
2026-06-28,06:28:15,TAP1484,CS-TJR,Airbus A321neo,TAP Air Portugal,landing,arrivee,975,242.2,94.8,,36.89,,
2026-06-28,06:31:39,4952a3,CS-TUC,Airbus A330-900neo,TAP Air Portugal,landing,arrivee,1075,235.9,96.9,,67.35,,
2026-06-28,06:34:29,0900f1,D2-TEK,Boeing 777-300ER,TAAG Angola Airlines,landing,arrivee,1025,246.7,97.1,,59.2,,
2026-06-28,06:37:23,4952b2,CS-TUR,Airbus A330-900neo,TAP Air Portugal,landing,arrivee,1075,234.3,94.8,,60.3,,
2026-06-28,06:40:07,4951cd,CS-TNM,Airbus A320,TAP Air Portugal,landing,arrivee,1025,249.1,95.4,,42.27,,
2026-06-28,06:44:15,4952c3,CS-TVC,Airbus A320neo,TAP Air Portugal,landing,arrivee,1000,232.4,90.6,,32.6,,
2026-06-28,06:47:29,4951d1,CS-TNQ,Airbus A320,TAP Air Portugal,landing,arrivee,1025,233.2,91.0,,50.81,,
2026-06-28,06:50:14,ETD7LG,A6-BLW,Boeing 787-9,Etihad Airways,landing,arrivee,1050,280.6,94.1,,45.59,,
2026-06-28,06:53:02,4950e4,,,Azul,landing,arrivee,1025,250.0,95.4,,51.36,,
2026-06-28,06:55:51,AEA1159,EC-MPS,Boeing 737-800,Air Europa,landing,arrivee,1025,247.2,94.6,,55.56,,
2026-06-28,06:59:17,4952c1,CS-TVA,Airbus A320neo,TAP Air Portugal,landing,arrivee,1050,234.3,92.7,,32.28,,
2026-06-28,07:02:22,TSC680,CA-GOJQ,Airbus A321,Air Transat,landing,arrivee,1050,238.4,91.2,,39.55,,
2026-06-28,07:05:42,IBE05WK,EC-NFZ,Airbus A320neo,Iberia,cruise,,1075,0.0,53.9,,11.31,,
2026-06-28,07:07:25,4952c4,CS-TVD,Airbus A320neo,TAP Air Portugal,landing,arrivee,1050,258.9,89.5,,26.43,,
2026-06-28,07:10:27,495218,CS-TPX,Embraer E190,TAP Air Portugal,landing,arrivee,1000,226.7,91.4,,29.46,,
2026-06-28,07:16:32,440daf,OE-IDU,Airbus A320,easyJet Europe,cruise,,725,0.0,58.7,,11.51,,
2026-06-28,07:18:28,TAP1139,CS-TAW,Embraer E195,TAP Air Portugal,landing,arrivee,1025,239.1,89.7,,30.85,,
2026-06-28,07:20:54,TAP98CX,CS-TPT,Embraer E190,TAP Air Portugal,landing,arrivee,975,223.2,93.6,,38.02,,
2026-06-28,07:25:17,49514d,CS-TJM,Airbus A321neo,TAP Air Portugal,cruise,,1075,255.6,89.3,,28.44,,
2026-06-28,07:28:10,TAP1920,CS-TVH,Airbus A320neo,TAP Air Portugal,cruise,,650,0.0,55.2,,11.38,,
2026-06-28,07:29:36,TAP475,CS-TPQ,Embraer E190,TAP Air Portugal,landing,arrivee,225,225.4,52.6,,11.65,,
2026-06-28,07:31:10,TAP9ML,CS-TVJ,Airbus A320neo,TAP Air Portugal,landing,arrivee,1050,250.8,90.2,,27.69,,
2026-06-28,07:34:21,495297,CS-TTW,Embraer E195,TAP Air Portugal,landing,arrivee,1000,251.5,89.8,,34.79,,
2026-06-28,07:37:18,49514a,CS-TJJ,Airbus A321neo,TAP Air Portugal,landing,arrivee,1250,235.9,61.6,,12.15,,
2026-06-28,07:40:20,a07dc9,N13014,Boeing 787-10,United Airlines,landing,arrivee,1025,270.8,94.0,,48.35,,
2026-06-28,07:43:02,4952a9,CS-TUI,Airbus A330-900neo,TAP Air Portugal,landing,arrivee,1050,246.7,92.9,,49.61,,
2026-06-28,07:46:10,TAP945,CS-TVL,Airbus A320,TAP Air Portugal,landing,arrivee,1050,267.2,87.2,,38.22,,
2026-06-28,07:49:12,TAP1939,CS-TNJ,Airbus A320,TAP Air Portugal,landing,arrivee,1025,247.6,91.2,,32.37,,
2026-06-28,07:51:54,495146,CS-TJF,Airbus A321,TAP Air Portugal,landing,arrivee,1150,253.2,86.2,,15.66,,
2026-06-28,07:55:17,a4e35f,N414DZ,Airbus A330-900neo,Delta Air Lines,landing,arrivee,1025,250.0,98.3,,70.98,,
2026-06-28,07:58:09,TAP647,CS-TTS,Airbus A319,TAP Air Portugal,cruise,,1075,0.0,92.3,,35.47,,
2026-06-28,08:04:06,4952d2,CS-TVR,Airbus A320neo,TAP Air Portugal,cruise,,700,0.0,53.8,,11.51,,
2026-06-28,08:06:16,3c55c6,D-AENF,Airbus A320neo,Eurowings,landing,arrivee,1050,239.1,92.1,,33.8,,
2026-06-28,08:09:50,3443d5,EC-LVU,Airbus A320,Vueling,landing,arrivee,1025,248.4,95.4,,50.17,,
2026-06-28,08:12:58,4952cf,CS-TVO,Airbus A320neo,TAP Air Portugal,landing,arrivee,1000,248.4,90.4,,30.67,,
2026-06-28,08:15:53,49530b,CS-TXK,Airbus A321,TAP Air Portugal,landing,arrivee,1025,260.8,90.4,,30.97,,
2026-06-28,08:18:34,495150,CS-TJP,Airbus A321neo,TAP Air Portugal,landing,arrivee,1150,276.9,90.6,,23.71,,
2026-06-28,08:24:51,49529a,CS-TTZ,Embraer E195,TAP Air Portugal,cruise,,1000,0.0,93.0,,39.67,,
2026-06-28,08:29:58,4952c2,CS-TVB,Airbus A320neo,TAP Air Portugal,landing,arrivee,1100,264.7,88.1,,31.46,,
2026-06-28,08:33:05,495213,CS-TPS,Embraer E190,TAP Air Portugal,cruise,,525,0.0,58.1,,20.45,,
2026-06-28,08:34:35,AAL258,N822AN,Boeing 787-9,American Airlines,landing,arrivee,250,265.6,97.1,,13.15,,
2026-06-28,08:41:01,AFR35VY,F-GKXI,Airbus A320,Air France,landing,arrivee,1025,249.1,92.6,,38.99,,
2026-06-28,08:44:03,TAP63GL,CS-TVI,Airbus A320neo,TAP Air Portugal,cruise,,1000,0.0,91.3,,41.66,,
2026-06-28,08:49:43,39de47,F-HXSH,Airbus A320neo,Transavia France,landing,arrivee,975,228.4,87.8,,37.1,,
2026-06-28,08:51:51,TAM8146,PT-MUH,Boeing 777-300ER,LATAM Airlines,landing,arrivee,1000,260.8,99.1,,66.46,,
2026-06-28,08:54:48,4952c7,CS-TVG,Airbus A320neo,TAP Air Portugal,landing,arrivee,1025,256.5,88.0,,32.11,,
2026-06-28,08:58:54,4951d8,CS-TNX,Airbus A320,TAP Air Portugal,cruise,,1050,0.0,97.3,,37.49,,
2026-06-28,09:03:23,4d2241,9H-QCO,Boeing 737-800,Malta Air,landing,arrivee,1050,262.2,94.6,,57.64,,
2026-06-28,09:06:11,c078ba,C-GTSR,Airbus A330-200,Air Transat,landing,arrivee,1000,238.4,92.5,,42.76,,
2026-06-28,09:08:50,4952d0,CS-TVP,Airbus A320neo,TAP Air Portugal,landing,arrivee,1100,244.8,88.3,,29.84,,
2026-06-28,09:11:51,TAP56DP,CS-TNN,Airbus A320,TAP Air Portugal,landing,arrivee,1025,230.8,95.9,,33.38,,
2026-06-28,09:21:37,4bb285,TC-LTE,Airbus A321neo,Turkish Airlines,approach,arrivee,975,258.4,93.7,,31.38,,
2026-06-28,09:26:28,RYR4ZF,EI-IFT,Boeing 737 MAX 8,Ryanair,landing,arrivee,1000,250.4,93.2,,36.83,,
2026-06-28,09:29:16,LOT4HT,SP-LVA,Boeing 737 MAX 8,LOT Polish Airlines,landing,arrivee,1025,291.3,90.8,,32.67,,
2026-06-28,09:36:46,408184,G-UZEH,Airbus A320neo,easyJet,landing,arrivee,1000,246.7,89.2,,32.13,,
2026-06-28,09:39:32,TAP072,CS-TUA,Airbus A330-900neo,TAP Air Portugal,landing,arrivee,1025,236.7,92.9,,37.77,,
2026-06-28,09:42:20,4952d1,CS-TVQ,Airbus A320neo,TAP Air Portugal,landing,arrivee,1000,250.8,94.6,,26.11,,
2026-06-28,09:45:12,495302,CS-TXB,Airbus A321neo,TAP Air Portugal,landing,arrivee,1025,256.5,90.5,,36.98,,
2026-06-28,09:47:53,406d95,G-EZOP,Airbus A320,easyJet,landing,arrivee,975,254.1,92.0,,37.09,,
2026-06-28,09:50:34,407fc9,G-TNEA,Airbus A321neo,British Airways,approach,arrivee,1025,238.4,93.2,,120.31,,
2026-06-28,10:38:45,EZY79RV,G-EZUS,Airbus A320,easyJet,landing,arrivee,275,261.5,61.0,,33.92,,
2026-06-28,10:41:36,4952ce,CS-TVN,Airbus A320neo,TAP Air Portugal,landing,arrivee,525,249.1,93.6,,21.2,,
2026-06-28,10:44:08,495153,CS-TJS,Airbus A321neo,TAP Air Portugal,landing,arrivee,575,253.2,92.2,,54.48,,
2026-06-28,10:46:49,TAP68JP,CS-TJL,Airbus A321neo,TAP Air Portugal,landing,arrivee,525,258.0,92.3,,22.5,,
2026-06-28,10:49:17,40643b,G-EZTY,Airbus A320,easyJet,landing,arrivee,625,241.5,93.3,,24.43,,
2026-06-28,10:52:20,49521a,CS-TPZ,Embraer E190,TAP Air Portugal,landing,arrivee,500,230.8,92.2,,24.71,,
2026-06-28,10:56:38,KLM1579,PH-AXM,Airbus A321neo,KLM,landing,arrivee,600,232.4,89.8,,23.11,,
2026-06-28,10:59:55,4952c8,CS-TVH,Airbus A320neo,TAP Air Portugal,landing,arrivee,575,223.2,93.6,,20.83,,
2026-06-28,11:02:27,EJU74EF,OE-IDU,Airbus A320,easyJet Europe,landing,arrivee,575,253.2,92.7,,24.81,,
2026-06-28,11:05:12,4ca301,EI-DLV,Boeing 737-800,Ryanair,cruise,,650,0.0,95.2,,24.51,,
2026-06-28,11:09:06,440da5,OE-IDS,Airbus A320,easyJet Europe,landing,arrivee,575,253.2,94.3,,30.39,,
2026-06-28,11:18:02,44ce62,OO-SSB,Airbus A319,Brussels Airlines,landing,arrivee,825,235.9,89.8,,21.96,,
2026-06-28,11:21:23,TAP248,CS-TUD,Airbus A330-900neo,TAP Air Portugal,landing,arrivee,525,249.1,95.2,,46.54,,
2026-06-28,11:24:45,4952c6,CS-TVF,Airbus A320neo,TAP Air Portugal,landing,arrivee,675,258.4,91.5,,24.28,,
2026-06-28,11:28:06,VLG39HL,EC-KCU,Airbus A320,Vueling,landing,arrivee,575,251.5,94.6,,26.19,,
2026-06-28,11:32:05,39bdb4,F-HPNU,Airbus A220-300,Air France,cruise,,600,0.0,91.8,,23.21,,
2026-06-28,11:35:12,348342,EC-OND,Airbus A330-300,,landing,arrivee,600,243.2,95.0,,31.19,,
2026-06-28,11:38:04,495038,CS-TAX,Embraer E195,TAP Air Portugal,landing,arrivee,600,244.8,90.7,,22.92,,
2026-06-28,11:40:51,495266,CS-TSF,Airbus A321neo,TAP Air Portugal,landing,arrivee,750,242.4,88.8,,22.63,,
2026-06-28,11:44:11,34324f,EC-LEI,Airbus A319,Iberia,cruise,,600,0.0,91.1,,21.83,,
2026-06-28,11:46:48,4952a7,CS-TUG,Airbus A330-900neo,TAP Air Portugal,landing,arrivee,625,259.7,96.2,,39.13,,
2026-06-28,11:49:44,DLH39X,D-AIEO,Airbus A321neo,Lufthansa,approach,arrivee,650,254.8,91.5,,24.04,,
2026-06-28,11:52:35,RYR7GJ,EI-GXM,Boeing 737-800,Ryanair,landing,arrivee,550,273.2,96.2,,26.79,,
2026-06-28,11:56:22,4b1a29,HB-JXP,Airbus A320,Austrian Airlines,landing,arrivee,525,262.2,93.6,,25.36,,
2026-06-28,12:02:21,4d2518,9H-QFE,Boeing 737-800,Malta Air,cruise,,600,0.0,93.9,,29.26,,
2026-06-28,12:05:24,TAP1123,CS-TPY,Embraer E190,TAP Air Portugal,landing,arrivee,525,240.0,91.8,,22.11,,
2026-06-28,12:08:03,TVF97HD,F-GZHQ,Boeing 737-800,Transavia France,landing,arrivee,600,265.6,96.3,,29.86,,
2026-06-28,12:11:01,8963d2,A6-EPC,Boeing 777-300ER,Emirates,landing,arrivee,600,273.9,100.7,,40.05,,
2026-06-28,12:13:58,440072,OE-LSF,Airbus A320neo,easyJet Europe,landing,arrivee,600,233.9,89.3,,22.72,,
2026-06-28,12:16:30,4952c1,CS-TVA,Airbus A320neo,TAP Air Portugal,landing,arrivee,600,253.2,88.5,,24.08,,
2026-06-28,12:19:30,EJU32WQ,OE-LSP,Airbus A320,easyJet Europe,landing,arrivee,600,243.2,88.8,,20.18,,
2026-06-28,12:22:45,TAP1925,CS-TTY,Embraer E195,TAP Air Portugal,landing,arrivee,525,271.3,91.1,,26.68,,
2026-06-28,12:25:25,RYR14SC,9H-QEJ,Boeing 737-800,Malta Air,landing,arrivee,550,267.2,94.9,,29.17,,
2026-06-28,12:28:16,TAP210,CS-TUF,Airbus A330-900neo,TAP Air Portugal,approach,arrivee,525,261.5,98.1,,38.01,,
2026-06-28,12:31:33,49d13d,OK-TVL,Boeing 737-800,Eurowings,cruise,,1025,0.0,93.4,,35.54,,
2026-06-28,12:34:59,TAP143P,CS-TTS,Airbus A319,TAP Air Portugal,landing,arrivee,625,246.7,90.1,,22.02,,
2026-06-28,12:38:01,4d2304,9H-VUF,Boeing 737 MAX 8,Malta Air,landing,arrivee,600,272.4,91.0,,21.85,,
2026-06-28,12:40:55,EJU52PB,OE-IDT,Airbus A320,easyJet Europe,landing,arrivee,525,258.7,91.5,,23.77,,
2026-06-28,12:43:47,TAP1031,CS-TJN,Airbus A321neo,TAP Air Portugal,landing,arrivee,650,264.8,92.5,,22.13,,
2026-06-28,12:53:44,495213,CS-TPS,Embraer E190,TAP Air Portugal,landing,arrivee,575,237.4,93.4,,24.9,,
2026-06-28,13:01:13,VLG8JM,EC-MHS,Airbus A321,Vueling,landing,arrivee,575,255.6,92.4,,27.04,,
2026-06-28,13:03:48,EJU74LC,OE-LSR,Airbus A320,easyJet Europe,landing,arrivee,575,247.2,89.9,,18.7,,
2026-06-28,13:07:55,TAP145W,CS-TTW,Embraer E195,TAP Air Portugal,landing,arrivee,600,254.8,93.0,,25.21,,
2026-06-28,13:10:30,RZO122,CS-TSJ,Airbus A321neo,TAP Air Portugal,landing,arrivee,550,278.9,93.6,,21.07,,
2026-06-28,13:13:23,440c35,OE-LSA,Airbus A320neo,easyJet Europe,landing,arrivee,550,237.4,92.4,,20.64,,
2026-06-28,13:17:36,4951d6,CS-TNV,Airbus A320,TAP Air Portugal,landing,arrivee,700,268.0,94.0,,24.11,,
2026-06-28,13:21:25,TAP91TL,CS-TPU,Embraer E190,TAP Air Portugal,landing,arrivee,250,242.4,58.6,,14.07,,
2026-06-28,13:23:44,495290,CS-TTP,Airbus A319,TAP Air Portugal,landing,arrivee,575,240.8,94.1,,23.17,,
2026-06-28,13:26:58,3c64a3,D-AIEC,Airbus A321neo,Lufthansa,cruise,,600,0.0,90.9,,23.93,,
2026-06-28,13:29:44,EJU98EV,OE-ICL,Airbus A320,easyJet Europe,landing,arrivee,525,243.2,90.8,,21.99,,
2026-06-28,13:35:59,TAP1736,CS-TJR,Airbus A321neo,TAP Air Portugal,landing,arrivee,500,256.5,94.5,,19.16,,
2026-06-28,13:39:09,4951d9,CS-TNY,Airbus A320,TAP Air Portugal,landing,arrivee,525,251.3,94.5,,27.35,,
2026-06-28,13:41:58,TAP43JD,CS-TNR,Airbus A320,TAP Air Portugal,landing,arrivee,575,257.2,93.9,,21.96,,
2026-06-28,13:46:36,4951d3,CS-TNS,Airbus A320,TAP Air Portugal,landing,arrivee,575,265.4,96.6,,23.49,,
2026-06-28,13:49:16,TAP86GM,CS-TJE,Airbus A321,TAP Air Portugal,landing,arrivee,525,267.2,93.4,,21.53,,
2026-06-28,13:52:31,4b180c,HB-JCU,A220 300,Swiss,landing,arrivee,575,239.1,93.6,,20.98,,
2026-06-28,13:55:20,4952c4,CS-TVD,Airbus A320neo,TAP Air Portugal,landing,arrivee,600,249.1,89.5,,19.96,,
2026-06-28,13:58:24,4952ab,CS-TUK,Airbus A330-900neo,TAP Air Portugal,landing,arrivee,575,266.5,94.3,,28.76,,
2026-06-28,14:01:17,TAP11EG,CS-TPV,Embraer E190,TAP Air Portugal,landing,arrivee,575,224.3,92.0,,20.97,,
2026-06-28,14:03:51,TAP1013,CS-TNJ,Airbus A320,TAP Air Portugal,landing,arrivee,600,255.6,94.6,,25.63,,
2026-06-28,14:07:14,49520f,CS-TPO,Embraer E190,TAP Air Portugal,landing,arrivee,575,247.2,90.9,,22.32,,
2026-06-28,14:09:29,RYR55AR,EI-EBO,Boeing 737-800,Ryanair,landing,arrivee,525,268.0,95.8,,31.89,,
2026-06-28,14:12:42,4952d2,CS-TVR,Airbus A320neo,TAP Air Portugal,landing,arrivee,525,258.4,90.5,,21.37,,
2026-06-28,14:15:13,TAP88TM,CS-TVB,Airbus A320neo,TAP Air Portugal,approach,arrivee,600,251.5,91.7,,20.47,,
2026-06-28,14:18:50,RZO140,CS-TKP,Airbus A320,TAP Air Portugal,landing,arrivee,275,236.7,59.1,,13.98,,
2026-06-28,14:20:46,495217,CS-TPW,Embraer E190,TAP Air Portugal,landing,arrivee,575,243.0,98.5,,27.22,,
2026-06-28,14:25:19,495039,CS-TAY,Embraer E195,TAP Air Portugal,landing,arrivee,625,246.7,95.1,,27.19,,
2026-06-28,14:28:16,440d10,OE-IBS,Airbus A320,easyJet Europe,landing,arrivee,575,243.9,95.5,,23.14,,
2026-06-28,14:30:39,495211,CS-TPQ,Embraer E190,TAP Air Portugal,landing,arrivee,550,241.7,95.1,,25.75,,
2026-06-28,14:33:27,495170,CS-TKP,Airbus A320,TAP Air Portugal,landing,arrivee,675,251.7,91.7,,23.57,,
2026-06-28,14:35:59,486897,,,KLM,landing,arrivee,825,276.5,91.5,,20.72,,
2026-06-28,14:40:32,4951cd,CS-TNM,Airbus A320,TAP Air Portugal,landing,arrivee,675,268.2,94.6,,21.53,,
2026-06-28,14:49:39,49514b,CS-TJK,Airbus A321neo,TAP Air Portugal,cruise,,675,0.0,88.7,,20.36,,
2026-06-28,14:52:12,EJU81TJ,OE-IWW,Airbus A320,easyJet Europe,landing,arrivee,600,257.2,92.9,,21.59,,
2026-06-28,14:56:40,AFR37EQ,F-GUGN,A318 111,Air France,landing,arrivee,600,227.6,95.3,,22.32,,
2026-06-28,14:59:37,RZO1156,CS-TKQ,Airbus A320,TAP Air Portugal,landing,arrivee,600,249.8,92.6,,22.66,,
2026-06-28,15:11:13,AEA12AT,EC-LPQ,Boeing 737-800,Air Europa,landing,arrivee,575,265.6,93.5,,35.85,,
2026-06-28,15:14:05,SWR2BK,HB-JDD,Airbus A320neo,Swiss,landing,arrivee,700,256.3,89.9,,21.26,,
2026-06-28,15:18:40,EZY35DC,G-UZHS,Airbus A320neo,easyJet,landing,arrivee,600,253.9,90.7,,21.91,,
2026-06-28,15:24:21,4952cf,CS-TVO,Airbus A320neo,TAP Air Portugal,landing,arrivee,675,249.1,89.0,,20.3,,
2026-06-28,15:30:20,TAP541W,CS-TPR,Embraer E190,TAP Air Portugal,landing,arrivee,575,227.4,89.2,,21.9,,
2026-06-28,15:31:59,4952cc,CS-TVL,Airbus A320,TAP Air Portugal,landing,arrivee,650,273.2,90.5,,25.63,,
2026-06-28,15:38:35,TAP1137,CS-TPZ,Embraer E190,TAP Air Portugal,landing,arrivee,500,233.2,93.3,,23.38,,
2026-06-28,15:40:51,4ca566,EI-DWA,Boeing 737-800,Ryanair,cruise,,725,0.0,94.8,,39.35,,
2026-06-28,15:43:36,495148,CS-TJH,Airbus A321,TAP Air Portugal,landing,arrivee,650,269.3,93.5,,24.55,,
2026-06-28,15:46:27,RYR21WA,SP-RZX,Boeing 737 MAX 8,Ryanair,landing,arrivee,550,273.4,92.5,,29.64,,
2026-06-28,15:49:09,4bb2b0,TC-LUP,Airbus A321,Turkish Airlines,cruise,,700,270.4,90.6,,24.99,,
2026-06-28,15:52:13,495218,CS-TPX,Embraer E190,TAP Air Portugal,landing,arrivee,550,265.6,90.8,,25.4,,
2026-06-28,15:54:53,TAP669,CS-TVC,Airbus A320neo,TAP Air Portugal,landing,arrivee,550,238.2,89.8,,22.48,,
2026-06-28,15:57:20,TAP90EH,CS-TOP,Airbus A330-200,TAP Air Portugal,landing,arrivee,675,240.0,95.9,,32.28,,
2026-06-28,16:00:14,4952b1,CS-TUQ,Airbus A330-900neo,TAP Air Portugal,landing,arrivee,550,251.5,95.7,,29.99,,
2026-06-28,16:02:38,FIN96W,OH-LZR,Airbus A321,Finnair,landing,arrivee,500,276.5,97.1,,28.06,,
2026-06-28,16:05:38,4952cd,CS-TVM,Airbus A320neo,TAP Air Portugal,landing,arrivee,550,269.7,92.3,,22.22,,
2026-06-28,16:07:58,4952cb,CS-TVK,Airbus A320neo,TAP Air Portugal,cruise,,650,0.0,92.2,,20.85,,
2026-06-28,16:10:11,495037,CS-TAW,Embraer E195,TAP Air Portugal,landing,arrivee,575,256.5,95.1,,30.09,,
2026-06-28,16:13:08,ANE91TE,EC-MJO,Bombardier CRJ-1000,Air Nostrum,landing,arrivee,550,249.3,91.5,,18.64,,
2026-06-28,16:15:42,TAP763,EC-OCT,Airbus A321,TAP Air Portugal,landing,arrivee,525,276.3,93.8,,24.83,,
2026-06-28,16:17:58,TAP571,CS-TXL,Airbus A321neo,TAP Air Portugal,landing,arrivee,600,253.2,91.9,,27.15,,
2026-06-28,16:19:45,4081bd,G-TTSD,Airbus A320neo,British Airways,cruise,,600,0.0,89.0,,22.29,,
2026-06-28,16:21:50,49530d,CS-TXM,Airbus A321,TAP Air Portugal,landing,arrivee,675,236.3,91.2,,20.97,,
2026-06-28,16:24:22,4951d1,CS-TNQ,Airbus A320,TAP Air Portugal,cruise,,650,0.0,91.7,,22.26,,
2026-06-28,16:27:18,RYR8HG,EI-HMS,Boeing 737 MAX 8,Ryanair,landing,arrivee,625,277.1,89.6,,25.45,,
2026-06-28,16:30:06,RYR5KT,EI-HGR,Boeing 737 MAX 8,Ryanair,landing,arrivee,500,258.7,92.9,,34.62,,
2026-06-28,16:32:06,TAP1359,CS-TVI,Airbus A320neo,TAP Air Portugal,landing,arrivee,575,246.3,93.6,,24.13,,
2026-06-28,16:34:50,TAP1105,CS-TAX,Embraer E195,TAP Air Portugal,landing,arrivee,575,243.2,89.8,,23.85,,
2026-06-28,16:36:49,EJU69VE,OE-IDU,Airbus A320,easyJet Europe,landing,arrivee,700,250.8,94.5,,26.48,,
2026-06-28,16:40:28,4952c7,CS-TVG,Airbus A320neo,TAP Air Portugal,landing,arrivee,600,235.6,88.2,,21.34,,
2026-06-28,16:43:22,ANE8274,EC-MNQ,Bombardier CRJ-1000,Air Nostrum,landing,arrivee,550,238.2,88.2,,19.32,,
2026-06-28,16:46:03,495306,CS-TXF,Airbus A321neo,TAP Air Portugal,landing,arrivee,600,252.4,91.6,,26.16,,
2026-06-28,16:49:04,491d88,CS-GLH,Global 6000,NetJets,landing,arrivee,600,191.9,86.2,,18.27,,
2026-06-28,16:51:51,TAP1929,CS-TTS,Airbus A319,TAP Air Portugal,landing,arrivee,575,238.4,94.8,,24.05,,
2026-06-28,16:54:50,495309,CS-TXI,Airbus A321neo,TAP Air Portugal,landing,arrivee,625,270.0,93.9,,24.48,,
2026-06-28,16:57:30,096028,D4-CCJ,Boeing 737 MAX 8,TACV Cabo Verde Airlines,landing,arrivee,525,255.4,92.8,,24.9,,
2026-06-28,17:00:23,EZY65DX,G-UZHO,Airbus A320neo,easyJet,cruise,,575,0.0,93.9,,25.42,,
2026-06-28,17:06:26,TAP1143,CS-TNX,Airbus A320,TAP Air Portugal,landing,arrivee,575,249.1,94.2,,24.76,,
2026-06-28,17:08:36,342591,EC-KHN,Airbus A320,Vueling,landing,arrivee,625,265.6,94.6,,31.0,,
2026-06-28,17:11:58,3c64ad,D-AIEM,Airbus A321neo,Lufthansa,approach,arrivee,600,244.3,88.9,,24.69,,
2026-06-28,17:15:05,4ac9f4,SE-ROT,Airbus A320neo,SAS Scandinavian,landing,arrivee,600,244.3,98.4,,26.73,,
2026-06-28,17:22:06,RYR29TL,EI-ENV,Boeing 737-800,Ryanair,landing,arrivee,550,268.2,95.6,,46.72,,
2026-06-28,17:25:27,NSZ2WK,SE-RTG,Boeing 737 MAX 8,Norwegian Air Sweden AOC,landing,arrivee,525,276.3,92.5,,33.06,,
2026-06-28,17:31:37,495149,CS-TJI,Airbus A321neo,TAP Air Portugal,landing,arrivee,625,253.9,90.4,,24.78,,
2026-06-28,17:35:26,4cafd2,EI-GXM,Boeing 737-800,Ryanair,landing,arrivee,550,262.2,92.9,,35.97,,
2026-06-28,17:42:33,RAM982,,,Royal Air Maroc,landing,arrivee,600,263.2,91.1,,25.74,,
2026-06-28,17:48:09,RYR36JX,9H-QBY,Boeing 737-800,Malta Air,landing,arrivee,550,261.5,97.8,,37.44,,
2026-06-28,17:51:43,3c6496,D-AIDV,Airbus A321,Eurowings,cruise,,675,0.0,94.1,,22.47,,
2026-06-28,17:55:42,TRA27L,PH-HSM,Boeing 737-800,Transavia,landing,arrivee,600,273.2,95.6,,44.43,,
2026-06-28,17:59:47,440c35,OE-LSA,Airbus A320neo,easyJet Europe,landing,arrivee,625,242.4,89.8,,24.23,,
2026-06-28,18:03:50,TAP1558,CS-TVJ,Airbus A320neo,TAP Air Portugal,landing,arrivee,575,255.9,91.0,,24.22,,
2026-06-28,18:06:54,4d00c3,LX-LGS,Boeing 737-700,Luxair,cruise,,600,0.0,94.0,,31.29,,
2026-06-28,18:09:29,3444da,EC-MBS,Airbus A320,Vueling,landing,arrivee,650,252.2,92.2,,25.05,,
2026-06-28,18:12:28,EJU45HZ,OE-IDS,Airbus A320,easyJet Europe,landing,arrivee,550,249.8,91.2,,28.36,,
2026-06-28,18:14:55,TAP643,CS-TVQ,Airbus A320neo,TAP Air Portugal,landing,arrivee,625,249.1,92.0,,22.59,,
2026-06-28,18:17:48,TAP15CV,CS-TJO,Airbus A321neo,TAP Air Portugal,landing,arrivee,600,248.4,89.9,,25.27,,
2026-06-28,18:20:27,TAP1852,CS-TVF,Airbus A320neo,TAP Air Portugal,landing,arrivee,625,243.9,91.0,,23.02,,
2026-06-28,18:23:20,BAW506,G-TTNX,Airbus A320neo,British Airways,landing,arrivee,550,229.1,90.6,,28.02,,
2026-06-28,18:25:53,EJU86ME,OE-LSP,Airbus A320,easyJet Europe,landing,arrivee,625,254.7,88.7,,28.18,,
2026-06-28,18:28:20,4951ce,CS-TNN,Airbus A320,TAP Air Portugal,cruise,,725,0.0,92.6,,28.04,,
2026-06-28,18:31:21,IBE05RP,EC-IZR,Airbus A320,Iberia,landing,arrivee,550,265.6,90.7,,32.55,,
2026-06-28,18:35:07,TAP1542,CS-TJM,Airbus A321neo,TAP Air Portugal,landing,arrivee,725,273.2,93.5,,25.22,,
2026-06-28,18:37:58,495152,CS-TJR,Airbus A321neo,TAP Air Portugal,cruise,,675,266.7,93.3,,26.94,,
2026-06-28,18:40:48,RZO124,CS-TSI,Airbus A321neo,TAP Air Portugal,landing,arrivee,600,230.0,91.5,,31.53,,
2026-06-28,18:44:08,TAP35BL,CS-TPT,Embraer E190,TAP Air Portugal,landing,arrivee,575,227.4,91.7,,29.62,,
2026-06-28,18:46:06,39d318,F-HUYY,Boeing 737-800,Transavia France,cruise,,725,0.0,94.7,,37.45,,
2026-06-28,18:49:52,4952c1,CS-TVA,Airbus A320neo,TAP Air Portugal,approach,arrivee,600,229.1,92.8,,32.49,,
2026-06-28,18:52:59,TAP1931,CS-TJK,Airbus A321neo,TAP Air Portugal,landing,arrivee,650,228.4,88.9,,27.86,,
2026-06-28,18:55:32,400fe2,G-EZBR,Airbus A319,easyJet,landing,arrivee,600,248.7,94.4,,26.85,,
2026-06-28,18:58:26,UAE5M,A6-EPI,Boeing 777-300ER,Emirates,landing,arrivee,550,277.2,100.2,,44.41,,
2026-06-28,19:04:03,4d22b1,9H-LOZ,Airbus A320,Lauda Europe,landing,arrivee,700,245.6,91.8,,31.58,,
2026-06-28,19:06:54,4867c1,PH-AXF,Airbus A321neo,KLM,landing,arrivee,700,256.5,92.9,,31.96,,
2026-06-28,19:09:48,346082,EC-MVY,Boeing 737-800,Air Europa,cruise,,650,0.0,95.2,,68.24,,
2026-06-28,19:12:57,RYR647X,EI-DPH,Boeing 737-800,Ryanair,landing,arrivee,550,255.6,95.8,,40.04,,
2026-06-28,19:16:04,49520f,CS-TPO,Embraer E190,TAP Air Portugal,landing,arrivee,600,212.6,93.3,,24.75,,
2026-06-28,19:18:32,39d307,F-HUYH,Boeing 737-800,Transavia France,approach,arrivee,600,0.0,93.3,,43.49,,
2026-06-28,19:21:28,TAP1906,CS-TVM,Airbus A320neo,TAP Air Portugal,landing,arrivee,550,244.8,92.5,,26.47,,
2026-06-28,19:25:00,4d2428,9H-WAT,Airbus A321,Lauda Europe,landing,arrivee,575,241.7,93.4,,31.2,,
2026-06-28,19:27:35,BEL2DT,OO-SNF,Airbus A320,Brussels Airlines,landing,arrivee,600,244.8,94.5,,31.6,,
2026-06-28,19:30:11,TAP825,CS-TNU,Airbus A320,TAP Air Portugal,landing,arrivee,575,260.8,92.0,,30.16,,
2026-06-28,19:33:17,TAP1361,CS-TJP,Airbus A321neo,TAP Air Portugal,landing,arrivee,525,251.7,91.6,,30.39,,
2026-06-28,19:36:05,TAP10EV,CS-TAY,Embraer E195,TAP Air Portugal,landing,arrivee,500,265.6,93.4,,38.16,,
2026-06-28,19:39:20,39cea0,F-HTVA,Boeing 737-800,Transavia France,landing,arrivee,700,248.4,95.0,,49.86,,
2026-06-28,19:45:55,495145,CS-TJE,Airbus A321,TAP Air Portugal,landing,arrivee,575,264.8,99.4,,36.62,,
2026-06-28,19:48:40,RYR9654,EI-IHX,Boeing 737 MAX 8,Ryanair,landing,arrivee,625,260.8,92.8,,30.79,,
2026-06-28,19:51:38,49514a,CS-TJJ,Airbus A321neo,TAP Air Portugal,landing,arrivee,650,245.9,92.5,,26.83,,
2026-06-28,19:54:29,AFR24MF,F-HBNJ,Airbus A320,Air France,landing,arrivee,600,268.9,90.8,,27.82,,
2026-06-28,19:57:37,4d248f,9H-WDI,Airbus A321,Wizz Air,landing,arrivee,625,237.8,92.7,,37.3,,
2026-06-28,20:00:25,71ba06,HL7206,Boeing 787-9,Korean Air,landing,arrivee,625,253.2,92.5,,28.37,,
2026-06-28,20:03:07,4952ce,CS-TVN,Airbus A320neo,TAP Air Portugal,landing,arrivee,575,225.8,91.2,,26.09,,
2026-06-28,20:06:01,4b1a24,HB-JXK,Airbus A320,Austrian Airlines,landing,arrivee,625,244.3,90.3,,31.8,,
2026-06-28,20:08:49,WMT537,9H-WDQ,Airbus A321,Wizz Air,landing,arrivee,675,252.2,90.3,,31.18,,
2026-06-28,20:11:52,TAP1065,CS-TPW,Embraer E190,TAP Air Portugal,landing,arrivee,525,238.4,94.0,,41.18,,
2026-06-28,20:14:58,06a0b5,A7-BCQ,Boeing 787-8,Qatar Airways,landing,arrivee,675,258.9,92.1,,36.33,,
2026-06-28,20:18:17,TAP403Z,CS-TPV,Embraer E190,TAP Air Portugal,landing,arrivee,525,234.8,90.6,,29.12,,
2026-06-28,20:20:49,495212,CS-TPR,Embraer E190,TAP Air Portugal,landing,arrivee,550,229.1,94.3,,39.26,,
2026-06-28,20:28:39,RYR668T,9H-VUS,Boeing 737 MAX 8,Malta Air,landing,arrivee,550,261.5,90.5,,28.74,,
2026-06-28,20:31:30,c07fb4,C-GWJJ,AC11,,landing,arrivee,525,268.7,93.8,,30.47,,
2026-06-28,20:34:53,TAP871,CS-TPY,Embraer E190,TAP Air Portugal,landing,arrivee,525,236.7,89.7,,27.88,,
2026-06-28,20:37:34,0900bb,D2-TEG,Boeing 777-300ER,TAAG Angola Airlines,landing,arrivee,600,252.4,100.5,,57.39,,
2026-06-28,20:40:04,345107,EC-MJC,Airbus A320,Vueling,cruise,,700,0.0,90.1,,33.88,,
2026-06-28,20:43:35,TAP48M,CS-TTY,Embraer E195,TAP Air Portugal,landing,arrivee,575,231.5,93.4,,33.35,,
2026-06-28,20:46:14,495215,CS-TPU,Embraer E190,TAP Air Portugal,landing,arrivee,575,234.8,93.4,,32.67,,
2026-06-28,20:49:08,TAP4TL,CS-TPQ,Embraer E190,TAP Air Portugal,landing,arrivee,600,220.8,91.2,,31.2,,
2026-06-28,20:51:35,ELY375,4X-EKU,Boeing 737-800,El Al,landing,arrivee,525,276.9,98.3,,50.84,,
2026-06-28,20:54:13,4952cb,CS-TVK,Airbus A320neo,TAP Air Portugal,cruise,,800,0.0,91.5,,29.23,,
2026-06-28,20:57:01,4951d6,CS-TNV,Airbus A320,TAP Air Portugal,cruise,,725,0.0,95.3,,35.07,,
2026-06-28,21:00:00,406d90,G-EZOK,Airbus A320,easyJet,cruise,,600,0.0,92.7,,30.03,,
2026-06-28,21:03:20,TRA55J,PH-YHU,Airbus A321neo,Transavia,landing,arrivee,575,230.8,95.6,,28.16,,
2026-06-28,21:06:21,495213,CS-TPS,Embraer E190,TAP Air Portugal,landing,arrivee,550,215.9,91.6,,32.62,,
2026-06-28,21:08:59,TAP863Y,CS-TTP,Airbus A319,TAP Air Portugal,landing,arrivee,575,249.8,92.4,,27.9,,
2026-06-28,21:10:37,345614,EC-MUM,Airbus A320,Vueling,cruise,,625,0.0,93.6,,33.99,,
2026-06-28,21:12:49,4cc510,TF-ICU,Boeing 737 MAX 8,Icelandair,landing,arrivee,550,276.3,93.5,,35.85,,
2026-06-28,21:15:49,4ca216,EI-DEH,Airbus A320,Aer Lingus,landing,arrivee,725,245.4,94.2,,33.72,,
2026-06-28,21:19:12,495210,CS-TPP,Embraer E190,TAP Air Portugal,landing,arrivee,500,219.1,96.3,,36.2,,
2026-06-28,21:20:34,495170,CS-TKP,Airbus A320,TAP Air Portugal,landing,arrivee,675,244.3,90.2,,34.29,,
2026-06-28,21:23:22,49514c,CS-TJL,Airbus A321neo,TAP Air Portugal,landing,arrivee,675,258.0,96.1,,35.27,,
2026-06-28,21:26:30,ANE44TG,EC-MTO,Bombardier CRJ-1000,Air Nostrum,landing,arrivee,550,227.4,93.4,,31.5,,
2026-06-28,21:29:10,48c2af,SP-RZP,Boeing 737 MAX 8,Buzz,landing,arrivee,475,268.9,95.8,,32.64,,
2026-06-28,21:30:42,VLG14YF,EC-OFV,Airbus A320,Vueling,landing,arrivee,575,257.6,93.4,,33.48,,
2026-06-28,21:33:49,49521a,CS-TPZ,Embraer E190,TAP Air Portugal,landing,arrivee,500,223.2,92.2,,38.47,,
2026-06-28,21:36:10,495268,CS-TSH,Airbus A321neo,Azores Airlines,landing,arrivee,900,250.0,91.5,,33.17,,
2026-06-28,21:40:38,RYR95SN,EI-DLW,Boeing 737-800,Ryanair,landing,arrivee,250,260.8,58.1,,23.78,,
2026-06-28,21:42:46,TAP67U,CS-TJN,Airbus A321neo,TAP Air Portugal,landing,arrivee,800,251.5,90.0,,30.62,,
2026-06-28,21:45:31,4952d2,CS-TVR,Airbus A320neo,TAP Air Portugal,landing,arrivee,550,244.8,93.6,,84.34,,
2026-06-28,21:47:35,4d2246,9H-QEJ,Boeing 737-800,Malta Air,landing,arrivee,525,255.6,95.0,,56.93,,
2026-06-28,21:50:57,DLH34J,D-AINC,Airbus A320neo,Lufthansa,landing,arrivee,525,224.3,91.3,,33.19,,
2026-06-28,21:52:56,4951ca,CS-TNJ,Airbus A320,TAP Air Portugal,landing,arrivee,575,258.7,94.2,,32.53,,
2026-06-28,21:59:20,495153,CS-TJS,Airbus A321neo,TAP Air Portugal,landing,arrivee,525,254.1,92.0,,35.01,,
2026-06-28,22:02:14,TAP1155,CS-TNY,Airbus A320,TAP Air Portugal,landing,arrivee,500,246.3,90.6,,31.03,,
2026-06-28,22:04:47,4ca2ab,EI-DHX,Boeing 737-800,Ryanair,landing,arrivee,675,260.8,96.1,,70.23,,
2026-06-28,22:07:06,TAP783,CS-TVH,Airbus A320neo,TAP Air Portugal,landing,arrivee,500,214.3,93.0,,30.14,,
2026-06-28,22:08:55,RYR4XW,EI-ILR,Boeing 737 MAX 8,Ryanair,landing,arrivee,550,248.7,92.3,,38.01,,
2026-06-28,22:11:06,4951d2,CS-TNR,Airbus A320,TAP Air Portugal,landing,arrivee,625,252.4,89.9,,40.42,,
2026-06-28,22:14:37,SEH922,SX-IOC,Airbus A320neo,,landing,arrivee,575,223.5,88.8,,34.01,,
2026-06-28,22:22:29,346644,EC-NOY,Airbus A320,Volotea,cruise,,600,0.0,93.7,,37.45,,
2026-06-28,22:25:54,4952c2,CS-TVB,Airbus A320neo,TAP Air Portugal,landing,arrivee,550,213.4,90.8,,27.78,,
2026-06-28,22:28:57,440072,OE-LSF,Airbus A320neo,easyJet Europe,landing,arrivee,575,224.3,92.4,,34.09,,
2026-06-28,22:35:54,4952c4,CS-TVD,Airbus A320neo,TAP Air Portugal,landing,arrivee,600,251.5,93.0,,32.41,,
2026-06-28,22:38:33,4952cc,CS-TVL,Airbus A320,TAP Air Portugal,cruise,,700,0.0,90.9,,38.21,,
2026-06-28,22:41:26,RYR7P,EI-EKF,Boeing 737-800,Ryanair,approach,arrivee,475,262.8,96.5,,49.7,,
2026-06-28,22:44:18,4952cf,CS-TVO,Airbus A320neo,TAP Air Portugal,cruise,,525,0.0,89.4,,28.39,,
2026-06-28,22:47:09,495214,CS-TPT,Embraer E190,TAP Air Portugal,landing,arrivee,525,225.8,92.9,,35.55,,
2026-06-28,22:49:43,AFR64PQ,F-HEPI,Airbus A320,Air France,landing,arrivee,500,244.3,92.8,,40.23,,
2026-06-28,22:52:37,EJU97VT,OE-IDS,Airbus A320,easyJet Europe,landing,arrivee,550,235.9,91.6,,36.15,,
2026-06-28,22:55:30,4951cd,CS-TNM,Airbus A320,TAP Air Portugal,landing,arrivee,700,233.0,91.9,,33.72,,
2026-06-28,22:58:41,4bb28c,TC-LTL,Airbus A321neo,Turkish Airlines,landing,arrivee,550,233.2,93.1,,42.44,,
2026-06-28,23:01:13,440d6f,OE-LSR,Airbus A320,easyJet Europe,cruise,,725,0.0,91.4,,29.94,,
2026-06-28,23:03:59,440b1e,OE-IWW,Airbus A320,easyJet Europe,landing,arrivee,625,249.1,93.1,,37.23,,
2026-06-28,23:07:34,440cc1,OE-LSP,Airbus A320,easyJet Europe,cruise,,675,0.0,89.9,,30.38,,
2026-06-28,23:11:37,BAW508,G-TTNE,Airbus A320neo,British Airways,landing,arrivee,525,234.8,91.6,,33.96,,
2026-06-28,23:14:35,440c35,OE-LSA,Airbus A320neo,easyJet Europe,landing,arrivee,625,242.4,89.0,,31.85,,
2026-06-28,23:17:00,486651,PH-AXA,Airbus A321neo,KLM,cruise,,775,0.0,91.9,,30.5,,
2026-06-28,23:19:22,440daf,OE-IDU,Airbus A320,easyJet Europe,landing,arrivee,575,253.2,90.9,,44.17,,
2026-06-28,23:24:43,SWR755L,HB-JDD,Airbus A320neo,Swiss,landing,arrivee,525,231.9,89.7,,37.24,,
2026-06-28,23:27:16,495146,CS-TJF,Airbus A321,TAP Air Portugal,cruise,,725,0.0,92.1,,39.26,,
2026-06-28,23:30:16,IBE0539,EC-JDM,Airbus A321,Iberia,landing,arrivee,550,254.7,92.2,,33.69,,
2026-06-28,23:33:19,EJU91TW,OE-IDT,Airbus A320,easyJet Europe,landing,arrivee,525,247.2,90.5,,37.15,,
2026-06-28,23:36:04,4951d3,CS-TNS,Airbus A320,TAP Air Portugal,landing,arrivee,600,260.8,94.3,,35.61,,
2026-06-28,23:38:54,DLH23C,D-AISI,Airbus A321,Lufthansa,landing,arrivee,525,251.5,90.4,,31.95,,
2026-06-28,23:44:54,495037,CS-TAW,Embraer E195,TAP Air Portugal,landing,arrivee,575,247.2,92.3,,39.5,,
2026-06-28,23:48:18,495038,CS-TAX,Embraer E195,TAP Air Portugal,landing,arrivee,575,256.5,89.8,,47.62,,
2026-06-28,23:50:46,DLH64P,D-AIUC,Airbus A320,Lufthansa,landing,arrivee,525,258.4,94.6,,42.96,,
2026-06-28,23:53:29,495218,CS-TPX,Embraer E190,TAP Air Portugal,landing,arrivee,500,225.8,89.0,,34.14,,
2026-06-28,23:55:18,RYR63TC,EI-HGR,Boeing 737 MAX 8,Ryanair,landing,arrivee,550,263.9,95.1,,40.71,,
2026-06-28,23:58:30,4951cc,CS-TNL,Airbus A320,TAP Air Portugal,landing,arrivee,550,236.7,87.6,,31.96,,
2026-06-29,00:00:26,495293,CS-TTS,Airbus A319,TAP Air Portugal,landing,arrivee,550,239.1,92.4,,33.81,,
2026-06-29,00:02:36,TVF34QV,F-GZHI,Boeing 737-800,Transavia France,landing,arrivee,525,264.8,96.5,,40.62,,
2026-06-29,00:05:41,495148,CS-TJH,Airbus A321,TAP Air Portugal,landing,arrivee,525,250.0,91.0,,44.26,,
2026-06-29,00:08:22,440d10,OE-IBS,Airbus A320,easyJet Europe,landing,arrivee,550,250.8,91.0,,42.28,,
2026-06-29,00:11:46,TAP94KM,CS-TJR,Airbus A321neo,TAP Air Portugal,landing,arrivee,525,260.4,90.1,,32.77,,
2026-06-29,00:13:53,4cafd2,EI-GXM,Boeing 737-800,Ryanair,landing,arrivee,525,254.8,94.7,,42.75,,
2026-06-29,00:16:24,AEE7PT,SX-NER,Airbus A320neo,Aegean Airlines,landing,arrivee,575,234.3,88.0,,38.73,,
2026-06-29,00:23:24,39cea9,F-HTVJ,Boeing 737-800,Transavia France,landing,arrivee,625,249.1,93.0,,41.32,,
2026-06-29,00:26:24,3475c9,EC-OCT,Airbus A321,TAP Air Portugal,landing,arrivee,700,254.8,94.3,,37.27,,
2026-06-29,00:38:07,4d2233,9H-QBY,Boeing 737-800,Malta Air,landing,arrivee,500,258.9,93.3,,37.51,,
2026-06-29,00:56:40,RZO128,CS-TKQ,Airbus A320,TAP Air Portugal,landing,arrivee,525,244.8,92.8,,34.36,,
2026-06-29,02:42:30,RYR9394,9H-VUF,Boeing 737 MAX 8,Malta Air,landing,arrivee,575,226.7,97.1,,29.6,,
2026-06-29,04:39:11,4400be,OE-IAM,737 490SF,Iberia,landing,arrivee,625,263.2,92.6,,37.47,,
2026-06-29,04:43:24,TAP074,CS-TUN,Airbus A330-900neo,TAP Air Portugal,landing,arrivee,550,258.9,97.5,,56.7,,
2026-06-29,04:49:25,TAP202A,CS-TXD,Airbus A321neo,TAP Air Portugal,landing,arrivee,550,253.2,95.8,,34.34,,
2026-06-29,05:01:01,TAP082,CS-TUO,Airbus A330-900neo,TAP Air Portugal,landing,arrivee,625,258.4,94.5,,60.69,,
2026-06-29,05:09:55,TAP218,CS-TXB,Airbus A321neo,TAP Air Portugal,landing,arrivee,550,258.9,90.5,,37.3,,
2026-06-29,05:26:32,TAP1528,CS-TVP,Airbus A320neo,TAP Air Portugal,landing,arrivee,600,231.9,92.7,,29.78,,
2026-06-29,05:40:05,TAP232Y,CS-TXK,Airbus A321,TAP Air Portugal,landing,arrivee,650,257.2,90.4,,36.57,,
2026-06-29,05:42:20,4952a2,CS-TUB,Airbus A330-900neo,TAP Air Portugal,landing,arrivee,750,246.7,96.4,,48.13,,
2026-06-29,05:47:16,3c1baf,D-AZMO,A300 F4-622RF,DHL Air,landing,arrivee,600,243.2,93.5,,62.92,,
2026-06-29,05:57:56,TAP96AW,CS-TNY,Airbus A320,TAP Air Portugal,landing,arrivee,550,249.1,94.1,,32.68,,
2026-06-29,05:59:31,TAP1550,CS-TJM,Airbus A321neo,TAP Air Portugal,landing,arrivee,625,234.3,90.2,,29.37,,
2026-06-29,06:01:26,TAP25YZ,CS-TXC,Airbus A321neo,TAP Air Portugal,landing,arrivee,625,259.7,91.2,,37.09,,
2026-06-29,06:04:10,TAP1484,CS-TJP,Airbus A321neo,TAP Air Portugal,landing,arrivee,575,260.8,89.9,,31.16,,
2026-06-29,06:06:47,495308,CS-TXH,Airbus A321neo,TAP Air Portugal,landing,arrivee,625,258.9,90.3,,31.34,,
2026-06-29,06:09:15,4951ce,CS-TNN,Airbus A320,TAP Air Portugal,landing,arrivee,775,252.4,93.0,,35.78,,
2026-06-29,06:12:16,4952ad,CS-TUM,Airbus A330-900neo,TAP Air Portugal,landing,arrivee,625,246.7,93.8,,69.95,,
2026-06-29,06:15:20,TAP1544,CS-TVN,Airbus A320neo,TAP Air Portugal,landing,arrivee,600,235.6,89.0,,30.89,,
2026-06-29,06:17:50,ETD7LG,A6-BLO,Boeing 787-9,Etihad Airways,landing,arrivee,550,281.3,94.7,,41.31,,
2026-06-29,06:21:20,c06e45,C-GPTS,Airbus A330-200,Air Transat,landing,arrivee,600,243.2,92.3,,38.22,,
2026-06-29,06:24:15,49521a,CS-TPZ,Embraer E190,TAP Air Portugal,landing,arrivee,550,234.8,91.0,,32.87,,
2026-06-29,06:26:48,4951d5,CS-TNU,Airbus A320,TAP Air Portugal,landing,arrivee,575,250.8,92.2,,38.18,,
2026-06-29,06:29:36,TAP104,CS-TUE,Airbus A330-900neo,TAP Air Portugal,landing,arrivee,700,244.8,95.9,,40.64,,
2026-06-29,06:38:44,DTA650,D2-TEK,Boeing 777-300ER,TAAG Angola Airlines,landing,arrivee,575,257.2,97.0,,81.65,,
2026-06-29,06:41:36,4951ca,CS-TNJ,Airbus A320,TAP Air Portugal,landing,arrivee,575,234.3,90.5,,32.37,,
2026-06-29,06:44:13,495277,CS-TSW,Boeing 777-200,Azul,cruise,,650,0.0,97.7,,60.2,,
2026-06-29,06:47:05,AEA1159,EC-LVR,Boeing 737-800,Air Europa,landing,arrivee,600,263.2,91.8,,46.76,,
2026-06-29,06:49:54,4951cd,CS-TNM,Airbus A320,TAP Air Portugal,landing,arrivee,600,256.5,90.4,,31.26,,
2026-06-29,06:52:50,SRR6646,OY-SRI,767 25EBDSF,Star Air,landing,arrivee,575,234.8,91.1,,37.88,,
2026-06-29,06:58:16,TAP1139,CS-TPO,Embraer E190,TAP Air Portugal,landing,arrivee,525,231.9,85.7,,32.05,,
2026-06-29,07:02:57,e48ba9,PT-MUG,Boeing 777-300ER,LATAM Airlines,cruise,,750,0.0,98.4,,70.18,,
2026-06-29,07:06:52,TAP40MR,CS-TAY,Embraer E195,TAP Air Portugal,landing,arrivee,575,250.8,90.6,,33.24,,
2026-06-29,07:09:59,4952d1,CS-TVQ,Airbus A320neo,TAP Air Portugal,landing,arrivee,575,253.2,85.9,,36.74,,
2026-06-29,07:12:58,495297,CS-TTW,Embraer E195,TAP Air Portugal,landing,arrivee,525,249.1,90.3,,34.21,,
2026-06-29,07:19:06,4952c7,CS-TVG,Airbus A320neo,TAP Air Portugal,cruise,,600,0.0,88.9,,35.29,,
2026-06-29,07:21:51,4b0281,HB-AYR,Airbus A320neo,easyJet Europe,landing,arrivee,625,257.2,88.2,,30.12,,
2026-06-29,07:24:17,344481,EC-LXQ,Airbus A320,Iberia,cruise,,600,0.0,92.8,,41.87,,
2026-06-29,07:27:31,4952cd,CS-TVM,Airbus A320neo,TAP Air Portugal,cruise,,675,0.0,90.3,,31.06,,
2026-06-29,07:30:10,TAP9ML,CS-TNV,Airbus A320,TAP Air Portugal,landing,arrivee,625,245.9,91.5,,35.98,,
2026-06-29,07:33:00,495216,CS-TPV,Embraer E190,TAP Air Portugal,landing,arrivee,575,253.2,91.5,,31.35,,
2026-06-29,07:38:10,4b027f,HB-AYP,Airbus A320neo,easyJet Switzerland,landing,arrivee,650,263.2,88.3,,34.47,,
2026-06-29,07:43:21,495215,CS-TPU,Embraer E190,TAP Air Portugal,landing,arrivee,600,249.1,91.5,,40.44,,
2026-06-29,07:46:53,495212,CS-TPR,Embraer E190,TAP Air Portugal,cruise,,575,0.0,89.9,,35.9,,
2026-06-29,07:52:35,471843,HA-JEX,Citation VI,Jet-Stream Ltd,landing,arrivee,600,231.1,85.4,,23.31,,
2026-06-29,07:54:29,49514b,CS-TJK,Airbus A321neo,TAP Air Portugal,landing,arrivee,650,271.3,91.7,,32.17,,
2026-06-29,07:57:30,TAP244,CS-TUC,Airbus A330-900neo,TAP Air Portugal,landing,arrivee,550,268.9,92.1,,60.4,,
2026-06-29,08:00:14,495217,CS-TPW,Embraer E190,TAP Air Portugal,landing,arrivee,550,236.7,92.0,,40.51,,
2026-06-29,08:03:08,495149,CS-TJI,Airbus A321neo,TAP Air Portugal,landing,arrivee,625,252.4,87.9,,28.77,,
2026-06-29,08:05:52,49514c,CS-TJL,Airbus A321neo,TAP Air Portugal,landing,arrivee,600,277.2,112.3,,31.56,,
2026-06-29,08:10:43,TAP557H,CS-TJO,Airbus A321neo,TAP Air Portugal,landing,arrivee,600,257.2,89.4,,33.35,,
2026-06-29,08:14:57,VLG46AX,EC-MGZ,Airbus A321,Vueling,landing,arrivee,650,263.9,91.9,,32.93,,
2026-06-29,08:18:29,TAP53EI,CS-TNX,Airbus A320,TAP Air Portugal,cruise,,625,0.0,91.9,,37.59,,
2026-06-29,08:22:59,DAL272,N404DX,Airbus A330-900neo,Delta Air Lines,cruise,,700,0.0,95.6,,55.1,,
2026-06-29,08:26:26,4952c1,CS-TVA,Airbus A320neo,TAP Air Portugal,landing,arrivee,600,256.5,90.6,,34.88,,
2026-06-29,08:29:40,3985a7,F-HBNH,Airbus A320,Air France,landing,arrivee,750,263.2,90.4,,38.81,,
2026-06-29,08:33:07,3ce686,D-COPI,PC-24,Platoon Aviation,landing,arrivee,575,215.9,85.3,,25.05,,
2026-06-29,08:35:34,TVF55WH,F-GZHE,Boeing 737-800,Transavia France,landing,arrivee,575,274.5,95.0,,36.23,,
2026-06-29,08:38:24,SWR36K,HB-JLQ,Airbus A320,Swiss,landing,arrivee,600,254.8,91.4,,38.74,,
2026-06-29,08:41:06,AAL258,N824AN,Boeing 787-9,American Airlines,landing,arrivee,575,273.9,92.5,,35.25,,
2026-06-29,08:44:21,4951d1,CS-TNQ,Airbus A320,TAP Air Portugal,landing,arrivee,575,258.9,95.5,,35.74,,
2026-06-29,08:48:31,4952cb,CS-TVK,Airbus A320neo,TAP Air Portugal,cruise,,725,0.0,90.6,,29.42,,
2026-06-29,08:51:17,RYR2078,9H-QEA,Boeing 737-800,Malta Air,landing,arrivee,600,273.9,92.2,,47.02,,
2026-06-29,08:53:45,4cae8c,EI-IKJ,Boeing 737 MAX 8,Ryanair,landing,arrivee,675,274.1,93.1,,36.14,,
2026-06-29,08:57:10,TAP443,CS-TVF,Airbus A320neo,TAP Air Portugal,landing,arrivee,575,233.2,90.3,,29.08,,
2026-06-29,09:01:06,RYR3RB,EI-EVP,Boeing 737-800,Ryanair,landing,arrivee,550,262.2,95.4,,53.62,,
2026-06-29,09:03:52,a07dcd,N13018,Boeing 787-10,United Airlines,landing,arrivee,625,278.0,93.9,,41.39,,
2026-06-29,09:06:39,4952c9,CS-TVI,Airbus A320neo,TAP Air Portugal,landing,arrivee,600,225.8,89.2,,25.91,,
2026-06-29,09:09:11,484498,,,,landing,arrivee,600,235.2,88.1,,24.15,,
2026-06-29,09:12:08,TAP56DP,CS-TVC,Airbus A320neo,TAP Air Portugal,landing,arrivee,550,239.1,88.8,,28.04,,
2026-06-29,09:14:37,RYR9PX,EI-GXM,Boeing 737-800,Ryanair,landing,arrivee,575,263.9,97.4,,40.93,,
2026-06-29,09:17:07,4952a1,CS-TUA,Airbus A330-900neo,TAP Air Portugal,landing,arrivee,700,248.0,91.6,,42.8,,
2026-06-29,09:22:05,4854c7,PH-HBJ,Boeing 737-800,,landing,arrivee,575,268.9,94.8,,45.84,,
2026-06-29,09:28:08,4952a6,CS-TUF,Airbus A330-900neo,TAP Air Portugal,landing,arrivee,600,264.1,96.8,,49.85,,
2026-06-29,09:30:52,ACA812,C-GKUH,Airbus A330-300,Air Canada,landing,arrivee,600,245.9,98.9,,40.12,,
2026-06-29,09:38:40,TAP66PD,CS-TJN,Airbus A321neo,TAP Air Portugal,landing,arrivee,600,263.2,90.9,,27.68,,
2026-06-29,09:41:41,TAP036,EC-NBN,Airbus A330-200,TAP Air Portugal,landing,arrivee,525,249.8,95.8,,39.99,,
2026-06-29,09:44:06,495306,CS-TXF,Airbus A321neo,TAP Air Portugal,landing,arrivee,625,261.5,94.9,,27.73,,
2026-06-29,09:47:58,THY3WE,TC-LTK,Airbus A321neo,Turkish Airlines,landing,arrivee,600,253.0,89.7,,28.91,,
2026-06-29,09:50:36,TSC480,C-GUFZ,Airbus A330-200,Air Transat,landing,arrivee,525,253.2,92.8,,34.55,,
2026-06-29,09:53:07,491316,CS-DXV,Citation XLS,NetJets,cruise,,775,0.0,88.0,,20.63,,
2026-06-29,09:56:07,4076e3,G-NEOU,Airbus A321neo,British Airways,landing,arrivee,650,267.2,91.4,,26.12,,
2026-06-29,10:00:03,4952a8,CS-TUH,Airbus A330-900neo,TAP Air Portugal,landing,arrivee,575,264.7,96.2,,47.71,,
2026-06-29,10:02:42,EZY79RV,G-EZOU,Airbus A320,easyJet,landing,arrivee,650,264.1,92.3,,29.19,,
2026-06-29,10:05:26,EJU97VT,OE-LSA,Airbus A320neo,easyJet Europe,landing,arrivee,600,258.9,87.1,,26.68,,
2026-06-29,10:08:37,DAH3004,7T-VKD,Boeing 737-800,Air Algerie,landing,arrivee,525,279.7,97.4,,34.77,,
2026-06-29,10:11:31,TAP210,CS-TUG,Airbus A330-900neo,TAP Air Portugal,landing,arrivee,575,260.8,95.7,,38.78,,
2026-06-29,10:14:19,a20433,N229UA,Boeing 777-200,United Airlines,landing,arrivee,600,248.0,98.9,,46.95,,
2026-06-29,10:17:00,TAP1826,CS-TJJ,Airbus A321neo,TAP Air Portugal,landing,arrivee,675,271.3,93.6,,24.82,,
2026-06-29,10:19:49,TAP1921,CS-TVL,Airbus A320,TAP Air Portugal,landing,arrivee,575,264.8,89.7,,25.22,,
2026-06-29,10:22:39,4d00f1,LX-LBR,Boeing 737-700,Luxair,cruise,,625,0.0,94.0,,27.62,,
2026-06-29,10:24:11,4ca935,EI-DVL,Airbus A320,Aer Lingus,landing,arrivee,625,257.2,93.8,,27.25,,
2026-06-29,10:26:06,TAP234Y,CS-TXG,Airbus A321neo,TAP Air Portugal,landing,arrivee,575,270.8,91.1,,24.27,,
2026-06-29,10:29:08,495210,CS-TPP,Embraer E190,TAP Air Portugal,landing,arrivee,550,238.4,91.8,,30.69,,
2026-06-29,10:31:47,TAP13LH,CS-TVJ,Airbus A320neo,TAP Air Portugal,landing,arrivee,625,265.6,88.7,,24.1,,
2026-06-29,10:34:31,AEA1153,EC-MXM,Boeing 737-800,Air Europa,landing,arrivee,550,274.8,95.6,,28.25,,
2026-06-29,10:41:49,486836,PH-AXK,Airbus A321neo,KLM,landing,arrivee,650,273.4,91.5,,22.89,,
2026-06-29,10:45:11,ACA810,C-FIUR,Boeing 777-300ER,Air Canada,landing,arrivee,525,278.9,100.4,,52.08,,
2026-06-29,10:47:50,TAP1923,CS-TTP,Airbus A319,TAP Air Portugal,landing,arrivee,625,249.1,91.2,,25.25,,
2026-06-29,10:50:36,a4ee82,N417DX,Airbus A330-900neo,Delta Air Lines,landing,arrivee,625,254.8,93.0,,28.75,,
2026-06-29,10:53:12,4951f0,CS-TOP,Airbus A330-200,TAP Air Portugal,cruise,,600,0.0,97.9,,33.55,,
2026-06-29,10:55:59,TAP262M,CS-TXM,Airbus A321,TAP Air Portugal,landing,arrivee,625,250.4,94.4,,19.77,,
2026-06-29,11:00:34,495299,CS-TTY,Embraer E195,TAP Air Portugal,landing,arrivee,500,255.6,93.4,,26.91,,
2026-06-29,11:04:24,40690c,G-EZWK,Airbus A320,easyJet,landing,arrivee,600,260.8,96.7,,26.08,,
2026-06-29,11:08:13,44cdcb,OO-SNK,Airbus A320,Brussels Airlines,cruise,,725,0.0,94.1,,25.99,,
2026-06-29,11:12:13,39bda2,F-HPNC,BD-500-1A11,Harfang Finance Designated Activity Company,cruise,,600,0.0,92.4,,23.23,,
2026-06-29,11:15:09,TAP248,CS-TUR,Airbus A330-900neo,TAP Air Portugal,landing,arrivee,600,257.2,97.4,,30.35,,
2026-06-29,11:19:46,49526a,CS-TSJ,Airbus A321neo,TAP Air Portugal,landing,arrivee,600,250.8,93.5,,21.55,,
2026-06-29,11:22:18,4951d9,CS-TNY,Airbus A320,TAP Air Portugal,landing,arrivee,575,257.2,92.8,,23.21,,
2026-06-29,11:25:10,AZU8752,,,Azul,landing,arrivee,550,256.5,96.0,,32.35,,
2026-06-29,11:27:43,348342,EC-OND,Airbus A330-300,,landing,arrivee,550,264.8,96.6,,27.96,,
2026-06-29,11:30:50,RZO120,CS-TSK,Airbus A320,TAP Air Portugal,landing,arrivee,700,261.7,89.8,,23.93,,
2026-06-29,11:32:52,440072,OE-LSF,Airbus A320neo,easyJet Europe,landing,arrivee,575,263.2,89.8,,22.28,,
2026-06-29,11:39:27,495309,CS-TXI,Airbus A321neo,TAP Air Portugal,landing,arrivee,600,260.8,92.8,,23.39,,
2026-06-29,11:42:09,440b1e,OE-IWW,Airbus A320,easyJet Europe,landing,arrivee,675,249.1,93.2,,26.27,,
2026-06-29,11:44:53,TAP028,CS-TUS,Airbus A330-900neo,TAP Air Portugal,landing,arrivee,675,264.7,96.2,,30.64,,
2026-06-29,11:47:36,020066,CN-ROE,Boeing 737-800,Royal Air Maroc,landing,arrivee,600,282.8,96.6,,31.46,,
2026-06-29,11:50:51,4951d6,CS-TNV,Airbus A320,TAP Air Portugal,cruise,,725,0.0,94.5,,25.92,,
2026-06-29,11:57:16,IBE05FV,EC-NFI,Airbus A320neo,Iberia,landing,arrivee,750,262.4,86.6,,22.9,,
2026-06-29,11:59:59,3c64b1,D-AIEQ,Airbus A321,Lufthansa,landing,arrivee,725,263.9,93.4,,24.07,,
2026-06-29,12:02:46,TAP1902,CS-TNX,Airbus A320,TAP Air Portugal,landing,arrivee,600,262.2,95.9,,25.11,,
2026-06-29,12:05:42,440da5,OE-IDS,Airbus A320,easyJet Europe,landing,arrivee,700,255.9,95.4,,26.02,,
2026-06-29,12:20:50,495066,CS-TCF,Airbus A330-900neo,TAP Air Portugal,landing,arrivee,675,261.5,93.5,,31.16,,
2026-06-29,12:23:26,UAE3MV,A6-ENR,Boeing 777-300ER,Emirates,landing,arrivee,625,284.8,100.6,,39.25,,
2026-06-29,12:26:38,4d24e7,9H-SWC,Airbus A320,Eurowings,landing,arrivee,600,249.1,94.3,,22.12,,
2026-06-29,12:29:03,EWG25P,9H-EWE,Airbus A320,Eurowings,landing,arrivee,550,272.4,93.6,,25.31,,
2026-06-29,12:31:49,3964e8,F-GZHI,Boeing 737-800,Transavia France,approach,arrivee,625,0.0,98.4,,40.63,,
2026-06-29,12:34:38,49521a,CS-TPZ,Embraer E190,TAP Air Portugal,landing,arrivee,550,244.8,94.2,,29.34,,
2026-06-29,12:37:12,4400dc,OE-IDT,Airbus A320,easyJet Europe,landing,arrivee,675,250.0,95.4,,22.66,,
2026-06-29,12:39:49,440daf,OE-IDU,Airbus A320,easyJet Europe,landing,arrivee,750,253.2,93.8,,22.1,,
2026-06-29,12:42:29,4952ce,CS-TVN,Airbus A320neo,TAP Air Portugal,landing,arrivee,700,264.8,90.9,,17.26,,
2026-06-29,12:45:17,RYR7GJ,9H-QBY,Boeing 737-800,Malta Air,landing,arrivee,550,264.1,95.9,,25.38,,
2026-06-29,12:55:48,440d6f,OE-LSR,Airbus A320,easyJet Europe,landing,arrivee,900,269.7,92.9,,19.01,,
2026-06-29,13:12:08,3c64a1,D-AIEA,Airbus A321neo,Lufthansa,landing,arrivee,725,257.2,94.8,,23.42,,
2026-06-29,13:15:16,EJU56VP,OE-IBS,Airbus A320,easyJet Europe,landing,arrivee,675,248.0,90.1,,24.05,,
2026-06-29,13:17:57,4951cc,CS-TNL,Airbus A320,TAP Air Portugal,landing,arrivee,650,242.2,97.6,,22.37,,
2026-06-29,13:20:26,345212,EC-MLM,Airbus A321,Vueling,landing,arrivee,650,262.2,93.0,,22.81,,
2026-06-29,13:23:08,49514f,CS-TJO,Airbus A321neo,TAP Air Portugal,landing,arrivee,775,260.8,94.2,,19.28,,
2026-06-29,13:31:03,495218,CS-TPX,Embraer E190,TAP Air Portugal,landing,arrivee,525,240.8,90.7,,26.83,,
2026-06-29,13:33:35,495148,CS-TJH,Airbus A321,TAP Air Portugal,landing,arrivee,725,283.0,94.4,,22.51,,
2026-06-29,13:36:14,4951d3,CS-TNS,Airbus A320,TAP Air Portugal,landing,arrivee,825,255.6,93.5,,20.88,,
2026-06-29,13:38:59,48af0c,SP-LVM,Boeing 737 MAX 8,LOT Polish Airlines,landing,arrivee,575,283.7,91.7,,23.81,,
2026-06-29,13:42:25,495212,CS-TPR,Embraer E190,TAP Air Portugal,cruise,,600,0.0,92.3,,21.75,,
2026-06-29,13:45:35,495297,CS-TTW,Embraer E195,TAP Air Portugal,landing,arrivee,550,331.1,94.6,,31.18,,
2026-06-29,13:48:17,495266,CS-TSF,Airbus A321neo,TAP Air Portugal,landing,arrivee,775,273.2,89.9,,18.56,,
2026-06-29,13:50:31,495215,CS-TPU,Embraer E190,TAP Air Portugal,landing,arrivee,575,254.7,93.7,,30.07,,
2026-06-29,13:54:19,TAP11EG,CS-TAW,Embraer E195,TAP Air Portugal,landing,arrivee,500,260.8,90.4,,19.61,,
2026-06-29,13:58:32,4952c4,CS-TVD,Airbus A320neo,TAP Air Portugal,cruise,,700,0.0,92.2,,22.99,,
2026-06-29,14:01:30,TAP226,CS-TUL,Airbus A330-900neo,TAP Air Portugal,landing,arrivee,575,260.8,93.6,,33.57,,
2026-06-29,14:04:57,495216,CS-TPV,Embraer E190,TAP Air Portugal,landing,arrivee,550,240.0,90.0,,18.95,,
2026-06-29,14:07:24,4b17fb,HB-JCD,C Series 300,Swiss,landing,arrivee,650,261.5,89.0,,18.18,,
2026-06-29,14:10:12,RYR4ZF,EI-DYL,Boeing 737-800,Ryanair,landing,arrivee,575,278.0,92.5,,23.94,,
2026-06-29,14:13:30,4951d1,CS-TNQ,Airbus A320,TAP Air Portugal,landing,arrivee,650,263.9,89.5,,27.33,,
2026-06-29,14:16:08,4d2304,9H-VUF,Boeing 737 MAX 8,Malta Air,landing,arrivee,625,281.3,96.9,,25.26,,
2026-06-29,14:18:59,4952d0,CS-TVP,Airbus A320neo,TAP Air Portugal,cruise,,725,263.0,92.2,,19.96,,
2026-06-29,14:21:52,495171,CS-TKQ,Airbus A320,TAP Air Portugal,landing,arrivee,675,264.8,94.5,,20.99,,
2026-06-29,14:24:30,4952a4,CS-TUD,Airbus A330-900neo,TAP Air Portugal,landing,arrivee,625,254.8,95.4,,41.16,,
2026-06-29,14:26:53,4951ce,CS-TNN,Airbus A320,TAP Air Portugal,landing,arrivee,700,257.2,91.1,,22.56,,
2026-06-29,14:29:49,495213,CS-TPS,Embraer E190,TAP Air Portugal,landing,arrivee,600,235.2,93.3,,22.96,,
2026-06-29,14:31:20,KLM97N,PH-AXC,Airbus A321neo,KLM,landing,arrivee,525,264.1,89.1,,20.3,,
2026-06-29,14:33:44,495038,CS-TAX,Embraer E195,TAP Air Portugal,cruise,,600,0.0,91.6,,22.3,,
2026-06-29,14:36:24,440cc1,OE-LSP,Airbus A320,easyJet Europe,landing,arrivee,675,265.6,92.9,,25.17,,
2026-06-29,14:39:17,TAP823,CS-TJS,Airbus A321neo,TAP Air Portugal,landing,arrivee,625,253.9,90.8,,19.21,,
2026-06-29,14:44:41,4b194b,HB-JPB,Airbus A321neo,Swiss,landing,arrivee,775,287.2,90.9,,21.85,,
2026-06-29,14:51:56,4951cd,CS-TNM,Airbus A320,TAP Air Portugal,landing,arrivee,750,260.0,91.5,,19.27,,
2026-06-29,14:54:38,392af2,F-GKXS,Airbus A320,Air France,cruise,,700,0.0,93.3,,23.01,,
2026-06-29,14:57:42,406542,G-EZUI,Airbus A320,easyJet,landing,arrivee,675,264.1,92.6,,19.85,,
2026-06-29,15:05:29,4bb20a,TC-LPJ,Airbus A321neo,Turkish Airlines,landing,arrivee,625,253.2,92.0,,25.14,,
2026-06-29,15:11:56,4408c9,OE-IJU,Airbus A320,easyJet Europe,landing,arrivee,625,249.1,93.7,,22.85,,
2026-06-29,15:14:45,AEA12AT,,,Air Europa,landing,arrivee,575,274.1,95.3,,30.57,,
2026-06-29,15:17:30,EJU81TJ,OE-LSA,Airbus A320neo,easyJet Europe,landing,arrivee,650,240.8,89.2,,19.05,,
2026-06-29,15:20:13,3c664e,D-AIRN,Airbus A321,Lufthansa,cruise,,725,0.0,97.4,,23.49,,
2026-06-29,15:27:09,TAP83RS,CS-TTS,Airbus A319,TAP Air Portugal,landing,arrivee,575,241.7,94.1,,19.67,,
2026-06-29,15:30:08,495211,CS-TPQ,Embraer E190,TAP Air Portugal,approach,arrivee,600,0.0,89.5,,18.76,,
2026-06-29,15:32:44,49530c,CS-TXL,Airbus A321neo,TAP Air Portugal,landing,arrivee,650,257.2,91.7,,22.44,,
2026-06-29,15:35:28,471a80,,,,landing,arrivee,725,263.4,96.0,,27.2,,
2026-06-29,15:38:23,495039,CS-TAY,Embraer E195,TAP Air Portugal,cruise,,650,0.0,93.0,,26.34,,
2026-06-29,15:41:08,TAP75CH,CS-TVO,Airbus A320neo,TAP Air Portugal,landing,arrivee,550,258.9,92.9,,18.53,,
2026-06-29,15:43:41,TAP10NL,CS-TPW,Embraer E190,TAP Air Portugal,landing,arrivee,575,246.7,92.1,,24.11,,
2026-06-29,15:46:23,461fa8,OH-LZS,Airbus A321,Finnair,cruise,,750,0.0,94.7,,23.07,,
2026-06-29,15:49:20,495214,CS-TPT,Embraer E190,TAP Air Portugal,landing,arrivee,600,250.8,94.4,,19.52,,
2026-06-29,15:52:00,TAP571,CS-TNJ,Airbus A320,TAP Air Portugal,landing,arrivee,625,256.5,92.0,,23.69,,
2026-06-29,15:54:45,406531,G-EUYL,Airbus A320,British Airways,landing,arrivee,625,258.9,94.6,,32.05,,
2026-06-29,15:57:30,4952c7,CS-TVG,Airbus A320neo,TAP Air Portugal,landing,arrivee,650,251.7,92.2,,20.4,,
2026-06-29,16:00:13,495304,CS-TXD,Airbus A321neo,TAP Air Portugal,landing,arrivee,575,264.8,92.2,,19.62,,
2026-06-29,16:02:44,TAP86GM,CS-TJF,Airbus A321,TAP Air Portugal,landing,arrivee,575,258.9,96.1,,26.48,,
2026-06-29,16:05:16,RYR67UV,EI-EFF,Boeing 737-800,Ryanair,landing,arrivee,550,284.8,94.6,,35.41,,
2026-06-29,16:07:48,TAP90EH,CS-TUF,Airbus A330-900neo,TAP Air Portugal,landing,arrivee,675,263.2,94.5,,34.98,,
2026-06-29,16:10:12,4952d2,CS-TVR,Airbus A320neo,TAP Air Portugal,cruise,,700,0.0,94.0,,18.04,,
2026-06-29,16:13:04,4952c6,CS-TVF,Airbus A320neo,TAP Air Portugal,landing,arrivee,650,268.5,90.0,,20.55,,
2026-06-29,16:15:12,RYR85MR,9H-LMC,Airbus A320,Lauda Europe,landing,arrivee,550,248.4,94.6,,21.45,,
2026-06-29,16:17:24,TAP1105,CS-TPP,Embraer E190,TAP Air Portugal,landing,arrivee,600,243.9,98.9,,22.14,,
2026-06-29,16:20:14,ANE91TE,EC-OOR,Bombardier CRJ-1000,Air Nostrum,landing,arrivee,650,253.2,92.1,,17.13,,
2026-06-29,16:23:13,TAP1359,CS-TVK,Airbus A320neo,TAP Air Portugal,landing,arrivee,575,249.1,92.8,,18.86,,
2026-06-29,16:25:17,RYR384,EI-IKJ,Boeing 737 MAX 8,Ryanair,landing,arrivee,575,276.5,90.3,,25.97,,
2026-06-29,16:27:48,495150,CS-TJP,Airbus A321neo,TAP Air Portugal,cruise,,725,0.0,92.3,,23.37,,
2026-06-29,16:36:18,06a0ae,A7-BCJ,Boeing 787-8,Qatar Airways,landing,arrivee,775,268.9,92.3,,24.05,,
2026-06-29,16:38:51,4cafd2,EI-GXM,Boeing 737-800,Ryanair,landing,arrivee,675,278.9,96.5,,39.69,,
2026-06-29,16:42:15,7815d9,B-305R,Airbus A330-300,Capital Airlines,landing,arrivee,750,246.7,95.1,,29.38,,
2026-06-29,16:44:16,TAP71VE,CS-TJE,Airbus A321,TAP Air Portugal,landing,arrivee,675,266.5,98.6,,29.21,,
2026-06-29,16:47:23,TAP15NC,CS-TJN,Airbus A321neo,TAP Air Portugal,landing,arrivee,575,269.7,91.4,,23.24,,
2026-06-29,16:49:26,e49849,PS-LAA,Boeing 787-9,LATAM Airlines,landing,arrivee,800,279.7,96.3,,36.93,,
2026-06-29,16:51:41,4cac55,EI-HGR,Boeing 737 MAX 8,Ryanair,landing,arrivee,775,278.2,91.8,,24.85,,
2026-06-29,16:54:59,TAP763,EC-OCT,Airbus A321,TAP Air Portugal,landing,arrivee,575,279.3,92.5,,29.27,,
2026-06-29,16:56:57,49514c,CS-TJL,Airbus A321neo,TAP Air Portugal,landing,arrivee,775,267.2,93.5,,21.37,,
2026-06-29,16:59:47,495290,CS-TTP,Airbus A319,TAP Air Portugal,landing,arrivee,725,245.6,94.4,,30.6,,
2026-06-29,17:02:39,502ce3,YL-CSI,C Series 300,Swiss,landing,arrivee,725,249.1,90.7,,25.48,,
2026-06-29,17:05:09,RYR5KT,EI-DCY,Boeing 737-800,Ryanair,landing,arrivee,675,272.8,94.9,,39.74,,
2026-06-29,17:10:25,EJU69VE,OE-IDS,Airbus A320,easyJet Europe,landing,arrivee,800,248.4,95.3,,24.32,,
2026-06-29,17:13:10,4080db,G-TTNV,Airbus A320neo,British Airways,approach,arrivee,825,0.0,89.0,,23.27,,
2026-06-29,17:16:04,VLG9QY,EC-KLT,Airbus A320,Vueling,landing,arrivee,700,246.7,94.3,,27.32,,
2026-06-29,17:18:37,EWG8602,D-AENI,Airbus A320neo,Eurowings,landing,arrivee,625,243.5,88.6,,25.34,,
2026-06-29,17:21:19,WMT6155,HA-LXH,Airbus A321,Wizz Air,landing,arrivee,550,252.2,91.3,,22.81,,
2026-06-29,17:23:54,502d88,YL-ABT,A220-300,Air Baltic,landing,arrivee,775,236.7,89.1,,24.05,,
2026-06-29,17:45:26,485209,PH-HXA,Boeing 737-800,Transavia,cruise,,725,0.0,96.5,,41.48,,
2026-06-29,17:48:07,RAM982,CN-MAY,Boeing 737 MAX 8,Royal Air Maroc,landing,arrivee,575,294.8,91.2,,27.87,,
2026-06-29,17:51:00,4952a9,CS-TUI,Airbus A330-900neo,TAP Air Portugal,landing,arrivee,775,254.8,98.1,,41.49,,
2026-06-29,17:53:49,48e9f3,SP-RNO,Boeing 737-800,Buzz,landing,arrivee,725,273.9,95.2,,35.71,,
2026-06-29,17:57:08,4952cc,CS-TVL,Airbus A320,TAP Air Portugal,cruise,,750,0.0,91.6,,20.01,,
2026-06-29,18:03:03,495152,CS-TJR,Airbus A321neo,TAP Air Portugal,landing,arrivee,750,270.0,93.7,,26.71,,
2026-06-29,18:06:06,4952ab,CS-TUK,Airbus A330-900neo,TAP Air Portugal,landing,arrivee,750,241.5,93.0,,41.98,,
2026-06-29,18:08:52,EJU45HZ,OE-LSR,Airbus A320,easyJet Europe,landing,arrivee,675,267.1,90.3,,25.31,,
2026-06-29,18:13:58,RZO124,CS-TSK,Airbus A320,TAP Air Portugal,landing,arrivee,725,262.2,92.5,,26.86,,
2026-06-29,18:16:30,TAP1542,CS-TJM,Airbus A321neo,TAP Air Portugal,landing,arrivee,750,250.4,93.0,,25.0,,
2026-06-29,18:18:13,49514b,CS-TJK,Airbus A321neo,TAP Air Portugal,landing,arrivee,800,261.5,89.0,,21.72,,
2026-06-29,18:19:57,9HGME,,,,approach,arrivee,600,204.8,59.3,,16.17,,
2026-06-29,18:26:04,4952d1,CS-TVQ,Airbus A320neo,TAP Air Portugal,landing,arrivee,775,260.0,87.9,,25.51,,
2026-06-29,18:28:58,TAP1439,CS-TPU,Embraer E190,TAP Air Portugal,landing,arrivee,575,233.2,87.2,,23.84,,
2026-06-29,18:31:14,4951d3,CS-TNS,Airbus A320,TAP Air Portugal,cruise,,800,0.0,95.0,,31.94,,
2026-06-29,18:33:44,TVF46GH,F-GZHU,Boeing 737-800,Transavia France,landing,arrivee,550,287.2,93.2,,33.71,,
2026-06-29,18:36:26,EZS62YX,HB-AYO,Airbus A320neo,easyJet Switzerland,landing,arrivee,675,263.9,91.9,,25.84,,
2026-06-29,18:39:32,RYR24SE,9H-QET,Boeing 737-800,Malta Air,landing,arrivee,575,273.2,94.1,,32.85,,
2026-06-29,18:43:29,BEL2DT,OO-SNK,Airbus A320,Brussels Airlines,landing,arrivee,725,266.5,95.3,,27.86,,
2026-06-29,18:46:10,TAY2MN,OE-IAM,737 490SF,Iberia,landing,arrivee,750,233.2,92.9,,24.89,,
2026-06-29,18:49:55,4691c1,SX-DNA,Airbus A320,Aegean Airlines,landing,arrivee,700,243.9,91.1,,27.76,,
2026-06-29,18:51:51,UAE5M,A6-EPJ,Boeing 777-300ER,Emirates,climb,depart,3000,325.4,72.8,,21.26,,
2026-06-29,18:55:35,394c18,F-GTAY,Airbus A321,Air France,landing,arrivee,775,268.0,96.6,,30.91,,
2026-06-29,19:06:17,9HGME,,,,cruise,,825,0.0,58.5,,18.2,,
2026-06-29,19:07:55,TAP1906,CS-TTS,Airbus A319,TAP Air Portugal,landing,arrivee,625,252.2,92.5,,26.84,,
2026-06-29,19:10:40,4952c3,CS-TVC,Airbus A320neo,TAP Air Portugal,landing,arrivee,600,260.8,91.5,,24.0,,
2026-06-29,19:13:00,4d2504,9H-VVS,Boeing 737 MAX 8,Malta Air,landing,arrivee,675,272.4,94.3,,27.22,,
2026-06-29,19:15:40,4cac8a,EI-SIT,Airbus A320neo,Scandinavian Airlines Connect,landing,arrivee,750,238.4,91.7,,22.54,,
2026-06-29,19:18:38,34750f,EC-OBP,Boeing 737-800,Air Europa,landing,arrivee,600,273.2,93.7,,38.53,,
2026-06-29,19:21:45,3444cf,EC-LZN,Airbus A320,Vueling,cruise,,650,0.0,90.4,,23.04,,
2026-06-29,19:27:38,495038,CS-TAX,Embraer E195,TAP Air Portugal,landing,arrivee,650,267.2,90.4,,25.8,,
2026-06-29,19:30:26,4951d9,CS-TNY,Airbus A320,TAP Air Portugal,landing,arrivee,625,239.8,93.0,,27.77,,
2026-06-29,19:33:05,TAP1337,CS-TTY,Embraer E195,TAP Air Portugal,landing,arrivee,550,268.9,91.7,,29.66,,
2026-06-29,19:35:43,EJU71TK,OE-LKX,Airbus A319,easyJet Europe,landing,arrivee,725,248.7,91.1,,28.33,,
2026-06-29,19:38:31,TAP825,CS-TJJ,Airbus A321neo,TAP Air Portugal,landing,arrivee,625,268.0,93.6,,27.49,,
2026-06-29,19:42:14,4952c1,CS-TVA,Airbus A320neo,TAP Air Portugal,cruise,,725,0.0,89.6,,28.23,,
2026-06-29,19:45:11,4952cd,CS-TVM,Airbus A320neo,TAP Air Portugal,landing,arrivee,625,250.8,90.2,,28.3,,
2026-06-29,19:47:53,4952ca,CS-TVJ,Airbus A320neo,TAP Air Portugal,cruise,,700,0.0,90.3,,25.85,,
2026-06-29,19:50:39,495037,CS-TAW,Embraer E195,TAP Air Portugal,landing,arrivee,600,251.7,93.7,,28.47,,
2026-06-29,19:53:11,4951d6,CS-TNV,Airbus A320,TAP Air Portugal,landing,arrivee,650,247.2,92.1,,38.54,,
2026-06-29,19:56:08,VLG14YF,EC-OJH,Airbus A320,Vueling,landing,arrivee,600,235.6,91.3,,28.56,,
2026-06-29,19:58:32,TAP671,CS-TVI,Airbus A320neo,TAP Air Portugal,landing,arrivee,675,256.5,89.3,,26.87,,
2026-06-29,20:01:19,RYR56BR,9H-QBY,Boeing 737-800,Malta Air,landing,arrivee,575,283.0,95.1,,35.61,,
2026-06-29,20:03:57,WZZ477,9H-WNG,Airbus A321neo,Wizz Air,landing,arrivee,675,258.9,93.9,,27.49,,
2026-06-29,20:06:58,495216,CS-TPV,Embraer E190,TAP Air Portugal,cruise,,600,0.0,92.0,,31.77,,
2026-06-29,20:10:08,IBE0537,EC-LXQ,Airbus A320,Iberia,landing,arrivee,625,248.0,89.9,,25.68,,
2026-06-29,20:12:49,EZY26YM,G-EZTV,Airbus A320,easyJet,landing,arrivee,750,240.8,90.8,,35.97,,
2026-06-29,20:16:07,EJU32GK,OE-IWW,Airbus A320,easyJet Europe,landing,arrivee,725,236.7,94.6,,28.94,,
2026-06-29,20:19:18,495214,CS-TPT,Embraer E190,TAP Air Portugal,cruise,,600,0.0,90.7,,28.32,,
2026-06-29,20:21:49,4951d8,CS-TNX,Airbus A320,TAP Air Portugal,cruise,,750,0.0,92.9,,27.17,,
2026-06-29,20:26:33,4952c4,CS-TVD,Airbus A320neo,TAP Air Portugal,cruise,,725,0.0,90.6,,23.82,,
2026-06-29,20:30:43,TAP1455,CS-TAY,Embraer E195,TAP Air Portugal,cruise,,725,0.0,89.4,,37.58,,
2026-06-29,20:33:27,495212,CS-TPR,Embraer E190,TAP Air Portugal,cruise,,700,0.0,90.7,,27.78,,
2026-06-29,20:36:20,TAP1313,CS-TPO,Embraer E190,TAP Air Portugal,landing,arrivee,600,257.2,91.7,,31.69,,
2026-06-29,20:38:43,406d90,G-EZOK,Airbus A320,easyJet,cruise,,775,0.0,92.7,,31.82,,
2026-06-29,20:42:02,0900bb,D2-TEG,Boeing 777-300ER,TAAG Angola Airlines,landing,arrivee,775,257.2,98.3,,65.25,,
2026-06-29,20:44:49,4cad0f,EI-HGW,Boeing 737 MAX 8,Ryanair,cruise,,725,0.0,93.4,,39.24,,
2026-06-29,20:47:43,49d287,OK-TVV,Boeing 737-800,Eurowings,landing,arrivee,650,270.8,93.6,,43.02,,
2026-06-29,20:50:41,VLG39HL,EC-OKI,Airbus A320,Vueling,landing,arrivee,650,251.7,96.4,,28.11,,
2026-06-29,20:52:57,4951d5,CS-TNU,Airbus A320,TAP Air Portugal,landing,arrivee,750,250.0,91.3,,27.95,,
2026-06-29,20:55:51,49521a,CS-TPZ,Embraer E190,TAP Air Portugal,landing,arrivee,600,246.7,88.6,,24.94,,
2026-06-29,20:57:22,4951d1,CS-TNQ,Airbus A320,TAP Air Portugal,landing,arrivee,675,244.8,91.6,,28.43,,
2026-06-29,20:59:36,495218,CS-TPX,Embraer E190,TAP Air Portugal,landing,arrivee,575,234.8,88.8,,40.12,,
2026-06-29,21:01:19,4075e0,G-UZMB,Airbus A321neo,easyJet,landing,arrivee,700,240.8,92.8,,26.98,,
2026-06-29,21:03:35,495219,CS-TPY,Embraer E190,TAP Air Portugal,landing,arrivee,550,241.7,91.7,,36.01,,
2026-06-29,21:05:36,TAP1692,CS-TPW,Embraer E190,TAP Air Portugal,landing,arrivee,575,246.7,88.7,,24.81,,
2026-06-29,21:10:53,495171,CS-TKQ,Airbus A320,TAP Air Portugal,landing,arrivee,625,254.8,97.2,,28.18,,
2026-06-29,21:16:01,495148,CS-TJH,Airbus A321,TAP Air Portugal,landing,arrivee,825,253.5,93.7,,27.46,,
2026-06-29,21:20:51,738061,4X-EKT,Boeing 737-800,El Al,cruise,,650,0.0,97.0,,39.1,,
2026-06-29,21:25:55,TAP1143,CS-TPQ,Embraer E190,TAP Air Portugal,landing,arrivee,575,249.1,90.8,,34.55,,
2026-06-29,21:30:41,LZB563,LZ-ROM,A220-300,Bulgaria Air,landing,arrivee,600,230.8,87.7,,27.35,,
2026-06-29,21:36:28,RZO134,CS-TKP,Airbus A320,TAP Air Portugal,landing,arrivee,650,255.6,89.1,,26.47,,
2026-06-29,21:39:05,TAR318,TS-ITB,Airbus A320,Tunisair,landing,arrivee,600,239.1,93.9,,29.14,,
2026-06-29,21:41:38,4951cc,CS-TNL,Airbus A320,TAP Air Portugal,cruise,,750,0.0,91.8,,30.31,,
2026-06-29,21:44:17,TAP37CN,CS-TVB,Airbus A320neo,TAP Air Portugal,landing,arrivee,750,220.8,87.8,,28.17,,
2026-06-29,21:46:25,440db0,OE-IDX,Airbus A320,easyJet Europe,landing,arrivee,650,249.8,90.0,,31.03,,
2026-06-29,21:49:20,TAP1325,CS-TPS,Embraer E190,TAP Air Portugal,landing,arrivee,600,250.0,90.9,,31.52,,
2026-06-29,21:51:42,49514f,CS-TJO,Airbus A321neo,TAP Air Portugal,landing,arrivee,775,254.8,90.6,,36.45,,
2026-06-29,21:53:28,VLG4JP,EC-NYD,Airbus A321,Vueling,landing,arrivee,800,234.8,89.8,,28.45,,
2026-06-29,21:55:45,FIA5811,ER-00005,Airbus A320,Fly One,landing,arrivee,725,236.7,91.7,,29.61,,
2026-06-29,21:58:26,4952ce,CS-TVN,Airbus A320neo,TAP Air Portugal,landing,arrivee,675,244.8,92.3,,31.77,,
2026-06-29,22:01:06,471f6a,HA-LXI,Airbus A321,Wizz Air,landing,arrivee,575,259.7,94.4,,34.26,,
2026-06-29,22:03:52,4bb86d,TC-NCM,Airbus A320neo,Pegasus,landing,arrivee,600,256.5,89.8,,30.06,,
2026-06-29,22:05:32,VLG8UE,EC-OLF,Airbus A320,Vueling,landing,arrivee,625,258.9,91.2,,32.76,,
2026-06-29,22:07:14,4951ce,CS-TNN,Airbus A320,TAP Air Portugal,landing,arrivee,775,245.6,90.1,,30.75,,
2026-06-29,22:09:07,RYR4XW,EI-GXH,Boeing 737-800,Ryanair,landing,arrivee,700,264.1,90.7,,38.4,,
2026-06-29,22:12:00,4ca263,EI-DHG,Boeing 737-800,Ryanair,landing,arrivee,575,274.5,95.8,,34.4,,
2026-06-29,22:17:01,495215,CS-TPU,Embraer E190,TAP Air Portugal,cruise,,700,0.0,88.7,,26.55,,
2026-06-29,22:18:38,RYR8AT,EI-ENN,Boeing 737-800,Ryanair,landing,arrivee,575,266.3,92.4,,35.11,,
2026-06-29,22:20:38,392af4,F-GKXU,Airbus A320,Air France,cruise,,750,0.0,91.3,,32.02,,
2026-06-29,22:22:45,EJU87HG,OE-LSR,Airbus A320,easyJet Europe,approach,arrivee,725,231.9,89.5,,28.73,,
2026-06-29,22:25:35,4952d0,CS-TVP,Airbus A320neo,TAP Air Portugal,cruise,,750,0.0,92.8,,30.68,,
2026-06-29,22:28:25,TAP1243,CS-TJI,Airbus A321neo,TAP Air Portugal,landing,arrivee,750,262.4,93.0,,32.54,,
2026-06-29,22:30:30,4951cd,CS-TNM,Airbus A320,TAP Air Portugal,cruise,,725,0.0,89.6,,37.08,,
2026-06-29,22:34:02,495153,CS-TJS,Airbus A321neo,TAP Air Portugal,cruise,,625,0.0,90.6,,28.88,,
2026-06-29,22:37:58,440072,OE-LSF,Airbus A320neo,easyJet Europe,landing,arrivee,725,239.1,90.9,,28.58,,
2026-06-29,22:40:44,4952d0,CS-TVP,Airbus A320neo,TAP Air Portugal,landing,arrivee,725,229.1,55.7,,,,
2026-06-29,22:42:23,TAP64M,CS-TVF,Airbus A320neo,TAP Air Portugal,landing,arrivee,725,256.5,90.7,,39.45,,
2026-06-29,22:44:09,39cea4,F-HTVE,Boeing 737-800,Transavia France,landing,arrivee,750,262.4,96.5,,47.62,,
2026-06-29,22:46:40,440cc1,OE-LSP,Airbus A320,easyJet Europe,landing,arrivee,775,238.4,93.2,,29.32,,
2026-06-29,22:49:00,3c648c,D-AIDL,Airbus A321,Lufthansa,cruise,,750,0.0,92.0,,29.73,,
2026-06-29,22:51:09,40775c,G-RUKA,Boeing 737-800,Ryanair UK,landing,arrivee,750,260.0,94.2,,41.57,,
2026-06-29,22:53:53,4d2304,9H-VUF,Boeing 737 MAX 8,Malta Air,landing,arrivee,775,265.8,91.3,,36.53,,
2026-06-29,22:56:55,BAW508,G-TTSC,Airbus A320neo,British Airways,landing,arrivee,600,229.8,90.0,,27.21,,
2026-06-29,22:59:47,4867c4,PH-AXI,Airbus A321neo,KLM,cruise,,775,0.0,91.4,,31.66,,
2026-06-29,23:01:49,4400dc,OE-IDT,Airbus A320,easyJet Europe,landing,arrivee,675,235.6,91.9,,41.22,,
2026-06-29,23:06:14,EJU74EP,OE-IDS,Airbus A320,easyJet Europe,landing,arrivee,650,257.2,91.9,,40.07,,
2026-06-29,23:08:53,RYR4RL,EI-HEN,Boeing 737 MAX 8,Ryanair,landing,arrivee,700,258.9,91.5,,35.77,,
2026-06-29,23:11:27,EJU52PB,OE-IBS,Airbus A320,easyJet Europe,landing,arrivee,775,249.1,91.9,,35.42,,
2026-06-29,23:14:22,THY2ES,TC-LPP,Airbus A321neo,Turkish Airlines,landing,arrivee,750,243.9,94.8,,34.17,,
2026-06-29,23:16:52,4ca24c,EI-DCZ,Boeing 737-800,Ryanair,landing,arrivee,700,254.8,92.5,,52.88,,
2026-06-29,23:19:28,TVF47RH,F-GZHX,Boeing 737-800,Transavia France,landing,arrivee,575,268.9,91.0,,43.48,,
2026-06-29,23:22:40,495210,CS-TPP,Embraer E190,TAP Air Portugal,landing,arrivee,575,250.8,92.0,,38.41,,
2026-06-29,23:25:02,495145,CS-TJE,Airbus A321,TAP Air Portugal,landing,arrivee,725,265.6,93.1,,32.78,,
2026-06-29,23:27:48,34224e,EC-JLI,Airbus A321,Iberia,landing,arrivee,725,256.3,92.7,,28.24,,
2026-06-29,23:30:11,EJU19TV,OE-LSA,Airbus A320neo,easyJet Europe,landing,arrivee,775,249.8,87.6,,37.23,,
2026-06-29,23:32:54,EJU91TW,OE-IDU,Airbus A320,easyJet Europe,cruise,,775,0.0,89.7,,34.23,,
2026-06-29,23:35:24,DLH23C,D-AIEL,Airbus A321neo,Lufthansa,landing,arrivee,800,261.7,91.7,,43.17,,
2026-06-29,23:38:22,4cafd2,EI-GXM,Boeing 737-800,Ryanair,landing,arrivee,550,265.6,93.5,,50.41,,
2026-06-29,23:39:51,TAP35MT,CS-TTR,Airbus A319,TAP Air Portugal,landing,arrivee,750,232.4,94.5,,30.07,,
2026-06-29,23:41:52,46b8a2,SX-NEB,Airbus A320neo,Aegean Airlines,landing,arrivee,625,257.2,91.2,,39.16,,
2026-06-29,23:44:23,TAP21MM,CS-TJP,Airbus A321neo,TAP Air Portugal,landing,arrivee,575,252.4,92.9,,33.07,,
2026-06-29,23:46:58,DLH64P,D-AIZW,Airbus A320,Lufthansa,landing,arrivee,600,258.4,94.3,,32.83,,
2026-06-29,23:49:34,TAP43RY,EC-OCT,Airbus A321,TAP Air Portugal,landing,arrivee,700,260.8,92.6,,40.69,,
2026-06-29,23:52:09,SWR755L,HB-JDJ,Airbus A320neo,Swiss,landing,arrivee,775,234.8,90.6,,35.21,,
2026-06-29,23:54:54,4cac55,EI-HGR,Boeing 737 MAX 8,Ryanair,landing,arrivee,600,266.5,93.1,,38.51,,
2026-06-30,00:08:18,TAP1738,CS-TTY,Embraer E195,TAP Air Portugal,landing,arrivee,550,253.9,92.5,,37.33,,
2026-06-30,00:40:09,WZZ84UJ,9H-WNX,Airbus A321neo,Wizz Air,landing,arrivee,775,250.8,91.1,,32.2,,
2026-06-30,00:45:22,49526b,CS-TSK,Airbus A320,TAP Air Portugal,landing,arrivee,775,237.4,89.8,,31.22,,
2026-06-30,02:09:52,c052ca,CA-GFJD,Boeing 737 MAX 8,WestJet,landing,arrivee,600,266.5,89.5,,39.64,,
2026-06-30,04:55:58,4952aa,CS-TUJ,Airbus A330-900neo,TAP Air Portugal,landing,arrivee,825,252.4,93.9,,55.88,,
2026-06-30,04:58:10,TAP202A,CS-TXM,Airbus A321,TAP Air Portugal,landing,arrivee,800,255.6,89.0,,32.15,,
2026-06-30,05:09:08,495307,CS-TXG,Airbus A321neo,TAP Air Portugal,landing,arrivee,725,254.1,87.5,,31.53,,
2026-06-30,05:12:38,4952b1,CS-TUQ,Airbus A330-900neo,TAP Air Portugal,landing,arrivee,725,253.2,94.2,,47.9,,
2026-06-30,05:19:22,497cde,,,,landing,arrivee,850,216.5,93.0,,30.32,,
2026-06-30,05:28:34,4952ad,CS-TUM,Airbus A330-900neo,TAP Air Portugal,cruise,,800,0.0,90.3,,42.93,,
2026-06-30,05:41:31,495293,CS-TTS,Airbus A319,TAP Air Portugal,landing,arrivee,800,222.2,93.1,,36.07,,
2026-06-30,05:48:24,495302,CS-TXB,Airbus A321neo,TAP Air Portugal,landing,arrivee,800,248.4,91.9,,32.27,,
2026-06-30,05:51:45,TAP1550,CS-TVM,Airbus A320neo,TAP Air Portugal,landing,arrivee,600,246.7,89.5,,31.66,,
2026-06-30,05:53:36,TAP1484,CS-TJN,Airbus A321neo,TAP Air Portugal,landing,arrivee,750,258.0,92.4,,28.43,,
2026-06-30,06:02:27,4951d1,CS-TNQ,Airbus A320,TAP Air Portugal,landing,arrivee,675,247.2,91.9,,42.47,,
2026-06-30,06:04:52,4952a5,CS-TUE,Airbus A330-900neo,TAP Air Portugal,landing,arrivee,800,249.1,95.3,,57.62,,
2026-06-30,06:07:35,495306,CS-TXF,Airbus A321neo,TAP Air Portugal,landing,arrivee,750,253.2,93.5,,33.99,,
2026-06-30,06:10:18,4952c3,CS-TVC,Airbus A320neo,TAP Air Portugal,landing,arrivee,625,251.5,94.2,,27.77,,
2026-06-30,06:13:11,QTR343,A7-BCQ,Boeing 787-8,Qatar Airways,landing,arrivee,775,258.9,91.1,,41.73,,
2026-06-30,06:18:20,495211,CS-TPQ,Embraer E190,TAP Air Portugal,landing,arrivee,600,225.0,92.2,,32.59,,
2026-06-30,06:23:34,e4a3d7,,,Azul,cruise,,700,0.0,93.9,,44.31,,
2026-06-30,06:32:17,89656f,A6-BMJ,Boeing 787-10,Etihad Airways,landing,arrivee,775,265.6,91.4,,40.18,,
2026-06-30,06:35:18,495039,CS-TAY,Embraer E195,TAP Air Portugal,cruise,,675,0.0,92.6,,31.15,,
2026-06-30,06:37:48,4952a2,CS-TUB,Airbus A330-900neo,TAP Air Portugal,landing,arrivee,825,256.5,96.2,,55.6,,
2026-06-30,06:40:53,TAY1MN,OE-IBL,737 490SF,ASL Airlines Belgium,landing,arrivee,575,263.4,95.8,,48.08,,
2026-06-30,06:43:54,c06a9b,CA-GOJQ,Airbus A321,Air Transat,landing,arrivee,775,239.8,89.5,,39.37,,
2026-06-30,06:47:03,TAP1908,CS-TNU,Airbus A320,TAP Air Portugal,landing,arrivee,600,244.3,90.1,,38.09,,
2026-06-30,06:50:00,e48189,PT-MUA,Boeing 777-300ER,LATAM Airlines,landing,arrivee,825,256.5,99.7,,86.96,,
2026-06-30,06:52:57,0900f1,D2-TEK,Boeing 777-300ER,TAAG Angola Airlines,landing,arrivee,750,251.5,97.5,,58.37,,
2026-06-30,06:55:54,TAP9004,CS-TNX,Airbus A320,TAP Air Portugal,landing,arrivee,675,250.8,93.7,,36.52,,
2026-06-30,06:58:53,AEA1159,,,Air Europa,landing,arrivee,525,263.4,98.9,,45.34,,
2026-06-30,07:07:40,45ce49,OY-SRI,767 25EBDSF,Star Air,cruise,,800,0.0,94.6,,36.8,,
2026-06-30,07:20:37,4952c1,CS-TVA,Airbus A320neo,TAP Air Portugal,landing,arrivee,800,248.4,90.1,,30.48,,
2026-06-30,07:23:44,49514c,CS-TJL,Airbus A321neo,TAP Air Portugal,landing,arrivee,825,247.2,94.7,,32.56,,
2026-06-30,07:26:53,4952ce,CS-TVN,Airbus A320neo,TAP Air Portugal,landing,arrivee,625,239.8,90.1,,36.43,,
2026-06-30,07:28:51,344481,EC-LXQ,Airbus A320,Iberia,landing,arrivee,625,234.3,91.7,,32.93,,
2026-06-30,07:38:10,4952cf,CS-TVO,Airbus A320neo,TAP Air Portugal,landing,arrivee,600,258.9,90.1,,38.12,,
2026-06-30,07:45:20,4952cb,CS-TVK,Airbus A320neo,TAP Air Portugal,landing,arrivee,800,234.8,90.2,,32.17,,
2026-06-30,07:47:29,UAL64,N91007,Boeing 787-10,United Airlines,landing,arrivee,800,268.9,94.5,,42.94,,
2026-06-30,07:51:26,495038,CS-TAX,Embraer E195,TAP Air Portugal,landing,arrivee,575,236.7,88.5,,31.79,,
2026-06-30,07:54:07,TAP1939,CS-TNR,Airbus A320,TAP Air Portugal,landing,arrivee,575,234.3,95.1,,32.11,,
2026-06-30,07:56:11,4951ca,CS-TNJ,Airbus A320,TAP Air Portugal,landing,arrivee,800,242.4,93.1,,32.77,,
2026-06-30,07:58:34,4952c9,CS-TVI,Airbus A320neo,TAP Air Portugal,landing,arrivee,925,248.0,89.8,,31.73,,
2026-06-30,08:01:45,4b1a67,HB-JZZ,Airbus A320,Austrian Airlines,landing,arrivee,800,240.8,92.9,,34.76,,
2026-06-30,08:04:57,4952d2,CS-TVR,Airbus A320neo,TAP Air Portugal,landing,arrivee,600,243.2,89.7,,29.01,,
2026-06-30,08:07:21,TAP8RL,CS-TNS,Airbus A320,TAP Air Portugal,landing,arrivee,775,241.5,93.1,,36.47,,
2026-06-30,08:10:33,345041,EC-MHA,Airbus A321,Vueling,cruise,,725,0.0,90.8,,36.99,,
2026-06-30,08:14:04,3c54a5,D-AEEE,Airbus A321,Eurowings,landing,arrivee,625,242.4,92.2,,37.66,,
2026-06-30,08:18:46,a4dbef,N412DX,Airbus A330-900neo,Delta Air Lines,landing,arrivee,675,250.0,96.9,,45.48,,
2026-06-30,08:21:35,4cac7f,EI-HMS,Boeing 737 MAX 8,Ryanair,landing,arrivee,575,270.8,93.6,,36.08,,
2026-06-30,08:24:09,RYR24SE,9H-QBX,Boeing 737-800,Malta Air,landing,arrivee,750,264.1,96.1,,42.47,,
2026-06-30,08:28:42,49514b,CS-TJK,Airbus A321neo,TAP Air Portugal,landing,arrivee,750,261.5,89.8,,33.02,,
2026-06-30,08:32:20,39bdb5,F-HPNV,Airbus A220-300,Air France,landing,arrivee,600,240.8,87.8,,28.56,,
2026-06-30,08:34:41,348342,EC-OND,Airbus A330-300,,landing,arrivee,725,251.5,93.2,,44.1,,
2026-06-30,08:40:43,39ceb7,F-HTVX,Boeing 737-800,Transavia France,landing,arrivee,750,269.7,95.4,,44.91,,
2026-06-30,08:43:45,RYR7GJ,9H-QCZ,Boeing 737-800,Malta Air,landing,arrivee,575,287.2,99.5,,45.05,,
2026-06-30,08:46:35,495152,CS-TJR,Airbus A321neo,TAP Air Portugal,landing,arrivee,600,243.2,91.3,,26.64,,
2026-06-30,08:49:57,TAP443,CS-TVL,Airbus A320,TAP Air Portugal,landing,arrivee,325,258.4,66.1,,22.05,,
2026-06-30,08:55:37,4952c7,CS-TVG,Airbus A320neo,TAP Air Portugal,landing,arrivee,650,260.8,90.2,,31.07,,
2026-06-30,09:02:15,4cacdf,EI-GJS,Boeing 737-800,Ryanair,landing,arrivee,575,266.3,95.2,,41.87,,
2026-06-30,09:05:49,ACA812,C-GFAJ,Airbus A330-300,Air Canada,landing,arrivee,575,244.8,95.8,,35.06,,
2026-06-30,09:08:20,40653a,G-EZGK,Airbus A319,easyJet,landing,arrivee,800,227.4,96.3,,30.55,,
2026-06-30,09:11:03,TAP072,CS-TUG,Airbus A330-900neo,TAP Air Portugal,landing,arrivee,775,252.4,92.3,,42.84,,
2026-06-30,09:20:31,TAP012,CS-TUA,Airbus A330-900neo,TAP Air Portugal,landing,arrivee,600,258.4,96.0,,48.68,,
2026-06-30,09:23:07,TAP66PD,CS-TVB,Airbus A320neo,TAP Air Portugal,landing,arrivee,700,245.2,91.2,,29.0,,
2026-06-30,09:29:17,TSC480,C-GTSJ,Airbus A330-200,Air Transat,landing,arrivee,675,244.8,96.1,,32.62,,
2026-06-30,09:32:06,495066,CS-TCF,Airbus A330-900neo,TAP Air Portugal,landing,arrivee,750,253.2,95.8,,45.53,,
2026-06-30,09:35:00,4bb287,TC-LTG,Airbus A321neo,Turkish Airlines,landing,arrivee,800,260.8,91.3,,28.24,,
2026-06-30,09:37:56,40690c,G-EZWK,Airbus A320,easyJet,cruise,,625,0.0,92.4,,28.09,,
2026-06-30,09:42:19,407fca,G-TNEB,Airbus A321neo,British Airways,cruise,,800,0.0,90.9,,30.7,,
2026-06-30,09:45:21,TAP3832,CS-TPZ,Embraer E190,TAP Air Portugal,landing,arrivee,550,227.6,92.7,,30.22,,
2026-06-30,09:47:49,TAP036,EC-NBN,Airbus A330-200,TAP Air Portugal,landing,arrivee,525,236.3,95.9,,37.07,,
2026-06-30,09:50:26,4d00ee,LX-LBL,Boeing 737 MAX 8,Luxair,landing,arrivee,625,279.7,93.6,,33.91,,
2026-06-30,09:53:29,ab3fc4,N824AN,Boeing 787-9,American Airlines,cruise,,625,0.0,94.7,,40.2,,
2026-06-30,09:56:44,TAP1921,CS-TVJ,Airbus A320neo,TAP Air Portugal,landing,arrivee,750,261.5,90.3,,27.75,,
2026-06-30,10:00:07,TAP11SV,CS-TPY,Embraer E190,TAP Air Portugal,landing,arrivee,525,227.4,92.6,,24.52,,
2026-06-30,10:03:08,4952a8,CS-TUH,Airbus A330-900neo,TAP Air Portugal,landing,arrivee,750,251.5,92.6,,33.23,,
2026-06-30,10:06:25,EJU97VT,OE-IDT,Airbus A320,easyJet Europe,landing,arrivee,575,253.2,91.0,,26.42,,
2026-06-30,10:09:16,TAP216L,CS-TXL,Airbus A321neo,TAP Air Portugal,landing,arrivee,750,268.9,91.1,,21.38,,
2026-06-30,10:12:29,497c83,16805,C130,,approach,arrivee,750,245.9,92.8,,41.7,,
2026-06-30,10:16:23,4952ac,CS-TUL,Airbus A330-900neo,TAP Air Portugal,landing,arrivee,650,262.4,97.6,,34.63,,
2026-06-30,10:20:11,495309,CS-TXI,Airbus A321neo,TAP Air Portugal,landing,arrivee,775,255.6,91.8,,23.04,,
2026-06-30,10:24:01,TAP1826,CS-TVD,Airbus A320neo,TAP Air Portugal,landing,arrivee,625,258.9,91.0,,20.75,,
2026-06-30,10:27:26,a50e93,N425DX,Airbus A330-900neo,Delta Air Lines,landing,arrivee,725,258.4,99.1,,39.46,,
2026-06-30,10:30:20,4952d1,CS-TVQ,Airbus A320neo,TAP Air Portugal,cruise,,750,0.0,95.0,,22.29,,
2026-06-30,10:32:57,495277,CS-TSW,Boeing 777-200,Azul,landing,arrivee,825,249.1,102.4,,48.89,,
2026-06-30,10:35:59,495299,CS-TTY,Embraer E195,TAP Air Portugal,landing,arrivee,650,254.7,93.0,,24.92,,
2026-06-30,10:38:25,RYR32KG,EI-HGR,Boeing 737 MAX 8,Ryanair,landing,arrivee,725,270.0,92.9,,23.89,,
2026-06-30,10:41:25,aa92f9,N78002,Boeing 777-200,United Airlines,landing,arrivee,750,249.1,98.8,,32.75,,
2026-06-30,10:43:56,RYR98HW,EI-DYD,Boeing 737-800,Ryanair,landing,arrivee,575,277.2,93.7,,26.97,,
2026-06-30,10:47:08,AEA1153,EC-NUZ,Boeing 737-800,Air Europa,landing,arrivee,575,271.3,95.2,,27.22,,
2026-06-30,10:49:41,RYR3WD,EI-GXM,Boeing 737-800,Ryanair,landing,arrivee,600,262.4,100.4,,33.11,,
2026-06-30,10:52:33,c01723,C-FITU,Boeing 777-300ER,Air Canada,landing,arrivee,750,268.9,99.2,,40.17,,
2026-06-30,10:55:15,495305,CS-TXE,Airbus A321neo,TAP Air Portugal,landing,arrivee,750,240.0,91.8,,24.99,,
2026-06-30,10:57:49,TAP1923,CS-TVM,Airbus A320neo,TAP Air Portugal,landing,arrivee,750,253.2,93.3,,21.95,,
2026-06-30,11:00:27,4952a4,CS-TUD,Airbus A330-900neo,TAP Air Portugal,landing,arrivee,775,258.9,97.6,,42.16,,
2026-06-30,11:03:08,TAP234Y,CS-TXD,Airbus A321neo,TAP Air Portugal,landing,arrivee,750,238.2,90.0,,19.83,,
2026-06-30,11:05:44,3985a4,F-HBNE,Airbus A320,Air France,landing,arrivee,775,248.4,94.1,,26.73,,
2026-06-30,11:08:30,49530b,CS-TXK,Airbus A321,TAP Air Portugal,landing,arrivee,725,258.9,91.4,,20.19,,
2026-06-30,11:11:22,TAP262M,CS-TXH,Airbus A321neo,TAP Air Portugal,landing,arrivee,750,261.5,94.5,,21.45,,
2026-06-30,11:14:07,TAP68JP,CS-TVP,Airbus A320neo,TAP Air Portugal,landing,arrivee,775,249.1,93.0,,22.69,,
2026-06-30,11:16:56,44ce61,OO-SSA,Airbus A319,Brussels Airlines,landing,arrivee,675,258.0,94.8,,24.4,,
2026-06-30,11:19:33,EJU74EF,OE-IWW,Airbus A320,easyJet Europe,landing,arrivee,725,253.2,91.5,,24.46,,
2026-06-30,11:22:32,TAP23SL,CS-TUN,Airbus A330-900neo,TAP Air Portugal,landing,arrivee,600,254.1,97.6,,29.56,,
2026-06-30,11:25:15,484c59,PH-HSB,Boeing 737-800,Turkish Airlines,landing,arrivee,625,282.4,94.4,,37.23,,
2026-06-30,11:27:56,VLG39HL,EC-OKI,Airbus A320,Vueling,landing,arrivee,625,251.5,92.2,,25.2,,
2026-06-30,11:30:29,495215,CS-TPU,Embraer E190,TAP Air Portugal,cruise,,875,0.0,94.0,,25.26,,
2026-06-30,11:33:10,RZO120,CS-TKQ,Airbus A320,TAP Air Portugal,landing,arrivee,750,263.2,95.0,,24.06,,
2026-06-30,11:35:50,RYR9654,EI-HMV,Boeing 737 MAX 8,Ryanair,landing,arrivee,550,265.6,93.7,,21.88,,
2026-06-30,11:38:42,495298,CS-TTX,Embraer E195,TAP Air Portugal,landing,arrivee,700,238.4,87.8,,22.45,,
2026-06-30,11:43:08,3c65e1,D-AIOA,Airbus A321neo,Lufthansa,landing,arrivee,775,264.8,93.8,,20.93,,
2026-06-30,11:46:11,a0d2e9,N152PG,BD-700-1A10,AIRISH LLC,landing,arrivee,725,236.9,87.4,,17.79,,
2026-06-30,11:49:21,TAP1925,CS-TVI,Airbus A320neo,TAP Air Portugal,landing,arrivee,600,244.8,90.6,,18.26,,
2026-06-30,11:51:37,TAP11WQ,CS-TNU,Airbus A320,TAP Air Portugal,landing,arrivee,650,264.1,93.1,,20.32,,
2026-06-30,11:53:47,346147,EC-NCM,Airbus A320neo,Iberia,landing,arrivee,575,278.2,95.3,,25.24,,
2026-06-30,11:56:40,4d2222,9H-QAP,Boeing 737-800,Malta Air,landing,arrivee,750,284.8,95.6,,29.57,,
2026-06-30,12:10:03,EWG37V,OK-TVT,Boeing 737-800,Eurowings,landing,arrivee,550,286.1,97.1,,40.3,,
2026-06-30,12:16:40,4952ce,CS-TVN,Airbus A320neo,TAP Air Portugal,landing,arrivee,775,235.9,93.1,,16.04,,
2026-06-30,12:20:42,UAE3MV,A6-EPS,Boeing 777-300ER,Emirates,landing,arrivee,650,287.2,100.6,,62.31,,
2026-06-30,12:27:12,EJU69GW,OE-LSP,Airbus A320,easyJet Europe,landing,arrivee,800,264.8,92.6,,19.87,,
2026-06-30,12:30:12,JME306A,CS-LPA,Phenom 300,Executive Jet Management (Europe),landing,arrivee,725,216.3,83.9,,14.01,,
2026-06-30,12:33:10,TAP1123,CS-TAY,Embraer E195,TAP Air Portugal,landing,arrivee,650,271.3,93.1,,29.69,,
2026-06-30,12:40:08,RYR12VQ,9H-QBY,Boeing 737-800,Malta Air,landing,arrivee,550,275.6,94.3,,30.19,,
2026-06-30,12:48:02,440d10,OE-IBS,Airbus A320,easyJet Europe,cruise,,650,0.0,93.4,,25.53,,
2026-06-30,12:52:25,RZO122,CS-TSJ,Airbus A321neo,TAP Air Portugal,landing,arrivee,700,262.4,108.2,,21.78,,
2026-06-30,12:55:56,4951d8,CS-TNX,Airbus A320,TAP Air Portugal,landing,arrivee,725,242.4,91.9,,25.05,,
2026-06-30,12:59:09,495214,CS-TPT,Embraer E190,TAP Air Portugal,landing,arrivee,600,237.6,92.8,,20.0,,
2026-06-30,13:01:39,440da5,OE-IDS,Airbus A320,easyJet Europe,cruise,,775,0.0,92.3,,27.06,,
2026-06-30,13:04:48,440daf,OE-IDU,Airbus A320,easyJet Europe,landing,arrivee,775,265.6,90.5,,24.39,,
2026-06-30,13:08:16,TAP831,CS-TNM,Airbus A320,TAP Air Portugal,landing,arrivee,825,256.3,93.1,,19.73,,
2026-06-30,13:13:10,39d306,F-HUYG,Boeing 737-800,Transavia France,landing,arrivee,750,272.4,93.9,,25.65,,
2026-06-30,13:17:51,4951d1,CS-TNQ,Airbus A320,TAP Air Portugal,landing,arrivee,800,252.8,94.4,,21.66,,
2026-06-30,13:22:08,495211,CS-TPQ,Embraer E190,TAP Air Portugal,landing,arrivee,700,243.9,94.1,,22.84,,
2026-06-30,13:28:21,TAP3961,CS-TXA,Airbus A321neo,TAP Air Portugal,landing,arrivee,775,249.1,91.1,,21.69,,
2026-06-30,13:30:50,RYR85MR,9H-VUF,Boeing 737 MAX 8,Malta Air,landing,arrivee,700,278.2,91.8,,24.35,,
2026-06-30,13:33:32,3c648e,D-AIDN,Airbus A321,Lufthansa,landing,arrivee,700,272.4,95.2,,25.9,,
2026-06-30,13:37:16,4404a4,OE-ICL,Airbus A320,easyJet Europe,landing,arrivee,750,263.2,94.8,,28.74,,
2026-06-30,13:40:09,495148,CS-TJH,Airbus A321,TAP Air Portugal,landing,arrivee,750,256.5,97.3,,24.22,,
2026-06-30,13:42:33,RZO150,CS-TKP,Airbus A320,TAP Air Portugal,landing,arrivee,775,264.8,94.5,,25.63,,
2026-06-30,13:45:00,4951d3,CS-TNS,Airbus A320,TAP Air Portugal,landing,arrivee,775,256.5,96.5,,23.95,,
2026-06-30,13:47:39,TAP1860,CS-TJP,Airbus A321neo,TAP Air Portugal,approach,arrivee,775,241.7,91.6,,21.36,,
2026-06-30,13:50:39,4951f0,CS-TOP,Airbus A330-200,TAP Air Portugal,landing,arrivee,600,249.3,96.3,,34.15,,
2026-06-30,13:53:19,4b1a65,HB-JZX,Airbus A320,Austrian Airlines,cruise,,875,0.0,94.1,,21.73,,
2026-06-30,13:55:53,TAP823,CS-TNN,Airbus A320,TAP Air Portugal,landing,arrivee,750,249.1,96.7,,21.93,,
2026-06-30,13:58:28,49514e,CS-TJN,Airbus A321neo,TAP Air Portugal,landing,arrivee,750,269.7,93.4,,22.2,,
2026-06-30,14:01:05,346690,EC-NLV,Airbus A321,Vueling,landing,arrivee,725,268.0,96.6,,22.43,,
2026-06-30,14:03:49,4b180b,HB-JCT,A220 300,Swiss,landing,arrivee,700,254.8,94.0,,18.71,,
2026-06-30,14:06:26,TAP1013,CS-TNR,Airbus A320,TAP Air Portugal,landing,arrivee,750,263.9,93.1,,20.4,,
2026-06-30,14:09:32,TAP8RT,CS-TPS,Embraer E190,TAP Air Portugal,landing,arrivee,550,244.8,92.2,,20.61,,
2026-06-30,14:16:11,495149,CS-TJI,Airbus A321neo,TAP Air Portugal,cruise,,750,0.0,90.3,,22.67,,
2026-06-30,14:18:09,495145,CS-TJE,Airbus A321,TAP Air Portugal,landing,arrivee,800,285.6,93.0,,24.47,,
2026-06-30,14:20:59,49520f,CS-TPO,Embraer E190,TAP Air Portugal,landing,arrivee,600,246.3,94.2,,19.52,,
2026-06-30,14:29:58,TAP084,CS-TUR,Airbus A330-900neo,TAP Air Portugal,landing,arrivee,625,260.8,96.7,,30.4,,
2026-06-30,14:36:59,SWT131,EC-MAF,ATR 72 500F,Swiftair,landing,arrivee,750,208.4,94.4,,17.81,,
2026-06-30,14:42:34,AIZ253,4X-AGK,Airbus A321neo,Arkia,landing,arrivee,775,249.3,91.7,,25.42,,
2026-06-30,14:44:59,EJU41HA,OE-LSR,Airbus A320,easyJet Europe,landing,arrivee,775,264.1,91.3,,21.96,,
2026-06-30,14:47:30,4b194f,HB-JPF,Airbus A321neo,Swiss,landing,arrivee,800,280.0,96.7,,20.65,,
2026-06-30,14:50:05,KLM97N,PH-AXN,Airbus A321neo,KLM,cruise,,825,0.0,92.6,,23.32,,
2026-06-30,14:51:43,3985a1,F-HBNB,Airbus A320,Air France,landing,arrivee,800,263.2,91.6,,23.31,,
2026-06-30,14:53:46,440cfe,OE-LVK,Airbus A319,easyJet Europe,landing,arrivee,775,249.8,92.2,,20.31,,
2026-06-30,14:56:40,40631a,G-EZFV,Airbus A319,easyJet,landing,arrivee,750,241.5,94.0,,22.4,,
2026-06-30,15:01:03,EJU51EP,OE-LSF,Airbus A320neo,easyJet Europe,landing,arrivee,625,260.0,92.4,,24.41,,
2026-06-30,15:04:31,TAP941,CS-TVO,Airbus A320neo,TAP Air Portugal,landing,arrivee,575,268.9,90.8,,26.06,,
2026-06-30,15:11:35,4c01e1,YU-APB,Airbus A319,Air Serbia,landing,arrivee,700,236.7,93.8,,20.11,,
2026-06-30,15:14:27,THY4GH,TC-JNH,Airbus A330-300,Turkish Airlines,landing,arrivee,675,265.8,93.0,,30.64,,
2026-06-30,15:17:43,495293,CS-TTS,Airbus A319,TAP Air Portugal,landing,arrivee,675,249.1,92.6,,19.52,,
2026-06-30,15:19:53,3c65c7,D-AING,Airbus A320neo,Lufthansa,cruise,,950,0.0,93.2,,21.65,,
2026-06-30,15:24:44,3444da,EC-MBS,Airbus A320,Vueling,landing,arrivee,800,267.2,91.8,,21.93,,
2026-06-30,15:27:26,4951cc,CS-TNL,Airbus A320,TAP Air Portugal,cruise,,750,0.0,59.8,,20.85,,
2026-06-30,15:29:48,48af0f,SP-LVP,Boeing 737 MAX 8,LOT Polish Airlines,landing,arrivee,750,281.3,93.5,,23.93,,
2026-06-30,15:32:26,495292,CS-TTR,Airbus A319,TAP Air Portugal,landing,arrivee,700,258.9,92.4,,22.42,,
2026-06-30,15:35:09,RYR8HG,EI-GXM,Boeing 737-800,Ryanair,landing,arrivee,725,273.2,93.1,,26.53,,
2026-06-30,15:37:37,AEA12AT,EC-NUZ,Boeing 737-800,Air Europa,landing,arrivee,800,275.6,91.9,,26.18,,
2026-06-30,15:39:52,BTI8WF,YL-ABH,A220 300,Air Baltic,landing,arrivee,575,249.1,91.8,,19.85,,
2026-06-30,15:42:31,BAW5DW,G-EUUL,Airbus A320,British Airways,landing,arrivee,750,252.4,94.5,,33.85,,
2026-06-30,15:45:04,EJU7678,OE-LSA,Airbus A320neo,easyJet Europe,landing,arrivee,625,244.8,91.2,,24.26,,
2026-06-30,15:47:34,GES401V,EC-LGV,Falcon 2000LX,Gestair Executive Jet SA,landing,arrivee,600,241.5,84.6,,14.59,,
2026-06-30,15:50:23,495216,CS-TPV,Embraer E190,TAP Air Portugal,landing,arrivee,600,240.8,90.9,,21.67,,
2026-06-30,15:53:12,4952ca,CS-TVJ,Airbus A320neo,TAP Air Portugal,landing,arrivee,750,258.9,92.9,,19.81,,
2026-06-30,15:56:12,TAP1137,CS-TTW,Embraer E195,TAP Air Portugal,landing,arrivee,600,268.9,88.7,,20.89,,
2026-06-30,15:59:12,46b8a6,SX-NEF,Airbus A320,Aegean Airlines,landing,arrivee,750,240.0,92.1,,25.07,,
2026-06-30,16:01:41,4952c6,CS-TVF,Airbus A320neo,TAP Air Portugal,landing,arrivee,800,262.4,90.0,,22.94,,
2026-06-30,16:04:04,4952c3,CS-TVC,Airbus A320neo,TAP Air Portugal,landing,arrivee,850,238.4,90.1,,20.42,,
2026-06-30,16:06:53,34368c,EC-LJX,Bombardier CRJ-1000,Air Nostrum,landing,arrivee,800,252.8,90.3,,20.26,,
2026-06-30,16:09:30,461fa1,OH-LZL,Airbus A321,Finnair,landing,arrivee,800,284.8,92.6,,22.57,,
2026-06-30,16:12:18,4952c1,CS-TVA,Airbus A320neo,TAP Air Portugal,landing,arrivee,800,262.4,90.1,,22.87,,
2026-06-30,16:15:04,495212,CS-TPR,Embraer E190,TAP Air Portugal,cruise,,725,0.0,90.0,,21.45,,
2026-06-30,16:17:40,RYR87YR,EI-IKJ,Boeing 737 MAX 8,Ryanair,landing,arrivee,775,269.7,91.5,,23.34,,
2026-06-30,16:20:40,49514d,CS-TJM,Airbus A321neo,TAP Air Portugal,landing,arrivee,875,243.9,90.6,,22.25,,
2026-06-30,16:23:17,TAP669,CS-TXM,Airbus A321,TAP Air Portugal,landing,arrivee,800,263.2,92.0,,20.62,,
2026-06-30,16:25:43,4d2233,9H-QBY,Boeing 737-800,Malta Air,cruise,,800,0.0,96.2,,28.62,,
2026-06-30,16:28:36,495302,CS-TXB,Airbus A321neo,TAP Air Portugal,landing,arrivee,850,258.9,90.0,,22.33,,
2026-06-30,16:31:28,EJU86ME,OE-IDT,Airbus A320,easyJet Europe,landing,arrivee,725,244.8,90.9,,20.67,,
2026-06-30,16:33:56,EJU45HZ,OE-IWW,Airbus A320,easyJet Europe,landing,arrivee,800,241.5,91.9,,21.73,,
2026-06-30,16:36:53,4ca8e7,EI-ENV,Boeing 737-800,Ryanair,approach,arrivee,675,0.0,95.8,,32.29,,
2026-06-30,16:38:59,TAP433,CS-TNJ,Airbus A320,TAP Air Portugal,cruise,,800,0.0,90.1,,22.38,,
2026-06-30,16:45:14,4ca738,EI-EBO,Boeing 737-800,Ryanair,cruise,,725,0.0,94.3,,45.93,,
2026-06-30,16:47:33,495217,CS-TPW,Embraer E190,TAP Air Portugal,landing,arrivee,625,251.5,92.1,,21.36,,
2026-06-30,16:49:39,TAP15NC,CS-TXK,Airbus A321,TAP Air Portugal,landing,arrivee,750,265.6,90.1,,22.31,,
2026-06-30,16:52:11,4952ac,CS-TUL,Airbus A330-900neo,TAP Air Portugal,landing,arrivee,850,252.4,90.8,,27.79,,
2026-06-30,16:54:47,TAM8150,CC-BGS,Boeing 787-9,LATAM Airlines,landing,arrivee,750,286.5,94.8,,37.32,,
2026-06-30,16:57:20,TAP1824,CS-TJK,Airbus A321neo,TAP Air Portugal,landing,arrivee,750,272.4,90.8,,22.51,,
2026-06-30,17:00:04,RYR67UV,EI-EGA,Boeing 737-800,Ryanair,landing,arrivee,600,276.5,96.2,,26.5,,
2026-06-30,17:03:40,TAP070,CS-TUC,Airbus A330-900neo,TAP Air Portugal,landing,arrivee,600,263.2,92.7,,30.55,,
2026-06-30,17:06:30,47bb0a,LN-RGL,Airbus A320neo,SAS Scandinavian,landing,arrivee,775,246.7,89.9,,19.0,,
2026-06-30,17:14:07,484f6c,PH-HSF,Boeing 737-800,Transavia,cruise,,800,0.0,96.1,,38.98,,
2026-06-30,17:17:02,4ca9ec,EI-EVO,Boeing 737-800,Ryanair,landing,arrivee,825,278.9,94.5,,34.62,,
2026-06-30,17:24:39,48c2b7,SP-RZY,Boeing 737 MAX 8,Buzz,cruise,,775,0.0,91.8,,23.92,,
2026-06-30,17:27:17,440d10,OE-IBS,Airbus A320,easyJet Europe,landing,arrivee,800,254.8,94.8,,27.77,,
2026-06-30,17:30:20,RAM982,CN-RGW,Boeing 737-800,Royal Air Maroc,landing,arrivee,775,271.7,93.9,,40.05,,
2026-06-30,17:33:04,VLG9QY,EC-KHN,Airbus A320,Vueling,landing,arrivee,775,252.4,90.8,,26.56,,
2026-06-30,17:35:47,EJU57QA,OE-LSP,Airbus A320,easyJet Europe,landing,arrivee,800,258.9,91.1,,23.39,,
2026-06-30,17:38:52,738068,4X-EKI,Boeing 737-800,El Al,landing,arrivee,600,293.7,84.9,,32.24,,
2026-06-30,17:41:20,408227,G-TNEH,Airbus A321neo,British Airways,landing,arrivee,850,237.4,92.6,,20.27,,
2026-06-30,17:44:10,4d23a4,9H-GKK,Airbus A320,Eurowings,landing,arrivee,800,247.2,91.2,,21.85,,
2026-06-30,17:46:59,4951d9,CS-TNY,Airbus A320,TAP Air Portugal,landing,arrivee,750,266.3,91.9,,27.62,,
2026-06-30,17:49:53,TAP298,CS-TUI,Airbus A330-900neo,TAP Air Portugal,cruise,,900,0.0,93.0,,33.29,,
2026-06-30,18:04:44,TAP1558,CS-TVK,Airbus A320neo,TAP Air Portugal,landing,arrivee,775,262.4,87.4,,23.31,,
2026-06-30,18:07:21,407666,G-UZMC,Airbus A321neo,easyJet,landing,arrivee,850,266.5,93.9,,24.14,,
2026-06-30,18:13:37,39ceab,F-HTVL,Boeing 737-800,Transavia France,cruise,,775,0.0,96.3,,34.95,,
2026-06-30,18:16:20,TAP1542,CS-TJL,Airbus A321neo,TAP Air Portugal,landing,arrivee,750,266.5,91.8,,24.62,,
2026-06-30,18:20:59,RZO124,CS-TKQ,Airbus A320,TAP Air Portugal,landing,arrivee,775,252.4,57.4,,27.27,,
2026-06-30,18:24:03,TAP88TM,CS-TVR,Airbus A320neo,TAP Air Portugal,landing,arrivee,525,257.2,93.9,,23.48,,
2026-06-30,18:26:32,4866df,PH-YHX,Airbus A321neo,Transavia,landing,arrivee,625,249.1,92.1,,24.64,,
2026-06-30,18:29:55,EZS62YX,HB-AYO,Airbus A320neo,easyJet Switzerland,landing,arrivee,825,239.1,91.3,,24.12,,
2026-06-30,18:33:52,EZY25BM,G-UZHJ,Airbus A320neo,easyJet,landing,arrivee,350,239.8,58.7,,16.84,,
2026-06-30,18:35:36,TAP1478,CS-TJJ,Airbus A321neo,TAP Air Portugal,landing,arrivee,500,265.6,91.8,,25.26,,
2026-06-30,18:38:10,4952d1,CS-TVQ,Airbus A320neo,TAP Air Portugal,landing,arrivee,850,266.5,93.6,,22.85,,
2026-06-30,18:41:00,TAP35BL,CS-TAX,Embraer E195,TAP Air Portugal,cruise,,775,0.0,94.0,,25.79,,
2026-06-30,18:43:35,495153,CS-TJS,Airbus A321neo,TAP Air Portugal,landing,arrivee,825,263.4,90.4,,25.22,,
2026-06-30,18:46:30,TAP10EV,CS-TPS,Embraer E190,TAP Air Portugal,landing,arrivee,775,233.5,92.9,,25.61,,
2026-06-30,18:49:10,RYR9PA,EI-HGH,Boeing 737 MAX 8,Ryanair,landing,arrivee,550,278.9,89.6,,23.28,,
2026-06-30,18:51:33,UAE5M,A6-EPF,Boeing 777-300ER,Emirates,landing,arrivee,775,277.2,100.3,,53.98,,
2026-06-30,18:55:22,4951ce,CS-TNN,Airbus A320,TAP Air Portugal,landing,arrivee,800,260.8,90.6,,24.9,,
2026-06-30,18:56:53,TAP1017,CS-TNN,Airbus A320,TAP Air Portugal,landing,arrivee,325,258.9,58.9,,16.51,,
2026-06-30,18:58:27,VLG4JP,EC-LUO,Airbus A320,Vueling,landing,arrivee,525,253.2,89.1,,19.69,,
2026-06-30,19:01:13,440102,OE-IBL,737 490SF,ASL Airlines Belgium,landing,arrivee,675,231.3,96.9,,25.89,,
2026-06-30,19:03:48,TAP1906,CS-TPP,Embraer E190,TAP Air Portugal,landing,arrivee,750,231.9,89.2,,24.89,,
2026-06-30,19:06:13,RYR68VC,SP-RKO,Boeing 737-800,Buzz,landing,arrivee,550,280.4,93.2,,40.72,,
2026-06-30,19:08:38,39d307,F-HUYH,Boeing 737-800,Transavia France,landing,arrivee,775,271.3,93.4,,41.11,,
2026-06-30,19:14:39,4951d3,CS-TNS,Airbus A320,TAP Air Portugal,landing,arrivee,800,252.4,89.5,,21.05,,
2026-06-30,19:17:28,RYR7VL,9H-QBW,Boeing 737-800,Malta Air,landing,arrivee,800,266.5,93.3,,35.48,,
2026-06-30,19:20:16,44cdc8,OO-SNH,Airbus A320,Brussels Airlines,landing,arrivee,650,268.0,89.4,,23.8,,
2026-06-30,19:23:06,440132,OE-LQI,Airbus A319,easyJet Europe,landing,arrivee,625,244.3,90.4,,30.54,,
2026-06-30,19:25:36,495308,CS-TXH,Airbus A321neo,TAP Air Portugal,landing,arrivee,875,260.8,92.2,,23.19,,
2026-06-30,19:28:16,OCEAN32,,,,landing,arrivee,650,258.4,95.5,,60.48,,
2026-06-30,19:31:48,TAP1065,CS-TPY,Embraer E190,TAP Air Portugal,landing,arrivee,600,246.7,90.9,,25.75,,
2026-06-30,19:34:36,49514f,CS-TJO,Airbus A321neo,TAP Air Portugal,landing,arrivee,775,261.5,92.1,,25.13,,
2026-06-30,19:37:42,WZZ477,HA-LGP,Airbus A321neo,Wizz Air,landing,arrivee,600,243.9,90.3,,25.07,,
2026-06-30,19:40:31,495146,CS-TJF,Airbus A321,TAP Air Portugal,landing,arrivee,825,230.8,92.2,,30.5,,
2026-06-30,19:43:13,4cac55,EI-HGR,Boeing 737 MAX 8,Ryanair,landing,arrivee,775,272.4,94.7,,27.6,,
2026-06-30,19:46:10,TAP671,CS-TVP,Airbus A320neo,TAP Air Portugal,landing,arrivee,775,240.8,88.0,,28.71,,
2026-06-30,19:49:17,495215,CS-TPU,Embraer E190,TAP Air Portugal,landing,arrivee,600,253.9,89.6,,27.4,,
2026-06-30,19:51:54,KLM71Y,PH-AXC,Airbus A321neo,KLM,landing,arrivee,675,249.8,90.2,,27.29,,
2026-06-30,19:54:45,4952c9,CS-TVI,Airbus A320neo,TAP Air Portugal,landing,arrivee,825,249.1,91.0,,25.74,,
2026-06-30,19:57:25,TAP94VA,CS-TNU,Airbus A320,TAP Air Portugal,cruise,,800,0.0,92.0,,27.37,,
2026-06-30,20:00:42,TAP69UX,CS-TVN,Airbus A320neo,TAP Air Portugal,landing,arrivee,625,243.0,89.7,,25.46,,
2026-06-30,20:03:18,346204,EC-NDN,Airbus A320neo,Iberia,landing,arrivee,675,255.9,95.8,,31.52,,
2026-06-30,20:05:57,4a5245,YR-TRE,E35L,,landing,arrivee,800,245.2,87.3,,25.07,,
2026-06-30,20:08:59,4952cd,CS-TVM,Airbus A320neo,TAP Air Portugal,landing,arrivee,800,240.8,92.9,,28.42,,
2026-06-30,20:12:07,TAP4TL,CS-TPT,Embraer E190,TAP Air Portugal,landing,arrivee,600,233.2,94.1,,33.24,,
2026-06-30,20:14:26,4952c2,CS-TVB,Airbus A320neo,TAP Air Portugal,landing,arrivee,800,236.7,89.4,,28.63,,
2026-06-30,20:17:14,440daf,OE-IDU,Airbus A320,easyJet Europe,landing,arrivee,825,236.9,95.0,,34.14,,
2026-06-30,20:20:08,400fe3,G-EZBT,Airbus A319,easyJet,landing,arrivee,800,246.7,93.4,,25.67,,
2026-06-30,20:22:50,TAP563,CS-TVL,Airbus A320,TAP Air Portugal,landing,arrivee,775,251.5,90.8,,28.88,,
2026-06-30,20:25:40,4cac20,EI-HGG,Boeing 737 MAX 8,Ryanair,landing,arrivee,600,270.8,92.8,,29.21,,
2026-06-30,20:28:44,PGT1741,TC-NBL,Airbus A320neo,Pegasus,cruise,,750,0.0,92.4,,26.75,,
2026-06-30,20:31:16,3444cb,EC-MAO,Airbus A320,Vueling,landing,arrivee,800,250.8,94.2,,29.48,,
2026-06-30,20:34:31,TAP543W,CS-TPZ,Embraer E190,TAP Air Portugal,landing,arrivee,575,221.9,89.6,,35.52,,
2026-06-30,20:37:14,TAP1019,CS-TTW,Embraer E195,TAP Air Portugal,landing,arrivee,575,251.5,90.6,,29.59,,
2026-06-30,20:39:56,4952c7,CS-TVG,Airbus A320neo,TAP Air Portugal,landing,arrivee,675,257.6,91.2,,28.51,,
2026-06-30,20:42:34,3443d4,EC-LVP,Airbus A320,Vueling,landing,arrivee,775,236.7,94.0,,35.09,,
2026-06-30,20:45:12,0900bb,D2-TEG,Boeing 777-300ER,TAAG Angola Airlines,landing,arrivee,800,249.1,99.7,,72.27,,
2026-06-30,20:47:53,4071d9,G-EZPX,Airbus A320,easyJet,landing,arrivee,775,246.7,94.1,,40.9,,
2026-06-30,20:50:45,4d2242,9H-QCD,Boeing 737-800,Malta Air,landing,arrivee,725,258.9,92.5,,42.83,,
2026-06-30,20:53:49,TAP48M,CS-TAY,Embraer E195,TAP Air Portugal,landing,arrivee,575,246.7,92.6,,32.75,,
2026-06-30,20:56:42,TAP1313,CS-TTY,Embraer E195,TAP Air Portugal,landing,arrivee,575,246.7,95.1,,31.26,,
2026-06-30,20:59:23,4d24d5,9H-WDW,Airbus A321,Lauda Europe,landing,arrivee,825,227.4,91.4,,31.78,,
2026-06-30,21:02:31,4d211c,,,,cruise,,750,212.8,68.7,,22.12,,
2026-06-30,21:06:47,096023,D4-CCI,Boeing 737-700,Cabo Verde Airlines,approach,arrivee,700,0.0,97.5,,60.96,,
2026-06-30,21:10:08,RYR95SN,9H-QFB,Boeing 737-800,Malta Air,landing,arrivee,775,256.5,92.2,,37.72,,
2026-06-30,21:13:24,49520f,CS-TPO,Embraer E190,TAP Air Portugal,cruise,,575,0.0,91.8,,31.6,,
2026-06-30,21:15:25,ELY375,4X-EKO,Boeing 737-800,El Al,landing,arrivee,550,270.4,99.0,,108.09,,
2026-06-30,21:17:34,4b7fd4,T-784,Citation Excel,Swiss Air Force,approach,arrivee,1000,205.9,87.1,,22.56,,
2026-06-30,21:21:39,4d2416,9H-EWD,Airbus A320,Eurowings,cruise,,800,0.0,95.3,,35.91,,
2026-06-30,21:24:49,TAP57W,CS-TJP,Airbus A321neo,TAP Air Portugal,landing,arrivee,825,240.0,91.2,,42.4,,
2026-06-30,21:27:31,495170,CS-TKP,Airbus A320,TAP Air Portugal,landing,arrivee,800,249.1,93.3,,29.26,,
2026-06-30,21:30:24,RZO134,CS-TSK,Airbus A320,TAP Air Portugal,landing,arrivee,800,227.4,92.0,,30.45,,
2026-06-30,21:33:35,495149,CS-TJI,Airbus A321neo,TAP Air Portugal,cruise,,800,0.0,92.5,,36.95,,
2026-06-30,21:35:58,4951d8,CS-TNX,Airbus A320,TAP Air Portugal,landing,arrivee,875,256.5,93.5,,30.41,,
2026-06-30,21:39:22,4ca84c,EI-EMD,Boeing 737-800,Ryanair,landing,arrivee,775,250.8,98.0,,38.07,,
2026-06-30,21:42:30,TAP1692,CS-TPX,Embraer E190,TAP Air Portugal,approach,arrivee,700,0.0,92.0,,40.57,,
2026-06-30,21:45:03,4d220b,9H-QCS,Boeing 737-800,Malta Air,landing,arrivee,800,244.8,96.7,,59.61,,
2026-06-30,21:47:02,9HGME,,,,cruise,,675,222.6,57.0,,23.08,,
2026-06-30,21:48:36,4951cd,CS-TNM,Airbus A320,TAP Air Portugal,cruise,,750,0.0,91.5,,29.72,,
2026-06-30,21:52:30,440b1e,OE-IWW,Airbus A320,easyJet Europe,landing,arrivee,775,264.1,95.9,,32.22,,
2026-06-30,21:57:35,3c6485,D-AIDE,Airbus A321,Lufthansa,landing,arrivee,800,260.0,93.7,,36.68,,
2026-06-30,22:01:07,TAP827V,CS-TJN,Airbus A321neo,TAP Air Portugal,landing,arrivee,775,242.4,90.0,,34.09,,
2026-06-30,22:03:20,4ca857,EI-EMO,Boeing 737-800,Ryanair,landing,arrivee,700,258.5,95.7,,35.31,,
2026-06-30,22:06:18,495211,CS-TPQ,Embraer E190,TAP Air Portugal,takeoff,depart,1150,256.3,82.0,,31.67,,
2026-06-30,22:07:58,4952c4,CS-TVD,Airbus A320neo,TAP Air Portugal,landing,arrivee,775,249.1,92.5,,30.74,,
2026-06-30,22:10:45,TAP783,CS-TJR,Airbus A321neo,TAP Air Portugal,landing,arrivee,300,267.2,58.1,,23.53,,
2026-06-30,22:12:18,392af9,F-GKXZ,Airbus A320,Air France,landing,arrivee,800,264.8,93.0,,30.64,,
2026-06-30,22:15:28,RYR4RL,EI-DCW,Boeing 737-800,Ryanair,landing,arrivee,725,254.1,96.8,,71.83,,
2026-06-30,22:19:03,49529a,CS-TTZ,Embraer E195,TAP Air Portugal,landing,arrivee,600,231.9,91.8,,35.63,,
2026-06-30,22:21:18,TAP1325,CS-TPQ,Embraer E190,TAP Air Portugal,landing,arrivee,700,233.5,96.2,,41.13,,
2026-06-30,22:23:48,AEE7PT,SX-NAF,Airbus A321neo,Aegean Airlines,landing,arrivee,750,254.1,93.5,,39.31,,
2026-06-30,22:26:35,TVF34QV,F-HTVM,Boeing 737-800,Transavia France,landing,arrivee,700,266.5,96.5,,50.01,,
2026-06-30,22:30:34,440da5,OE-IDS,Airbus A320,easyJet Europe,cruise,,825,0.0,92.7,,37.56,,
2026-06-30,22:33:23,TAP1369,CS-TXA,Airbus A321neo,TAP Air Portugal,landing,arrivee,750,253.0,90.6,,32.7,,
2026-06-30,22:36:14,TAP837,CS-TJE,Airbus A321,TAP Air Portugal,landing,arrivee,700,252.2,91.9,,33.96,,
2026-06-30,22:39:22,TAP645,CS-TTS,Airbus A319,TAP Air Portugal,landing,arrivee,650,229.5,95.0,,42.97,,
2026-06-30,22:42:21,TAP21MM,CS-TPW,Embraer E190,TAP Air Portugal,landing,arrivee,550,237.4,91.8,,46.0,,
2026-06-30,22:44:48,4cad7b,EI-NSB,Airbus A320neo,Aer Lingus,landing,arrivee,775,239.1,91.7,,34.73,,
2026-06-30,22:46:37,TAP43RY,CS-TVC,Airbus A320neo,TAP Air Portugal,landing,arrivee,750,230.0,90.4,,37.03,,
2026-06-30,22:48:14,4d223a,9H-QCG,Boeing 737-800,Malta Air,landing,arrivee,775,245.6,94.0,,43.96,,
2026-06-30,22:50:20,EJU36BG,OE-LSA,Airbus A320neo,easyJet Europe,landing,arrivee,750,239.1,89.9,,34.96,,
2026-06-30,22:52:16,TAP64M,CS-TVF,Airbus A320neo,TAP Air Portugal,landing,arrivee,550,238.2,91.8,,33.97,,
2026-06-30,22:54:13,BAW508,G-EUYK,Airbus A320,British Airways,landing,arrivee,650,244.8,91.2,,36.62,,
2026-06-30,22:56:52,TAP127M,CS-TNQ,Airbus A320,TAP Air Portugal,landing,arrivee,550,258.4,93.4,,32.48,,
2026-06-30,22:59:38,TVF47RH,F-HUYV,Boeing 737-800,Transavia France,landing,arrivee,550,267.2,95.0,,57.79,,
2026-06-30,23:02:13,THY2ES,TC-LPZ,Airbus A321neo,Turkish Airlines,landing,arrivee,775,227.4,92.4,,42.97,,
2026-06-30,23:05:11,EJU32WQ,OE-LSR,Airbus A320,easyJet Europe,landing,arrivee,750,217.4,88.5,,36.63,,
2026-06-30,23:07:44,4d2233,9H-QBY,Boeing 737-800,Malta Air,landing,arrivee,800,249.1,95.7,,68.24,,
2026-06-30,23:10:37,EJU15PC,OE-IBS,Airbus A320,easyJet Europe,landing,arrivee,775,250.8,90.6,,31.37,,
2026-06-30,23:13:26,440072,OE-LSF,Airbus A320neo,easyJet Europe,landing,arrivee,750,242.4,93.1,,30.88,,
2026-06-30,23:16:06,495266,CS-TSF,Airbus A321neo,TAP Air Portugal,landing,arrivee,850,234.8,90.4,,33.42,,
2026-06-30,23:17:58,DLH64P,D-AINT,Airbus A320neo,Lufthansa,landing,arrivee,775,254.8,89.0,,38.0,,
2026-06-30,23:19:53,4951d2,CS-TNR,Airbus A320,TAP Air Portugal,landing,arrivee,575,249.1,92.1,,35.26,,
2026-06-30,23:21:24,DLH23C,D-AIDJ,Airbus A321,Lufthansa,landing,arrivee,575,267.2,93.4,,36.2,,
2026-06-30,23:24:10,34660b,EC-NTI,Airbus A320neo,Iberia,landing,arrivee,825,233.5,90.4,,31.35,,
2026-06-30,23:27:15,495148,CS-TJH,Airbus A321,TAP Air Portugal,landing,arrivee,750,261.5,95.7,,41.76,,
2026-06-30,23:29:13,EJU69VE,OE-LSP,Airbus A320,easyJet Europe,landing,arrivee,825,217.4,88.2,,42.65,,
2026-06-30,23:31:00,4951d6,CS-TNV,Airbus A320,TAP Air Portugal,landing,arrivee,775,230.8,87.6,,34.27,,
2026-06-30,23:33:35,TAP39PT,CS-TPR,Embraer E190,TAP Air Portugal,landing,arrivee,600,215.8,88.8,,39.49,,
2026-06-30,23:36:02,4867c3,PH-AXH,Airbus A321neo,KLM,landing,arrivee,700,255.6,91.4,,30.8,,
2026-06-30,23:39:32,RYR40MN,9H-VUF,Boeing 737 MAX 8,Malta Air,landing,arrivee,300,268.9,56.3,,24.49,,
2026-06-30,23:43:16,FXJ69N,,,,landing,arrivee,650,218.2,82.1,,24.5,,
2026-06-30,23:45:27,4ca738,EI-EBO,Boeing 737-800,Ryanair,landing,arrivee,675,249.8,96.3,,55.56,,
