date,time,callsign,registration,aircraft_type,airline,phase,direction,altitude_ft,speed_kmh,spl_db,spl_duration_above_s,vibration_peak_mg,wind_speed_kmh,wind_dir_deg
2026-05-03,20:59:56,40666d,G-EZUT,Airbus A320,easyJet,landing,arrivee,700,239.1,73.6,,,,
2026-05-03,21:05:23,4ca293,EI-DEM,Airbus A320,Aer Lingus,landing,arrivee,700,243.2,84.8,,,,
2026-05-03,21:13:30,4952d0,CS-TVP,Airbus A320neo,TAP Air Portugal,landing,arrivee,675,224.6,86.6,,,,
2026-05-03,21:26:17,RZO134,CS-TSY,Airbus A320,TAP Air Portugal,landing,arrivee,650,246.3,93.8,,,,
2026-05-03,21:29:01,TAP885,CS-TPS,Embraer E190,TAP Air Portugal,landing,arrivee,625,248.7,99.5,,,,
2026-05-03,21:32:19,TAP37CN,CS-TNX,Airbus A320,TAP Air Portugal,landing,arrivee,600,241.5,98.8,,,,
2026-05-03,21:34:46,WJA32,C-GWLK,Boeing 737 MAX 8,WestJet,landing,arrivee,600,273.9,95.0,,,,
2026-05-03,21:37:16,49514a,CS-TJJ,Airbus A321neo,TAP Air Portugal,landing,arrivee,600,257.2,93.4,,,,
2026-05-03,21:39:55,TAP863Y,CS-TNL,Airbus A320,TAP Air Portugal,landing,arrivee,600,256.3,97.5,,,,
2026-05-03,21:46:56,TAP57W,CS-TJL,Airbus A321neo,TAP Air Portugal,landing,arrivee,650,253.2,93.7,,,,
2026-05-03,21:49:15,RYR4XW,EI-HAT,Boeing 737 MAX 8,Ryanair,landing,arrivee,550,274.8,98.2,,,,
2026-05-03,21:52:04,RYR9QJ,EI-EKI,Boeing 737-800,Ryanair,landing,arrivee,550,265.6,93.9,,,,
2026-05-03,21:54:45,738055,4X-EHF,Boeing 737-900,El Al,landing,arrivee,575,260.0,93.0,,,,
2026-05-03,21:57:01,VOE54GD,EC-NQM,Airbus A320,Volotea,landing,arrivee,625,239.1,98.4,,,,
2026-05-03,21:59:35,49520f,CS-TPO,Embraer E190,TAP Air Portugal,landing,arrivee,600,230.0,93.5,,,,
2026-05-03,22:01:21,TAP76EN,CS-TVR,Airbus A320neo,TAP Air Portugal,landing,arrivee,650,229.1,91.1,,,,
2026-05-03,22:07:00,SEH922,SX-IOB,Airbus A320neo,,landing,arrivee,650,241.5,88.9,,,,
2026-05-03,22:09:26,TAP827V,CS-TJK,Airbus A321neo,TAP Air Portugal,landing,arrivee,600,271.3,91.8,,,,
2026-05-03,22:12:22,TAP1243,CS-TJF,Airbus A321,TAP Air Portugal,landing,arrivee,600,278.9,99.5,,,,
2026-05-03,22:14:16,TAP783,CS-TVJ,Airbus A320neo,TAP Air Portugal,landing,arrivee,600,239.1,99.9,,,,
2026-05-03,22:17:26,TAP1933,CS-TPQ,Embraer E190,TAP Air Portugal,landing,arrivee,600,240.0,69.2,,,,
2026-05-03,22:19:53,DLH34J,D-AISR,Airbus A321,Lufthansa,landing,arrivee,550,274.8,97.3,,,,
2026-05-03,22:22:43,495297,CS-TTW,Embraer E195,TAP Air Portugal,cruise,,625,0.0,97.4,,,,
2026-05-03,22:25:14,RYR7P,EI-EMC,Boeing 737-800,Ryanair,landing,arrivee,600,272.4,93.7,,,,
2026-05-03,22:28:10,394c0a,F-GTAK,Airbus A321,Air France,landing,arrivee,625,260.8,92.0,,,,
2026-05-03,22:30:53,TAP5AS,CS-TVM,Airbus A320neo,TAP Air Portugal,landing,arrivee,600,246.7,92.4,,,,
2026-05-03,22:33:16,48c2ab,SP-RZL,Boeing 737 MAX 8,Buzz,landing,arrivee,600,271.3,89.4,,,,
2026-05-03,22:36:01,3c65c4,D-AIND,Airbus A320neo,Lufthansa,landing,arrivee,600,268.0,88.3,,,,
2026-05-03,22:38:30,TAP21MM,CS-TXM,Airbus A321,TAP Air Portugal,landing,arrivee,650,263.2,88.4,,,,
2026-05-03,22:41:16,4952ce,CS-TVN,Airbus A320neo,TAP Air Portugal,landing,arrivee,550,259.7,96.9,,,,
2026-05-03,22:42:57,440cf8,OE-IBF,Airbus A320,easyJet Europe,landing,arrivee,600,253.2,91.5,,,,
2026-05-03,22:45:00,440072,OE-LSF,Airbus A320neo,easyJet Europe,landing,arrivee,625,259.7,97.3,,,,
2026-05-03,22:46:52,EJU98XP,OE-LSA,Airbus A320neo,easyJet Europe,landing,arrivee,650,257.2,87.2,,,,
2026-05-03,22:49:46,440115,OE-LUE,Airbus A320neo,easyJet Europe,landing,arrivee,625,237.4,92.3,,,,
2026-05-03,22:52:20,TAP64M,CS-TVD,Airbus A320neo,TAP Air Portugal,landing,arrivee,625,266.5,94.2,,,,
2026-05-03,22:56:25,4951d6,CS-TNV,Airbus A320,TAP Air Portugal,landing,arrivee,625,244.8,88.8,,,,
2026-05-03,22:58:50,EJU74EP,OE-LSV,Airbus A320neo,easyJet Europe,landing,arrivee,650,259.7,92.5,,,,
2026-05-03,23:01:19,EJU72RG,OE-LSO,Airbus A320,easyJet Europe,landing,arrivee,625,263.2,84.8,,,,
2026-05-03,23:03:55,TAP67U,CS-TJM,Airbus A321neo,TAP Air Portugal,landing,arrivee,650,268.9,88.7,,,,
2026-05-03,23:06:35,TAP127M,CS-TJE,Airbus A321,TAP Air Portugal,landing,arrivee,575,272.8,99.1,,,,
2026-05-03,23:09:22,KLM35W,PH-AXC,Airbus A321neo,KLM,landing,arrivee,600,263.9,93.5,,,,
2026-05-03,23:12:31,342107,EC-JDM,Airbus A321,Iberia,landing,arrivee,650,255.6,85.1,,,,
2026-05-03,23:15:19,EJU36BG,OE-IDS,Airbus A320,easyJet Europe,landing,arrivee,600,253.9,96.0,,,,
2026-05-03,23:17:43,4bb26c,TC-LSL,Airbus A321neo,Turkish Airlines,landing,arrivee,625,241.7,99.6,,,,
2026-05-03,23:19:23,TAP645,CS-TNU,Airbus A320,TAP Air Portugal,landing,arrivee,625,244.8,95.9,,,,
2026-05-03,23:22:01,3475c9,EC-OCT,Airbus A321,TAP Air Portugal,landing,arrivee,575,261.5,97.1,,,,
2026-05-03,23:24:45,EJU97VT,OE-IDO,Airbus A320,easyJet Europe,landing,arrivee,625,257.2,89.1,,,,
2026-05-03,23:27:17,400981,G-EUUF,Airbus A320,British Airways,landing,arrivee,625,257.2,91.6,,,,
2026-05-03,23:30:07,TAP35MT,CS-TVK,Airbus A320neo,TAP Air Portugal,landing,arrivee,575,222.6,92.6,,,,
2026-05-03,23:32:18,4d2208,9H-QBZ,Boeing 737-800,Malta Air,landing,arrivee,625,273.9,95.6,,,,
2026-05-03,23:34:46,TAP94KM,CS-TTX,Embraer E195,TAP Air Portugal,landing,arrivee,600,249.8,91.0,,,,
2026-05-03,23:37:43,495170,CS-TKP,Airbus A320,TAP Air Portugal,landing,arrivee,600,258.9,92.6,,,,
2026-05-03,23:40:16,AEE7PT,SX-NAD,Airbus A321neo,Aegean Airlines,landing,arrivee,575,251.5,97.5,,,,
2026-05-03,23:41:47,SWR755L,HB-JPG,Airbus A321neo,Swiss,landing,arrivee,600,267.2,97.5,,,,
2026-05-03,23:44:02,EJU56VP,OE-IDX,Airbus A320,easyJet Europe,landing,arrivee,575,257.2,95.6,,,,
2026-05-03,23:45:54,3c64a2,D-AIEB,Airbus A321neo,Lufthansa,landing,arrivee,650,260.8,89.3,,,,
2026-05-03,23:47:49,RYR32KG,EI-EVR,Boeing 737-800,Ryanair,landing,arrivee,625,276.5,92.4,,,,
2026-05-03,23:49:37,RYR63TC,9H-VVI,Boeing 737 MAX 8,Malta Air,landing,arrivee,575,278.0,96.3,,,,
2026-05-03,23:51:52,TAP39PT,CS-TVQ,Airbus A320neo,TAP Air Portugal,landing,arrivee,625,238.4,99.2,,,,
2026-05-03,23:54:07,TVF47RH,F-HUYF,Boeing 737-800,Transavia France,landing,arrivee,550,273.2,95.9,,,,
2026-05-04,00:07:29,TVF34QV,F-GZHX,Boeing 737-800,Transavia France,landing,arrivee,600,272.1,94.5,,,,
2026-05-04,01:29:05,RZO128,CS-TSM,Airbus A320,TAP Air Portugal,landing,arrivee,625,244.8,92.8,,,,
2026-05-04,04:22:08,TAP074,CS-TUS,Airbus A330-900neo,TAP Air Portugal,landing,arrivee,625,268.0,99.3,,,,
2026-05-04,04:33:44,TAY1MN,OE-LVC,Boeing 737-800,Iberia,landing,arrivee,575,268.2,96.1,,,,
2026-05-04,04:37:35,TAP082,CS-TUD,Airbus A330-900neo,TAP Air Portugal,landing,arrivee,675,258.9,97.3,,,,
2026-05-04,05:00:25,495303,CS-TXC,Airbus A321neo,TAP Air Portugal,landing,arrivee,625,259.7,89.9,,,,
2026-05-04,05:11:01,TAP218,CS-TXL,Airbus A321neo,TAP Air Portugal,landing,arrivee,625,245.6,94.7,,,,
2026-05-04,05:17:05,495306,CS-TXF,Airbus A321neo,TAP Air Portugal,landing,arrivee,650,238.2,97.4,,,,
2026-05-04,05:34:18,TAP258,CS-TXH,Airbus A321neo,TAP Air Portugal,landing,arrivee,625,239.1,90.8,,,,
2026-05-04,05:43:49,4952c9,CS-TVI,Airbus A320neo,TAP Air Portugal,landing,arrivee,625,236.9,92.0,,,,
2026-05-04,05:49:55,4952a7,CS-TUG,Airbus A330-900neo,TAP Air Portugal,landing,arrivee,650,251.5,89.7,,,,
2026-05-04,05:52:45,4951d5,CS-TNU,Airbus A320,TAP Air Portugal,landing,arrivee,650,243.9,80.8,,,,
2026-05-04,05:55:14,49514b,CS-TJK,Airbus A321neo,TAP Air Portugal,landing,arrivee,650,239.1,87.9,,,,
2026-05-04,05:57:05,4952c7,CS-TVG,Airbus A320neo,TAP Air Portugal,landing,arrivee,675,238.2,87.3,,,,
2026-05-04,05:58:58,TAP232Y,CS-TXD,Airbus A321neo,TAP Air Portugal,landing,arrivee,575,263.2,97.0,,,,
2026-05-04,06:02:20,TAP104,CS-TUJ,Airbus A330-900neo,TAP Air Portugal,landing,arrivee,650,246.7,98.5,,,,
2026-05-04,06:05:26,BCS2FC,D-AZMQ,A306,,landing,arrivee,675,230.8,93.0,,,,
2026-05-04,06:08:35,495148,CS-TJH,Airbus A321,TAP Air Portugal,landing,arrivee,600,258.0,99.7,,,,
2026-05-04,06:19:38,e4941c,PR-ANZ,Airbus A330-900neo,Azul,landing,arrivee,625,264.8,99.0,,,,
2026-05-04,06:22:46,495217,CS-TPW,Embraer E190,TAP Air Portugal,landing,arrivee,600,229.1,90.2,,,,
2026-05-04,06:25:17,TAP1097,CS-TAY,Embraer E195,TAP Air Portugal,landing,arrivee,600,257.2,96.6,,,,
2026-05-04,06:34:15,TSC680,C-GUFZ,Airbus A330-200,Air Transat,landing,arrivee,625,244.3,99.6,,,,
2026-05-04,06:38:19,TAM8146,PT-MUJ,Boeing 777-300ER,LATAM Airlines,landing,arrivee,625,279.7,95.3,,,,
2026-05-04,06:45:27,AEA1159,EC-LXV,Boeing 737-800,Air Europa,landing,arrivee,625,273.9,89.0,,,,
2026-05-04,06:49:07,495219,CS-TPY,Embraer E190,TAP Air Portugal,landing,arrivee,625,240.8,89.6,,,,
2026-05-04,06:52:16,45ce4d,OY-SRM,767 25EBDSF,Star Air,landing,arrivee,700,231.5,86.7,,,,
2026-05-04,07:04:22,TAP9021,CS-TNJ,Airbus A320,TAP Air Portugal,landing,arrivee,575,253.2,99.4,,,,
2026-05-04,07:07:27,TAP98CX,CS-TVP,Airbus A320neo,TAP Air Portugal,landing,arrivee,575,237.4,86.8,,,,
2026-05-04,07:10:06,4951d1,CS-TNQ,Airbus A320,TAP Air Portugal,landing,arrivee,600,258.7,85.4,,,,
2026-05-04,07:19:49,495216,CS-TPV,Embraer E190,TAP Air Portugal,landing,arrivee,625,223.2,94.9,,,,
2026-05-04,07:24:52,DAL272,N435DX,Airbus A330-900neo,Delta Air Lines,landing,arrivee,600,253.9,96.4,,,,
2026-05-04,07:27:55,TAP40MR,CS-TPX,Embraer E190,TAP Air Portugal,landing,arrivee,625,232.4,88.8,,,,
2026-05-04,07:30:34,495038,CS-TAX,Embraer E195,TAP Air Portugal,landing,arrivee,625,249.1,91.5,,,,
2026-05-04,07:36:45,TAP244,CS-TUR,Airbus A330-900neo,TAP Air Portugal,landing,arrivee,575,262.4,98.3,,,,
2026-05-04,07:39:16,EZS79YP,HB-JXK,Airbus A320,Austrian Airlines,landing,arrivee,625,263.2,80.0,,,,
2026-05-04,07:42:42,345692,EC-MXY,Airbus A320neo,Iberia,landing,arrivee,600,241.7,99.5,,,,
2026-05-04,07:45:21,4952c1,CS-TVA,Airbus A320neo,TAP Air Portugal,landing,arrivee,625,237.4,88.0,,,,
2026-05-04,07:48:04,TAP41SN,CS-TJL,Airbus A321neo,TAP Air Portugal,landing,arrivee,625,263.2,78.2,,,,
2026-05-04,07:50:52,4952c2,CS-TVB,Airbus A320neo,TAP Air Portugal,landing,arrivee,600,249.8,91.9,,,,
2026-05-04,07:53:22,a05626,N12003,Boeing 787-10,United Airlines,landing,arrivee,625,277.2,92.0,,,,
2026-05-04,07:56:03,TAP945,CS-TJO,Airbus A321neo,TAP Air Portugal,landing,arrivee,675,267.2,87.2,,,,
2026-05-04,07:59:34,495211,CS-TPQ,Embraer E190,TAP Air Portugal,landing,arrivee,600,236.7,87.7,,,,
2026-05-04,08:01:56,4951cd,CS-TNM,Airbus A320,TAP Air Portugal,landing,arrivee,600,247.2,93.9,,,,
2026-05-04,08:04:14,TAP1023,CS-TJS,Airbus A321neo,TAP Air Portugal,landing,arrivee,575,266.5,92.1,,,,
2026-05-04,08:07:11,TAP1939,CS-TTR,Airbus A319,TAP Air Portugal,landing,arrivee,600,258.9,97.0,,,,
2026-05-04,08:11:53,4951d2,CS-TNR,Airbus A320,TAP Air Portugal,landing,arrivee,625,252.2,91.5,,,,
2026-05-04,08:14:37,TAP495Y,CS-TPT,Embraer E190,TAP Air Portugal,landing,arrivee,600,242.4,93.3,,,,
2026-05-04,08:17:32,4951d4,CS-TNT,Airbus A320,TAP Air Portugal,landing,arrivee,600,266.5,99.2,,,,
2026-05-04,08:20:01,345314,EC-MOO,Airbus A321,Vueling,landing,arrivee,625,268.2,85.1,,,,
2026-05-04,08:23:39,497c83,16805,C130,,landing,arrivee,625,243.2,91.8,,,,
2026-05-04,08:26:41,TAP557H,CS-TVL,Airbus A320,TAP Air Portugal,landing,arrivee,575,263.2,89.8,,,,
2026-05-04,08:29:30,TAP63GL,CS-TVF,Airbus A320neo,TAP Air Portugal,landing,arrivee,600,260.8,86.2,,,,
2026-05-04,08:32:20,AAL258,N840AN,Boeing 787-9,American Airlines,landing,arrivee,575,284.8,92.4,,,,
2026-05-04,08:35:29,RYR3RB,9H-QET,Boeing 737-800,Malta Air,landing,arrivee,575,278.7,95.1,,,,
2026-05-04,08:38:23,495037,CS-TAW,Embraer E195,TAP Air Portugal,landing,arrivee,600,244.8,92.7,,,,
2026-05-04,08:41:04,AFR35VY,F-GRXF,Airbus A319,Air France,landing,arrivee,650,243.2,84.3,,,,
2026-05-04,08:43:45,TAP53EI,CS-TJI,Airbus A321neo,TAP Air Portugal,landing,arrivee,600,244.8,84.7,,,,
2026-05-04,08:46:22,TAP56DP,CS-TVO,Airbus A320neo,TAP Air Portugal,landing,arrivee,600,244.8,99.7,,,,
2026-05-04,08:49:59,4d2208,9H-QBZ,Boeing 737-800,Malta Air,landing,arrivee,600,278.9,94.4,,,,
2026-05-04,08:53:01,TAP757P,CS-TNW,Airbus A320,TAP Air Portugal,landing,arrivee,600,253.2,93.2,,,,
2026-05-04,08:55:23,4cae8f,EI-IKM,Boeing 737 MAX 8,Ryanair,landing,arrivee,600,281.3,92.2,,,,
2026-05-04,08:58:11,4ca6a4,EI-DYO,Boeing 737-800,Ryanair,landing,arrivee,575,266.5,91.7,,,,
2026-05-04,09:04:13,4952a3,CS-TUC,Airbus A330-900neo,TAP Air Portugal,landing,arrivee,575,268.9,94.9,,,,
2026-05-04,09:07:25,49514e,CS-TJN,Airbus A321neo,TAP Air Portugal,landing,arrivee,600,270.0,86.9,,,,
2026-05-04,09:14:25,TAP675,CS-TJP,Airbus A321neo,TAP Air Portugal,landing,arrivee,550,260.0,95.5,,,,
2026-05-04,09:17:12,ACA812,C-GHKW,Airbus A330-300,Air Canada,landing,arrivee,550,244.6,97.0,,,,
2026-05-04,09:20:11,4951ef,CS-TOO,Airbus A330-200,TAP Air Portugal,landing,arrivee,575,251.5,92.8,,,,
2026-05-04,09:23:09,c0799e,C-GUBL,Airbus A330-200,Air Transat,landing,arrivee,575,243.2,93.0,,,,
2026-05-04,09:26:42,TAP012,CS-TUK,Airbus A330-900neo,TAP Air Portugal,landing,arrivee,600,257.2,94.4,,,,
2026-05-04,09:30:01,BAW50P,G-TTSC,Airbus A320neo,British Airways,landing,arrivee,625,239.1,88.2,,,,
2026-05-04,09:32:36,4952ae,CS-TUN,Airbus A330-900neo,TAP Air Portugal,landing,arrivee,600,244.8,89.5,,,,
2026-05-04,09:35:11,49514a,CS-TJJ,Airbus A321neo,TAP Air Portugal,landing,arrivee,550,255.6,98.0,,,,
2026-05-04,09:37:49,EZY79RV,G-UZHU,Airbus A320neo,easyJet,landing,arrivee,575,247.2,95.4,,,,
2026-05-04,09:40:17,TRA27L,PH-HXM,Boeing 737-800,Turkish Airlines,landing,arrivee,550,268.2,91.8,,,,
2026-05-04,09:43:10,TAP088,CS-TUA,Airbus A330-900neo,TAP Air Portugal,landing,arrivee,550,258.9,94.1,,,,
2026-05-04,09:45:33,49530a,CS-TXJ,Airbus A321neo,TAP Air Portugal,landing,arrivee,625,250.8,90.8,,,,
2026-05-04,09:48:32,NJE002F,CS-CHK,Challenger 350,NetJets,landing,arrivee,600,206.7,75.2,,,,
2026-05-04,09:50:13,4bb28f,TC-LTO,Airbus A321,Turkish Airlines,takeoff,depart,2025,272.1,85.8,,,,
2026-05-04,09:56:45,GMD004,9H-GMB,EC45,,approach,arrivee,825,122.0,76.0,,,,
2026-05-04,10:02:41,THY3WE,TC-LTO,Airbus A321,Turkish Airlines,landing,arrivee,600,250.8,90.7,,,,
2026-05-04,10:05:32,4952c8,CS-TVH,Airbus A320neo,TAP Air Portugal,landing,arrivee,600,242.4,90.3,,,,
2026-05-04,10:08:18,440cbf,OE-LSO,Airbus A320,easyJet Europe,landing,arrivee,600,256.5,87.3,,,,
2026-05-04,10:11:03,495309,CS-TXI,Airbus A321neo,TAP Air Portugal,landing,arrivee,575,260.8,98.6,,,,
2026-05-04,10:13:40,UAL942,N783UA,Boeing 777-200,United Airlines,landing,arrivee,550,270.8,93.2,,,,
2026-05-04,10:16:45,TAP1826,CS-TTY,Embraer E195,TAP Air Portugal,landing,arrivee,600,254.1,91.0,,,,
2026-05-04,10:20:12,495212,CS-TPR,Embraer E190,TAP Air Portugal,landing,arrivee,550,239.1,95.3,,,,
2026-05-04,10:23:44,DAL124,N439DX,Airbus A330-900neo,Delta Air Lines,landing,arrivee,575,254.8,97.4,,,,
2026-05-04,10:26:25,AZU8752,CS-TSW,Boeing 777-200,Azul,landing,arrivee,600,251.5,94.0,,,,
2026-05-04,10:29:06,EIN82T,EI-DVI,Airbus A320,Aer Lingus,landing,arrivee,575,251.5,97.8,,,,
2026-05-04,10:32:01,495305,CS-TXE,Airbus A321neo,TAP Air Portugal,landing,arrivee,550,251.5,97.3,,,,
2026-05-04,10:34:32,AEA1153,EC-NZR,Boeing 737-800,Air Europa,landing,arrivee,550,268.0,95.0,,,,
2026-05-04,10:38:21,4952a5,CS-TUE,Airbus A330-900neo,TAP Air Portugal,landing,arrivee,575,243.9,91.1,,,,
2026-05-04,10:41:11,TAP13LH,CS-TVC,Airbus A320neo,TAP Air Portugal,landing,arrivee,525,240.0,96.3,,,,
2026-05-04,10:43:52,4d00f1,LX-LBR,Boeing 737-700,Luxair,landing,arrivee,525,258.4,96.5,,,,
2026-05-04,10:47:27,495217,CS-TPW,Embraer E190,TAP Air Portugal,landing,arrivee,575,227.6,93.4,,,,
2026-05-04,10:48:58,KLM1579,PH-BGC,Boeing 737-800,KLM,landing,arrivee,475,270.8,88.2,,,,
2026-05-04,10:50:44,495216,CS-TPV,Embraer E190,TAP Air Portugal,landing,arrivee,550,249.1,94.7,,,,
2026-05-04,10:53:39,TAP262M,CS-TXG,Airbus A321neo,TAP Air Portugal,landing,arrivee,525,256.3,98.1,,,,
2026-05-04,10:56:14,TAP68JP,CS-TJF,Airbus A321,TAP Air Portugal,landing,arrivee,550,275.6,88.3,,,,
2026-05-04,11:00:20,EJU74EF,OE-LSA,Airbus A320neo,easyJet Europe,landing,arrivee,575,247.2,94.0,,,,
2026-05-04,11:03:45,BLAST04,26903,E390,,landing,arrivee,575,224.3,93.7,,,,
2026-05-04,11:12:29,SWR36K,YL-AAV,A220 300,Swiss,landing,arrivee,625,256.9,65.0,,,,
2026-05-04,11:18:17,EJU14YR,OE-IDS,Airbus A320,easyJet Europe,landing,arrivee,575,248.0,87.5,,,,
2026-05-04,11:26:18,WPT2152,EC-OND,Airbus A330-300,,landing,arrivee,550,256.5,95.5,,,,
2026-05-04,11:29:30,AFR41GW,F-HPNX,Airbus A220-300,Air France,landing,arrivee,575,253.9,82.8,,,,
2026-05-04,11:32:21,RZO120,CS-TSK,Airbus A320,TAP Air Portugal,landing,arrivee,650,261.5,83.2,,,,
2026-05-04,11:38:01,TAP11WQ,CS-TNL,Airbus A320,TAP Air Portugal,landing,arrivee,550,249.1,94.9,,,,
2026-05-04,11:41:20,48e95c,SP-LYE,Boeing 737 MAX 8,LOT Polish Airlines,landing,arrivee,575,278.2,93.4,,,,
2026-05-04,11:45:11,TAP429,CS-TTX,Embraer E195,TAP Air Portugal,landing,arrivee,500,267.2,99.7,,,,
2026-05-04,11:53:10,BEL2DY,OO-SBA,Airbus A320,Brussels Airlines,landing,arrivee,600,253.2,75.7,,,,
2026-05-04,11:57:17,440115,OE-LUE,Airbus A320neo,easyJet Europe,landing,arrivee,575,263.2,83.2,,,,
2026-05-04,12:02:07,DLH39X,D-AIEL,Airbus A321neo,Lufthansa,landing,arrivee,575,271.3,97.0,,,,
2026-05-04,12:05:23,IBE05FV,EC-NTP,Airbus A320neo,Iberia,landing,arrivee,600,253.2,89.5,,,,
2026-05-04,12:08:43,TAP1902,CS-TNR,Airbus A320,TAP Air Portugal,landing,arrivee,550,253.2,96.0,,,,
2026-05-04,12:11:20,RAM980E,CN-RHN,Boeing 737 MAX 8,Royal Air Maroc,landing,arrivee,575,283.7,89.5,,,,
2026-05-04,12:14:11,c0173a,C-FIUR,Boeing 777-300ER,Air Canada,landing,arrivee,525,272.1,93.6,,,,
2026-05-04,12:17:26,RYR7GJ,EI-EVR,Boeing 737-800,Ryanair,landing,arrivee,550,275.6,91.8,,,,
2026-05-04,12:20:57,TAP1925,CS-TNU,Airbus A320,TAP Air Portugal,landing,arrivee,625,251.5,80.5,,,,
2026-05-04,12:23:30,EJU32WQ,OE-IDO,Airbus A320,easyJet Europe,landing,arrivee,575,255.6,92.3,,,,
2026-05-04,12:27:35,TAP1031,CS-TVG,Airbus A320neo,TAP Air Portugal,landing,arrivee,550,238.4,99.5,,,,
2026-05-04,12:29:51,4d2416,9H-EWD,Airbus A320,Eurowings,landing,arrivee,550,261.5,96.9,,,,
2026-05-04,12:33:24,EWG66L,9H-MLX,Airbus A320,Eurowings,landing,arrivee,550,258.9,95.3,,,,
2026-05-04,12:38:47,440cf8,OE-IBF,Airbus A320,easyJet Europe,landing,arrivee,600,273.9,85.3,,,,
2026-05-04,12:41:48,TVF46JB,F-HUYF,Boeing 737-800,Transavia France,landing,arrivee,500,280.6,93.8,,,,
2026-05-04,12:44:29,495066,CS-TCF,Airbus A330-900neo,TAP Air Portugal,landing,arrivee,600,276.1,94.0,,,,
2026-05-04,12:47:18,4952ac,CS-TUL,Airbus A330-900neo,TAP Air Portugal,landing,arrivee,600,263.2,86.7,,,,
2026-05-04,12:53:27,RZO122,CS-TSF,Airbus A321neo,TAP Air Portugal,landing,arrivee,650,255.6,74.4,,,,
2026-05-04,12:56:02,440072,OE-LSF,Airbus A320neo,easyJet Europe,landing,arrivee,600,272.1,93.6,,,,
2026-05-04,13:00:25,TAP226,CS-TON,Airbus A330-200,TAP Air Portugal,landing,arrivee,500,264.7,96.5,,,,
2026-05-04,13:03:02,EJU38DF,OE-LSV,Airbus A320neo,easyJet Europe,landing,arrivee,500,258.0,96.6,,,,
2026-05-04,13:07:33,TAP145W,CS-TPT,Embraer E190,TAP Air Portugal,landing,arrivee,550,240.0,92.3,,,,
2026-05-04,13:09:52,4d2449,9H-VVE,Boeing 737 MAX 8,Malta Air,landing,arrivee,550,277.2,88.0,,,,
2026-05-04,13:14:51,VLG8JM,EC-NLY,Airbus A321,Vueling,landing,arrivee,575,262.4,92.6,,,,
2026-05-04,13:19:16,TAP10VL,CS-TPQ,Embraer E190,TAP Air Portugal,landing,arrivee,600,264.8,98.8,,,,
2026-05-04,13:22:21,495038,CS-TAX,Embraer E195,TAP Air Portugal,landing,arrivee,525,257.8,99.3,,,,
2026-05-04,13:25:50,DLH47T,D-AIEH,Airbus A321neo,Lufthansa,landing,arrivee,550,244.8,95.5,,,,
2026-05-04,13:29:35,TAP641,CS-TJM,Airbus A321neo,TAP Air Portugal,landing,arrivee,600,256.5,84.0,,,,
2026-05-04,13:36:05,4952c2,CS-TVB,Airbus A320neo,TAP Air Portugal,landing,arrivee,600,249.1,92.2,,,,
2026-05-04,13:38:33,4b17fb,HB-JCD,C Series 300,Swiss,cruise,,600,0.0,79.8,,,,
2026-05-04,13:41:02,EJU98EV,OE-INJ,Airbus A320,easyJet Europe,landing,arrivee,575,260.9,88.3,,,,
2026-05-04,13:43:49,495145,CS-TJE,Airbus A321,TAP Air Portugal,landing,arrivee,575,274.8,84.3,,,,
2026-05-04,13:46:34,TAP43JD,CS-TJK,Airbus A321neo,TAP Air Portugal,landing,arrivee,625,262.4,87.8,,,,
2026-05-04,13:49:16,TAP11EG,CS-TPS,Embraer E190,TAP Air Portugal,landing,arrivee,600,245.6,94.2,,,,
2026-05-04,13:51:47,TAP084,CS-TUI,Airbus A330-900neo,TAP Air Portugal,landing,arrivee,625,274.1,96.4,,,,
2026-05-04,13:54:37,CNV6104,900531,C-26D Metro,Unknown US,landing,arrivee,600,253.2,85.8,,,,
2026-05-04,13:57:09,495297,CS-TTW,Embraer E195,TAP Air Portugal,landing,arrivee,550,267.2,91.2,,,,
2026-05-04,13:59:51,495037,CS-TAW,Embraer E195,TAP Air Portugal,landing,arrivee,600,276.5,99.7,,,,
2026-05-04,14:02:38,89644a,A6-EPU,Boeing 777-300ER,Emirates,landing,arrivee,600,274.8,87.7,,,,
2026-05-04,14:08:19,495170,CS-TKP,Airbus A320,TAP Air Portugal,landing,arrivee,575,251.5,92.2,,,,
2026-05-04,14:10:54,495219,CS-TPY,Embraer E190,TAP Air Portugal,landing,arrivee,600,244.3,95.0,,,,
2026-05-04,14:13:29,4952ce,CS-TVN,Airbus A320neo,TAP Air Portugal,landing,arrivee,575,238.2,89.6,,,,
2026-05-04,14:15:47,4cac97,EI-TCN,DA 62,Flight Calibration Services Europe Limited,landing,arrivee,775,224.3,74.2,,,,
2026-05-04,14:19:00,49520f,CS-TPO,Embraer E190,TAP Air Portugal,landing,arrivee,575,245.9,86.8,,,,
2026-05-04,14:21:47,495218,CS-TPX,Embraer E190,TAP Air Portugal,landing,arrivee,550,240.0,98.0,,,,
2026-05-04,14:24:14,RYR1316,9H-VVI,Boeing 737 MAX 8,Malta Air,landing,arrivee,600,280.6,86.7,,,,
2026-05-04,14:27:15,TAP691P,CS-TNK,Airbus A320,TAP Air Portugal,landing,arrivee,575,267.2,95.8,,,,
2026-05-04,14:30:26,EZY7662,G-EZTZ,Airbus A320,easyJet,landing,arrivee,550,261.5,94.1,,,,
2026-05-04,14:35:20,4867c4,PH-AXI,Airbus A321neo,KLM,landing,arrivee,575,268.9,98.6,,,,
2026-05-04,14:38:08,TAP88TM,CS-TNT,Airbus A320,TAP Air Portugal,landing,arrivee,575,251.5,90.2,,,,
2026-05-04,14:41:23,4951d3,CS-TNS,Airbus A320,TAP Air Portugal,landing,arrivee,600,243.9,95.8,,,,
2026-05-04,14:43:28,LOG915Z,G-SAJJ,ERJ-145 EP,British Airways,cruise,,2400,337.4,81.3,,,,
2026-05-04,14:47:46,TAP941,CS-TVP,Airbus A320neo,TAP Air Portugal,landing,arrivee,625,264.1,91.2,,,,
2026-05-04,14:52:30,495279,CS-TSY,Airbus A320,TAP Air Portugal,landing,arrivee,600,249.1,89.0,,,,
2026-05-04,14:55:03,AFR37EQ,F-HBND,Airbus A320,Air France,landing,arrivee,575,275.8,90.5,,,,
2026-05-04,14:57:52,SWR2BK,HB-JPC,Airbus A321,Swiss,landing,arrivee,575,277.2,89.8,,,,
2026-05-04,15:00:21,RYR67UV,EI-DCO,Boeing 737-800,Ryanair,landing,arrivee,550,268.9,96.6,,,,
2026-05-04,15:05:32,49530b,CS-TXK,Airbus A321,TAP Air Portugal,landing,arrivee,600,264.8,86.3,,,,
2026-05-04,15:08:11,TAP823,CS-TJH,Airbus A321,TAP Air Portugal,landing,arrivee,600,259.3,97.5,,,,
2026-05-04,15:13:16,4951d1,CS-TNQ,Airbus A320,TAP Air Portugal,cruise,,575,0.0,92.4,,,,
2026-05-04,15:15:59,4a91f9,SE-DOY,Airbus A320neo,SAS Scandinavian,landing,arrivee,575,258.9,88.1,,,,
2026-05-04,15:20:34,495039,CS-TAY,Embraer E195,TAP Air Portugal,landing,arrivee,575,258.9,88.3,,,,
2026-05-04,15:23:20,DLH03H,D-AISU,Airbus A321,Lufthansa,landing,arrivee,550,264.8,98.0,,,,
2026-05-04,15:26:09,EZY35DC,G-EZFV,Airbus A319,easyJet,landing,arrivee,600,234.8,85.6,,,,
2026-05-04,15:28:55,4952cb,CS-TVK,Airbus A320neo,TAP Air Portugal,landing,arrivee,650,243.5,88.0,,,,
2026-05-04,15:31:48,4bb215,TC-LPU,Airbus A321neo,Turkish Airlines,landing,arrivee,600,254.1,92.0,,,,
2026-05-04,15:34:27,RYR95SN,EI-EFJ,Boeing 737-800,Ryanair,landing,arrivee,550,280.4,94.4,,,,
2026-05-04,15:37:17,4d22b5,9H-LON,Airbus A320,Lauda Europe,landing,arrivee,550,276.5,98.3,,,,
2026-05-04,15:40:10,AEA12AT,EC-OBJ,Boeing 737-800,Air Europa,landing,arrivee,575,290.9,94.4,,,,
2026-05-04,15:45:49,4951ca,CS-TNJ,Airbus A320,TAP Air Portugal,landing,arrivee,625,267.2,83.0,,,,
2026-05-04,15:49:02,49521a,CS-TPZ,Embraer E190,TAP Air Portugal,landing,arrivee,575,241.5,83.8,,,,
2026-05-04,15:51:37,440cbf,OE-LSO,Airbus A320,easyJet Europe,landing,arrivee,625,256.5,92.6,,,,
2026-05-04,15:54:28,FIN96W,OH-LZP,Airbus A321,Finnair,landing,arrivee,525,274.8,96.6,,,,
2026-05-04,15:57:31,495308,CS-TXH,Airbus A321neo,TAP Air Portugal,landing,arrivee,625,264.8,93.1,,,,
2026-05-04,16:00:05,BTI7FR,YL-ABM,A220-300,Air Baltic,landing,arrivee,575,255.6,91.7,,,,
2026-05-04,16:02:34,4952c1,CS-TVA,Airbus A320neo,TAP Air Portugal,landing,arrivee,600,255.6,89.0,,,,
2026-05-04,16:05:04,TAP90EH,CS-TUS,Airbus A330-900neo,TAP Air Portugal,landing,arrivee,600,267.2,91.8,,,,
2026-05-04,16:07:53,495153,CS-TJS,Airbus A321neo,TAP Air Portugal,landing,arrivee,625,275.6,88.7,,,,
2026-05-04,16:10:42,ANE91TE,EC-MJQ,Bombardier CRJ-1000,Air Nostrum,landing,arrivee,625,267.2,79.3,,,,
2026-05-04,16:13:17,TAP1013,CS-TJP,Airbus A321neo,TAP Air Portugal,landing,arrivee,600,270.4,99.5,,,,
2026-05-04,16:15:51,TAP553R,CS-TXL,Airbus A321neo,TAP Air Portugal,landing,arrivee,600,273.2,94.5,,,,
2026-05-04,16:19:02,4951d8,CS-TNX,Airbus A320,TAP Air Portugal,landing,arrivee,550,260.9,98.8,,,,
2026-05-04,16:21:41,4952ca,CS-TVJ,Airbus A320neo,TAP Air Portugal,landing,arrivee,600,264.1,95.3,,,,
2026-05-04,16:24:41,e8046d,CC-BGR,Boeing 787-9,LATAM Airlines,landing,arrivee,600,288.2,92.1,,,,
2026-05-04,16:27:50,495304,CS-TXD,Airbus A321neo,TAP Air Portugal,landing,arrivee,625,269.7,86.4,,,,
2026-05-04,16:30:31,BAW5DW,G-EUYN,Airbus A320,British Airways,landing,arrivee,550,249.8,95.0,,,,
2026-05-04,16:35:39,TAP1105,CS-TTY,Embraer E195,TAP Air Portugal,landing,arrivee,600,280.6,98.5,,,,
2026-05-04,16:38:07,TAP31DB,CS-TNX,Airbus A320,TAP Air Portugal,landing,arrivee,600,256.5,98.1,,,,
2026-05-04,16:40:40,RYR384,EI-IKM,Boeing 737 MAX 8,Ryanair,landing,arrivee,575,281.3,93.9,,,,
2026-05-04,16:43:27,EJU95BR,OE-IDS,Airbus A320,easyJet Europe,landing,arrivee,575,253.2,99.5,,,,
2026-05-04,16:45:56,TAP1359,CS-TJI,Airbus A321neo,TAP Air Portugal,landing,arrivee,600,274.8,87.6,,,,
2026-05-04,16:48:55,EJU69VE,OE-LSA,Airbus A320neo,easyJet Europe,landing,arrivee,625,275.6,77.5,,,,
2026-05-04,16:51:36,TAP1929,CS-TPT,Embraer E190,TAP Air Portugal,landing,arrivee,600,238.4,90.7,,,,
2026-05-04,16:53:58,495216,CS-TPV,Embraer E190,TAP Air Portugal,landing,arrivee,625,262.2,90.8,,,,
2026-05-04,16:56:34,49514c,CS-TJL,Airbus A321neo,TAP Air Portugal,landing,arrivee,625,277.2,87.2,,,,
2026-05-04,16:59:13,RYR5KT,9H-QBH,Boeing 737-800,Malta Air,landing,arrivee,575,277.2,95.8,,,,
2026-05-04,17:02:03,TAP1824,CS-TJN,Airbus A321neo,TAP Air Portugal,landing,arrivee,600,284.1,94.8,,,,
2026-05-04,17:04:46,48c226,SP-RSG,Boeing 737-800,Buzz,landing,arrivee,575,251.5,92.6,,,,
2026-05-04,17:07:29,4cadbe,EI-IGL,Boeing 737 MAX 8,Ryanair,landing,arrivee,600,273.9,88.1,,,,
2026-05-04,17:10:12,39de42,F-HXSC,Airbus A320neo,Transavia France,landing,arrivee,650,243.2,89.9,,,,
2026-05-04,17:13:33,3c55c1,D-AENA,Airbus A320neo,Eurowings,landing,arrivee,625,255.6,91.7,,,,
2026-05-04,17:16:42,4952d2,CS-TVR,Airbus A320neo,TAP Air Portugal,landing,arrivee,575,265.6,98.7,,,,
2026-05-04,17:19:18,34744d,EC-NYF,Airbus A321,Vueling,landing,arrivee,625,245.6,82.5,,,,
2026-05-04,17:30:03,4952c9,CS-TVI,Airbus A320neo,TAP Air Portugal,landing,arrivee,600,267.2,94.5,,,,
2026-05-04,17:34:40,TAP643,CS-TVO,Airbus A320neo,TAP Air Portugal,landing,arrivee,575,253.2,98.9,,,,
2026-05-04,17:39:51,BAW506,G-TTSC,Airbus A320neo,British Airways,landing,arrivee,550,243.2,96.6,,,,
2026-05-04,17:42:14,WMT6155,HA-LXD,Airbus A321,SAS Scandinavian,landing,arrivee,575,263.4,84.3,,,,
2026-05-04,17:44:49,3475c9,EC-OCT,Airbus A321,TAP Air Portugal,landing,arrivee,600,271.3,89.2,,,,
2026-05-04,17:47:30,RAM982,CN-RGG,Boeing 737-800,Royal Air Maroc,landing,arrivee,525,291.3,94.1,,,,
2026-05-04,17:49:30,RYR59QQ,EI-DYC,Boeing 737-800,Ryanair,landing,arrivee,550,278.7,96.6,,,,
2026-05-04,17:55:59,4952a6,CS-TUF,Airbus A330-900neo,TAP Air Portugal,landing,arrivee,600,248.0,99.2,,,,
2026-05-04,17:59:22,497cde,26903,E390,,landing,arrivee,650,246.7,85.8,,,,
2026-05-04,18:03:02,440072,OE-LSF,Airbus A320neo,easyJet Europe,landing,arrivee,600,259.7,92.3,,,,
2026-05-04,18:05:58,4ca707,EI-EBK,Boeing 737-800,Ryanair,landing,arrivee,600,279.3,93.0,,,,
2026-05-04,18:08:56,4952c6,CS-TVF,Airbus A320neo,TAP Air Portugal,landing,arrivee,625,228.4,87.7,,,,
2026-05-04,18:11:21,VLG14YF,EC-MBD,Airbus A320,Vueling,landing,arrivee,575,246.7,93.6,,,,
2026-05-04,18:14:08,EJU7690,OE-IDO,Airbus A320,easyJet Europe,landing,arrivee,625,253.2,87.8,,,,
2026-05-04,18:17:35,TAP1558,CS-TVM,Airbus A320neo,TAP Air Portugal,landing,arrivee,575,230.8,93.9,,,,
2026-05-04,18:20:48,4952a8,CS-TUH,Airbus A330-900neo,TAP Air Portugal,approach,arrivee,650,237.4,87.3,,,,
2026-05-04,18:23:25,RZO124,CS-TSK,Airbus A320,TAP Air Portugal,landing,arrivee,600,241.5,85.4,,,,
2026-05-04,18:25:56,484186,PH-HZL,Boeing 737-800,Transavia,landing,arrivee,550,267.2,94.6,,,,
2026-05-04,18:28:55,VOE2728,EC-MTF,Airbus A319,Volotea,landing,arrivee,575,237.4,92.0,,,,
2026-05-04,18:31:31,49514f,CS-TJO,Airbus A321neo,TAP Air Portugal,cruise,,675,0.0,89.1,,,,
2026-05-04,18:38:38,392af3,F-GKXT,Airbus A320,Air France,landing,arrivee,625,238.4,82.3,,,,
2026-05-04,18:41:19,BEL2DT,OO-SNF,Airbus A320,Brussels Airlines,landing,arrivee,550,248.4,98.4,,,,
2026-05-04,18:44:15,TAY2MN,OE-LVC,Boeing 737-800,Iberia,landing,arrivee,525,242.4,94.4,,,,
2026-05-04,18:46:56,TAP1439,CS-TPO,Embraer E190,TAP Air Portugal,landing,arrivee,500,235.6,95.7,,,,
2026-05-04,18:49:32,495039,CS-TAY,Embraer E195,TAP Air Portugal,landing,arrivee,600,256.3,97.7,,,,
2026-05-04,18:52:17,TAP1931,CS-TNT,Airbus A320,TAP Air Portugal,landing,arrivee,600,239.8,93.2,,,,
2026-05-04,18:54:26,TAP1017,CS-TTW,Embraer E195,TAP Air Portugal,landing,arrivee,550,247.2,99.1,,,,
2026-05-04,18:59:22,48683f,PH-YHT,Airbus A321neo,Transavia,landing,arrivee,600,235.9,87.8,,,,
2026-05-04,19:02:04,OCEAN32,16805,C130,,landing,arrivee,625,235.9,89.5,,,,
2026-05-04,19:05:25,TAP35BL,CS-TTX,Embraer E195,TAP Air Portugal,landing,arrivee,600,244.8,95.0,,,,
2026-05-04,19:08:01,KLM71Y,PH-BGC,Boeing 737-800,KLM,landing,arrivee,525,268.0,97.8,,,,
2026-05-04,19:10:38,EZS62YX,HB-JZX,Airbus A320,Austrian Airlines,landing,arrivee,575,257.2,91.1,,,,
2026-05-04,19:13:33,TAP10EV,CS-TPQ,Embraer E190,TAP Air Portugal,landing,arrivee,600,243.2,87.5,,,,
2026-05-04,19:15:47,TVF46GH,F-HTVN,Boeing 737-800,Transavia France,landing,arrivee,575,277.2,93.5,,,,
2026-05-04,19:18:48,TAP1337,CS-TNM,Airbus A320,TAP Air Portugal,landing,arrivee,575,264.8,99.0,,,,
2026-05-04,19:21:29,34745a,EC-NZN,Boeing 737-800,Air Europa,landing,arrivee,600,273.2,91.8,,,,
2026-05-04,19:24:09,4952c7,CS-TVG,Airbus A320neo,TAP Air Portugal,cruise,,650,0.0,73.4,,,,
2026-05-04,19:26:52,4952cc,CS-TVL,Airbus A320,TAP Air Portugal,landing,arrivee,600,230.8,94.9,,,,
2026-05-04,19:29:21,EZY31FV,G-EZUI,Airbus A320,easyJet,landing,arrivee,625,245.9,88.0,,,,
2026-05-04,19:32:24,440425,OE-IUC,Airbus A321neo,Iberia,landing,arrivee,600,251.5,98.8,,,,
2026-05-04,19:34:49,UAE5M,A6-EPB,Boeing 777-300ER,Emirates,landing,arrivee,600,271.3,95.8,,,,
2026-05-04,19:37:50,EJU32GK,OE-IDX,Airbus A320,easyJet Europe,landing,arrivee,575,252.4,95.5,,,,
2026-05-04,19:40:46,TAP1455,CS-TVN,Airbus A320neo,TAP Air Portugal,landing,arrivee,575,244.3,90.9,,,,
2026-05-04,19:43:19,EJU67HP,OE-LQZ,Airbus A319,easyJet Europe,landing,arrivee,575,239.1,93.7,,,,
2026-05-04,19:46:20,WZZ477,HA-LDF,Airbus A321neo,Wizz Air,landing,arrivee,575,243.2,99.4,,,,
2026-05-04,19:49:06,TAP543W,CS-TPR,Embraer E190,TAP Air Portugal,landing,arrivee,575,251.5,90.4,,,,
2026-05-04,19:52:44,EJU71TK,OE-IVT,Airbus A320,easyJet Europe,landing,arrivee,600,252.4,81.3,,,,
2026-05-04,19:56:03,400cd8,G-EZIY,Airbus A319,easyJet,landing,arrivee,550,227.4,97.3,,,,
2026-05-04,19:58:54,495215,CS-TPU,Embraer E190,TAP Air Portugal,landing,arrivee,550,236.7,98.4,,,,
2026-05-04,20:03:03,IBE0537,EC-NVS,Airbus A320,Iberia,landing,arrivee,525,244.3,96.4,,,,
2026-05-04,20:10:21,RYR56BR,EI-EVR,Boeing 737-800,Ryanair,landing,arrivee,550,270.4,94.7,,,,
2026-05-04,20:12:56,TAP473H,,,,unknown,,0,0.0,0.0,,,,
2026-05-04,20:15:51,RYR36JX,9H-QEJ,Boeing 737-800,Malta Air,landing,arrivee,500,264.1,98.4,,,,
2026-05-04,20:18:42,TAP835,CS-TNL,Airbus A320,TAP Air Portugal,landing,arrivee,600,243.9,89.4,,,,
2026-05-04,20:21:55,34744c,EC-NYE,Airbus A321,Vueling,landing,arrivee,625,245.6,86.3,,,,
2026-05-04,20:24:44,TAP25AC,CS-TPX,Embraer E190,TAP Air Portugal,landing,arrivee,550,230.0,86.8,,,,
2026-05-04,20:27:24,495292,CS-TTR,Airbus A319,TAP Air Portugal,landing,arrivee,600,240.8,91.5,,,,
2026-05-04,20:30:13,4952c3,CS-TVC,Airbus A320neo,TAP Air Portugal,landing,arrivee,550,240.8,96.0,,,,
2026-05-04,20:32:30,TAP93ZS,CS-TJF,Airbus A321,TAP Air Portugal,landing,arrivee,550,269.7,96.1,,,,
2026-05-04,20:35:34,4d2092,9H-WMF,Airbus A321neo,Lauda Europe,landing,arrivee,600,258.9,83.3,,,,
2026-05-04,20:37:41,4cadbb,EI-IGI,Boeing 737 MAX 8,Ryanair,landing,arrivee,575,268.0,95.4,,,,
2026-05-04,20:40:46,494106,CS-PHF,Phenom 300,NetJets,landing,arrivee,600,205.9,87.2,,,,
2026-05-04,20:43:32,TAP755,CS-TVH,Airbus A320neo,TAP Air Portugal,landing,arrivee,525,235.6,97.0,,,,
2026-05-04,20:46:06,407cb2,G-RUKF,Boeing 737-800,Ryanair UK,landing,arrivee,575,267.2,93.0,,,,
2026-05-04,20:49:21,TAP1313,CS-TNU,Airbus A320,TAP Air Portugal,landing,arrivee,600,257.2,87.7,,,,
2026-05-04,20:52:38,EWG37V,OK-TSU,Boeing 737-800,Eurowings,landing,arrivee,550,258.4,95.0,,,,
2026-05-04,21:02:34,EZY15UP,G-UZEF,Airbus A320neo,easyJet,landing,arrivee,600,256.5,90.2,,,,
2026-05-04,21:05:59,495037,CS-TAW,Embraer E195,TAP Air Portugal,landing,arrivee,550,254.5,92.6,,,,
2026-05-04,21:09:07,RZO152,CS-TKP,Airbus A320,TAP Air Portugal,landing,arrivee,525,249.1,97.5,,,,
2026-05-04,21:11:40,ELY375,4X-EKI,Boeing 737-800,El Al,landing,arrivee,500,274.1,94.9,,,,
2026-05-04,21:21:37,TAP437X,CS-TNK,Airbus A320,TAP Air Portugal,landing,arrivee,600,243.9,89.2,,,,
2026-05-04,21:27:34,49514b,CS-TJK,Airbus A321neo,TAP Air Portugal,landing,arrivee,600,261.5,89.6,,,,
2026-05-04,21:30:17,TAP67U,CS-TJM,Airbus A321neo,TAP Air Portugal,landing,arrivee,575,239.1,87.8,,,,
2026-05-04,21:32:31,c02494,C-FNWD,Boeing 737 MAX 8,WestJet,landing,arrivee,525,275.6,91.6,,,,
2026-05-04,21:35:42,TAP877,CS-TPW,Embraer E190,TAP Air Portugal,landing,arrivee,550,241.5,91.9,,,,
2026-05-04,21:38:21,TAP37CN,CS-TNQ,Airbus A320,TAP Air Portugal,landing,arrivee,550,253.5,99.6,,,,
2026-05-04,21:40:57,LZB563,LZ-ROM,A220-300,Bulgaria Air,landing,arrivee,550,247.2,96.9,,,,
2026-05-04,21:43:08,TAP885,CS-TNW,Airbus A320,TAP Air Portugal,landing,arrivee,525,253.2,95.6,,,,
2026-05-04,21:46:14,440cf8,OE-IBF,Airbus A320,easyJet Europe,landing,arrivee,575,245.6,89.2,,,,
2026-05-04,21:49:27,495279,CS-TSY,Airbus A320,TAP Air Portugal,landing,arrivee,575,246.7,90.9,,,,
2026-05-04,21:52:02,TAP1692,CS-TNJ,Airbus A320,TAP Air Portugal,landing,arrivee,525,252.4,97.5,,,,
2026-05-04,21:54:46,RYR4RL,EI-IGM,Boeing 737 MAX 8,Ryanair,landing,arrivee,525,274.5,95.3,,,,
2026-05-04,21:57:35,TAP827V,CS-TVQ,Airbus A320neo,TAP Air Portugal,landing,arrivee,550,257.2,89.5,,,,
2026-05-04,22:00:12,4bb86f,TC-NCO,Airbus A320neo,Pegasus,landing,arrivee,600,226.7,95.2,,,,
2026-05-04,22:02:44,4d222c,9H-QCX,Boeing 737-800,Malta Air,landing,arrivee,550,276.5,92.7,,,,
2026-05-04,22:05:30,4952c2,CS-TVB,Airbus A320neo,TAP Air Portugal,landing,arrivee,525,236.7,93.5,,,,
2026-05-04,22:07:19,TAP1243,CS-TNR,Airbus A320,TAP Air Portugal,landing,arrivee,525,258.4,92.6,,,,
2026-05-04,22:10:02,TAP1325,CS-TPS,Embraer E190,TAP Air Portugal,landing,arrivee,525,244.8,89.2,,,,
2026-05-04,22:12:49,TAP863Y,CS-TJJ,Airbus A321neo,TAP Air Portugal,landing,arrivee,550,259.7,89.7,,,,
2026-05-04,22:15:41,EJU15PC,OE-IDS,Airbus A320,easyJet Europe,landing,arrivee,500,239.1,97.5,,,,
2026-05-04,22:18:16,RYR20EE,EI-EFF,Boeing 737-800,Ryanair,landing,arrivee,475,272.4,93.8,,,,
2026-05-04,22:20:50,AFR64PQ,F-GTAJ,Airbus A321,Air France,landing,arrivee,550,259.7,86.9,,,,
2026-05-04,22:23:33,4d222b,9H-QEO,Boeing 737-800,Malta Air,landing,arrivee,500,273.2,94.0,,,,
2026-05-04,22:27:08,TVF34QV,F-HUYQ,Boeing 737-800,Transavia France,landing,arrivee,500,268.9,96.4,,,,
2026-05-04,22:29:38,4400f3,OE-IDO,Airbus A320,easyJet Europe,landing,arrivee,550,258.9,91.5,,,,
2026-05-04,22:31:17,3c64ac,D-AIEL,Airbus A321neo,Lufthansa,landing,arrivee,575,266.5,87.8,,,,
2026-05-04,22:34:22,4952d0,CS-TVP,Airbus A320neo,TAP Air Portugal,landing,arrivee,550,243.2,97.5,,,,
2026-05-04,22:37:00,3c648d,D-AIDM,Airbus A321,Lufthansa,landing,arrivee,525,266.5,99.0,,,,
2026-05-04,22:39:11,TAP21MM,CS-TPZ,Embraer E190,TAP Air Portugal,landing,arrivee,550,234.3,89.0,,,,
2026-05-04,22:41:04,4952c1,CS-TVA,Airbus A320neo,TAP Air Portugal,cruise,,625,0.0,77.5,,,,
2026-05-04,22:42:46,KLM35W,PH-AXM,Airbus A321neo,KLM,landing,arrivee,550,263.2,85.4,,,,
2026-05-04,22:44:27,4ca765,EI-EFJ,Boeing 737-800,Ryanair,landing,arrivee,500,275.6,91.8,,,,
2026-05-04,22:46:42,EJU36BG,OE-LSO,Airbus A320,easyJet Europe,landing,arrivee,550,241.5,89.6,,,,
2026-05-04,22:48:25,407eb2,G-TTNU,Airbus A320neo,British Airways,landing,arrivee,550,239.1,97.3,,,,
2026-05-04,22:52:10,3964ef,F-GZHP,Boeing 737-800,Transavia France,landing,arrivee,550,273.9,96.5,,,,
2026-05-04,22:55:54,EJU74EP,OE-LSF,Airbus A320neo,easyJet Europe,landing,arrivee,500,243.2,97.4,,,,
2026-05-04,22:58:23,TAP43RY,CS-TJP,Airbus A321neo,TAP Air Portugal,landing,arrivee,600,267.2,82.7,,,,
2026-05-04,23:01:12,EJU93ZB,OE-LUE,Airbus A320neo,easyJet Europe,landing,arrivee,525,243.2,98.7,,,,
2026-05-04,23:02:48,4d24ca,9H-VVI,Boeing 737 MAX 8,Malta Air,landing,arrivee,500,268.9,95.0,,,,
2026-05-04,23:05:27,EJU98XP,OE-LSV,Airbus A320neo,easyJet Europe,landing,arrivee,575,263.2,89.6,,,,
2026-05-04,23:08:21,495216,CS-TPV,Embraer E190,TAP Air Portugal,landing,arrivee,525,229.1,98.0,,,,
2026-05-04,23:11:12,4951d6,CS-TNV,Airbus A320,TAP Air Portugal,landing,arrivee,575,222.2,82.3,,,,
2026-05-04,23:14:18,4b181c,HB-JDK,Airbus A320neo,Swiss,landing,arrivee,575,235.6,87.7,,,,
2026-05-04,23:17:13,3c65da,D-AINZ,Airbus A320neo,Lufthansa,landing,arrivee,550,256.5,94.0,,,,
2026-05-04,23:19:27,4bb208,TC-LPH,Airbus A321neo,Turkish Airlines,landing,arrivee,575,245.6,89.3,,,,
2026-05-04,23:26:24,IBE0539,EC-JQZ,Airbus A321,Iberia,landing,arrivee,500,257.2,99.3,,,,
2026-05-04,23:33:07,EJU19TV,OE-LSA,Airbus A320neo,easyJet Europe,landing,arrivee,525,258.9,97.3,,,,
2026-05-04,23:35:20,TAP837,CS-TJE,Airbus A321,TAP Air Portugal,landing,arrivee,500,255.6,98.5,,,,
2026-05-04,23:41:04,495148,CS-TJH,Airbus A321,TAP Air Portugal,landing,arrivee,550,257.2,99.4,,,,
2026-05-04,23:43:46,46b8b4,SX-NET,Airbus A320neo,Aegean Airlines,landing,arrivee,550,240.8,88.3,,,,
2026-05-04,23:46:19,4cadbe,EI-IGL,Boeing 737 MAX 8,Ryanair,landing,arrivee,500,266.5,93.5,,,,
2026-05-04,23:48:08,4951d3,CS-TNS,Airbus A320,TAP Air Portugal,landing,arrivee,575,251.5,91.2,,,,
2026-05-04,23:57:41,WZZ84UJ,9H-WDF,Airbus A321,Wizz Air,landing,arrivee,525,269.7,99.4,,,,
2026-05-05,01:13:56,49526b,CS-TSK,Airbus A320,TAP Air Portugal,landing,arrivee,550,263.2,89.5,,,,
2026-05-05,01:21:16,4d211f,9H-GVA,GL5T,,approach,arrivee,850,102.6,88.1,,,,
2026-05-05,02:01:37,4d211f,9H-GVA,GL5T,,takeoff,depart,550,105.9,83.8,,,,
2026-05-05,04:13:29,4952b0,CS-TUP,Airbus A330-900neo,TAP Air Portugal,landing,arrivee,650,255.6,91.1,,,,
2026-05-05,04:16:45,4952b1,CS-TUQ,Airbus A330-900neo,TAP Air Portugal,landing,arrivee,625,250.8,92.3,,,,
2026-05-05,04:58:23,TAP202A,CS-TXE,Airbus A321neo,TAP Air Portugal,landing,arrivee,575,260.8,99.2,,,,
2026-05-05,05:03:26,495309,CS-TXI,Airbus A321neo,TAP Air Portugal,landing,arrivee,600,255.6,92.7,,,,
2026-05-05,05:10:32,4952aa,CS-TUJ,Airbus A330-900neo,TAP Air Portugal,landing,arrivee,625,257.2,92.5,,,,
2026-05-05,05:32:31,49530a,CS-TXJ,Airbus A321neo,TAP Air Portugal,landing,arrivee,575,257.2,93.0,,,,
2026-05-05,05:47:12,TAP1550,CS-TVI,Airbus A320neo,TAP Air Portugal,landing,arrivee,600,233.2,99.4,,,,
2026-05-05,05:50:03,TAP1544,CS-TVM,Airbus A320neo,TAP Air Portugal,landing,arrivee,625,257.2,82.3,,,,
2026-05-05,05:55:33,4951ca,CS-TNJ,Airbus A320,TAP Air Portugal,landing,arrivee,625,238.4,86.9,,,,
2026-05-05,06:02:26,4952d1,CS-TVQ,Airbus A320neo,TAP Air Portugal,landing,arrivee,625,249.1,90.3,,,,
2026-05-05,06:06:10,4952c7,CS-TVG,Airbus A320neo,TAP Air Portugal,landing,arrivee,650,253.2,79.2,,,,
2026-05-05,06:13:09,4952b2,CS-TUR,Airbus A330-900neo,TAP Air Portugal,landing,arrivee,650,246.7,91.9,,,,
2026-05-05,06:17:38,TAP104,CS-TUG,Airbus A330-900neo,TAP Air Portugal,landing,arrivee,550,249.1,97.4,,,,
2026-05-05,06:20:05,TAM8146,PT-MUE,Boeing 777-300ER,LATAM Airlines,landing,arrivee,550,270.8,94.7,,,,
2026-05-05,06:24:04,TAP11VP,CS-TPX,Embraer E190,TAP Air Portugal,landing,arrivee,575,229.1,94.6,,,,
2026-05-05,06:28:15,440caf,OE-LVC,Boeing 737-800,Iberia,landing,arrivee,550,257.2,97.9,,,,
2026-05-05,06:31:12,TSC680,C-GOIO,Airbus A321neo,Air Transat,landing,arrivee,625,246.7,89.9,,,,
2026-05-05,06:43:05,344487,EC-LXV,Boeing 737-800,Air Europa,landing,arrivee,575,266.5,95.9,,,,
2026-05-05,06:46:50,4951d1,CS-TNQ,Airbus A320,TAP Air Portugal,landing,arrivee,600,232.4,88.5,,,,
2026-05-05,06:53:55,495215,CS-TPU,Embraer E190,TAP Air Portugal,cruise,,625,0.0,88.1,,,,
2026-05-05,07:06:46,DTA650,D2-TEJ,Boeing 777-300ER,TAAG Angola Airlines,landing,arrivee,550,257.2,95.7,,,,
2026-05-05,07:10:27,45ce4e,OY-SRN,767 219ERBDSF,Star Air,landing,arrivee,600,222.6,93.4,,,,
2026-05-05,07:13:37,TAP98CX,CS-TNT,Airbus A320,TAP Air Portugal,landing,arrivee,600,249.1,91.0,,,,
2026-05-05,07:17:16,4952cf,CS-TVO,Airbus A320neo,TAP Air Portugal,landing,arrivee,575,240.8,87.4,,,,
2026-05-05,07:29:09,TAP647,CS-TVN,Airbus A320neo,TAP Air Portugal,landing,arrivee,550,249.1,99.7,,,,
2026-05-05,07:31:43,IBE05TR,EC-NFI,Airbus A320neo,Iberia,landing,arrivee,625,233.9,85.2,,,,
2026-05-05,07:34:40,DAL272,N422DZ,Airbus A330-900neo,Delta Air Lines,landing,arrivee,575,253.9,95.6,,,,
2026-05-05,07:37:23,49514f,CS-TJO,Airbus A321neo,TAP Air Portugal,landing,arrivee,600,252.4,86.1,,,,
2026-05-05,07:41:00,a07dcd,N13018,Boeing 787-10,United Airlines,landing,arrivee,550,287.2,93.4,,,,
2026-05-05,07:46:06,BCS2FC,D-AEAL,A300 B4-622RF,Lufthansa,landing,arrivee,600,234.8,92.1,,,,
2026-05-05,07:48:49,TAP1939,CS-TNN,Airbus A320,TAP Air Portugal,landing,arrivee,575,243.2,92.1,,,,
2026-05-05,07:51:33,TAP9ML,CS-TNM,Airbus A320,TAP Air Portugal,landing,arrivee,550,240.0,99.6,,,,
2026-05-05,07:54:38,49520f,CS-TPO,Embraer E190,TAP Air Portugal,landing,arrivee,600,223.9,87.6,,,,
2026-05-05,07:57:11,4951d5,CS-TNU,Airbus A320,TAP Air Portugal,landing,arrivee,575,262.8,89.9,,,,
2026-05-05,08:00:07,TAP8RL,CS-TJS,Airbus A321neo,TAP Air Portugal,landing,arrivee,600,258.4,89.6,,,,
2026-05-05,08:02:38,348342,EC-OND,Airbus A330-300,,landing,arrivee,625,256.5,88.1,,,,
2026-05-05,08:05:27,e4941c,PR-ANZ,Airbus A330-900neo,Azul,landing,arrivee,575,268.9,95.7,,,,
2026-05-05,08:09:45,4b1a2a,HB-JXQ,Airbus A320,Austrian Airlines,landing,arrivee,600,253.2,89.2,,,,
2026-05-05,08:12:48,49514c,CS-TJL,Airbus A321neo,TAP Air Portugal,landing,arrivee,600,253.9,88.1,,,,
2026-05-05,08:15:35,VLG46AX,EC-MMU,Airbus A321,Vueling,landing,arrivee,550,256.5,96.5,,,,
2026-05-05,08:18:22,4951d8,CS-TNX,Airbus A320,TAP Air Portugal,landing,arrivee,575,226.7,94.7,,,,
2026-05-05,08:20:29,TRA97Q,PH-YHE,Airbus A321neo,Transavia,landing,arrivee,575,244.8,99.4,,,,
2026-05-05,08:24:14,ETD7LG,A6-BLZ,Boeing 787-9,Etihad Airways,landing,arrivee,525,284.8,99.5,,,,
2026-05-05,08:27:27,AAL258,N830AN,Boeing 787-9,American Airlines,landing,arrivee,550,265.6,95.7,,,,
2026-05-05,08:30:11,RYR7GJ,EI-IKS,Boeing 737 MAX 8,Ryanair,landing,arrivee,550,276.3,87.3,,,,
2026-05-05,08:33:10,TAP557H,CS-TJI,Airbus A321neo,TAP Air Portugal,landing,arrivee,550,260.8,97.0,,,,
2026-05-05,08:35:53,TAP63GL,CS-TVF,Airbus A320neo,TAP Air Portugal,landing,arrivee,600,227.4,93.1,,,,
2026-05-05,08:40:10,4d244c,9H-VVH,Boeing 737 MAX 8,Malta Air,landing,arrivee,600,275.6,89.4,,,,
2026-05-05,08:43:31,AFR35VY,F-HZUS,BD-500-1A11,Air France,landing,arrivee,575,231.5,93.3,,,,
2026-05-05,08:45:50,TRA27L,PH-HSC,Boeing 737-800,Turkish Airlines,landing,arrivee,525,274.8,93.9,,,,
2026-05-05,08:48:44,4952ca,CS-TVJ,Airbus A320neo,TAP Air Portugal,landing,arrivee,600,238.9,83.2,,,,
2026-05-05,08:52:03,TAP012,CS-TON,Airbus A330-200,TAP Air Portugal,landing,arrivee,525,252.4,99.4,,,,
2026-05-05,08:54:36,4ca97c,EI-ESV,Boeing 737-800,Ryanair,landing,arrivee,575,265.8,94.4,,,,
2026-05-05,08:57:31,49514e,CS-TJN,Airbus A321neo,TAP Air Portugal,landing,arrivee,575,254.8,95.8,,,,
2026-05-05,09:00:01,4ca6fc,EI-DYY,Boeing 737-800,Ryanair,landing,arrivee,575,265.8,82.0,,,,
2026-05-05,09:06:30,EZY16AT,G-EZOA,Airbus A320,easyJet,landing,arrivee,525,256.5,99.1,,,,
2026-05-05,09:19:15,EWG36AZ,LY-EKB,Airbus A320,Eurowings,landing,arrivee,575,244.3,92.5,,,,
2026-05-05,09:22:54,TAP3178,CS-TUB,Airbus A330-900neo,TAP Air Portugal,landing,arrivee,550,258.7,98.3,,,,
2026-05-05,09:25:34,EZY79RV,G-EZGK,Airbus A319,easyJet,landing,arrivee,550,241.5,91.1,,,,
2026-05-05,09:28:13,OBS852,CS-TCF,Airbus A330-900neo,TAP Air Portugal,landing,arrivee,575,258.9,98.9,,,,
2026-05-05,09:30:25,ACA812,C-GEGP,Airbus A330-300,Air Canada,landing,arrivee,525,252.2,93.3,,,,
2026-05-05,09:33:21,TAP66PD,CS-TVC,Airbus A320neo,TAP Air Portugal,landing,arrivee,550,242.4,95.5,,,,
2026-05-05,09:36:50,RYR088,EI-EVR,Boeing 737-800,Ryanair,landing,arrivee,550,269.7,94.8,,,,
2026-05-05,09:39:57,495214,CS-TPT,Embraer E190,TAP Air Portugal,landing,arrivee,550,247.2,79.7,,,,
2026-05-05,09:45:52,TAP216L,CS-TXD,Airbus A321neo,TAP Air Portugal,landing,arrivee,625,263.2,82.5,,,,
2026-05-05,09:48:33,THY3WE,TC-LTI,Airbus A321neo,Turkish Airlines,landing,arrivee,625,254.8,90.2,,,,
2026-05-05,09:51:17,4952cb,CS-TVK,Airbus A320neo,TAP Air Portugal,landing,arrivee,550,258.9,99.6,,,,
2026-05-05,09:54:14,BAW50P,G-TTNN,Airbus A320neo,British Airways,landing,arrivee,550,234.8,90.5,,,,
2026-05-05,09:56:53,4952a9,CS-TUI,Airbus A330-900neo,TAP Air Portugal,landing,arrivee,550,263.2,85.6,,,,
2026-05-05,09:59:36,c06a8d,C-GOJC,Airbus A321neo,Air Transat,landing,arrivee,575,243.9,77.3,,,,
2026-05-05,10:02:29,440db0,OE-IDX,Airbus A320,easyJet Europe,landing,arrivee,550,251.5,96.9,,,,
2026-05-05,10:05:09,UAL942,N37018,Boeing 777-200,United Airlines,landing,arrivee,550,273.2,94.7,,,,
2026-05-05,10:07:54,49530c,CS-TXL,Airbus A321neo,TAP Air Portugal,landing,arrivee,550,254.7,96.7,,,,
2026-05-05,10:10:46,DAL124,N403DX,Airbus A330-900neo,Delta Air Lines,landing,arrivee,550,253.2,93.3,,,,
2026-05-05,10:13:39,TAP210,CS-TUK,Airbus A330-900neo,TAP Air Portugal,landing,arrivee,575,240.8,94.0,,,,
2026-05-05,10:16:22,495308,CS-TXH,Airbus A321neo,TAP Air Portugal,landing,arrivee,575,251.5,85.3,,,,
2026-05-05,10:19:05,TAP204A,CS-TXB,Airbus A321neo,TAP Air Portugal,landing,arrivee,550,253.2,98.9,,,,
2026-05-05,10:21:37,4ca27a,EI-DHN,Boeing 737-800,Ryanair,landing,arrivee,525,265.6,92.6,,,,
2026-05-05,10:24:27,4d00dd,LX-LEC,Embraer E195-E2,,landing,arrivee,575,225.9,87.3,,,,
2026-05-05,10:26:52,RYR32KG,EI-EFJ,Boeing 737-800,Ryanair,landing,arrivee,500,255.9,94.6,,,,
2026-05-05,10:29:39,495306,CS-TXF,Airbus A321neo,TAP Air Portugal,landing,arrivee,575,226.7,88.9,,,,
2026-05-05,10:32:26,495212,CS-TPR,Embraer E190,TAP Air Portugal,landing,arrivee,550,230.0,94.1,,,,
2026-05-05,10:35:01,TAP052,CS-TXC,Airbus A321neo,TAP Air Portugal,landing,arrivee,575,254.8,95.0,,,,
2026-05-05,10:37:59,495037,CS-TAW,Embraer E195,TAP Air Portugal,landing,arrivee,550,260.0,89.8,,,,
2026-05-05,10:40:46,495148,CS-TJH,Airbus A321,TAP Air Portugal,landing,arrivee,550,252.4,89.4,,,,
2026-05-05,10:43:29,4952d2,CS-TVR,Airbus A320neo,TAP Air Portugal,landing,arrivee,575,260.8,94.0,,,,
2026-05-05,10:46:34,495277,CS-TSW,Boeing 777-200,Azul,landing,arrivee,550,252.4,95.7,,,,
2026-05-05,10:49:09,RYR98HW,EI-HET,Boeing 737 MAX 8,Ryanair,landing,arrivee,525,272.4,99.1,,,,
2026-05-05,10:51:52,TAP68JP,CS-TJE,Airbus A321,TAP Air Portugal,landing,arrivee,525,252.4,92.1,,,,
2026-05-05,10:54:37,48418d,PH-BXS,Boeing 737-900,Turkish Airlines,landing,arrivee,525,255.2,93.8,,,,
2026-05-05,10:57:41,ACA810,C-FIVR,Boeing 777-300ER,Air Canada,landing,arrivee,550,258.9,95.8,,,,
2026-05-05,11:01:50,TAP010,CS-TXG,Airbus A321neo,TAP Air Portugal,landing,arrivee,550,249.8,98.1,,,,
2026-05-05,11:04:29,AFR41GW,F-HEPH,Airbus A320,Air France,landing,arrivee,575,245.6,94.5,,,,
2026-05-05,11:07:08,BEL2DY,OO-SNK,Airbus A320,Brussels Airlines,landing,arrivee,525,256.5,96.5,,,,
2026-05-05,11:12:19,440072,OE-LSF,Airbus A320neo,easyJet Europe,landing,arrivee,550,257.2,97.8,,,,
2026-05-05,11:15:54,RZO120,CS-TSK,Airbus A320,TAP Air Portugal,landing,arrivee,550,241.5,91.6,,,,
2026-05-05,11:28:29,DLH39X,D-AIEB,Airbus A321neo,Lufthansa,landing,arrivee,525,268.2,97.3,,,,
2026-05-05,11:32:33,TAP028,CS-TUA,Airbus A330-900neo,TAP Air Portugal,landing,arrivee,575,258.9,97.4,,,,
2026-05-05,11:41:16,TAP1925,CS-TNT,Airbus A320,TAP Air Portugal,landing,arrivee,550,234.8,94.8,,,,
2026-05-05,11:43:54,VJT645,9H-ILB,Challenger 850,VistaJet,landing,arrivee,550,241.3,87.4,,,,
2026-05-05,11:46:33,TAP429,CS-TPQ,Embraer E190,TAP Air Portugal,landing,arrivee,525,231.5,96.4,,,,
2026-05-05,11:48:38,IBE05FV,EC-MXY,Airbus A320neo,Iberia,landing,arrivee,550,229.1,93.3,,,,
2026-05-05,11:51:25,TAP11WQ,CS-TJF,Airbus A321,TAP Air Portugal,landing,arrivee,550,254.8,86.3,,,,
2026-05-05,11:53:14,TAP1902,CS-TNM,Airbus A320,TAP Air Portugal,landing,arrivee,550,247.6,95.1,,,,
2026-05-05,11:55:55,AEA1153,EC-MKL,Boeing 737-800,Air Europa,landing,arrivee,550,278.0,95.1,,,,
2026-05-05,12:00:36,EJU38DF,OE-LSA,Airbus A320neo,easyJet Europe,landing,arrivee,525,264.8,99.4,,,,
2026-05-05,12:03:18,TAP1123,CS-TPZ,Embraer E190,TAP Air Portugal,landing,arrivee,525,220.8,97.4,,,,
2026-05-05,12:05:29,SIO615,I-FEDN,Falcon 2000LX,Sirio Fly SpA,approach,arrivee,550,225.9,97.1,,,,
2026-05-05,12:07:54,EJU45WZ,OE-IDO,Airbus A320,easyJet Europe,landing,arrivee,500,240.8,96.1,,,,
2026-05-05,12:16:15,e4818b,PT-MUC,Boeing 777-300ER,LATAM Airlines,landing,arrivee,575,268.2,97.0,,,,
2026-05-05,12:19:55,407930,G-TTNM,Airbus A320neo,British Airways,landing,arrivee,600,235.6,91.5,,,,
2026-05-05,12:22:46,4cadbe,EI-IGL,Boeing 737 MAX 8,Ryanair,landing,arrivee,500,268.9,96.7,,,,
2026-05-05,12:30:55,UAE3MV,A6-ENT,Boeing 777-300ER,Emirates,landing,arrivee,575,273.9,91.8,,,,
2026-05-05,12:36:51,EJU56VP,OE-IBF,Airbus A320,easyJet Europe,landing,arrivee,550,250.0,88.3,,,,
2026-05-05,12:45:20,EJU94NF,OE-LSV,Airbus A320neo,easyJet Europe,landing,arrivee,600,262.4,86.5,,,,
2026-05-05,12:50:56,EWG37V,OK-TSD,Boeing 737-800,Eurowings,landing,arrivee,550,270.0,92.2,,,,
2026-05-05,12:53:37,RZO122,CS-TSI,Airbus A321neo,TAP Air Portugal,landing,arrivee,600,273.2,94.2,,,,
2026-05-05,12:56:22,TVF46JB,F-GZHT,Boeing 737-800,Transavia France,landing,arrivee,550,281.7,96.9,,,,
2026-05-05,12:59:35,495298,CS-TTX,Embraer E195,TAP Air Portugal,landing,arrivee,550,258.4,95.4,,,,
2026-05-05,13:02:57,440ca9,OE-IZN,Airbus A320,easyJet Europe,landing,arrivee,575,240.0,94.9,,,,
2026-05-05,13:05:50,TAP1031,CS-TNS,Airbus A320,TAP Air Portugal,landing,arrivee,575,250.0,95.1,,,,
2026-05-05,13:08:57,EJU14GP,OE-IDS,Airbus A320,easyJet Europe,landing,arrivee,550,246.9,98.5,,,,
2026-05-05,13:11:46,RYR9654,9H-VUT,Boeing 737 MAX 8,Malta Air,approach,arrivee,550,266.5,99.0,,,,
2026-05-05,13:14:33,49530b,CS-TXK,Airbus A321,TAP Air Portugal,landing,arrivee,600,267.2,91.2,,,,
2026-05-05,13:17:58,TAP145W,CS-TAY,Embraer E195,TAP Air Portugal,landing,arrivee,550,254.8,96.5,,,,
2026-05-05,13:20:35,TAP110,CS-TOO,Airbus A330-200,TAP Air Portugal,landing,arrivee,575,245.6,98.1,,,,
2026-05-05,13:23:46,3c64a3,D-AIEC,Airbus A321neo,Lufthansa,landing,arrivee,600,278.9,95.3,,,,
2026-05-05,13:27:06,345116,EC-MJR,Airbus A321,Vueling,landing,arrivee,600,262.2,89.9,,,,
2026-05-05,13:30:01,LOT425,SP-LYD,Boeing 737 MAX 8,LOT Polish Airlines,landing,arrivee,575,266.5,95.0,,,,
2026-05-05,13:33:03,TAP43JD,CS-TJK,Airbus A321neo,TAP Air Portugal,landing,arrivee,550,244.3,95.6,,,,
2026-05-05,13:35:53,EJU98EV,OE-INJ,Airbus A320,easyJet Europe,landing,arrivee,600,266.5,90.6,,,,
2026-05-05,13:38:45,4b17f9,HB-JCB,C Series 300,Swiss,landing,arrivee,600,245.6,79.7,,,,
2026-05-05,13:41:14,RYR1188,EI-EVR,Boeing 737-800,Ryanair,landing,arrivee,550,266.5,93.4,,,,
2026-05-05,13:44:13,RYR85MR,9H-VVI,Boeing 737 MAX 8,Malta Air,landing,arrivee,575,270.0,96.0,,,,
2026-05-05,13:47:02,495170,CS-TKP,Airbus A320,TAP Air Portugal,landing,arrivee,625,247.6,90.1,,,,
2026-05-05,13:49:41,495150,CS-TJP,Airbus A321neo,TAP Air Portugal,landing,arrivee,650,267.6,90.8,,,,
2026-05-05,13:52:54,TAP8RT,CS-TPS,Embraer E190,TAP Air Portugal,landing,arrivee,575,230.8,94.7,,,,
2026-05-05,13:55:33,TAP641,CS-TVA,Airbus A320neo,TAP Air Portugal,landing,arrivee,575,262.4,94.0,,,,
2026-05-05,13:58:04,4b1a27,HB-JXN,Airbus A320,Austrian Airlines,landing,arrivee,550,258.0,86.8,,,,
2026-05-05,14:00:50,TAP869,CS-TNW,Airbus A320,TAP Air Portugal,landing,arrivee,575,250.8,91.3,,,,
2026-05-05,14:04:01,4952cc,CS-TVL,Airbus A320,TAP Air Portugal,landing,arrivee,575,249.8,97.9,,,,
2026-05-05,14:06:27,TAP831,CS-TNK,Airbus A320,TAP Air Portugal,landing,arrivee,625,265.4,86.5,,,,
2026-05-05,14:09:40,4952d0,CS-TVP,Airbus A320neo,TAP Air Portugal,landing,arrivee,575,257.2,95.7,,,,
2026-05-05,14:12:06,4952ae,CS-TUN,Airbus A330-900neo,TAP Air Portugal,landing,arrivee,625,263.2,87.0,,,,
2026-05-05,14:15:09,TAP67M,CS-TVG,Airbus A320neo,TAP Air Portugal,landing,arrivee,625,261.5,94.8,,,,
2026-05-05,14:18:20,4952ce,CS-TVN,Airbus A320neo,TAP Air Portugal,landing,arrivee,600,262.4,88.1,,,,
2026-05-05,14:20:57,TAP1013,CS-TTY,Embraer E195,TAP Air Portugal,landing,arrivee,575,258.0,96.1,,,,
2026-05-05,14:23:51,4868f8,PH-AXR,Airbus A321neo,KLM,landing,arrivee,625,243.2,88.0,,,,
2026-05-05,14:32:14,4952d1,CS-TVQ,Airbus A320neo,TAP Air Portugal,landing,arrivee,600,234.6,90.7,,,,
2026-05-05,14:39:37,TAP1143,CS-TPU,Embraer E190,TAP Air Portugal,landing,arrivee,575,227.4,86.0,,,,
2026-05-05,14:42:34,AFR37EQ,F-HBND,Airbus A320,Air France,landing,arrivee,550,255.6,82.7,,,,
2026-05-05,14:45:35,ae04ab,99-00102,UC-35A Citation,Unknown US,cruise,,650,0.0,89.3,,,,
2026-05-05,14:48:15,EJU41HA,OE-LUE,Airbus A320neo,easyJet Europe,landing,arrivee,600,268.0,90.1,,,,
2026-05-05,14:50:35,4ab821,SE-NAA,Boeing 737 MAX 8,,landing,arrivee,575,283.7,97.4,,,,
2026-05-05,14:53:31,SWR2BK,HB-JPE,Airbus A321neo,Swiss,approach,arrivee,675,263.9,88.9,,,,
2026-05-05,14:56:14,400dae,G-EZAJ,Airbus A319,easyJet,landing,arrivee,600,255.2,87.7,,,,
2026-05-05,14:58:49,EJU54WH,OE-IDX,Airbus A320,easyJet Europe,landing,arrivee,600,257.2,88.8,,,,
2026-05-05,15:01:40,RYR8HG,EI-EFJ,Boeing 737-800,Ryanair,landing,arrivee,575,278.9,98.6,,,,
2026-05-05,15:04:45,440cbf,OE-LSO,Airbus A320,easyJet Europe,landing,arrivee,600,273.2,93.2,,,,
2026-05-05,15:08:07,MEDIC33,26903,E390,,landing,arrivee,600,232.4,94.5,,,,
2026-05-05,15:11:14,TAP541W,CS-TPW,Embraer E190,TAP Air Portugal,landing,arrivee,550,234.3,95.2,,,,
2026-05-05,15:13:49,4952cf,CS-TVO,Airbus A320neo,TAP Air Portugal,landing,arrivee,575,258.9,92.5,,,,
2026-05-05,15:18:23,BTI8WF,YL-ABH,A220 300,Air Baltic,landing,arrivee,575,248.0,86.2,,,,
2026-05-05,15:21:03,497cde,26903,E390,,landing,arrivee,650,232.4,85.0,,,,
2026-05-05,15:23:56,4081a1,G-TTSB,Airbus A320neo,British Airways,landing,arrivee,600,254.1,92.6,,,,
2026-05-05,15:26:59,495216,CS-TPV,Embraer E190,TAP Air Portugal,landing,arrivee,525,230.8,99.5,,,,
2026-05-05,15:30:10,TAP1137,CS-TPR,Embraer E190,TAP Air Portugal,landing,arrivee,575,243.2,91.3,,,,
2026-05-05,15:32:37,3c65e2,D-AIOB,Airbus A321neo,Lufthansa,landing,arrivee,600,248.4,93.7,,,,
2026-05-05,15:35:13,49520f,CS-TPO,Embraer E190,TAP Air Portugal,landing,arrivee,625,253.2,91.0,,,,
2026-05-05,15:38:19,4952a2,CS-TUB,Airbus A330-900neo,TAP Air Portugal,landing,arrivee,600,254.1,93.9,,,,
2026-05-05,15:42:40,9HGMF,9H-GVA,GL5T,,descending,arrivee,550,58.2,72.2,,,,
2026-05-05,15:45:13,ASL53X,YU-APT,Airbus A320,Air Serbia,landing,arrivee,575,247.2,93.3,,,,
2026-05-05,15:47:36,VLG7PA,EC-MES,Airbus A320,Vueling,landing,arrivee,550,268.9,98.6,,,,
2026-05-05,15:50:10,THY4GH,TC-JOG,Airbus A330-300,Turkish Airlines,landing,arrivee,575,245.6,88.4,,,,
2026-05-05,15:52:37,CNV6104,900531,C-26D Metro,Unknown US,landing,arrivee,675,253.0,76.0,,,,
2026-05-05,15:56:12,TAP83RS,CS-TNQ,Airbus A320,TAP Air Portugal,landing,arrivee,600,263.2,97.6,,,,
2026-05-05,15:58:51,FIN96W,OH-LZK,Airbus A321,Finnair,landing,arrivee,525,273.2,96.1,,,,
2026-05-05,16:00:56,4952c8,CS-TVH,Airbus A320neo,TAP Air Portugal,landing,arrivee,600,255.6,96.8,,,,
2026-05-05,16:03:27,EZY46AK,G-UZLW,Airbus A320,easyJet,landing,arrivee,575,265.6,86.7,,,,
2026-05-05,16:05:30,495292,CS-TTR,Airbus A319,TAP Air Portugal,approach,arrivee,650,242.4,89.2,,,,
2026-05-05,16:08:17,AEA12AT,EC-LPR,Boeing 737-800,Air Europa,landing,arrivee,550,270.9,97.9,,,,
2026-05-05,16:10:24,TAP669,CS-TXE,Airbus A321neo,TAP Air Portugal,landing,arrivee,550,261.5,92.7,,,,
2026-05-05,16:13:23,TAP10NL,CS-TVK,Airbus A320neo,TAP Air Portugal,landing,arrivee,550,267.2,96.1,,,,
2026-05-05,16:15:00,TAP433,CS-TXI,Airbus A321neo,TAP Air Portugal,landing,arrivee,550,259.7,98.1,,,,
2026-05-05,16:17:31,TAP31DB,CS-TNJ,Airbus A320,TAP Air Portugal,approach,arrivee,550,258.4,96.1,,,,
2026-05-05,16:20:14,RTV3S,,,,landing,arrivee,625,266.3,86.6,,,,
2026-05-05,16:25:29,RYR59QQ,EI-ESV,Boeing 737-800,Ryanair,landing,arrivee,500,273.2,95.4,,,,
2026-05-05,16:27:59,e8046f,CC-BGT,Boeing 787-9,LATAM Airlines,landing,arrivee,575,282.1,94.1,,,,
2026-05-05,16:30:58,46b8b4,SX-NET,Airbus A320neo,Aegean Airlines,landing,arrivee,600,249.8,84.3,,,,
2026-05-05,16:33:35,49514f,CS-TJO,Airbus A321neo,TAP Air Portugal,landing,arrivee,650,241.5,89.2,,,,
2026-05-05,16:36:10,4952ca,CS-TVJ,Airbus A320neo,TAP Air Portugal,landing,arrivee,650,260.8,93.4,,,,
2026-05-05,16:38:59,49514a,CS-TJJ,Airbus A321neo,TAP Air Portugal,landing,arrivee,600,264.8,92.6,,,,
2026-05-05,16:41:57,34530d,EC-MNQ,Bombardier CRJ-1000,Air Nostrum,landing,arrivee,675,251.3,83.2,,,,
2026-05-05,16:44:46,495211,CS-TPQ,Embraer E190,TAP Air Portugal,landing,arrivee,625,239.1,89.5,,,,
2026-05-05,16:52:16,RYR17FY,EI-ENL,Boeing 737-800,Ryanair,landing,arrivee,575,267.2,97.0,,,,
2026-05-05,16:54:59,4ca625,EI-DWY,Boeing 737-800,Ryanair,landing,arrivee,600,258.9,85.5,,,,
2026-05-05,16:57:46,TAP1824,CS-TJN,Airbus A321neo,TAP Air Portugal,landing,arrivee,650,264.8,92.7,,,,
2026-05-05,17:01:43,495306,CS-TXF,Airbus A321neo,TAP Air Portugal,landing,arrivee,600,247.6,98.6,,,,
2026-05-05,17:04:58,RYR67UV,9H-QBD,Boeing 737-800,Malta Air,landing,arrivee,575,278.9,92.2,,,,
2026-05-05,17:07:49,4d24ca,9H-VVI,Boeing 737 MAX 8,Malta Air,landing,arrivee,575,276.5,95.3,,,,
2026-05-05,17:11:26,343046,EC-KLB,Airbus A320,Vueling,landing,arrivee,575,252.4,92.8,,,,
2026-05-05,17:16:04,3d42e5,,,,landing,arrivee,625,249.1,87.9,,,,
2026-05-05,17:21:46,440cf8,OE-IBF,Airbus A320,easyJet Europe,landing,arrivee,625,257.1,83.7,,,,
2026-05-05,17:24:15,48c2a4,SP-RZE,Boeing 737 MAX 8,Buzz,landing,arrivee,575,274.5,92.1,,,,
2026-05-05,17:27:18,EWG25P,D-AIDV,Airbus A321,Eurowings,landing,arrivee,575,268.9,95.2,,,,
2026-05-05,17:32:25,SWR36K,YL-ABK,A220-300,Swiss,landing,arrivee,600,250.8,90.2,,,,
2026-05-05,17:36:20,SVA7104,HZ-MF1,Boeing 737-700,Saudi Ministry of Finance,landing,arrivee,575,242.4,94.9,,,,
2026-05-05,17:39:13,4952cd,CS-TVM,Airbus A320neo,TAP Air Portugal,landing,arrivee,650,236.7,87.3,,,,
2026-05-05,17:42:12,BAW506,G-TNEI,Airbus A321neo,British Airways,landing,arrivee,575,242.4,93.3,,,,
2026-05-05,17:45:08,495219,CS-TPY,Embraer E190,TAP Air Portugal,landing,arrivee,625,225.0,87.0,,,,
2026-05-05,17:47:34,0200ea,CN-RGG,Boeing 737-800,Royal Air Maroc,landing,arrivee,575,272.1,88.4,,,,
2026-05-05,17:50:45,4d23a4,9H-GKK,Airbus A320,Eurowings,landing,arrivee,650,246.7,83.7,,,,
2026-05-05,17:56:22,TAP643,CS-TVF,Airbus A320neo,TAP Air Portugal,landing,arrivee,575,254.8,99.3,,,,
2026-05-05,17:58:49,3991e9,F-HEPJ,Airbus A320,Air France,cruise,,650,0.0,91.0,,,,
2026-05-05,18:02:09,4401e4,OE-LQD,Airbus A319,easyJet Europe,landing,arrivee,600,243.0,85.4,,,,
2026-05-05,18:04:54,EJU57QA,OE-LSA,Airbus A320neo,easyJet Europe,landing,arrivee,600,254.8,87.7,,,,
2026-05-05,18:07:41,400e14,G-EZAV,Airbus A319,easyJet,landing,arrivee,575,232.4,93.6,,,,
2026-05-05,18:10:12,495149,CS-TJI,Airbus A321neo,TAP Air Portugal,landing,arrivee,675,261.5,83.0,,,,
2026-05-05,18:12:48,TAP298,CS-TUS,Airbus A330-900neo,TAP Air Portugal,landing,arrivee,650,259.7,92.3,,,,
2026-05-05,18:15:45,49526b,CS-TSK,Airbus A320,TAP Air Portugal,landing,arrivee,625,251.5,95.8,,,,
2026-05-05,18:18:18,73806f,4X-EKL,Boeing 737-800,El Al,landing,arrivee,575,278.0,94.5,,,,
2026-05-05,18:20:55,TVF46GH,F-HTVQ,Boeing 737-800,Transavia France,landing,arrivee,600,264.1,91.5,,,,
2026-05-05,18:23:42,EZY47LC,G-EZTJ,Airbus A320,easyJet,landing,arrivee,600,249.1,92.2,,,,
2026-05-05,18:26:25,TAP435,CS-TJH,Airbus A321,TAP Air Portugal,landing,arrivee,600,252.4,99.0,,,,
2026-05-05,18:28:52,4cae66,EI-IJR,Boeing 737 MAX 8,Ryanair,landing,arrivee,625,276.5,90.6,,,,
2026-05-05,18:31:55,495039,CS-TAY,Embraer E195,TAP Air Portugal,landing,arrivee,600,246.3,88.7,,,,
2026-05-05,18:34:30,48c2a5,SP-RZF,Boeing 737 MAX 8,Buzz,landing,arrivee,600,270.4,97.0,,,,
2026-05-05,18:44:11,BEL2DT,OO-SNB,Airbus A320,Brussels Airlines,landing,arrivee,575,244.3,98.3,,,,
2026-05-05,18:46:46,TAP1862,CS-TJL,Airbus A321neo,TAP Air Portugal,landing,arrivee,625,264.1,92.1,,,,
2026-05-05,18:51:41,495217,CS-TPW,Embraer E190,TAP Air Portugal,landing,arrivee,575,225.0,99.8,,,,
2026-05-05,18:54:22,TAY2MN,OE-LVC,Boeing 737-800,Iberia,landing,arrivee,550,248.4,96.6,,,,
2026-05-05,18:56:25,TAP35BL,CS-TNM,Airbus A320,TAP Air Portugal,landing,arrivee,575,260.8,95.9,,,,
2026-05-05,18:59:08,4cadbe,EI-IGL,Boeing 737 MAX 8,Ryanair,landing,arrivee,575,260.8,99.1,,,,
2026-05-05,19:01:56,TVF90KW,F-GZHI,Boeing 737-800,Transavia France,landing,arrivee,525,268.0,92.6,,,,
2026-05-05,19:03:57,TAP1455,CS-TNK,Airbus A320,TAP Air Portugal,landing,arrivee,550,256.5,98.1,,,,
2026-05-05,19:06:14,TAP1337,CS-TNT,Airbus A320,TAP Air Portugal,landing,arrivee,575,250.0,95.1,,,,
2026-05-05,19:08:09,4866de,PH-YHY,Airbus A321neo,Transavia,cruise,,675,0.0,85.5,,,,
2026-05-05,19:10:52,TAP1931,CS-TVO,Airbus A320neo,TAP Air Portugal,landing,arrivee,600,253.2,99.9,,,,
2026-05-05,19:13:53,49514d,CS-TJM,Airbus A321neo,TAP Air Portugal,landing,arrivee,650,243.2,90.8,,,,
2026-05-05,19:16:32,34750f,EC-OBP,Boeing 737-800,Air Europa,landing,arrivee,600,256.5,96.9,,,,
2026-05-05,19:18:53,9HGME,9H-IRI,C56X,,approach,arrivee,800,170.8,92.6,,,,
2026-05-05,19:24:12,44046d,OE-ICI,Airbus A320,Iberia,landing,arrivee,650,252.4,85.2,,,,
2026-05-05,19:27:21,TAP1065,CS-TPS,Embraer E190,TAP Air Portugal,landing,arrivee,550,234.3,98.1,,,,
2026-05-05,19:29:41,4867c1,PH-AXF,Airbus A321neo,KLM,landing,arrivee,675,258.4,90.7,,,,
2026-05-05,19:35:09,407e5f,G-EJCA,Airbus A320,easyJet,landing,arrivee,600,253.2,93.1,,,,
2026-05-05,19:37:46,4ca813,EI-EKT,Boeing 737-800,Ryanair,landing,arrivee,625,263.2,87.2,,,,
2026-05-05,19:40:55,WZZ477,9H-WBR,Airbus A321neo,Wizz Air,landing,arrivee,575,230.6,95.6,,,,
2026-05-05,19:43:23,495145,CS-TJE,Airbus A321,TAP Air Portugal,cruise,,700,0.0,76.0,,,,
2026-05-05,19:46:14,TAP543W,CS-TTW,Embraer E195,TAP Air Portugal,landing,arrivee,600,222.6,96.0,,,,
2026-05-05,19:49:22,4952c3,CS-TVC,Airbus A320neo,TAP Air Portugal,landing,arrivee,600,242.4,96.3,,,,
2026-05-05,19:51:59,4952c9,CS-TVI,Airbus A320neo,TAP Air Portugal,landing,arrivee,575,238.4,90.9,,,,
2026-05-05,19:59:16,TAP563,CS-TNX,Airbus A320,TAP Air Portugal,landing,arrivee,625,229.5,88.0,,,,
2026-05-05,20:02:02,TAP69UX,CS-TNR,Airbus A320,TAP Air Portugal,landing,arrivee,575,245.6,89.6,,,,
2026-05-05,20:05:21,49521a,CS-TPZ,Embraer E190,TAP Air Portugal,landing,arrivee,625,207.4,81.7,,,,
2026-05-05,20:08:30,NJE620M,CS-LTC,Citation Latitude,NetJets,landing,arrivee,675,186.7,67.4,,,,
2026-05-05,20:11:35,UAE5M,A6-EPA,Boeing 777-300ER,Emirates,landing,arrivee,625,250.8,96.2,,,,
2026-05-05,20:14:12,TAP835,CS-TJF,Airbus A321,TAP Air Portugal,landing,arrivee,625,246.7,87.8,,,,
2026-05-05,20:18:25,RYR14SC,EI-ILG,Boeing 737 MAX 8,Ryanair,landing,arrivee,600,268.0,95.8,,,,
2026-05-05,20:21:34,DTA652,D2-TEK,Boeing 777-300ER,TAAG Angola Airlines,landing,arrivee,625,253.2,95.7,,,,
2026-05-05,20:24:23,4ca8e6,EI-ENT,Boeing 737-800,Ryanair,landing,arrivee,625,249.1,91.0,,,,
2026-05-05,20:27:19,IBE0537,EC-NEA,Airbus A320neo,Iberia,landing,arrivee,625,228.2,88.8,,,,
2026-05-05,20:30:22,49520f,CS-TPO,Embraer E190,TAP Air Portugal,landing,arrivee,625,225.0,92.6,,,,
2026-05-05,20:31:53,9HGME,9H-IRI,C56X,,cruise,,750,218.9,87.7,,,,
2026-05-05,20:36:46,4951d3,CS-TNS,Airbus A320,TAP Air Portugal,landing,arrivee,600,238.4,91.8,,,,
2026-05-05,20:39:37,WMT537,9H-WMF,Airbus A321neo,Lauda Europe,landing,arrivee,575,249.1,97.6,,,,
2026-05-05,20:42:17,RYR65MU,EI-ENT,Boeing 737-800,Ryanair,landing,arrivee,600,254.8,91.9,,,,
2026-05-05,20:45:03,4952d2,CS-TVR,Airbus A320neo,TAP Air Portugal,landing,arrivee,625,246.7,93.3,,,,
2026-05-05,20:48:07,495037,CS-TAW,Embraer E195,TAP Air Portugal,landing,arrivee,550,227.4,95.1,,,,
2026-05-05,20:50:43,4ca811,EI-EKR,Boeing 737-800,Ryanair,landing,arrivee,575,257.6,94.7,,,,
2026-05-05,20:53:32,VLG14YF,EC-MKN,Airbus A320,Vueling,landing,arrivee,675,243.9,79.5,,,,
2026-05-05,20:56:45,ac15a1,N878SC,Global 6000,Unknown US,landing,arrivee,675,202.6,67.6,,,,
2026-05-05,20:59:28,4d2287,9H-QDO,Boeing 737-800,Malta Air,landing,arrivee,625,260.0,85.8,,,,
2026-05-05,21:02:25,RYR8AT,EI-EFH,Boeing 737-800,Ryanair,landing,arrivee,575,250.8,94.9,,,,
2026-05-05,21:05:38,PGT1741,TC-NCT,Airbus A320neo,Pegasus,landing,arrivee,525,233.2,99.5,,,,
2026-05-05,21:08:09,738061,4X-EKT,Boeing 737-800,El Al,landing,arrivee,575,259.7,94.8,,,,
2026-05-05,21:10:53,4ca702,EI-EBE,Boeing 737-800,Ryanair,landing,arrivee,575,255.6,96.0,,,,
2026-05-05,21:13:43,440da5,OE-IDS,Airbus A320,easyJet Europe,landing,arrivee,575,230.8,98.5,,,,
2026-05-05,21:16:38,4952ce,CS-TVN,Airbus A320neo,TAP Air Portugal,landing,arrivee,625,219.1,88.0,,,,
2026-05-05,21:19:31,EJU76LX,OE-LSF,Airbus A320neo,easyJet Europe,landing,arrivee,550,228.4,92.3,,,,
2026-05-05,21:22:18,4ca5c8,EI-DVE,Airbus A320,Aer Lingus,landing,arrivee,600,241.5,94.9,,,,
2026-05-05,21:25:06,TAP57W,CS-TXG,Airbus A321neo,TAP Air Portugal,landing,arrivee,625,252.4,87.4,,,,
2026-05-05,21:29:29,497cde,26903,E390,,landing,arrivee,675,207.4,89.2,,,,
2026-05-05,21:31:54,EWG6TR,9H-EUR,Airbus A320,Eurowings,landing,arrivee,650,246.7,78.5,,,,
2026-05-05,21:34:42,49514b,CS-TJK,Airbus A321neo,TAP Air Portugal,landing,arrivee,625,254.1,85.2,,,,
2026-05-05,21:37:51,TAP827V,CS-TJP,Airbus A321neo,TAP Air Portugal,landing,arrivee,550,233.0,98.9,,,,
2026-05-05,21:40:28,495170,CS-TKP,Airbus A320,TAP Air Portugal,landing,arrivee,625,249.1,75.7,,,,
2026-05-05,21:45:35,4951ce,CS-TNN,Airbus A320,TAP Air Portugal,landing,arrivee,575,231.9,92.4,,,,
2026-05-05,21:48:11,RYR20EE,9H-QBT,Boeing 737-800,Malta Air,landing,arrivee,600,251.5,79.0,,,,
2026-05-05,21:51:28,4952c2,CS-TVB,Airbus A320neo,TAP Air Portugal,landing,arrivee,600,226.7,98.3,,,,
2026-05-05,21:54:13,3c6751,D-AIZQ,Airbus A320,Lufthansa,landing,arrivee,600,253.2,89.0,,,,
2026-05-05,21:57:48,4caa57,EI-EVR,Boeing 737-800,Ryanair,landing,arrivee,550,261.5,94.1,,,,
2026-05-05,22:01:00,495153,CS-TJS,Airbus A321neo,TAP Air Portugal,landing,arrivee,625,251.5,88.8,,,,
2026-05-05,22:03:47,4951d5,CS-TNU,Airbus A320,TAP Air Portugal,landing,arrivee,625,233.5,84.8,,,,
2026-05-05,22:06:43,RYR9QJ,9H-QEE,Boeing 737-800,Malta Air,landing,arrivee,600,258.9,89.7,,,,
2026-05-05,22:09:22,TAP783,EC-OCT,Airbus A321,TAP Air Portugal,landing,arrivee,600,251.5,84.2,,,,
2026-05-05,22:12:45,495039,CS-TAY,Embraer E195,TAP Air Portugal,landing,arrivee,575,227.6,85.8,,,,
2026-05-05,22:15:38,EJU15PC,OE-IDO,Airbus A320,easyJet Europe,landing,arrivee,600,239.8,90.8,,,,
2026-05-05,22:21:18,39cea1,F-HTVB,Boeing 737-800,Transavia France,landing,arrivee,625,248.7,86.0,,,,
2026-05-05,22:23:37,TAP1325,CS-TTY,Embraer E195,TAP Air Portugal,landing,arrivee,550,242.4,98.6,,,,
2026-05-05,22:26:38,4d211c,9H-IRI,C56X,,descending,arrivee,525,75.6,66.2,,,,
2026-05-05,22:31:56,4952c7,CS-TVG,Airbus A320neo,TAP Air Portugal,landing,arrivee,600,229.8,93.6,,,,
2026-05-05,22:34:43,DLH64P,D-AIDW,Airbus A321,Lufthansa,landing,arrivee,575,254.8,91.5,,,,
2026-05-05,22:37:40,4951d7,CS-TNW,Airbus A320,TAP Air Portugal,landing,arrivee,625,240.0,92.3,,,,
2026-05-05,22:39:48,495211,CS-TPQ,Embraer E190,TAP Air Portugal,landing,arrivee,600,210.8,96.4,,,,
2026-05-05,22:42:14,TAP837,CS-TVP,Airbus A320neo,TAP Air Portugal,landing,arrivee,600,241.7,90.5,,,,
2026-05-05,22:44:19,EJU36BG,OE-LSO,Airbus A320,easyJet Europe,landing,arrivee,625,249.8,70.6,,,,
2026-05-05,22:47:16,RYR3952,EI-EFJ,Boeing 737-800,Ryanair,landing,arrivee,575,254.8,95.6,,,,
2026-05-05,22:50:35,46b826,SX-NAF,Airbus A321neo,Aegean Airlines,landing,arrivee,600,226.7,82.3,,,,
2026-05-05,22:53:26,4868f8,PH-AXR,Airbus A321neo,KLM,landing,arrivee,675,241.5,88.5,,,,
2026-05-05,22:56:48,BAW508,G-TTNK,Airbus A320neo,British Airways,approach,arrivee,600,211.9,90.6,,,,
2026-05-05,22:59:31,495267,CS-TSG,Airbus A321neo,TAP Air Portugal,landing,arrivee,650,247.2,80.8,,,,
2026-05-05,23:02:22,EJU64TB,OE-LUE,Airbus A320neo,easyJet Europe,landing,arrivee,600,248.4,91.5,,,,
2026-05-05,23:05:17,EJU69VE,OE-LSA,Airbus A320neo,easyJet Europe,approach,arrivee,625,219.8,87.6,,,,
2026-05-05,23:08:02,EJU32WQ,OE-LSV,Airbus A320neo,easyJet Europe,landing,arrivee,650,231.5,81.3,,,,
2026-05-05,23:10:53,3475d5,EC-OCS,Airbus A320,Iberia,landing,arrivee,625,226.7,86.8,,,,
2026-05-05,23:13:25,3c666c,D-AISL,Airbus A321,Lufthansa,landing,arrivee,625,265.6,84.2,,,,
2026-05-05,23:15:44,TAP43RY,CS-TVH,Airbus A320neo,TAP Air Portugal,landing,arrivee,625,234.8,88.9,,,,
2026-05-05,23:17:39,495292,CS-TTR,Airbus A319,TAP Air Portugal,landing,arrivee,625,219.1,79.7,,,,
2026-05-05,23:19:38,EJU7690,OE-IDX,Airbus A320,easyJet Europe,landing,arrivee,600,224.3,89.5,,,,
2026-05-05,23:21:43,4b181a,HB-JDI,Airbus A320neo,Swiss,landing,arrivee,600,231.5,85.1,,,,
2026-05-05,23:23:45,4951d6,CS-TNV,Airbus A320,TAP Air Portugal,landing,arrivee,650,219.1,71.8,,,,
2026-05-05,23:26:36,4952c1,CS-TVA,Airbus A320neo,TAP Air Portugal,landing,arrivee,625,239.8,98.1,,,,
2026-05-05,23:28:31,THY2ES,TC-LPU,Airbus A321neo,Turkish Airlines,landing,arrivee,625,241.7,87.7,,,,
2026-05-05,23:30:26,TVF47RH,F-HTVD,Boeing 737-800,Transavia France,landing,arrivee,600,272.8,93.5,,,,
2026-05-05,23:32:35,393323,F-GMZD,Airbus A321,Air France,landing,arrivee,575,252.4,92.0,,,,
2026-05-05,23:38:22,EJU74EP,OE-IBF,Airbus A320,easyJet Europe,landing,arrivee,575,252.2,94.2,,,,
2026-05-05,23:39:53,9HGME,9H-IRI,C56X,,climb,depart,800,168.2,81.0,,,,
2026-05-05,23:47:06,RYR384,EI-IGL,Boeing 737 MAX 8,Ryanair,landing,arrivee,600,263.4,86.5,,,,
2026-05-06,00:16:13,495298,CS-TTX,Embraer E195,TAP Air Portugal,approach,arrivee,575,260.0,98.8,,,,
2026-05-06,00:32:49,49514a,CS-TJJ,Airbus A321neo,TAP Air Portugal,landing,arrivee,625,269.7,95.1,,,,
2026-05-06,00:43:40,49514c,CS-TJL,Airbus A321neo,TAP Air Portugal,landing,arrivee,625,258.0,82.5,,,,
2026-05-06,00:45:52,RYR16GW,9H-VVI,Boeing 737 MAX 8,Malta Air,landing,arrivee,625,262.2,93.4,,,,
2026-05-06,01:02:59,49526b,CS-TSK,Airbus A320,TAP Air Portugal,landing,arrivee,650,250.4,88.9,,,,
2026-05-06,02:03:31,TAP1692,CS-TPT,Embraer E190,TAP Air Portugal,landing,arrivee,600,231.5,97.5,,,,
2026-05-06,03:41:57,4cac97,EI-TCN,DA 62,Flight Calibration Services Europe Limited,landing,arrivee,725,150.4,66.6,,,,
2026-05-06,04:20:41,4952ac,CS-TUL,Airbus A330-900neo,TAP Air Portugal,cruise,,700,248.2,85.3,,,,
2026-05-06,04:24:26,4952a5,CS-TUE,Airbus A330-900neo,TAP Air Portugal,landing,arrivee,650,258.0,97.7,,,,
2026-05-06,04:50:47,TAP232Y,CS-TXL,Airbus A321neo,TAP Air Portugal,landing,arrivee,625,258.4,98.5,,,,
2026-05-06,04:53:14,495308,CS-TXH,Airbus A321neo,TAP Air Portugal,landing,arrivee,700,244.8,83.8,,,,
2026-05-06,04:59:59,TAP218,CS-TXB,Airbus A321neo,TAP Air Portugal,landing,arrivee,675,267.2,93.8,,,,
2026-05-06,05:03:58,TAP224,CS-TUH,Airbus A330-900neo,TAP Air Portugal,landing,arrivee,650,251.5,93.0,,,,
2026-05-06,05:51:28,4951d3,CS-TNS,Airbus A320,TAP Air Portugal,landing,arrivee,675,244.8,91.7,,,,
2026-05-06,05:56:07,4952c9,CS-TVI,Airbus A320neo,TAP Air Portugal,landing,arrivee,650,244.8,92.7,,,,
2026-05-06,05:59:07,TAP1544,CS-TVO,Airbus A320neo,TAP Air Portugal,landing,arrivee,625,251.5,99.9,,,,
2026-05-06,06:01:58,495037,CS-TAW,Embraer E195,TAP Air Portugal,landing,arrivee,650,255.6,87.6,,,,
2026-05-06,06:04:51,TAP104,CS-TUG,Airbus A330-900neo,TAP Air Portugal,landing,arrivee,700,253.2,96.1,,,,
2026-05-06,06:08:17,TAP258,CS-TXJ,Airbus A321neo,TAP Air Portugal,landing,arrivee,725,237.4,83.2,,,,
2026-05-06,06:11:43,c06a7f,C-GOIO,Airbus A321neo,Air Transat,landing,arrivee,700,244.8,86.4,,,,
2026-05-06,06:22:23,440caf,OE-LVC,Boeing 737-800,Iberia,landing,arrivee,675,257.2,98.3,,,,
2026-05-06,06:26:01,495297,CS-TTW,Embraer E195,TAP Air Portugal,landing,arrivee,675,232.2,91.1,,,,
2026-05-06,06:28:24,RYR8AT,EI-DWE,Boeing 737-800,Ryanair,landing,arrivee,625,257.2,95.1,,,,
2026-05-06,06:31:01,e48df6,PT-MUI,Boeing 777-300ER,LATAM Airlines,landing,arrivee,675,273.9,94.6,,,,
2026-05-06,06:34:22,4950e4,CS-TGD,Airbus A330-200,Azul,landing,arrivee,625,248.4,97.3,,,,
2026-05-06,06:43:25,TAP8RL,CS-TJH,Airbus A321,TAP Air Portugal,landing,arrivee,625,241.7,85.8,,,,
2026-05-06,06:46:21,4951d5,CS-TNU,Airbus A320,TAP Air Portugal,landing,arrivee,675,240.8,84.8,,,,
2026-05-06,06:52:52,4952ce,CS-TVN,Airbus A320neo,TAP Air Portugal,landing,arrivee,650,234.8,96.8,,,,
2026-05-06,06:55:39,AEA1159,EC-MKL,Boeing 737-800,Air Europa,landing,arrivee,675,264.8,93.5,,,,
2026-05-06,07:01:42,TAP1139,CS-TPS,Embraer E190,TAP Air Portugal,landing,arrivee,650,218.4,89.4,,,,
2026-05-06,07:05:13,4952d1,CS-TVQ,Airbus A320neo,TAP Air Portugal,cruise,,725,0.0,79.2,,,,
2026-05-06,07:12:00,45ce4e,OY-SRN,767 219ERBDSF,Star Air,landing,arrivee,650,220.8,94.1,,,,
2026-05-06,07:22:15,IBE05TR,EC-NTA,Airbus A320neo,Iberia,landing,arrivee,675,249.1,91.1,,,,
2026-05-06,07:24:50,EZS79YP,HB-JXO,Airbus A320,Austrian Airlines,landing,arrivee,700,244.6,71.2,,,,
2026-05-06,07:29:03,TAP98CX,CS-TJE,Airbus A321,TAP Air Portugal,landing,arrivee,600,263.2,97.1,,,,
2026-05-06,07:32:23,4952cc,CS-TVL,Airbus A320,TAP Air Portugal,landing,arrivee,650,229.1,91.1,,,,
2026-05-06,07:35:09,N677T,N677T,GLF6,Unknown US,landing,arrivee,600,221.5,98.1,,,,
2026-05-06,07:37:07,TAP647,CS-TNK,Airbus A320,TAP Air Portugal,landing,arrivee,625,232.4,97.0,,,,
2026-05-06,07:40:00,4952c3,CS-TVC,Airbus A320neo,TAP Air Portugal,landing,arrivee,725,227.4,81.5,,,,
2026-05-06,07:42:37,TAP1939,CS-TPZ,Embraer E190,TAP Air Portugal,landing,arrivee,625,226.7,97.0,,,,
2026-05-06,07:45:54,a05626,N12003,Boeing 787-10,United Airlines,landing,arrivee,700,267.2,89.2,,,,
2026-05-06,07:49:36,49514f,CS-TJO,Airbus A321neo,TAP Air Portugal,landing,arrivee,725,237.4,77.5,,,,
2026-05-06,07:52:25,RYR63TC,9H-QAH,Boeing 737-800,Malta Air,landing,arrivee,600,260.4,93.3,,,,
2026-05-06,07:55:40,DAL272,N432DX,Airbus A330-900neo,Delta Air Lines,landing,arrivee,675,253.5,94.7,,,,
2026-05-06,07:58:21,8964c2,A6-BLR,Boeing 787-9,Etihad Airways,landing,arrivee,625,273.2,80.7,,,,
2026-05-06,08:01:10,TAP1023,CS-TNR,Airbus A320,TAP Air Portugal,landing,arrivee,600,253.2,99.5,,,,
2026-05-06,08:04:04,0900f0,D2-TEJ,Boeing 777-300ER,TAAG Angola Airlines,landing,arrivee,675,257.2,93.4,,,,
2026-05-06,08:07:11,BCS2FC,D-AEAL,A300 B4-622RF,Lufthansa,landing,arrivee,675,240.0,98.1,,,,
2026-05-06,08:09:50,TAP9RH,CS-TNJ,Airbus A320,TAP Air Portugal,landing,arrivee,650,251.7,91.9,,,,
2026-05-06,08:13:04,TAP557H,CS-TJN,Airbus A321neo,TAP Air Portugal,landing,arrivee,650,252.4,88.8,,,,
2026-05-06,08:16:51,495304,CS-TXD,Airbus A321neo,TAP Air Portugal,landing,arrivee,675,260.8,92.3,,,,
2026-05-06,08:19:34,AAL258,N833AA,Boeing 787-9,American Airlines,landing,arrivee,650,267.2,95.5,,,,
2026-05-06,08:22:23,EWG25P,D-AIDV,Airbus A321,Eurowings,landing,arrivee,625,267.2,98.0,,,,
2026-05-06,08:25:14,345212,EC-MLM,Airbus A321,Vueling,landing,arrivee,650,253.5,89.7,,,,
2026-05-06,08:28:15,44083c,OE-IJQ,Airbus A320,easyJet Europe,landing,arrivee,700,246.7,93.2,,,,
2026-05-06,08:31:18,495149,CS-TJI,Airbus A321neo,TAP Air Portugal,landing,arrivee,675,237.4,91.6,,,,
2026-05-06,08:33:59,3985a4,F-HBNE,Airbus A320,Air France,landing,arrivee,650,241.5,99.8,,,,
2026-05-06,08:39:46,4952cb,CS-TVK,Airbus A320neo,TAP Air Portugal,landing,arrivee,675,260.8,93.7,,,,
2026-05-06,08:46:10,TRA9H,PH-HSA,Boeing 737-800,Turkish Airlines,landing,arrivee,575,281.3,96.8,,,,
2026-05-06,08:50:25,4cadbe,EI-IGL,Boeing 737 MAX 8,Ryanair,landing,arrivee,625,275.6,90.4,,,,
2026-05-06,08:54:18,TAP443,CS-TVF,Airbus A320neo,TAP Air Portugal,landing,arrivee,650,260.8,97.6,,,,
2026-05-06,09:01:13,ACA812,C-GFAJ,Airbus A330-300,Air Canada,landing,arrivee,625,247.2,99.5,,,,
2026-05-06,09:03:44,RYR9654,9H-VUP,Boeing 737 MAX 8,Malta Air,landing,arrivee,625,270.4,96.8,,,,
2026-05-06,09:06:37,RYR3RB,9H-QFE,Boeing 737-800,Malta Air,landing,arrivee,600,283.0,94.6,,,,
2026-05-06,09:10:52,TAP072,CS-TUP,Airbus A330-900neo,TAP Air Portugal,landing,arrivee,625,250.8,97.8,,,,
2026-05-06,09:24:20,TRA27L,PH-HBL,Boeing 737-800,Transavia,landing,arrivee,675,275.6,95.4,,,,
2026-05-06,09:27:06,EZY79RV,G-EZFV,Airbus A319,easyJet,landing,arrivee,650,243.2,90.1,,,,
2026-05-06,09:29:53,BAW50P,G-NEOW,Airbus A321neo,British Airways,landing,arrivee,700,237.4,86.9,,,,
2026-05-06,09:35:50,49514d,CS-TJM,Airbus A321neo,TAP Air Portugal,landing,arrivee,650,256.5,92.2,,,,
2026-05-06,09:38:45,4951ee,CS-TON,Airbus A330-200,TAP Air Portugal,landing,arrivee,625,260.0,98.4,,,,
2026-05-06,09:44:46,4bb276,TC-LSV,Airbus A321neo,Turkish Airlines,cruise,,725,0.0,77.7,,,,
2026-05-06,09:47:16,4951ef,CS-TOO,Airbus A330-200,TAP Air Portugal,cruise,,650,0.0,94.2,,,,
2026-05-06,09:49:56,TAP210,CS-TUA,Airbus A330-900neo,TAP Air Portugal,landing,arrivee,650,247.2,86.5,,,,
2026-05-06,09:52:36,4d225f,9H-QDR,Boeing 737-800,Malta Air,landing,arrivee,625,274.8,94.0,,,,
2026-05-06,09:55:41,4952ca,CS-TVJ,Airbus A320neo,TAP Air Portugal,landing,arrivee,675,266.3,96.5,,,,
2026-05-06,09:58:31,4952a6,CS-TUF,Airbus A330-900neo,TAP Air Portugal,landing,arrivee,650,247.2,96.2,,,,
2026-05-06,10:01:33,495217,CS-TPW,Embraer E190,TAP Air Portugal,landing,arrivee,650,242.2,97.7,,,,
2026-05-06,10:04:11,AEE2PT,SX-NAS,Airbus A321neo,Aegean Airlines,landing,arrivee,700,253.2,92.0,,,,
2026-05-06,10:07:12,EJU97VT,OE-LSO,Airbus A320,easyJet Europe,landing,arrivee,650,236.7,93.5,,,,
2026-05-06,10:12:19,EJU69VE,OE-IBF,Airbus A320,easyJet Europe,landing,arrivee,650,261.5,91.5,,,,
2026-05-06,10:17:53,4caa57,EI-EVR,Boeing 737-800,Ryanair,landing,arrivee,650,263.4,92.8,,,,
2026-05-06,10:25:00,495305,CS-TXE,Airbus A321neo,TAP Air Portugal,landing,arrivee,600,260.8,98.1,,,,
2026-05-06,10:27:41,c01723,C-FITU,Boeing 777-300ER,Air Canada,landing,arrivee,650,267.2,91.2,,,,
2026-05-06,10:31:05,UAL942,N783UA,Boeing 777-200,United Airlines,landing,arrivee,725,243.9,89.9,,,,
2026-05-06,10:34:07,TAP216L,CS-TXK,Airbus A321,TAP Air Portugal,landing,arrivee,625,266.5,85.3,,,,
2026-05-06,10:36:52,495303,CS-TXC,Airbus A321neo,TAP Air Portugal,landing,arrivee,750,230.0,66.0,,,,
2026-05-06,10:39:44,4952cd,CS-TVM,Airbus A320neo,TAP Air Portugal,landing,arrivee,625,235.9,99.2,,,,
2026-05-06,10:42:41,DAL124,N412DX,Airbus A330-900neo,Delta Air Lines,landing,arrivee,650,252.4,97.4,,,,
2026-05-06,10:45:05,KLM1579,PH-BCD,Boeing 737-800,KLM,landing,arrivee,650,263.2,92.5,,,,
2026-05-06,10:48:03,RYR21UN,SP-RZC,Boeing 737 MAX 8,Ryanair,landing,arrivee,650,255.6,91.9,,,,
2026-05-06,10:51:08,AEA1153,EC-NZN,Boeing 737-800,Air Europa,landing,arrivee,600,262.2,93.1,,,,
2026-05-06,10:53:53,4d00c3,LX-LGS,Boeing 737-700,Luxair,landing,arrivee,650,252.4,94.5,,,,
2026-05-06,10:57:04,4951d5,CS-TNU,Airbus A320,TAP Air Portugal,landing,arrivee,675,231.5,95.6,,,,
2026-05-06,10:59:35,49514b,CS-TJK,Airbus A321neo,TAP Air Portugal,landing,arrivee,650,254.8,89.6,,,,
2026-05-06,11:02:06,BEL2DY,OO-SBB,Airbus A320,Brussels Airlines,landing,arrivee,725,252.2,89.6,,,,
2026-05-06,11:05:25,495306,CS-TXF,Airbus A321neo,TAP Air Portugal,landing,arrivee,675,254.8,88.3,,,,
2026-05-06,11:08:08,440075,OE-LSV,Airbus A320neo,easyJet Europe,landing,arrivee,675,262.2,94.2,,,,
2026-05-06,11:10:44,SWR36K,HB-JPA,Airbus A321neo,Swiss,landing,arrivee,650,229.1,93.6,,,,
2026-05-06,11:13:40,495037,CS-TAW,Embraer E195,TAP Air Portugal,landing,arrivee,650,246.7,84.3,,,,
2026-05-06,11:16:14,4952ab,CS-TUK,Airbus A330-900neo,TAP Air Portugal,landing,arrivee,675,260.4,94.2,,,,
2026-05-06,11:19:02,4952aa,CS-TUJ,Airbus A330-900neo,TAP Air Portugal,landing,arrivee,675,250.0,92.3,,,,
2026-05-06,11:22:03,39bdb3,F-HPNT,Airbus A220-300,Air France,landing,arrivee,650,229.1,87.3,,,,
2026-05-06,11:24:35,49526A,,,,unknown,,0,0.0,0.0,,,,
2026-05-06,11:28:06,TAP429,CS-TAY,Embraer E195,TAP Air Portugal,landing,arrivee,650,252.8,90.4,,,,
2026-05-06,11:30:58,AZU8900,CS-TSW,Boeing 777-200,Azul,landing,arrivee,650,251.5,93.8,,,,
2026-05-06,11:33:37,RYR59QQ,EI-EFJ,Boeing 737-800,Ryanair,landing,arrivee,625,273.2,95.8,,,,
2026-05-06,11:36:17,4952b2,CS-TUR,Airbus A330-900neo,TAP Air Portugal,landing,arrivee,725,232.4,85.3,,,,
2026-05-06,11:39:06,OAW6200,HB-AZG,Embraer E190-E2,Helvetic Airways,landing,arrivee,675,229.5,92.4,,,,
2026-05-06,11:41:47,3c64a7,D-AIEG,Airbus A321neo,Lufthansa,landing,arrivee,650,254.7,98.7,,,,
2026-05-06,11:44:35,4951d2,CS-TNR,Airbus A320,TAP Air Portugal,cruise,,675,0.0,72.6,,,,
2026-05-06,11:47:10,TAM8148,CC-BGW,Boeing 787-9,LATAM Airlines,landing,arrivee,625,265.6,60.2,,,,
2026-05-06,11:51:45,IBE05FV,EC-LVD,Airbus A320,Iberia,landing,arrivee,600,241.5,99.3,,,,
2026-05-06,12:03:14,440115,OE-LUE,Airbus A320neo,easyJet Europe,landing,arrivee,600,256.5,94.5,,,,
2026-05-06,12:06:00,EJU38DF,OE-LSJ,Airbus A320neo,Vueling,landing,arrivee,625,251.5,99.3,,,,
2026-05-06,12:08:54,4951cd,CS-TNM,Airbus A320,TAP Air Portugal,landing,arrivee,675,238.9,86.8,,,,
2026-05-06,12:11:42,405b6a,G-EZDR,Airbus A319,easyJet,landing,arrivee,725,245.6,78.2,,,,
2026-05-06,12:18:24,UAE3MV,A6-EPF,Boeing 777-300ER,Emirates,landing,arrivee,650,270.8,92.2,,,,
2026-05-06,12:21:58,4d2087,9H-EWG,Airbus A320,Eurowings,landing,arrivee,700,241.7,81.7,,,,
2026-05-06,12:31:16,440db0,OE-IDX,Airbus A320,easyJet Europe,landing,arrivee,650,251.5,91.7,,,,
2026-05-06,12:34:09,495214,CS-TPT,Embraer E190,TAP Air Portugal,landing,arrivee,675,239.1,91.8,,,,
2026-05-06,12:37:07,TAP1031,CS-TNQ,Airbus A320,TAP Air Portugal,landing,arrivee,650,262.4,99.3,,,,
2026-05-06,12:44:36,SWW1C,HB-JLC,Global 6000,Austrian Airlines,landing,arrivee,675,218.4,83.0,,,,
2026-05-06,12:47:08,495269,CS-TSI,Airbus A321neo,TAP Air Portugal,landing,arrivee,675,263.2,87.7,,,,
2026-05-06,12:51:03,LOT425,SP-LVT,Boeing 737 MAX 8,LOT Polish Airlines,landing,arrivee,625,268.9,95.0,,,,
2026-05-06,12:53:52,TAP63CT,CS-TPZ,Embraer E190,TAP Air Portugal,landing,arrivee,625,245.6,92.7,,,,
2026-05-06,12:56:38,347459,EC-NZJ,Airbus A330-200,Privilege Style,landing,arrivee,625,267.2,93.2,,,,
2026-05-06,13:02:30,TAP145W,CS-TNS,Airbus A320,TAP Air Portugal,landing,arrivee,675,243.9,92.0,,,,
2026-05-06,13:05:51,440da5,OE-IDS,Airbus A320,easyJet Europe,landing,arrivee,625,247.1,99.3,,,,
2026-05-06,13:10:15,49520f,CS-TPO,Embraer E190,TAP Air Portugal,landing,arrivee,650,233.2,95.2,,,,
2026-05-06,13:14:36,TVF46JB,F-GZHT,Boeing 737-800,Transavia France,landing,arrivee,600,277.2,95.6,,,,
2026-05-06,13:16:52,TAP10VL,CS-TTW,Embraer E195,TAP Air Portugal,landing,arrivee,625,258.9,94.9,,,,
2026-05-06,13:20:47,RYR977W,9H-VUF,Boeing 737 MAX 8,Malta Air,landing,arrivee,650,270.8,88.7,,,,
2026-05-06,13:23:43,TAP641,CS-TNT,Airbus A320,TAP Air Portugal,landing,arrivee,700,265.8,90.3,,,,
2026-05-06,13:26:44,TAP23V,CS-TTY,Embraer E195,TAP Air Portugal,landing,arrivee,675,255.2,99.6,,,,
2026-05-06,13:29:18,3c64a1,D-AIEA,Airbus A321neo,Lufthansa,landing,arrivee,700,274.5,90.6,,,,
2026-05-06,13:31:59,495146,CS-TJF,Airbus A321,TAP Air Portugal,landing,arrivee,700,262.4,86.0,,,,
2026-05-06,13:34:57,TAP9242,CS-TUM,Airbus A330-900neo,TAP Air Portugal,landing,arrivee,625,252.4,84.7,,,,
2026-05-06,13:37:22,SWR32F,HB-JCP,C Series 300,Swiss,landing,arrivee,675,250.8,85.4,,,,
2026-05-06,13:40:10,VLG8JM,EC-MHA,Airbus A321,Vueling,landing,arrivee,650,267.2,85.3,,,,
2026-05-06,13:43:10,44056b,OE-LKD,Airbus A319,easyJet Europe,landing,arrivee,675,256.5,91.6,,,,
2026-05-06,13:45:49,TAP831,CS-TVB,Airbus A320neo,TAP Air Portugal,landing,arrivee,675,261.5,99.9,,,,
2026-05-06,13:48:53,495170,CS-TKP,Airbus A320,TAP Air Portugal,landing,arrivee,700,261.5,85.0,,,,
2026-05-06,13:51:28,4952c9,CS-TVI,Airbus A320neo,TAP Air Portugal,landing,arrivee,750,266.5,77.5,,,,
2026-05-06,13:55:20,495218,CS-TPX,Embraer E190,TAP Air Portugal,landing,arrivee,700,233.2,88.3,,,,
2026-05-06,13:57:59,TAP823,CS-TVP,Airbus A320neo,TAP Air Portugal,landing,arrivee,700,250.4,90.9,,,,
2026-05-06,14:00:28,TAP1860,CS-TXL,Airbus A321neo,TAP Air Portugal,landing,arrivee,675,265.6,93.5,,,,
2026-05-06,14:03:21,4951cb,CS-TNK,Airbus A320,TAP Air Portugal,landing,arrivee,675,257.2,88.0,,,,
2026-05-06,14:06:06,4951ce,CS-TNN,Airbus A320,TAP Air Portugal,landing,arrivee,675,234.3,99.5,,,,
2026-05-06,14:09:13,BAW5LI,G-TTNN,Airbus A320neo,British Airways,landing,arrivee,675,233.9,88.7,,,,
2026-05-06,14:12:05,TAP471A,CS-TPQ,Embraer E190,TAP Air Portugal,landing,arrivee,625,244.8,99.7,,,,
2026-05-06,14:14:44,TCV606,OK-SWH,Boeing 737 MAX 8,Smartwings,landing,arrivee,650,272.4,92.3,,,,
2026-05-06,14:17:47,TAP401P,CS-TPU,Embraer E190,TAP Air Portugal,landing,arrivee,700,234.8,97.1,,,,
2026-05-06,14:20:36,TAP118,CS-TUI,Airbus A330-900neo,TAP Air Portugal,landing,arrivee,650,257.2,99.0,,,,
2026-05-06,14:22:57,RYR4XW,EI-EVX,Boeing 737-800,Ryanair,landing,arrivee,700,277.1,93.4,,,,
2026-05-06,14:25:42,495292,CS-TTR,Airbus A319,TAP Air Portugal,landing,arrivee,700,242.4,89.9,,,,
2026-05-06,14:28:46,495212,CS-TPR,Embraer E190,TAP Air Portugal,landing,arrivee,625,229.8,96.5,,,,
2026-05-06,14:31:21,4951ca,CS-TNJ,Airbus A320,TAP Air Portugal,landing,arrivee,725,261.5,89.6,,,,
2026-05-06,14:34:20,344545,EC-MAF,ATR 72 500F,Swiftair,landing,arrivee,725,192.6,72.8,,,,
2026-05-06,14:37:01,TAP67M,CS-TJS,Airbus A321neo,TAP Air Portugal,landing,arrivee,675,256.5,94.9,,,,
2026-05-06,14:39:40,ab9b54,N847RC,G450,Unknown US,landing,arrivee,725,243.9,90.1,,,,
2026-05-06,14:42:44,486651,PH-AXA,Airbus A321neo,KLM,landing,arrivee,750,265.6,85.0,,,,
2026-05-06,14:45:37,AFR37EQ,F-GTAU,Airbus A321,Air France,landing,arrivee,700,270.8,81.0,,,,
2026-05-06,14:48:14,4b194c,HB-JPC,Airbus A321,Swiss,landing,arrivee,725,267.2,90.5,,,,
2026-05-06,14:50:56,EZY35DC,G-EZAJ,Airbus A319,easyJet,landing,arrivee,750,242.2,85.6,,,,
2026-05-06,14:53:43,RYR32KG,9H-QCG,Boeing 737-800,Malta Air,landing,arrivee,700,264.7,88.8,,,,
2026-05-06,14:56:57,4951d6,CS-TNV,Airbus A320,TAP Air Portugal,landing,arrivee,725,243.2,86.7,,,,
2026-05-06,14:59:49,4952d2,CS-TVR,Airbus A320neo,TAP Air Portugal,landing,arrivee,675,241.3,95.3,,,,
2026-05-06,15:02:34,06a1d9,A7-CGU,GLF6,,landing,arrivee,700,213.4,88.3,,,,
2026-05-06,15:05:07,EZY31FV,G-EZTT,Airbus A320,easyJet,landing,arrivee,700,239.1,89.2,,,,
2026-05-06,15:07:58,495298,CS-TTX,Embraer E195,TAP Air Portugal,landing,arrivee,700,251.5,96.7,,,,
2026-05-06,15:11:06,EJU41HA,OE-LSF,Airbus A320neo,easyJet Europe,landing,arrivee,675,266.5,95.9,,,,
2026-05-06,15:13:28,4cadbe,EI-IGL,Boeing 737 MAX 8,Ryanair,landing,arrivee,725,278.0,85.8,,,,
2026-05-06,15:16:10,4cad93,EI-SCC,Airbus A320neo,SAS Scandinavian,landing,arrivee,750,232.4,87.8,,,,
2026-05-06,15:18:56,EJU98XP,OE-IDO,Airbus A320,easyJet Europe,landing,arrivee,625,258.9,96.0,,,,
2026-05-06,15:21:44,AEA12AT,EC-NUZ,Boeing 737-800,Air Europa,landing,arrivee,650,263.4,96.2,,,,
2026-05-06,15:24:31,BAW5DW,G-NEOZ,Airbus A321neo,British Airways,landing,arrivee,700,263.2,99.4,,,,
2026-05-06,15:27:02,440cbf,OE-LSO,Airbus A320,easyJet Europe,landing,arrivee,750,268.2,96.8,,,,
2026-05-06,15:29:00,3c6543,D-AIJC,Airbus A320neo,Lufthansa,landing,arrivee,750,264.7,87.5,,,,
2026-05-06,15:31:26,TAP016,CS-TXG,Airbus A321neo,TAP Air Portugal,landing,arrivee,725,262.4,87.0,,,,
2026-05-06,15:34:52,495217,CS-TPW,Embraer E190,TAP Air Portugal,landing,arrivee,700,242.4,79.5,,,,
2026-05-06,15:36:26,4d24ca,9H-VVI,Boeing 737 MAX 8,Malta Air,landing,arrivee,675,263.9,98.9,,,,
2026-05-06,15:39:27,4952ce,CS-TVN,Airbus A320neo,TAP Air Portugal,cruise,,725,0.0,86.7,,,,
2026-05-06,15:42:36,TAP669,CS-TXM,Airbus A321,TAP Air Portugal,landing,arrivee,675,264.8,90.9,,,,
2026-05-06,15:45:39,TAP83RS,CS-TJE,Airbus A321,TAP Air Portugal,landing,arrivee,700,264.8,93.4,,,,
2026-05-06,15:48:24,4952d1,CS-TVQ,Airbus A320neo,TAP Air Portugal,approach,arrivee,750,0.0,81.8,,,,
2026-05-06,15:50:06,4cae8d,EI-IKK,Boeing 737 MAX 8,Ryanair,landing,arrivee,725,260.8,93.9,,,,
2026-05-06,15:52:31,FIN96W,OH-LZT,Airbus A321,Finnair,landing,arrivee,700,258.9,86.4,,,,
2026-05-06,15:55:42,TAP10NL,CS-TVO,Airbus A320neo,TAP Air Portugal,landing,arrivee,650,253.2,97.9,,,,
2026-05-06,15:58:34,ANE91TE,EC-LPG,Bombardier CRJ-1000,Air Nostrum,landing,arrivee,750,248.7,91.7,,,,
2026-05-06,16:00:30,4bb288,TC-LTH,Airbus A321neo,Turkish Airlines,landing,arrivee,725,277.2,92.1,,,,
2026-05-06,16:03:19,40772d,G-UZHX,Airbus A320neo,easyJet,landing,arrivee,725,249.8,89.8,,,,
2026-05-06,16:05:54,49514c,CS-TJL,Airbus A321neo,TAP Air Portugal,landing,arrivee,675,264.8,96.3,,,,
2026-05-06,16:09:29,4952c7,CS-TVG,Airbus A320neo,TAP Air Portugal,landing,arrivee,750,265.8,79.8,,,,
2026-05-06,16:12:14,TAP90EH,CS-TOO,Airbus A330-200,TAP Air Portugal,landing,arrivee,800,242.2,82.3,,,,
2026-05-06,16:15:31,49514e,CS-TJN,Airbus A321neo,TAP Air Portugal,landing,arrivee,750,273.2,93.1,,,,
2026-05-06,16:19:12,TAP56DT,CS-TVA,Airbus A320neo,TAP Air Portugal,landing,arrivee,700,250.8,94.6,,,,
2026-05-06,16:22:14,495216,CS-TPV,Embraer E190,TAP Air Portugal,landing,arrivee,700,209.1,89.7,,,,
2026-05-06,16:25:23,49514f,CS-TJO,Airbus A321neo,TAP Air Portugal,landing,arrivee,750,243.9,89.7,,,,
2026-05-06,16:27:54,RYR9PX,EI-DYL,Boeing 737-800,Ryanair,landing,arrivee,700,269.7,97.9,,,,
2026-05-06,16:30:45,EWG66L,D-ABNN,Airbus A320,Eurowings,landing,arrivee,675,252.4,97.7,,,,
2026-05-06,16:33:16,39ceb2,F-HTVS,Boeing 737-800,Transavia France,landing,arrivee,725,272.4,95.8,,,,
2026-05-06,16:36:03,TAP1241,CS-TJH,Airbus A321,TAP Air Portugal,landing,arrivee,725,275.6,82.7,,,,
2026-05-06,16:38:40,RYR68VC,SP-RZF,Boeing 737 MAX 8,Buzz,landing,arrivee,725,271.3,85.4,,,,
2026-05-06,16:45:23,495303,CS-TXC,Airbus A321neo,TAP Air Portugal,landing,arrivee,775,264.8,78.2,,,,
2026-05-06,16:50:48,TAP1824,CS-TVC,Airbus A320neo,TAP Air Portugal,landing,arrivee,725,261.5,97.2,,,,
2026-05-06,16:53:22,3c54a5,D-AEEE,Airbus A321,Eurowings,landing,arrivee,775,248.7,88.5,,,,
2026-05-06,16:59:49,4ca56b,EI-DWF,Boeing 737-800,Ryanair,landing,arrivee,725,264.8,91.6,,,,
2026-05-06,17:06:46,VLG9QY,EC-MYB,Airbus A320,Vueling,landing,arrivee,700,250.8,97.8,,,,
2026-05-06,17:15:23,EJU15PC,OE-LSV,Airbus A320neo,easyJet Europe,landing,arrivee,725,263.2,95.8,,,,
2026-05-06,17:18:02,TAP298,CS-TUS,Airbus A330-900neo,TAP Air Portugal,landing,arrivee,750,263.5,95.9,,,,
2026-05-06,17:20:29,RYR7P,9H-QAP,Boeing 737-800,Malta Air,landing,arrivee,700,278.2,87.3,,,,
2026-05-06,17:22:00,4d221d,9H-QBO,Boeing 737-800,Malta Air,landing,arrivee,700,276.3,94.5,,,,
2026-05-06,17:31:12,39e698,F-HZUY,BD-500-1A11,Air France,landing,arrivee,750,244.3,89.3,,,,
2026-05-06,17:34:19,TAP643,CS-TVF,Airbus A320neo,TAP Air Portugal,landing,arrivee,725,231.5,99.6,,,,
2026-05-06,17:39:03,47873f,LN-DYM,Boeing 737-800,Norwegian,landing,arrivee,725,268.9,96.0,,,,
2026-05-06,17:40:53,BAW506,G-EUYT,Airbus A320,British Airways,landing,arrivee,725,251.5,79.5,,,,
2026-05-06,17:43:51,4d2145,9H-CHZ,Falcon 50EX,Skyfirst Ltd,landing,arrivee,700,248.4,92.4,,,,
2026-05-06,17:46:24,02019f,CN-RHD,Boeing 737 MAX 8,Royal Air Maroc,landing,arrivee,725,278.0,94.0,,,,
2026-05-06,17:49:15,4d22b3,9H-LMJ,Airbus A320,Lauda Europe,landing,arrivee,775,244.8,85.6,,,,
2026-05-06,17:52:14,FJO62L,9H-IFX,Praetor 600,Flexjet Operations Malta,landing,arrivee,725,236.3,80.5,,,,
2026-05-06,17:54:52,TAP781,EC-OCT,Airbus A321,TAP Air Portugal,landing,arrivee,725,256.5,79.2,,,,
2026-05-06,17:57:30,EJU45HZ,OE-LSJ,Airbus A320neo,Vueling,landing,arrivee,675,262.4,98.2,,,,
2026-05-06,18:00:15,TAP1558,CS-TVH,Airbus A320neo,TAP Air Portugal,landing,arrivee,700,253.2,90.8,,,,
2026-05-06,18:05:52,TVF72AP,F-HUYL,Boeing 737-800,Transavia France,landing,arrivee,700,270.0,93.6,,,,
2026-05-06,18:09:33,34444b,EC-LRG,Airbus A320,Iberia,landing,arrivee,725,268.2,99.3,,,,
2026-05-06,18:13:04,TAP1017,CS-TPO,Embraer E190,TAP Air Portugal,landing,arrivee,725,242.4,97.0,,,,
2026-05-06,18:16:03,VLG5YW,EC-MQE,Airbus A320,Vueling,cruise,,750,0.0,85.9,,,,
2026-05-06,18:18:49,TAP282,CS-TUD,Airbus A330-900neo,TAP Air Portugal,landing,arrivee,750,260.4,90.5,,,,
2026-05-06,18:21:26,TAP435,CS-TNW,Airbus A320,TAP Air Portugal,landing,arrivee,775,246.3,87.9,,,,
2026-05-06,18:24:05,RYR668T,EI-EVR,Boeing 737-800,Ryanair,landing,arrivee,700,256.5,95.3,,,,
2026-05-06,18:26:55,RZO124,CS-TSG,Airbus A321neo,TAP Air Portugal,landing,arrivee,750,256.5,91.8,,,,
2026-05-06,18:29:50,TAP1439,CS-TTW,Embraer E195,TAP Air Portugal,landing,arrivee,675,245.6,99.0,,,,
2026-05-06,18:32:13,48663e,PH-YHZ,Airbus A320,Transavia,landing,arrivee,775,258.4,85.4,,,,
2026-05-06,18:34:59,4952c4,CS-TVD,Airbus A320neo,TAP Air Portugal,cruise,,775,0.0,88.1,,,,
2026-05-06,18:37:34,KLM71Y,PH-AXM,Airbus A321neo,KLM,landing,arrivee,700,255.9,96.3,,,,
2026-05-06,18:40:25,TAP35BL,CS-TPZ,Embraer E190,TAP Air Portugal,landing,arrivee,700,231.5,97.1,,,,
2026-05-06,18:43:15,495037,CS-TAW,Embraer E195,TAP Air Portugal,landing,arrivee,750,233.2,91.3,,,,
2026-05-06,18:45:30,44d071,OO-TCQ,Airbus A320,Brussels Airlines,approach,arrivee,775,0.0,84.7,,,,
2026-05-06,18:49:48,495299,CS-TTY,Embraer E195,TAP Air Portugal,landing,arrivee,725,252.8,89.0,,,,
2026-05-06,18:52:55,440018,OE-LKP,Airbus A319,Iberia,landing,arrivee,750,243.5,86.2,,,,
2026-05-06,18:57:36,495215,CS-TPU,Embraer E190,TAP Air Portugal,landing,arrivee,750,240.8,99.6,,,,
2026-05-06,19:01:01,TAP1337,CS-TPS,Embraer E190,TAP Air Portugal,landing,arrivee,750,235.9,89.3,,,,
2026-05-06,19:07:00,TAY2MN,OE-LVC,Boeing 737-800,Iberia,landing,arrivee,725,240.0,97.4,,,,
2026-05-06,19:11:44,NJE628F,CS-CLF,CL60,NetJets,landing,arrivee,750,230.0,86.5,,,,
2026-05-06,19:16:07,4951d5,CS-TNU,Airbus A320,TAP Air Portugal,landing,arrivee,825,237.4,82.0,,,,
2026-05-06,19:20:33,495214,CS-TPT,Embraer E190,TAP Air Portugal,landing,arrivee,750,222.6,87.2,,,,
2026-05-06,19:24:28,44046d,OE-ICI,Airbus A320,Iberia,landing,arrivee,750,246.7,91.2,,,,
2026-05-06,19:27:19,440cf8,OE-IBF,Airbus A320,easyJet Europe,landing,arrivee,700,241.5,98.0,,,,
2026-05-06,19:29:33,AEA1157,EC-NZR,Boeing 737-800,Air Europa,landing,arrivee,750,264.1,84.0,,,,
2026-05-06,19:36:00,EJU9043,OE-IDT,Airbus A320,easyJet Europe,landing,arrivee,775,217.4,85.1,,,,
2026-05-06,19:39:17,495218,CS-TPX,Embraer E190,TAP Air Portugal,landing,arrivee,700,224.3,94.7,,,,
2026-05-06,19:42:12,WZZ477,9H-WAG,Airbus A321neo,Wizz Air,landing,arrivee,750,260.8,86.4,,,,
2026-05-06,19:44:53,493283,CS-LTC,Citation Latitude,NetJets,landing,arrivee,825,210.8,65.2,,,,
2026-05-06,19:47:58,896317,A6-ENU,Boeing 777-300ER,Emirates,landing,arrivee,725,266.5,92.4,,,,
2026-05-06,19:50:49,TAP835,CS-TVM,Airbus A320neo,TAP Air Portugal,landing,arrivee,725,253.2,88.9,,,,
2026-05-06,19:53:25,TAP53ED,CS-TJI,Airbus A321neo,TAP Air Portugal,landing,arrivee,775,255.6,76.0,,,,
2026-05-06,19:56:09,TAP69UX,CS-TNR,Airbus A320,TAP Air Portugal,landing,arrivee,725,249.1,88.1,,,,
2026-05-06,19:58:55,495039,CS-TAY,Embraer E195,TAP Air Portugal,landing,arrivee,725,233.2,89.1,,,,
2026-05-06,20:01:40,DTA652,D2-TEK,Boeing 777-300ER,TAAG Angola Airlines,landing,arrivee,700,253.2,98.1,,,,
2026-05-06,20:19:49,49514a,CS-TJJ,Airbus A321neo,TAP Air Portugal,landing,arrivee,750,239.8,96.6,,,,
2026-05-06,20:22:18,RYR5BP,EI-EFI,Boeing 737-800,Ryanair,landing,arrivee,675,264.8,94.9,,,,
2026-05-06,20:25:05,TAP1019,CS-TTX,Embraer E195,TAP Air Portugal,landing,arrivee,750,257.2,93.2,,,,
2026-05-06,20:27:29,KAL921,HL8391,Boeing 787-9,Korean Air,landing,arrivee,700,261.5,96.7,,,,
2026-05-06,20:29:54,4cae8d,EI-IKK,Boeing 737 MAX 8,Ryanair,landing,arrivee,725,268.0,94.2,,,,
2026-05-06,20:31:36,4951d1,CS-TNQ,Airbus A320,TAP Air Portugal,landing,arrivee,725,247.2,89.6,,,,
2026-05-06,20:33:14,4cac85,EI-HGH,Boeing 737 MAX 8,Ryanair,landing,arrivee,725,264.8,91.9,,,,
2026-05-06,20:36:02,4ca4f4,EI-DPP,Boeing 737-800,Ryanair,landing,arrivee,750,273.5,94.4,,,,
2026-05-06,20:44:08,RYR14SC,EI-HGZ,Boeing 737 MAX 8,Ryanair,landing,arrivee,725,280.6,93.4,,,,
2026-05-06,20:47:58,TAP1207,CS-TJM,Airbus A321neo,TAP Air Portugal,landing,arrivee,750,246.7,94.2,,,,
2026-05-06,20:49:45,EZY15UP,G-UZHC,Airbus A320neo,easyJet,landing,arrivee,750,253.2,84.7,,,,
2026-05-06,20:51:46,738068,4X-EKI,Boeing 737-800,El Al,landing,arrivee,700,282.1,95.6,,,,
2026-05-06,20:54:03,TAP863Y,CS-TNS,Airbus A320,TAP Air Portugal,landing,arrivee,750,233.2,96.4,,,,
2026-05-06,20:56:10,WMT537,9H-GYB,H25B,,landing,arrivee,700,249.1,93.6,,,,
2026-05-06,20:58:07,495170,CS-TKP,Airbus A320,TAP Air Portugal,landing,arrivee,775,242.4,88.5,,,,
2026-05-06,21:00:15,4951ce,CS-TNN,Airbus A320,TAP Air Portugal,landing,arrivee,750,253.9,96.0,,,,
2026-05-06,21:02:22,TAP1692,CS-TPW,Embraer E190,TAP Air Portugal,landing,arrivee,700,240.8,89.1,,,,
2026-05-06,21:04:05,RYR40MN,9H-QDI,Boeing 737-800,Malta Air,landing,arrivee,700,269.7,93.4,,,,
2026-05-06,21:08:07,TAP37CN,CS-TPQ,Embraer E190,TAP Air Portugal,landing,arrivee,700,233.2,88.2,,,,
2026-05-06,21:10:49,4cadbe,EI-IGL,Boeing 737 MAX 8,Ryanair,landing,arrivee,700,268.0,96.1,,,,
2026-05-06,21:13:08,RZO134,CS-TSK,Airbus A320,TAP Air Portugal,landing,arrivee,750,239.1,90.7,,,,
2026-05-06,21:15:26,IBE0537,EC-JRE,Airbus A321,Iberia,landing,arrivee,725,249.1,92.5,,,,
2026-05-06,21:17:13,WJA32,C-GRAX,Boeing 737 MAX 8,WestJet,landing,arrivee,700,270.0,87.4,,,,
2026-05-06,21:20:14,TAP57W,CS-TVK,Airbus A320neo,TAP Air Portugal,landing,arrivee,750,249.1,91.1,,,,
2026-05-06,21:23:00,4ca63b,EI-FNJ,Airbus A320,Aer Lingus,landing,arrivee,725,249.1,92.1,,,,
2026-05-06,21:27:07,49514b,CS-TJK,Airbus A321neo,TAP Air Portugal,landing,arrivee,775,242.2,88.8,,,,
2026-05-06,21:30:28,RYR2JL,EI-EFJ,Boeing 737-800,Ryanair,landing,arrivee,700,265.2,97.0,,,,
2026-05-06,21:33:10,TAP5AS,CS-TNT,Airbus A320,TAP Air Portugal,landing,arrivee,725,249.8,86.8,,,,
2026-05-06,21:37:35,PGT1561,TC-NCI,Airbus A320neo,Pegasus,landing,arrivee,725,229.1,95.1,,,,
2026-05-06,21:40:11,504e86,ER-00004,Airbus A320,Fly One,landing,arrivee,725,242.2,98.2,,,,
2026-05-06,21:42:59,TAP76EN,CS-TVL,Airbus A320,TAP Air Portugal,landing,arrivee,675,238.4,98.9,,,,
2026-05-06,21:48:18,46d0a3,SX-TEC,Airbus A320neo,Swiss,landing,arrivee,750,228.4,88.8,,,,
2026-05-06,21:51:12,440072,OE-LSF,Airbus A320neo,easyJet Europe,landing,arrivee,725,258.0,99.1,,,,
2026-05-06,21:55:41,3c65c3,D-AINC,Airbus A320neo,Lufthansa,landing,arrivee,750,230.8,86.4,,,,
2026-05-06,21:58:30,EJU95BR,OE-IDO,Airbus A320,easyJet Europe,landing,arrivee,700,244.8,98.0,,,,
2026-05-06,22:01:02,TAP837,CS-TJF,Airbus A321,TAP Air Portugal,landing,arrivee,725,249.1,92.2,,,,
2026-05-06,22:04:01,TAP1933,CS-TPO,Embraer E190,TAP Air Portugal,landing,arrivee,700,223.5,99.7,,,,
2026-05-06,22:06:54,LZB563,LZ-ROM,A220-300,Bulgaria Air,approach,arrivee,725,0.0,91.6,,,,
2026-05-06,22:09:57,TAP827V,CS-TTR,Airbus A319,TAP Air Portugal,landing,arrivee,750,222.6,85.8,,,,
2026-05-06,22:12:27,392aec,F-GKXM,Airbus A320,Air France,landing,arrivee,775,238.2,85.6,,,,
2026-05-06,22:14:05,440cbf,OE-LSO,Airbus A320,easyJet Europe,landing,arrivee,750,253.9,85.8,,,,
2026-05-06,22:16:58,TVF34QV,F-HTVN,Boeing 737-800,Transavia France,landing,arrivee,725,262.4,93.9,,,,
2026-05-06,22:19:35,440da5,OE-IDS,Airbus A320,easyJet Europe,landing,arrivee,725,238.2,93.3,,,,
2026-05-06,22:22:09,4952d0,CS-TVP,Airbus A320neo,TAP Air Portugal,landing,arrivee,750,239.1,87.8,,,,
2026-05-06,22:24:14,4951cd,CS-TNM,Airbus A320,TAP Air Portugal,landing,arrivee,750,245.9,94.1,,,,
2026-05-06,22:27:49,RYR67PW,9H-VVI,Boeing 737 MAX 8,Malta Air,landing,arrivee,700,258.4,93.3,,,,
2026-05-06,22:31:04,EJU86ME,OE-IDX,Airbus A320,easyJet Europe,landing,arrivee,700,240.8,91.1,,,,
2026-05-06,22:36:08,AEE7PT,SX-NAJ,Airbus A321neo,Aegean Airlines,landing,arrivee,700,234.8,95.3,,,,
2026-05-06,22:38:50,4952cf,CS-TVO,Airbus A320neo,TAP Air Portugal,landing,arrivee,700,241.5,99.7,,,,
2026-05-06,22:41:35,TAP21MM,CS-TNK,Airbus A320,TAP Air Portugal,landing,arrivee,675,250.8,96.3,,,,
2026-05-06,22:44:13,3c66a5,D-AIUE,Airbus A320,Lufthansa,landing,arrivee,725,263.9,94.6,,,,
2026-05-06,22:46:31,RYR65MU,EI-EST,Boeing 737-800,Ryanair,landing,arrivee,725,259.7,91.9,,,,
2026-05-06,22:49:19,407600,G-NEOP,Airbus A321neo,British Airways,landing,arrivee,700,239.1,85.5,,,,
2026-05-06,22:51:22,TAP645,CS-TNJ,Airbus A320,TAP Air Portugal,landing,arrivee,725,248.4,98.5,,,,
2026-05-06,22:54:27,EJU74EP,OE-LSV,Airbus A320neo,easyJet Europe,landing,arrivee,725,236.7,90.8,,,,
2026-05-06,22:58:04,495145,CS-TJE,Airbus A321,TAP Air Portugal,landing,arrivee,725,247.2,84.0,,,,
2026-05-06,23:00:09,4867c4,PH-AXI,Airbus A321neo,KLM,landing,arrivee,800,249.1,76.7,,,,
2026-05-06,23:03:07,3964f4,F-GZHU,Boeing 737-800,Transavia France,landing,arrivee,700,260.0,93.7,,,,
2026-05-06,23:06:04,440c38,OE-LSJ,Airbus A320neo,Vueling,landing,arrivee,775,223.2,75.3,,,,
2026-05-06,23:12:25,TAP35MT,CS-TNX,Airbus A320,TAP Air Portugal,landing,arrivee,700,234.8,85.2,,,,
2026-05-06,23:16:23,3420ca,EC-IXD,Airbus A321,Iberia,landing,arrivee,725,250.4,87.5,,,,
2026-05-06,23:18:38,3c675a,D-AIZZ,Airbus A320,Lufthansa,landing,arrivee,725,254.8,88.7,,,,
2026-05-06,23:21:43,SWR755L,HB-IJO,Airbus A320,Swiss,landing,arrivee,700,261.5,87.7,,,,
2026-05-06,23:24:58,4bb279,TC-LSY,Airbus A321neo,Turkish Airlines,landing,arrivee,750,232.4,92.5,,,,
2026-05-06,23:27:07,VOE54GD,EC-KMI,Airbus A320,Volotea,landing,arrivee,725,236.7,95.4,,,,
2026-05-06,23:29:53,440115,OE-LUE,Airbus A320neo,easyJet Europe,landing,arrivee,725,257.2,87.9,,,,
2026-05-06,23:34:49,3475c9,EC-OCT,Airbus A321,TAP Air Portugal,landing,arrivee,750,234.3,87.9,,,,
2026-05-06,23:41:08,4951d7,CS-TNW,Airbus A320,TAP Air Portugal,landing,arrivee,775,259.7,76.7,,,,
2026-05-07,00:33:40,VOR09,EI-TCN,DA 62,Flight Calibration Services Europe Limited,landing,arrivee,850,249.5,91.2,,,,
2026-05-07,00:55:34,4cac97,EI-TCN,DA 62,Flight Calibration Services Europe Limited,takeoff,depart,1450,216.5,73.2,,,,
2026-05-07,01:01:08,VOR09,EI-TCN,DA 62,Flight Calibration Services Europe Limited,takeoff,depart,1625,233.5,60.0,,,,
2026-05-07,01:17:13,4cac97,EI-TCN,DA 62,Flight Calibration Services Europe Limited,cruise,,1900,235.4,64.4,,,,
2026-05-07,01:36:22,49526d,CS-TSM,Airbus A320,TAP Air Portugal,landing,arrivee,750,230.8,87.9,,,,
2026-05-07,02:49:43,4cac97,EI-TCN,DA 62,Flight Calibration Services Europe Limited,landing,arrivee,875,266.5,78.3,,,,
2026-05-07,03:01:11,344545,EC-MAF,ATR 72 500F,Swiftair,landing,arrivee,800,178.5,66.8,,,,
2026-05-07,03:19:31,VOR09,EI-TCN,DA 62,Flight Calibration Services Europe Limited,descending,arrivee,850,167.2,77.7,,,,
2026-05-07,04:45:40,TAP074,CS-TUQ,Airbus A330-900neo,TAP Air Portugal,landing,arrivee,775,237.4,88.9,,,,
2026-05-07,05:04:09,TAP082,CS-TUB,Airbus A330-900neo,TAP Air Portugal,landing,arrivee,725,257.2,97.5,,,,
2026-05-07,05:10:06,495308,CS-TXH,Airbus A321neo,TAP Air Portugal,landing,arrivee,800,241.5,89.1,,,,
2026-05-07,05:13:49,49530b,CS-TXK,Airbus A321,TAP Air Portugal,landing,arrivee,800,235.9,90.3,,,,
2026-05-07,05:16:18,TAP224,CS-TUL,Airbus A330-900neo,TAP Air Portugal,landing,arrivee,825,253.2,89.2,,,,
2026-05-07,05:37:47,TAP258,CS-TXD,Airbus A321neo,TAP Air Portugal,landing,arrivee,750,258.9,95.1,,,,
2026-05-07,05:42:48,TAP1484,CS-TVM,Airbus A320neo,TAP Air Portugal,landing,arrivee,775,257.2,78.8,,,,
2026-05-07,05:50:18,TAP202A,CS-TXE,Airbus A321neo,TAP Air Portugal,landing,arrivee,775,239.1,87.9,,,,
2026-05-07,05:53:03,TAP232Y,CS-TXB,Airbus A321neo,TAP Air Portugal,landing,arrivee,800,262.2,87.8,,,,
2026-05-07,05:54:56,TAP1937,CS-TNL,Airbus A320,TAP Air Portugal,landing,arrivee,800,251.5,93.3,,,,
2026-05-07,06:01:38,4952c2,CS-TVB,Airbus A320neo,TAP Air Portugal,landing,arrivee,825,253.9,86.9,,,,
2026-05-07,06:04:51,495149,CS-TJI,Airbus A321neo,TAP Air Portugal,cruise,,850,0.0,77.0,,,,
2026-05-07,06:11:29,TAP104,CS-TUE,Airbus A330-900neo,TAP Air Portugal,landing,arrivee,800,244.8,95.2,,,,
2026-05-07,06:14:14,TAP1544,CS-TVF,Airbus A320neo,TAP Air Portugal,landing,arrivee,800,249.1,95.0,,,,
2026-05-07,06:17:08,49521a,CS-TPZ,Embraer E190,TAP Air Portugal,landing,arrivee,775,233.2,96.9,,,,
2026-05-07,06:24:55,495212,CS-TPR,Embraer E190,TAP Air Portugal,landing,arrivee,775,238.2,90.9,,,,
2026-05-07,06:36:09,TAY1MN,OE-IXS,Boeing 737-800,Iberia,landing,arrivee,725,266.5,98.4,,,,
2026-05-07,06:39:12,0900f0,D2-TEJ,Boeing 777-300ER,TAAG Angola Airlines,landing,arrivee,775,264.8,91.0,,,,
2026-05-07,06:42:19,4951d3,CS-TNS,Airbus A320,TAP Air Portugal,cruise,,800,0.0,88.9,,,,
2026-05-07,06:44:58,344216,EC-LPR,Boeing 737-800,Air Europa,landing,arrivee,800,265.4,88.9,,,,
2026-05-07,06:47:59,TSC680,C-GOKH,Airbus A321neo,Air Transat,landing,arrivee,750,249.1,94.5,,,,
2026-05-07,06:50:39,TAP41SN,CS-TNN,Airbus A320,TAP Air Portugal,landing,arrivee,750,250.8,97.3,,,,
2026-05-07,06:53:08,e48189,PT-MUA,Boeing 777-300ER,LATAM Airlines,landing,arrivee,775,271.3,94.6,,,,
2026-05-07,06:56:02,TAP058,CS-TUG,Airbus A330-900neo,TAP Air Portugal,landing,arrivee,775,251.5,92.6,,,,
2026-05-07,07:06:38,45ce4e,OY-SRN,767 219ERBDSF,Star Air,landing,arrivee,775,240.8,86.8,,,,
2026-05-07,07:12:36,49514a,CS-TJJ,Airbus A321neo,TAP Air Portugal,landing,arrivee,750,261.7,99.8,,,,
2026-05-07,07:25:10,EQE741,9H-TJG,Boeing 737-800,Malta Air,approach,arrivee,800,203.3,82.3,,,,
2026-05-07,07:27:17,4951d1,CS-TNQ,Airbus A320,TAP Air Portugal,landing,arrivee,750,241.5,98.4,,,,
2026-05-07,07:30:10,346186,EC-NFH,Airbus A320neo,Iberia,landing,arrivee,825,243.2,73.6,,,,
2026-05-07,07:34:05,4952c4,CS-TVD,Airbus A320neo,TAP Air Portugal,landing,arrivee,800,246.3,86.5,,,,
2026-05-07,07:37:00,BCS2FC,D-AZMQ,A306,,landing,arrivee,775,258.9,89.5,,,,
2026-05-07,07:39:29,TAP441,CS-TJO,Airbus A321neo,TAP Air Portugal,landing,arrivee,775,275.6,97.3,,,,
2026-05-07,07:44:44,TAP9RH,CS-TVC,Airbus A320neo,TAP Air Portugal,landing,arrivee,700,240.8,98.4,,,,
2026-05-07,07:47:30,TAP1939,CS-TTX,Embraer E195,TAP Air Portugal,landing,arrivee,775,252.2,89.3,,,,
2026-05-07,07:49:29,4952d1,CS-TVQ,Airbus A320neo,TAP Air Portugal,landing,arrivee,775,263.9,90.7,,,,
2026-05-07,07:52:38,4951d2,CS-TNR,Airbus A320,TAP Air Portugal,landing,arrivee,700,254.8,99.8,,,,
2026-05-07,07:55:41,TAP8RL,CS-TJH,Airbus A321,TAP Air Portugal,landing,arrivee,725,267.2,97.4,,,,
2026-05-07,07:58:02,4d228a,9H-QDW,Boeing 737-800,Malta Air,landing,arrivee,750,268.0,97.1,,,,
2026-05-07,08:01:37,TAP27UZ,CS-TPU,Embraer E190,TAP Air Portugal,landing,arrivee,725,241.5,98.5,,,,
2026-05-07,08:04:07,4950e4,CS-TGD,Airbus A330-200,Azul,landing,arrivee,725,253.2,98.0,,,,
2026-05-07,08:08:36,4952c1,CS-TVA,Airbus A320neo,TAP Air Portugal,landing,arrivee,750,250.8,91.2,,,,
2026-05-07,08:21:15,345248,EC-MMH,Airbus A321,Vueling,landing,arrivee,750,256.5,90.3,,,,
2026-05-07,08:27:54,3991e3,F-HEPD,Airbus A320,Air France,landing,arrivee,750,242.4,90.1,,,,
2026-05-07,08:35:27,3c712e,D-ALIN,146 300,WDL Aviation,landing,arrivee,800,225.0,67.0,,,,
2026-05-07,08:38:48,TAP244,CS-TUP,Airbus A330-900neo,TAP Air Portugal,landing,arrivee,775,257.6,91.5,,,,
2026-05-07,08:42:23,AAL258,N827AN,Boeing 787-9,American Airlines,landing,arrivee,675,281.3,98.5,,,,
2026-05-07,08:45:12,4952c8,CS-TVH,Airbus A320neo,TAP Air Portugal,landing,arrivee,750,244.8,90.8,,,,
2026-05-07,08:47:49,3c4906,D-ABHF,Airbus A320,Eurowings,cruise,,800,0.0,85.2,,,,
2026-05-07,08:50:44,TAP675,CS-TVI,Airbus A320neo,TAP Air Portugal,landing,arrivee,750,251.7,93.3,,,,
2026-05-07,08:53:19,TAP757P,CS-TVR,Airbus A320neo,TAP Air Portugal,landing,arrivee,750,261.7,92.2,,,,
2026-05-07,08:56:14,347614,EC-ODU,GL5T,,landing,arrivee,750,224.3,89.7,,,,
2026-05-07,08:58:43,EZY47LC,G-UJEB,Airbus A320neo,easyJet,landing,arrivee,750,236.3,84.8,,,,
2026-05-07,09:01:30,TAP53EI,CS-TJS,Airbus A321neo,TAP Air Portugal,landing,arrivee,725,264.8,98.9,,,,
2026-05-07,09:04:10,4074b5,G-UZHE,Airbus A320neo,easyJet,landing,arrivee,800,252.4,88.5,,,,
2026-05-07,09:07:09,TAP443,CS-TJL,Airbus A321neo,TAP Air Portugal,landing,arrivee,750,258.9,93.5,,,,
2026-05-07,09:09:56,EJU71TK,OE-LKO,Airbus A319,easyJet Europe,landing,arrivee,750,254.8,87.2,,,,
2026-05-07,09:12:45,RYR98HW,EI-HEZ,Boeing 737 MAX 8,Ryanair,landing,arrivee,725,263.2,95.9,,,,
2026-05-07,09:15:32,c06120,C-GKUH,Airbus A330-300,Air Canada,landing,arrivee,725,250.0,95.8,,,,
2026-05-07,09:18:06,4ca647,EI-DYE,Boeing 737-800,Ryanair,cruise,,800,0.0,75.3,,,,
2026-05-07,09:20:55,DUKE33,99-00102,UC-35A Citation,Unknown US,landing,arrivee,775,232.4,64.8,,,,
2026-05-07,09:23:41,a50370,N422DZ,Airbus A330-900neo,Delta Air Lines,landing,arrivee,775,257.2,88.2,,,,
2026-05-07,09:26:18,4868ba,PH-YHR,Airbus A321neo,Transavia,landing,arrivee,725,261.5,98.8,,,,
2026-05-07,09:28:57,c06a76,C-GOIF,Airbus A321neo,Air Transat,landing,arrivee,800,254.7,87.8,,,,
2026-05-07,09:32:00,DCLIK,D-CLIK,Citation CJ4,ProAir Aviation GmbH,landing,arrivee,775,218.2,79.3,,,,
2026-05-07,09:34:34,49530a,CS-TXJ,Airbus A321neo,TAP Air Portugal,landing,arrivee,725,271.3,99.2,,,,
2026-05-07,09:37:18,49514d,CS-TJM,Airbus A321neo,TAP Air Portugal,landing,arrivee,825,249.1,84.5,,,,
2026-05-07,09:39:52,4952aa,CS-TUJ,Airbus A330-900neo,TAP Air Portugal,landing,arrivee,750,273.2,91.2,,,,
2026-05-07,09:42:52,THY3WE,TC-LTD,Airbus A321neo,Turkish Airlines,landing,arrivee,725,278.9,95.9,,,,
2026-05-07,09:45:27,TAP210,CS-TUI,Airbus A330-900neo,TAP Air Portugal,landing,arrivee,725,267.2,96.3,,,,
2026-05-07,09:48:10,TAP072,CS-TUA,Airbus A330-900neo,TAP Air Portugal,landing,arrivee,775,257.2,90.1,,,,
2026-05-07,09:51:00,TAP012,CS-TOO,Airbus A330-200,TAP Air Portugal,landing,arrivee,725,251.1,97.0,,,,
2026-05-07,09:53:21,NSZ3616,SE-NAA,Boeing 737 MAX 8,,landing,arrivee,725,278.2,96.7,,,,
2026-05-07,09:56:16,495307,CS-TXG,Airbus A321neo,TAP Air Portugal,landing,arrivee,750,273.9,81.7,,,,
2026-05-07,09:59:03,4076e2,G-NEOT,Airbus A321neo,British Airways,landing,arrivee,775,274.8,87.5,,,,
2026-05-07,10:02:17,TAP1921,CS-TVP,Airbus A320neo,TAP Air Portugal,landing,arrivee,775,257.2,89.8,,,,
2026-05-07,10:07:22,4952a6,CS-TUF,Airbus A330-900neo,TAP Air Portugal,landing,arrivee,800,267.6,89.7,,,,
2026-05-07,10:09:59,4cadbe,EI-IGL,Boeing 737 MAX 8,Ryanair,landing,arrivee,725,283.0,90.5,,,,
2026-05-07,10:13:06,46b830,SX-NAP,Airbus A321neo,Aegean Airlines,landing,arrivee,775,254.8,89.4,,,,
2026-05-07,10:15:55,TAP11SV,CS-TPV,Embraer E190,TAP Air Portugal,approach,arrivee,700,244.8,99.9,,,,
2026-05-07,10:18:28,e4910e,PR-AIW,Airbus A330-200,Azul,landing,arrivee,725,253.9,90.6,,,,
2026-05-07,10:22:11,497c83,16805,C130,,landing,arrivee,700,249.8,87.6,,,,
2026-05-07,10:25:03,4ca770,EI-EDS,Airbus A320,Aer Lingus,landing,arrivee,700,253.2,98.9,,,,
2026-05-07,10:27:41,aa9300,N78009,Boeing 777-200,United Airlines,landing,arrivee,750,249.8,97.1,,,,
2026-05-07,10:30:22,A5124C,,,,unknown,,0,0.0,0.0,,,,
2026-05-07,10:33:30,EJU97VT,OE-LSV,Airbus A320neo,easyJet Europe,landing,arrivee,750,244.8,92.6,,,,
2026-05-07,10:35:53,346082,EC-MVY,Boeing 737-800,Air Europa,landing,arrivee,750,279.7,96.5,,,,
2026-05-07,10:39:00,49514e,CS-TJN,Airbus A321neo,TAP Air Portugal,landing,arrivee,800,267.2,81.8,,,,
2026-05-07,10:41:22,49530d,CS-TXM,Airbus A321,TAP Air Portugal,landing,arrivee,800,240.8,86.1,,,,
2026-05-07,10:43:43,495214,CS-TPT,Embraer E190,TAP Air Portugal,landing,arrivee,725,241.5,98.2,,,,
2026-05-07,10:46:06,TAP204A,CS-TXC,Airbus A321neo,TAP Air Portugal,landing,arrivee,700,275.6,97.5,,,,
2026-05-07,10:48:43,ACA810,C-FIUL,Boeing 777-300ER,Air Canada,landing,arrivee,675,278.9,93.6,,,,
2026-05-07,10:51:32,TAP262M,CS-TXL,Airbus A321neo,TAP Air Portugal,landing,arrivee,750,273.2,91.5,,,,
2026-05-07,10:53:40,4952c6,CS-TVF,Airbus A320neo,TAP Air Portugal,landing,arrivee,750,263.2,97.5,,,,
2026-05-07,10:56:03,4d00f2,LX-LBT,Boeing 737-700,Luxair,landing,arrivee,725,265.6,88.7,,,,
2026-05-07,10:57:49,EJU74EF,OE-IDX,Airbus A320,easyJet Europe,landing,arrivee,725,268.0,91.9,,,,
2026-05-07,11:00:23,KLM1579,PH-BXT,Boeing 737-900,KLM,landing,arrivee,675,288.9,96.6,,,,
2026-05-07,11:11:10,AFR41GW,F-HPNU,Airbus A220-300,Air France,landing,arrivee,725,253.2,91.2,,,,
2026-05-07,11:14:28,44020c,OE-IEF,Airbus A320,Iberia,landing,arrivee,725,263.2,83.8,,,,
2026-05-07,11:17:07,44cc43,OO-SBC,Airbus A320,Brussels Airlines,landing,arrivee,775,251.7,89.0,,,,
2026-05-07,11:19:41,TAP234Y,CS-TXF,Airbus A321neo,TAP Air Portugal,landing,arrivee,750,252.4,95.2,,,,
2026-05-07,11:22:20,TAP11WQ,CS-TVN,Airbus A320neo,TAP Air Portugal,landing,arrivee,725,260.0,84.7,,,,
2026-05-07,11:25:27,RZO120,CS-TSM,Airbus A320,TAP Air Portugal,landing,arrivee,700,264.8,97.9,,,,
2026-05-07,11:27:46,3c64ad,D-AIEM,Airbus A321neo,Lufthansa,landing,arrivee,800,259.7,76.0,,,,
2026-05-07,11:31:43,TAP028,CS-TUR,Airbus A330-900neo,TAP Air Portugal,landing,arrivee,750,263.2,94.1,,,,
2026-05-07,11:34:18,RYR1316,EI-EMI,Boeing 737-800,Ryanair,landing,arrivee,700,286.5,99.8,,,,
2026-05-07,11:37:06,495213,CS-TPS,Embraer E190,TAP Air Portugal,landing,arrivee,725,254.1,92.2,,,,
2026-05-07,11:39:47,4951d3,CS-TNS,Airbus A320,TAP Air Portugal,landing,arrivee,750,266.5,89.8,,,,
2026-05-07,11:45:22,RAM980E,CN-ROK,Boeing 737-800,Royal Air Maroc,landing,arrivee,750,288.0,94.7,,,,
2026-05-07,11:53:09,IBE05FV,EC-NTP,Airbus A320neo,Iberia,landing,arrivee,775,257.2,92.0,,,,
2026-05-07,11:57:19,4951ee,CS-TON,Airbus A330-200,TAP Air Portugal,cruise,,750,0.0,91.8,,,,
2026-05-07,12:00:15,4951ce,CS-TNN,Airbus A320,TAP Air Portugal,landing,arrivee,725,258.9,96.3,,,,
2026-05-07,12:08:16,RYR95SN,9H-VVI,Boeing 737 MAX 8,Malta Air,landing,arrivee,675,284.8,97.6,,,,
2026-05-07,12:15:13,440cbf,OE-LSO,Airbus A320,easyJet Europe,landing,arrivee,750,267.2,90.8,,,,
2026-05-07,12:17:58,EJU91FK,OE-IDO,Airbus A320,easyJet Europe,landing,arrivee,725,265.6,94.6,,,,
2026-05-07,12:21:11,UAL64,N12005,Boeing 787-10,United Airlines,landing,arrivee,700,293.0,95.1,,,,
2026-05-07,12:23:44,896314,A6-ENR,Boeing 777-300ER,Emirates,approach,arrivee,750,0.0,89.4,,,,
2026-05-07,12:40:24,EJU56VP,OE-LSF,Airbus A320neo,easyJet Europe,landing,arrivee,750,267.2,90.2,,,,
2026-05-07,12:44:51,495037,CS-TAW,Embraer E195,TAP Air Portugal,landing,arrivee,700,266.5,99.2,,,,
2026-05-07,12:47:12,EJU14GP,OE-IBF,Airbus A320,easyJet Europe,landing,arrivee,725,283.0,94.9,,,,
2026-05-07,12:50:05,495269,CS-TSI,Airbus A321neo,TAP Air Portugal,landing,arrivee,750,264.8,93.8,,,,
2026-05-07,12:52:30,EJU38DF,OE-IDS,Airbus A320,easyJet Europe,landing,arrivee,700,268.9,97.6,,,,
2026-05-07,12:55:37,TAP1031,CS-TNU,Airbus A320,TAP Air Portugal,landing,arrivee,750,263.2,89.7,,,,
2026-05-07,12:58:18,3c56f4,D-AEWT,Airbus A320,Eurowings,landing,arrivee,750,271.3,93.9,,,,
2026-05-07,13:01:19,495217,CS-TPW,Embraer E190,TAP Air Portugal,landing,arrivee,750,251.5,85.3,,,,
2026-05-07,13:06:03,4caa57,EI-EVR,Boeing 737-800,Ryanair,landing,arrivee,775,288.0,95.4,,,,
2026-05-07,13:09:00,TVF46JB,F-HTVU,Boeing 737-800,Transavia France,landing,arrivee,700,269.7,93.1,,,,
2026-05-07,13:11:37,495211,CS-TPQ,Embraer E190,TAP Air Portugal,landing,arrivee,750,251.5,94.0,,,,
2026-05-07,13:15:58,3cf106,D-CSOS,Learjet 45,Jetcall GmbH,landing,arrivee,825,255.9,80.5,,,,
2026-05-07,13:19:39,TAP1736,CS-TPX,Embraer E190,TAP Air Portugal,landing,arrivee,700,254.1,86.8,,,,
2026-05-07,13:22:26,TAP43JD,CS-TJF,Airbus A321,TAP Air Portugal,landing,arrivee,750,297.2,94.2,,,,
2026-05-07,13:25:06,TAP831,CS-TNX,Airbus A320,TAP Air Portugal,landing,arrivee,725,254.8,95.1,,,,
2026-05-07,13:27:31,EJU74WP,OE-IVV,Airbus A320,easyJet Europe,landing,arrivee,750,254.8,85.6,,,,
2026-05-07,13:30:00,440096,OE-IVR,Airbus A320,Iberia,landing,arrivee,750,268.9,93.3,,,,
2026-05-07,13:33:25,34744d,EC-NYF,Airbus A321,Vueling,landing,arrivee,775,253.9,96.4,,,,
2026-05-07,13:37:10,3c64a8,D-AIEH,Airbus A321neo,Lufthansa,landing,arrivee,825,264.8,79.7,,,,
2026-05-07,13:39:35,440469,OE-ICR,Airbus A320,easyJet Europe,landing,arrivee,725,269.7,89.9,,,,
2026-05-07,13:42:10,BLAST03,,,,landing,arrivee,800,262.2,89.9,,,,
2026-05-07,13:45:59,TAM8148,CC-BGV,Boeing 787-9,LATAM Airlines,landing,arrivee,700,280.6,96.3,,,,
2026-05-07,13:48:38,TAP641,CS-TNT,Airbus A320,TAP Air Portugal,landing,arrivee,800,267.2,88.2,,,,
2026-05-07,13:50:59,344545,EC-MAF,ATR 72 500F,Swiftair,cruise,,825,0.0,65.2,,,,
2026-05-07,13:53:39,4b1804,HB-JCM,C Series 300,Swiss,landing,arrivee,725,263.2,99.7,,,,
2026-05-07,13:56:37,4951ca,CS-TNJ,Airbus A320,TAP Air Portugal,landing,arrivee,775,264.1,92.6,,,,
2026-05-07,13:59:23,RZO150,CS-TKP,Airbus A320,TAP Air Portugal,landing,arrivee,750,275.6,90.9,,,,
2026-05-07,14:01:57,4cc52b,TF-ICA,Boeing 737 MAX 9,Icelandair,landing,arrivee,725,287.2,92.7,,,,
2026-05-07,14:04:39,T7BTC,,,,landing,arrivee,725,253.9,91.5,,,,
2026-05-07,14:07:24,TAP1860,CS-TVG,Airbus A320neo,TAP Air Portugal,landing,arrivee,750,282.1,90.9,,,,
2026-05-07,14:10:07,TAP67M,CS-TJI,Airbus A321neo,TAP Air Portugal,landing,arrivee,800,284.8,85.1,,,,
2026-05-07,14:13:00,TCV606,,,,unknown,,0,0.0,0.0,,,,
2026-05-07,14:15:52,4952ab,CS-TUK,Airbus A330-900neo,TAP Air Portugal,cruise,,775,0.0,96.6,,,,
2026-05-07,14:18:35,TAP88TM,CS-TPR,Embraer E190,TAP Air Portugal,landing,arrivee,750,253.2,91.8,,,,
2026-05-07,14:21:18,495299,CS-TTY,Embraer E195,TAP Air Portugal,landing,arrivee,750,274.8,93.6,,,,
2026-05-07,14:24:01,LOT425,SP-LVC,Boeing 737 MAX 8,LOT Polish Airlines,landing,arrivee,725,298.2,96.4,,,,
2026-05-07,14:26:40,4951d7,CS-TNW,Airbus A320,TAP Air Portugal,landing,arrivee,825,264.8,85.2,,,,
2026-05-07,14:29:34,EJU94NF,OE-LSJ,Airbus A320neo,Vueling,landing,arrivee,750,277.2,99.5,,,,
2026-05-07,14:32:11,4ca64e,EI-DYL,Boeing 737-800,Ryanair,landing,arrivee,750,293.7,88.3,,,,
2026-05-07,14:35:06,486742,PH-AXD,Airbus A321neo,KLM,landing,arrivee,825,263.4,89.0,,,,
2026-05-07,14:46:53,SWR2BK,HB-JPG,Airbus A321neo,Swiss,landing,arrivee,800,297.2,92.2,,,,
2026-05-07,14:50:46,RYR12SN,EI-DWO,Boeing 737-800,Ryanair,landing,arrivee,750,296.1,93.2,,,,
2026-05-07,14:53:38,440115,OE-LUE,Airbus A320neo,easyJet Europe,landing,arrivee,800,283.7,82.5,,,,
2026-05-07,14:58:43,3985a7,F-HBNH,Airbus A320,Air France,landing,arrivee,775,276.3,95.6,,,,
2026-05-07,15:01:56,4952c1,CS-TVA,Airbus A320neo,TAP Air Portugal,landing,arrivee,800,265.6,85.5,,,,
2026-05-07,15:04:31,TAP941,CS-TJO,Airbus A321neo,TAP Air Portugal,landing,arrivee,750,281.3,97.7,,,,
2026-05-07,15:06:58,RYR4ZF,EI-EFH,Boeing 737-800,Ryanair,landing,arrivee,725,288.2,93.2,,,,
2026-05-07,15:09:47,TAP541W,CS-TAY,Embraer E195,TAP Air Portugal,landing,arrivee,775,239.8,88.3,,,,
2026-05-07,15:14:21,EZY35DC,G-UZHW,Airbus A320neo,easyJet,landing,arrivee,750,281.3,92.1,,,,
2026-05-07,15:27:45,TAP931L,CS-TVL,Airbus A320,TAP Air Portugal,landing,arrivee,725,248.4,92.1,,,,
2026-05-07,15:30:25,DLH03H,D-AIDB,Airbus A321,Lufthansa,landing,arrivee,750,288.2,97.1,,,,
2026-05-07,15:33:27,4bb1e8,TC-LOH,Airbus A330-200,Turkish Airlines,landing,arrivee,850,275.8,86.1,,,,
2026-05-07,15:36:45,4952c8,CS-TVH,Airbus A320neo,TAP Air Portugal,landing,arrivee,775,240.8,93.2,,,,
2026-05-07,15:39:23,TAP571,CS-TVB,Airbus A320neo,TAP Air Portugal,landing,arrivee,775,257.2,91.7,,,,
2026-05-07,15:41:52,461f9c,OH-LZG,Airbus A321,Finnair,landing,arrivee,750,288.0,90.1,,,,
2026-05-07,15:44:37,4ca97b,EI-EST,Boeing 737-800,Ryanair,landing,arrivee,750,288.9,89.8,,,,
2026-05-07,15:47:19,TAP553R,CS-TXB,Airbus A321neo,TAP Air Portugal,landing,arrivee,750,281.3,95.4,,,,
2026-05-07,15:49:51,TAP763,EC-OCT,Airbus A321,TAP Air Portugal,landing,arrivee,750,268.9,95.5,,,,
2026-05-07,15:52:29,40822e,G-TTSG,Airbus A320neo,British Airways,approach,arrivee,800,0.0,91.2,,,,
2026-05-07,15:59:40,TAP1105,CS-TTX,Embraer E195,TAP Air Portugal,landing,arrivee,750,228.9,93.4,,,,
2026-05-07,16:02:15,495308,CS-TXH,Airbus A321neo,TAP Air Portugal,landing,arrivee,825,249.1,87.2,,,,
2026-05-07,16:05:18,4952cf,CS-TVO,Airbus A320neo,TAP Air Portugal,landing,arrivee,750,244.3,93.2,,,,
2026-05-07,16:07:58,3c54a1,D-AEEA,Airbus A321neo,Eurowings,landing,arrivee,775,262.4,90.7,,,,
2026-05-07,16:10:49,BAW5DW,G-TNEH,Airbus A321neo,British Airways,landing,arrivee,750,258.0,93.2,,,,
2026-05-07,16:13:14,495145,CS-TJE,Airbus A321,TAP Air Portugal,landing,arrivee,800,268.9,92.5,,,,
2026-05-07,16:16:06,TAP90EH,CS-TOO,Airbus A330-200,TAP Air Portugal,landing,arrivee,775,260.8,89.7,,,,
2026-05-07,16:19:00,4952cb,CS-TVK,Airbus A320neo,TAP Air Portugal,landing,arrivee,725,256.5,95.5,,,,
2026-05-07,16:21:35,495305,CS-TXE,Airbus A321neo,TAP Air Portugal,landing,arrivee,800,264.8,81.5,,,,
2026-05-07,16:24:02,495150,CS-TJP,Airbus A321neo,TAP Air Portugal,landing,arrivee,850,253.2,91.8,,,,
2026-05-07,16:26:32,495304,CS-TXD,Airbus A321neo,TAP Air Portugal,landing,arrivee,825,279.7,79.8,,,,
2026-05-07,16:29:13,RYR32KG,EI-EML,Boeing 737-800,Ryanair,landing,arrivee,775,288.0,90.8,,,,
2026-05-07,16:32:16,ANE91TE,EC-MLO,Bombardier CRJ-1000,Air Nostrum,landing,arrivee,775,255.2,88.5,,,,
2026-05-07,16:34:57,EJU81TJ,OE-LSV,Airbus A320neo,easyJet Europe,landing,arrivee,775,271.3,93.0,,,,
2026-05-07,16:37:33,440db0,OE-IDX,Airbus A320,easyJet Europe,landing,arrivee,775,258.9,91.0,,,,
2026-05-07,16:40:03,TAP1359,CS-TVC,Airbus A320neo,TAP Air Portugal,landing,arrivee,800,258.4,90.8,,,,
2026-05-07,16:42:45,TAP1137,CS-TPV,Embraer E190,TAP Air Portugal,landing,arrivee,750,257.2,85.2,,,,
2026-05-07,16:44:52,408000,G-UZLR,Airbus A320neo,easyJet,approach,arrivee,825,250.8,81.7,,,,
2026-05-07,16:47:14,4cadbe,EI-IGL,Boeing 737 MAX 8,Ryanair,cruise,,775,0.0,86.1,,,,
2026-05-07,16:49:13,ECODU,EC-ODU,GL5T,,landing,arrivee,775,226.7,92.6,,,,
2026-05-07,16:52:09,TAP226,CS-TUM,Airbus A330-900neo,TAP Air Portugal,landing,arrivee,800,270.8,88.5,,,,
2026-05-07,16:54:42,RYR85MR,9H-IHH,Airbus A320,Lauda Europe,landing,arrivee,775,258.9,93.4,,,,
2026-05-07,16:56:35,4951d5,CS-TNU,Airbus A320,TAP Air Portugal,landing,arrivee,825,254.8,88.2,,,,
2026-05-07,16:59:11,TVF72AP,F-HUYF,Boeing 737-800,Transavia France,landing,arrivee,750,282.4,95.1,,,,
2026-05-07,17:15:43,RYR9QJ,,,,unknown,,0,0.0,0.0,,,,
2026-05-07,17:18:33,4cac86,EI-HMZ,Boeing 737 MAX 8,Ryanair,landing,arrivee,775,274.1,95.1,,,,
2026-05-07,17:22:16,RAM982,CN-RHM,Boeing 737 MAX 8,Royal Air Maroc,landing,arrivee,750,287.4,91.6,,,,
2026-05-07,17:25:09,RYR7GJ,9H-QCA,Boeing 737-800,Malta Air,landing,arrivee,750,276.5,93.5,,,,
2026-05-07,17:28:30,TAP1824,CS-TJS,Airbus A321neo,TAP Air Portugal,landing,arrivee,825,260.0,84.5,,,,
2026-05-07,17:33:16,497c83,16805,C130,,landing,arrivee,750,263.2,90.3,,,,
2026-05-07,17:38:02,TRA27L,PH-HSI,Boeing 737-800,Transavia,landing,arrivee,700,285.6,93.7,,,,
2026-05-07,17:41:04,AFR24MF,F-HZUU,BD-500-1A11,Air France,landing,arrivee,725,251.7,96.3,,,,
2026-05-07,17:45:18,BAW506,G-TTNP,Airbus A320neo,British Airways,landing,arrivee,725,252.4,95.7,,,,
2026-05-07,17:47:05,EJU45HZ,OE-LSF,Airbus A320neo,easyJet Europe,landing,arrivee,775,272.1,95.4,,,,
2026-05-07,17:49:18,TAP1337,CS-TVP,Airbus A320neo,TAP Air Portugal,landing,arrivee,725,244.3,98.9,,,,
2026-05-07,17:51:51,TAP298,CS-TUS,Airbus A330-900neo,TAP Air Portugal,landing,arrivee,750,267.2,92.7,,,,
2026-05-07,17:54:35,4951d2,CS-TNR,Airbus A320,TAP Air Portugal,landing,arrivee,775,262.2,92.2,,,,
2026-05-07,17:57:32,TAP15NC,CS-TNN,Airbus A320,TAP Air Portugal,landing,arrivee,725,259.3,95.3,,,,
2026-05-07,18:00:25,4952c4,CS-TVD,Airbus A320neo,TAP Air Portugal,landing,arrivee,850,263.2,91.2,,,,
2026-05-07,18:03:24,TAP1558,CS-TVM,Airbus A320neo,TAP Air Portugal,landing,arrivee,750,239.1,98.9,,,,
2026-05-07,18:06:00,3964ee,F-GZHO,Boeing 737-800,Transavia France,landing,arrivee,800,279.7,92.5,,,,
2026-05-07,18:08:33,TRA9H,PH-HXF,Boeing 737-800,Transavia,landing,arrivee,775,283.4,95.4,,,,
2026-05-07,18:11:12,40631a,G-EZFV,Airbus A319,easyJet,landing,arrivee,800,244.8,90.2,,,,
2026-05-07,18:15:51,4d239e,9H-GMG,C650,,landing,arrivee,775,257.2,88.8,,,,
2026-05-07,18:25:16,TAP435,CS-TVR,Airbus A320neo,TAP Air Portugal,landing,arrivee,750,255.9,88.7,,,,
2026-05-07,18:27:46,NSZ2WK,SE-RRO,Boeing 737-800,Norwegian Air Sweden,landing,arrivee,725,285.6,93.5,,,,
2026-05-07,18:30:40,TAP1906,CS-TVL,Airbus A320,TAP Air Portugal,landing,arrivee,775,219.8,79.7,,,,
2026-05-07,18:33:37,TAP1439,CS-TVG,Airbus A320neo,TAP Air Portugal,landing,arrivee,775,233.9,81.7,,,,
2026-05-07,18:37:50,KLM71Y,PH-AXL,Airbus A321neo,KLM,landing,arrivee,775,252.4,90.9,,,,
2026-05-07,18:40:19,4951d8,CS-TNX,Airbus A320,TAP Air Portugal,landing,arrivee,750,263.4,98.9,,,,
2026-05-07,18:43:14,495038,CS-TAX,Embraer E195,TAP Air Portugal,landing,arrivee,725,268.9,93.5,,,,
2026-05-07,18:46:08,TAY2MN,OE-IXS,Boeing 737-800,Iberia,landing,arrivee,725,249.1,97.0,,,,
2026-05-07,18:48:36,440065,OE-LQZ,Airbus A319,easyJet Europe,landing,arrivee,750,260.4,89.2,,,,
2026-05-07,18:51:13,TAP1931,CS-TNW,Airbus A320,TAP Air Portugal,landing,arrivee,700,255.6,94.5,,,,
2026-05-07,18:53:37,BLAST03,,,,landing,arrivee,875,245.2,84.8,,,,
2026-05-07,18:56:04,34660e,EC-NOM,Airbus A320,Volotea,landing,arrivee,825,261.5,81.7,,,,
2026-05-07,18:58:31,BEL2DT,OO-SNL,Airbus A320,Brussels Airlines,landing,arrivee,750,270.8,86.4,,,,
2026-05-07,19:01:35,495274,CS-TST,767 34PER,TAP Air Portugal,landing,arrivee,775,244.6,92.0,,,,
2026-05-07,19:04:01,4ca259,EI-DHD,Boeing 737-800,Ryanair,landing,arrivee,675,285.6,95.9,,,,
2026-05-07,19:06:23,RYR5KT,EI-DWG,Boeing 737-800,Ryanair,landing,arrivee,725,283.0,93.2,,,,
2026-05-07,19:08:51,39d314,F-HUYU,Boeing 737-800,Transavia France,approach,arrivee,775,0.0,89.9,,,,
2026-05-07,19:11:31,4841a5,PH-HZN,Boeing 737-800,Transavia,landing,arrivee,775,292.1,95.5,,,,
2026-05-07,19:14:39,AEA1157,EC-NZN,Boeing 737-800,Air Europa,landing,arrivee,750,274.8,93.1,,,,
2026-05-07,19:17:22,49520f,CS-TPO,Embraer E190,TAP Air Portugal,landing,arrivee,725,237.4,95.1,,,,
2026-05-07,19:19:38,TAM8150,CC-BGS,Boeing 787-9,LATAM Airlines,landing,arrivee,775,288.9,94.2,,,,
2026-05-07,19:22:34,TAP1361,CS-TJN,Airbus A321neo,TAP Air Portugal,landing,arrivee,750,268.9,98.1,,,,
2026-05-07,19:37:28,4d2210,9H-QBT,Boeing 737-800,Malta Air,landing,arrivee,750,279.7,97.7,,,,
2026-05-07,19:40:10,471dc0,HA-LGY,Airbus A321neo,SAS Scandinavian,landing,arrivee,800,253.2,92.1,,,,
2026-05-07,19:42:45,49514d,CS-TJM,Airbus A321neo,TAP Air Portugal,landing,arrivee,800,269.7,92.5,,,,
2026-05-07,19:47:29,TAP825,CS-TJH,Airbus A321,TAP Air Portugal,landing,arrivee,775,264.1,96.9,,,,
2026-05-07,19:50:10,407f64,G-EJCD,Airbus A320,easyJet,landing,arrivee,800,266.5,87.7,,,,
2026-05-07,19:52:52,4952d1,CS-TVQ,Airbus A320neo,TAP Air Portugal,landing,arrivee,800,252.4,93.9,,,,
2026-05-07,19:58:51,TAP403Z,CS-TPW,Embraer E190,TAP Air Portugal,landing,arrivee,750,255.6,93.4,,,,
2026-05-07,20:02:20,4951d1,CS-TNQ,Airbus A320,TAP Air Portugal,landing,arrivee,775,268.9,89.8,,,,
2026-05-07,20:05:05,49526d,CS-TSM,Airbus A320,TAP Air Portugal,landing,arrivee,800,267.2,81.3,,,,
2026-05-07,20:08:10,TAP93ZS,CS-TTR,Airbus A319,TAP Air Portugal,landing,arrivee,775,245.6,93.4,,,,
2026-05-07,20:11:15,RYR56BR,9H-VVI,Boeing 737 MAX 8,Malta Air,landing,arrivee,750,278.9,90.7,,,,
2026-05-07,20:14:07,495215,CS-TPU,Embraer E190,TAP Air Portugal,landing,arrivee,750,243.2,93.0,,,,
2026-05-07,20:16:39,TAP4TL,CS-TTY,Embraer E195,TAP Air Portugal,landing,arrivee,700,266.5,99.5,,,,
2026-05-07,20:18:59,4d2415,9H-EWC,Airbus A320,Eurowings,landing,arrivee,725,249.1,95.3,,,,
2026-05-07,20:21:51,TAP473H,CS-TPX,Embraer E190,TAP Air Portugal,landing,arrivee,675,242.2,97.7,,,,
2026-05-07,20:24:18,TAP53ED,CS-TVI,Airbus A320neo,TAP Air Portugal,landing,arrivee,775,257.2,90.4,,,,
2026-05-07,20:27:05,4caa61,EI-EXF,Boeing 737-800,Ryanair,landing,arrivee,775,268.9,93.2,,,,
2026-05-07,20:30:01,RYR384,EI-IKK,Boeing 737 MAX 8,Ryanair,landing,arrivee,725,283.7,96.0,,,,
2026-05-07,20:32:52,TAP48M,CS-TTW,Embraer E195,TAP Air Portugal,landing,arrivee,700,263.2,98.6,,,,
2026-05-07,20:35:38,WMT537,9H-WAI,Airbus A321,Lauda Europe,landing,arrivee,700,250.0,96.3,,,,
2026-05-07,20:38:38,TAP1019,CS-TTX,Embraer E195,TAP Air Portugal,landing,arrivee,700,264.8,96.4,,,,
2026-05-07,20:41:04,4952c6,CS-TVF,Airbus A320neo,TAP Air Portugal,landing,arrivee,825,246.7,83.3,,,,
2026-05-07,20:42:53,495306,CS-TXF,Airbus A321neo,TAP Air Portugal,cruise,,800,0.0,84.8,,,,
2026-05-07,20:45:01,VLG8UE,EC-NCF,Airbus A320neo,Vueling,landing,arrivee,750,273.2,99.8,,,,
2026-05-07,20:52:48,342091,EC-ILS,Airbus A320,Iberia,landing,arrivee,775,251.5,96.7,,,,
2026-05-07,21:01:18,TAP1692,CS-TVO,Airbus A320neo,TAP Air Portugal,landing,arrivee,725,247.2,99.6,,,,
2026-05-07,21:05:08,TAP877,CS-TPS,Embraer E190,TAP Air Portugal,landing,arrivee,750,247.2,99.0,,,,
2026-05-07,21:07:51,TAP57W,CS-TXC,Airbus A321neo,TAP Air Portugal,landing,arrivee,775,249.1,81.5,,,,
2026-05-07,21:10:51,TAP437X,CS-TJI,Airbus A321neo,TAP Air Portugal,landing,arrivee,775,275.6,93.3,,,,
2026-05-07,21:13:22,495039,CS-TAY,Embraer E195,TAP Air Portugal,landing,arrivee,725,265.8,86.1,,,,
2026-05-07,21:16:20,TAP863Y,CS-TNS,Airbus A320,TAP Air Portugal,landing,arrivee,750,260.8,85.4,,,,
2026-05-07,21:23:10,4caa57,EI-EVR,Boeing 737-800,Ryanair,landing,arrivee,725,283.0,95.8,,,,
2026-05-07,21:28:10,495037,CS-TAW,Embraer E195,TAP Air Portugal,landing,arrivee,725,270.4,87.6,,,,
2026-05-07,21:31:37,RZO134,CS-TSI,Airbus A321neo,TAP Air Portugal,landing,arrivee,775,259.7,92.3,,,,
2026-05-07,21:33:46,TAP885,CS-TPZ,Embraer E190,TAP Air Portugal,landing,arrivee,725,244.8,94.1,,,,
2026-05-07,21:37:42,495212,CS-TPR,Embraer E190,TAP Air Portugal,landing,arrivee,725,240.0,99.3,,,,
2026-05-07,21:40:45,DTA652,D2-TEI,Boeing 777-300ER,TAAG Angola Airlines,landing,arrivee,750,264.8,97.4,,,,
2026-05-07,21:44:26,PGT1741,TC-NCU,Airbus A320neo,Pegasus,landing,arrivee,725,236.7,93.3,,,,
2026-05-07,21:47:46,ELY375,4X-EKJ,Boeing 737-800,El Al,landing,arrivee,675,287.6,96.9,,,,
2026-05-07,21:54:17,49514c,CS-TJL,Airbus A321neo,TAP Air Portugal,landing,arrivee,825,236.7,84.3,,,,
2026-05-07,21:56:00,EJU74EP,OE-IDX,Airbus A320,easyJet Europe,landing,arrivee,750,264.8,94.0,,,,
2026-05-07,21:59:18,UAE5M,A6-EPI,Boeing 777-300ER,Emirates,landing,arrivee,750,265.6,93.7,,,,
2026-05-07,22:01:55,4952ce,CS-TVN,Airbus A320neo,TAP Air Portugal,landing,arrivee,750,243.2,95.9,,,,
2026-05-07,22:03:32,RYR8HG,EI-ILD,Boeing 737 MAX 8,Ryanair,landing,arrivee,725,269.7,94.1,,,,
2026-05-07,22:05:58,DAH3004,7T-VKD,Boeing 737-800,Air Algerie,landing,arrivee,725,269.7,94.7,,,,
2026-05-07,22:08:17,TAP827V,CS-TNJ,Airbus A320,TAP Air Portugal,landing,arrivee,725,251.5,98.0,,,,
2026-05-07,22:09:56,4951cc,CS-TNL,Airbus A320,TAP Air Portugal,landing,arrivee,775,246.3,91.3,,,,
2026-05-07,22:11:37,3c66e1,D-AIWA,Airbus A320,Lufthansa,landing,arrivee,775,263.2,92.4,,,,
2026-05-07,22:14:08,TAP1933,CS-TAX,Embraer E195,TAP Air Portugal,landing,arrivee,700,241.5,92.0,,,,
2026-05-07,22:16:17,495146,CS-TJF,Airbus A321,TAP Air Portugal,landing,arrivee,750,258.0,93.0,,,,
2026-05-07,22:18:01,4d226d,9H-QBR,Boeing 737-800,Malta Air,landing,arrivee,725,280.2,95.5,,,,
2026-05-07,22:21:16,49514b,CS-TJK,Airbus A321neo,TAP Air Portugal,landing,arrivee,750,269.7,96.2,,,,
2026-05-07,22:23:54,AFR64PQ,F-HEPG,Airbus A320,Air France,landing,arrivee,725,258.0,95.9,,,,
2026-05-07,22:26:23,EJU91TW,OE-LUE,Airbus A320neo,easyJet Europe,landing,arrivee,750,246.7,99.0,,,,
2026-05-07,22:28:11,49514f,CS-TJO,Airbus A321neo,TAP Air Portugal,landing,arrivee,750,269.7,99.4,,,,
2026-05-07,22:30:06,4400f3,OE-IDO,Airbus A320,easyJet Europe,landing,arrivee,750,259.7,96.3,,,,
2026-05-07,22:32:40,RYR3RB,EI-EST,Boeing 737-800,Ryanair,landing,arrivee,675,281.7,94.5,,,,
2026-05-07,22:36:03,4951d2,CS-TNR,Airbus A320,TAP Air Portugal,landing,arrivee,725,246.7,92.5,,,,
2026-05-07,22:39:16,440cbf,OE-LSO,Airbus A320,easyJet Europe,landing,arrivee,775,267.2,91.8,,,,
2026-05-07,22:41:45,DLH64P,D-AIEJ,Airbus A321neo,Lufthansa,landing,arrivee,775,263.2,89.2,,,,
2026-05-07,22:43:37,4952c1,CS-TVA,Airbus A320neo,TAP Air Portugal,landing,arrivee,750,247.2,93.0,,,,
2026-05-07,22:46:12,AEE7PT,SX-NAS,Airbus A321neo,Aegean Airlines,landing,arrivee,725,277.2,97.0,,,,
2026-05-07,22:49:56,TVF34QV,F-HTVH,Boeing 737-800,Transavia France,landing,arrivee,700,275.6,95.0,,,,
2026-05-07,22:53:15,KLM35W,PH-AXA,Airbus A321neo,KLM,landing,arrivee,725,245.6,89.3,,,,
2026-05-07,22:56:08,BAW508,G-TTNA,Airbus A320neo,British Airways,landing,arrivee,775,244.8,86.0,,,,
2026-05-07,22:58:58,TAP43RY,EC-OCT,Airbus A321,TAP Air Portugal,landing,arrivee,725,271.3,95.1,,,,
2026-05-07,23:01:56,EJU32GK,OE-IDU,Airbus A320,easyJet Europe,landing,arrivee,775,258.9,90.7,,,,
2026-05-07,23:03:32,4951d4,CS-TNT,Airbus A320,TAP Air Portugal,landing,arrivee,800,263.4,81.8,,,,
2026-05-07,23:05:34,39cea5,F-HTVF,Boeing 737-800,Transavia France,landing,arrivee,750,273.2,81.0,,,,
2026-05-07,23:08:51,TAP35MT,CS-TNM,Airbus A320,TAP Air Portugal,landing,arrivee,700,236.7,99.8,,,,
2026-05-07,23:12:42,34134e,EC-HUI,Airbus A321,Iberia,landing,arrivee,775,283.0,83.2,,,,
2026-05-07,23:15:16,440c38,OE-LSJ,Airbus A320neo,Vueling,landing,arrivee,725,271.3,99.6,,,,
2026-05-07,23:17:23,440cf8,OE-IBF,Airbus A320,easyJet Europe,landing,arrivee,775,263.2,82.5,,,,
2026-05-07,23:19:08,EJU69VE,OE-LSF,Airbus A320neo,easyJet Europe,landing,arrivee,750,265.6,99.0,,,,
2026-05-07,23:22:47,4951d5,CS-TNU,Airbus A320,TAP Air Portugal,landing,arrivee,775,245.6,93.4,,,,
2026-05-07,23:25:15,4d24ca,9H-VVI,Boeing 737 MAX 8,Malta Air,approach,arrivee,750,0.0,90.5,,,,
2026-05-07,23:27:28,DLH23C,D-AINX,Airbus A320neo,Lufthansa,landing,arrivee,750,254.8,94.9,,,,
2026-05-07,23:32:03,TAP3834,CS-TPT,Embraer E190,TAP Air Portugal,landing,arrivee,725,239.1,88.4,,,,
2026-05-07,23:34:16,440075,OE-LSV,Airbus A320neo,easyJet Europe,landing,arrivee,750,261.7,96.9,,,,
2026-05-07,23:36:28,4b194a,HB-JPA,Airbus A321neo,Swiss,landing,arrivee,775,285.6,91.8,,,,
2026-05-07,23:42:53,THY2ES,TC-LTJ,Airbus A321neo,Turkish Airlines,landing,arrivee,750,254.8,97.6,,,,
2026-05-07,23:44:45,495304,CS-TXD,Airbus A321neo,TAP Air Portugal,landing,arrivee,775,263.9,87.5,,,,
2026-05-07,23:48:42,4cadbe,EI-IGL,Boeing 737 MAX 8,Ryanair,landing,arrivee,725,285.6,90.5,,,,
2026-05-07,23:56:12,TAP1478,CS-TJJ,Airbus A321neo,TAP Air Portugal,landing,arrivee,725,278.0,97.2,,,,
2026-05-08,00:06:35,495145,CS-TJE,Airbus A321,TAP Air Portugal,landing,arrivee,775,275.6,92.8,,,,
2026-05-08,00:10:44,IFA1146,D-AFAD,Challenger 604,Lufthansa,landing,arrivee,800,243.2,86.4,,,,
2026-05-08,00:35:13,VOR09,EI-TCN,DA 62,Flight Calibration Services Europe Limited,takeoff,depart,2375,236.1,72.8,,,,
2026-05-08,01:06:01,RZO128,CS-TSJ,Airbus A321neo,TAP Air Portugal,landing,arrivee,775,260.8,97.0,,,,
2026-05-08,01:19:02,4cac97,EI-TCN,DA 62,Flight Calibration Services Europe Limited,landing,arrivee,900,326.3,72.2,,,,
2026-05-08,01:52:04,VOR09,EI-TCN,DA 62,Flight Calibration Services Europe Limited,takeoff,depart,1375,210.8,60.2,,,,
2026-05-08,03:19:28,VOR09,EI-TCN,DA 62,Flight Calibration Services Europe Limited,takeoff,depart,1100,215.6,86.7,,,,
2026-05-08,05:15:37,3c66e1,D-AIWA,Airbus A320,Lufthansa,takeoff,depart,1925,262.4,91.9,,,,
2026-05-08,05:27:50,KLM44L,PH-AXA,Airbus A321neo,KLM,takeoff,depart,1575,297.2,92.0,,,,
2026-05-08,05:54:49,3991e6,F-HEPG,Airbus A320,Air France,takeoff,depart,1875,291.3,94.2,,,,
2026-05-08,06:09:29,495214,CS-TPT,Embraer E190,TAP Air Portugal,cruise,,1625,0.0,93.7,,,,
2026-05-08,06:11:34,THY6ER,TC-LTJ,Airbus A321neo,Turkish Airlines,takeoff,depart,1925,292.2,91.2,,,,
2026-05-08,06:14:50,SWR2083,HB-JPA,Airbus A321neo,Swiss,takeoff,depart,1800,289.3,93.9,,,,
2026-05-08,06:17:26,EJU37GM,OE-IDU,Airbus A320,easyJet Europe,takeoff,depart,2375,349.8,69.2,,,,
2026-05-08,06:19:23,39cea7,F-HTVH,Boeing 737-800,Transavia France,takeoff,depart,1750,297.6,89.5,,,,
2026-05-08,06:21:24,RZO121,CS-TSJ,Airbus A321neo,TAP Air Portugal,takeoff,depart,2300,331.9,77.5,,,,
2026-05-08,06:23:26,EJU7695,OE-LUE,Airbus A320neo,easyJet Europe,takeoff,depart,2625,359.7,67.4,,,,
2026-05-08,06:24:27,EJU75NR,OE-LSJ,Airbus A320neo,Vueling,takeoff,depart,2200,326.1,82.3,,,,
2026-05-08,06:26:31,RYR5DQ,9H-VVI,Boeing 737 MAX 8,Malta Air,takeoff,depart,2200,333.7,64.6,,,,
2026-05-08,06:29:38,3c64aa,D-AIEJ,Airbus A321neo,Lufthansa,takeoff,depart,1900,283.4,93.5,,,,
2026-05-08,06:31:56,RYR13QK,EI-EST,Boeing 737-800,Ryanair,takeoff,depart,1450,292.1,94.0,,,,
2026-05-08,06:35:11,440da5,OE-IDS,Airbus A320,easyJet Europe,takeoff,depart,1650,286.1,92.5,,,,
2026-05-08,06:39:09,EJU7583,OE-LSO,Airbus A320,easyJet Europe,takeoff,depart,1950,318.9,91.0,,,,
2026-05-08,06:44:07,39cea5,F-HTVF,Boeing 737-800,Transavia France,takeoff,depart,1725,294.5,91.3,,,,
2026-05-08,06:47:52,TAP830,CS-TJF,Airbus A321,TAP Air Portugal,takeoff,depart,1600,290.4,96.4,,,,
2026-05-08,06:53:34,IBE05WK,EC-HUI,Airbus A321,Iberia,takeoff,depart,1675,279.5,92.4,,,,
2026-05-08,07:01:36,4caa57,EI-EVR,Boeing 737-800,Ryanair,takeoff,depart,1450,295.9,91.9,,,,
2026-05-08,07:04:10,TAP1685,CS-TJJ,Airbus A321neo,TAP Air Portugal,takeoff,depart,2250,329.5,63.2,,,,
2026-05-08,07:05:11,TP86GM,CS-TJE,Airbus A321,TAP Air Portugal,takeoff,depart,2475,309.7,85.3,,,,
2026-05-08,07:07:13,EJU65YE,OE-LSF,Airbus A320neo,easyJet Europe,climb,depart,3150,363.4,70.4,,,,
2026-05-08,07:08:18,TAP34A,CS-TAX,Embraer E195,TAP Air Portugal,takeoff,depart,1625,265.6,92.6,,,,
2026-05-08,07:10:27,440cf8,OE-IBF,Airbus A320,easyJet Europe,takeoff,depart,1775,298.5,93.5,,,,
2026-05-08,07:12:29,a8e002,N671FX,GLF6,Unknown US,takeoff,depart,2850,333.2,83.3,,,,
2026-05-08,07:15:21,440db0,OE-IDX,Airbus A320,easyJet Europe,takeoff,depart,1825,299.8,93.3,,,,
2026-05-08,07:17:54,440075,OE-LSV,Airbus A320neo,easyJet Europe,takeoff,depart,1900,290.6,92.8,,,,
2026-05-08,07:20:50,TAP1920,CS-TNT,Airbus A320,TAP Air Portugal,takeoff,depart,2475,319.5,90.2,,,,
2026-05-08,07:23:33,344545,EC-MAF,ATR 72 500F,Swiftair,climb,depart,1300,258.0,93.5,,,,
2026-05-08,07:30:52,4951cc,CS-TNL,Airbus A320,TAP Air Portugal,takeoff,depart,1700,280.9,93.9,,,,
2026-05-08,07:33:52,TAP13J,CS-TAY,Embraer E195,TAP Air Portugal,takeoff,depart,1900,293.0,93.1,,,,
2026-05-08,07:35:55,4951cd,CS-TNM,Airbus A320,TAP Air Portugal,takeoff,depart,1650,283.7,93.0,,,,
2026-05-08,07:39:09,4951d8,CS-TNX,Airbus A320,TAP Air Portugal,takeoff,depart,1775,275.8,94.5,,,,
2026-05-08,07:41:45,407464,G-TTNA,Airbus A320neo,British Airways,takeoff,depart,1975,281.7,92.5,,,,
2026-05-08,07:44:19,TAP874H,CS-TPR,Embraer E190,TAP Air Portugal,takeoff,depart,1750,270.9,92.0,,,,
2026-05-08,07:46:58,4952ce,CS-TVN,Airbus A320neo,TAP Air Portugal,takeoff,depart,1900,277.6,93.0,,,,
2026-05-08,07:50:03,TAP34CC,CS-TPS,Embraer E190,TAP Air Portugal,takeoff,depart,1975,276.1,90.9,,,,
2026-05-08,07:52:30,49521a,CS-TPZ,Embraer E190,TAP Air Portugal,takeoff,depart,2050,267.6,91.2,,,,
2026-05-08,07:55:05,TAP882,CS-TNJ,Airbus A320,TAP Air Portugal,takeoff,depart,1650,281.7,97.0,,,,
2026-05-08,07:57:45,344217,EC-LPQ,Boeing 737-800,Air Europa,takeoff,depart,1300,306.1,93.2,,,,
2026-05-08,08:00:27,TAY1MN,OE-IXS,Boeing 737-800,Iberia,takeoff,depart,1850,259.7,91.8,,,,
2026-05-08,08:03:25,49514d,CS-TJM,Airbus A321neo,TAP Air Portugal,takeoff,depart,1675,306.1,93.3,,,,
2026-05-08,08:06:04,4952cf,CS-TVO,Airbus A320neo,TAP Air Portugal,takeoff,depart,1725,284.5,93.6,,,,
2026-05-08,08:08:34,3c65d8,D-AINX,Airbus A320neo,Lufthansa,takeoff,depart,1875,280.4,94.6,,,,
2026-05-08,08:11:14,RYR9CZ,EI-IGL,Boeing 737 MAX 8,Ryanair,takeoff,depart,1450,299.7,93.1,,,,
2026-05-08,08:14:22,4951d2,CS-TNR,Airbus A320,TAP Air Portugal,takeoff,depart,1800,280.6,90.1,,,,
2026-05-08,08:16:50,49514f,CS-TJO,Airbus A321neo,TAP Air Portugal,takeoff,depart,1775,292.8,92.7,,,,
2026-05-08,08:19:14,4952c1,CS-TVA,Airbus A320neo,TAP Air Portugal,takeoff,depart,2025,319.3,96.6,,,,
2026-05-08,08:22:18,4951d3,CS-TNS,Airbus A320,TAP Air Portugal,takeoff,depart,1775,279.7,91.1,,,,
2026-05-08,08:24:20,TAP780,EC-OCT,Airbus A321,TAP Air Portugal,takeoff,depart,2900,290.2,89.1,,,,
2026-05-08,08:29:31,TAP1859,CS-TXM,Airbus A321,TAP Air Portugal,takeoff,depart,1575,300.6,94.2,,,,
2026-05-08,08:34:54,49514c,CS-TJL,Airbus A321neo,TAP Air Portugal,takeoff,depart,1700,294.8,93.4,,,,
2026-05-08,08:37:50,TAP1240,CS-TJH,Airbus A321,TAP Air Portugal,takeoff,depart,1550,295.4,95.4,,,,
2026-05-08,08:41:39,495216,CS-TPV,Embraer E190,TAP Air Portugal,takeoff,depart,1650,265.6,95.4,,,,
2026-05-08,08:49:58,347287,EC-NTO,Airbus A320neo,Iberia,takeoff,depart,1850,253.5,92.2,,,,
2026-05-08,08:53:03,495274,CS-TST,767 34PER,TAP Air Portugal,takeoff,depart,2050,326.1,90.6,,,,
2026-05-08,08:56:11,4952c9,CS-TVI,Airbus A320neo,TAP Air Portugal,takeoff,depart,1775,288.9,91.5,,,,
2026-05-08,08:58:12,TAP1356,CS-TXD,Airbus A321neo,TAP Air Portugal,takeoff,depart,2250,318.5,90.1,,,,
2026-05-08,09:01:25,TAP7AB,CS-TVF,Airbus A320neo,TAP Air Portugal,takeoff,depart,1800,266.5,93.6,,,,
2026-05-08,09:04:35,TAP5DL,CS-TPO,Embraer E190,TAP Air Portugal,takeoff,depart,1600,285.6,92.0,,,,
2026-05-08,09:07:43,495292,CS-TTR,Airbus A319,TAP Air Portugal,takeoff,depart,1675,281.1,92.3,,,,
2026-05-08,09:09:47,TAP400,CS-TPQ,Embraer E190,TAP Air Portugal,takeoff,depart,2325,329.5,86.7,,,,
2026-05-08,09:11:44,49514b,CS-TJK,Airbus A321neo,TAP Air Portugal,takeoff,depart,1700,296.5,93.3,,,,
2026-05-08,09:13:46,TAP552N,CS-TVR,Airbus A320neo,TAP Air Portugal,takeoff,depart,2450,323.0,88.0,,,,
2026-05-08,09:15:17,TAP6MS,CS-TXF,Airbus A321neo,TAP Air Portugal,takeoff,depart,2175,328.2,86.7,,,,
2026-05-08,09:17:18,TAP49L,CS-TTW,Embraer E195,TAP Air Portugal,takeoff,depart,2800,317.8,78.7,,,,
2026-05-08,09:20:11,4952c7,CS-TVG,Airbus A320neo,TAP Air Portugal,takeoff,depart,2025,314.5,93.5,,,,
2026-05-08,09:22:12,VLG630A,EC-OOV,Airbus A320,Vueling,takeoff,depart,2150,305.0,88.7,,,,
2026-05-08,09:24:14,TAP70YS,CS-TPW,Embraer E190,TAP Air Portugal,takeoff,depart,2125,313.7,88.4,,,,
2026-05-08,09:25:15,EZY75QC,G-UZHA,Airbus A320neo,easyJet,takeoff,depart,2100,312.1,91.3,,,,
2026-05-08,09:27:17,RZO131,CS-TKP,Airbus A320,TAP Air Portugal,takeoff,depart,2325,333.2,86.7,,,,
2026-05-08,09:28:24,TAP62JR,CS-TAW,Embraer E195,TAP Air Portugal,takeoff,depart,1600,273.2,92.4,,,,
2026-05-08,09:32:37,TAP1541,CS-TVL,Airbus A320,TAP Air Portugal,takeoff,depart,2025,323.7,93.5,,,,
2026-05-08,09:34:43,VLG1HR,EC-NLY,Airbus A321,Vueling,takeoff,depart,2475,311.3,86.4,,,,
2026-05-08,09:36:00,TAP155A,CS-TVQ,Airbus A320neo,TAP Air Portugal,takeoff,depart,2025,334.3,92.5,,,,
2026-05-08,09:39:12,4951d7,CS-TNW,Airbus A320,TAP Air Portugal,takeoff,depart,1725,288.9,92.4,,,,
2026-05-08,09:42:12,RYR385,EI-IKK,Boeing 737 MAX 8,Ryanair,takeoff,depart,1600,302.2,91.5,,,,
2026-05-08,09:45:40,RYR4CU,EI-IKX,Boeing 737 MAX 8,Ryanair,takeoff,depart,1400,315.8,93.3,,,,
2026-05-08,09:49:13,TAP92VC,CS-TPU,Embraer E190,TAP Air Portugal,climb,depart,3250,273.4,95.9,,,,
2026-05-08,09:51:20,RYR2JJ,9H-QDU,Boeing 737-800,Malta Air,takeoff,depart,1400,309.1,91.7,,,,
2026-05-08,09:54:13,e4818c,PT-MUD,Boeing 777-300ER,LATAM Airlines,takeoff,depart,1225,379.7,92.5,,,,
2026-05-08,09:57:24,TAP15LD,CS-TJN,Airbus A321neo,TAP Air Portugal,takeoff,depart,1500,314.7,92.4,,,,
2026-05-08,10:00:25,0900f0,D2-TEJ,Boeing 777-300ER,TAAG Angola Airlines,takeoff,depart,1575,338.4,91.3,,,,
2026-05-08,10:03:35,4952d0,CS-TVP,Airbus A320neo,TAP Air Portugal,takeoff,depart,1825,278.2,95.8,,,,
2026-05-08,10:06:18,49530a,CS-TXJ,Airbus A321neo,TAP Air Portugal,takeoff,depart,1725,339.8,92.0,,,,
2026-05-08,10:09:06,TAP1687,CS-TVM,Airbus A320neo,TAP Air Portugal,takeoff,depart,1550,300.2,95.6,,,,
2026-05-08,10:13:16,407f7a,G-UJEB,Airbus A320neo,easyJet,takeoff,depart,1800,293.4,92.3,,,,
2026-05-08,10:15:32,TAP1926,CS-TJS,Airbus A321neo,TAP Air Portugal,takeoff,depart,2550,336.0,75.0,,,,
2026-05-08,10:18:09,RYR8HM,EI-IGI,Boeing 737 MAX 8,Ryanair,takeoff,depart,1500,304.8,92.7,,,,
2026-05-08,10:21:04,4d2256,9H-QBD,Boeing 737-800,Malta Air,takeoff,depart,1525,305.8,91.7,,,,
2026-05-08,10:23:58,a51601,N427DX,Airbus A330-900neo,Delta Air Lines,takeoff,depart,1850,305.8,90.9,,,,
2026-05-08,10:25:42,AZU8901,CS-TSW,Boeing 777-200,Azul,takeoff,depart,1850,341.1,92.3,,,,
2026-05-08,10:29:18,49530c,CS-TXL,Airbus A321neo,TAP Air Portugal,takeoff,depart,1950,322.2,90.8,,,,
2026-05-08,10:32:14,TAP247,CS-TUP,Airbus A330-900neo,TAP Air Portugal,takeoff,depart,1725,322.6,92.4,,,,
2026-05-08,10:34:46,495150,CS-TJP,Airbus A321neo,TAP Air Portugal,takeoff,depart,1725,297.4,90.2,,,,
2026-05-08,10:37:34,4952cb,CS-TVK,Airbus A320neo,TAP Air Portugal,takeoff,depart,1825,280.6,91.8,,,,
2026-05-08,10:42:36,495218,CS-TPX,Embraer E190,TAP Air Portugal,takeoff,depart,1275,291.7,98.2,,,,
2026-05-08,10:45:26,4952a5,CS-TUE,Airbus A330-900neo,TAP Air Portugal,takeoff,depart,1725,324.1,92.7,,,,
2026-05-08,10:47:55,A05628,,,,unknown,,0,0.0,0.0,,,,
2026-05-08,10:50:36,TAP12LM,,,,unknown,,0,0.0,0.0,,,,
2026-05-08,10:53:26,4952a7,CS-TUG,Airbus A330-900neo,TAP Air Portugal,takeoff,depart,1700,333.5,93.1,,,,
2026-05-08,10:56:20,4951ce,CS-TNN,Airbus A320,TAP Air Portugal,takeoff,depart,1650,283.4,93.4,,,,
2026-05-08,10:59:14,EZY39RZ,G-EZBV,Airbus A319,easyJet,takeoff,depart,1600,280.9,92.8,,,,
2026-05-08,11:05:20,4952c3,CS-TVC,Airbus A320neo,TAP Air Portugal,takeoff,depart,1725,286.9,94.0,,,,
2026-05-08,11:12:39,407fca,G-TNEB,Airbus A321neo,British Airways,takeoff,depart,1700,313.7,91.8,,,,
2026-05-08,11:15:24,THY8FT,TC-LSC,Airbus A321neo,Turkish Airlines,takeoff,depart,1725,323.7,93.4,,,,
2026-05-08,11:21:07,4952a4,CS-TUD,Airbus A330-900neo,TAP Air Portugal,climb,depart,1875,316.9,91.6,,,,
2026-05-08,11:23:55,AAL259,N827AN,Boeing 787-9,American Airlines,takeoff,depart,1975,324.3,91.5,,,,
2026-05-08,11:28:27,440075,OE-LSV,Airbus A320neo,easyJet Europe,takeoff,depart,1900,305.8,91.1,,,,
2026-05-08,11:31:37,TAP64BR,CS-TNQ,Airbus A320,TAP Air Portugal,takeoff,depart,1850,288.9,92.6,,,,
2026-05-08,11:36:17,RYR990N,EI-IFP,Boeing 737 MAX 8,Ryanair,takeoff,depart,1625,293.0,92.8,,,,
2026-05-08,11:41:09,495307,CS-TXG,Airbus A321neo,TAP Air Portugal,takeoff,depart,1850,322.2,96.8,,,,
2026-05-08,11:53:34,TAP1206,CS-TJI,Airbus A321neo,TAP Air Portugal,takeoff,depart,2050,334.7,93.3,,,,
2026-05-08,11:56:38,c051e4,C-GFAH,Airbus A330-300,Air Canada,takeoff,depart,1875,287.4,92.3,,,,
2026-05-08,11:59:16,RYR1LX,EI-EVR,Boeing 737-800,Ryanair,takeoff,depart,1425,304.1,92.5,,,,
2026-05-08,12:03:51,4d00f1,LX-LBR,Boeing 737-700,Luxair,takeoff,depart,1575,283.7,91.3,,,,
2026-05-08,12:07:42,AEA41RG,EC-MUZ,Boeing 737-800,Air Europa,takeoff,depart,1650,293.4,91.8,,,,
2026-05-08,12:10:21,4ca801,EI-EKC,Boeing 737-800,Ryanair,takeoff,depart,1675,303.0,92.1,,,,
2026-05-08,12:12:47,4952c8,CS-TVH,Airbus A320neo,TAP Air Portugal,takeoff,depart,1900,286.9,91.9,,,,
2026-05-08,12:15:49,495302,CS-TXB,Airbus A321neo,TAP Air Portugal,takeoff,depart,1775,328.2,93.6,,,,
2026-05-08,12:18:16,KLM74L,PH-BCL,Boeing 737-800,KLM,takeoff,depart,1550,292.1,92.1,,,,
2026-05-08,12:20:20,48683e,PH-YHU,Airbus A321neo,Transavia,takeoff,depart,1825,316.0,91.0,,,,
2026-05-08,12:22:35,TSC481,C-GUFU,Airbus A330-200,Air Transat,takeoff,depart,2150,342.2,88.2,,,,
2026-05-08,12:26:20,4ca763,EI-EFH,Boeing 737-800,Ryanair,takeoff,depart,1575,292.4,92.8,,,,
2026-05-08,12:28:29,TAP1032,CS-TPZ,Embraer E190,TAP Air Portugal,takeoff,depart,1575,268.9,95.4,,,,
2026-05-08,12:31:16,AFR31PQ,F-HZUP,BD-500-1A11,Air France,takeoff,depart,1700,259.7,96.0,,,,
2026-05-08,12:37:21,EJU54WH,OE-LSF,Airbus A320neo,easyJet Europe,takeoff,depart,2100,311.3,92.2,,,,
2026-05-08,12:40:19,aa9d6e,N783UA,Boeing 777-200,United Airlines,takeoff,depart,1700,327.4,90.7,,,,
2026-05-08,12:55:39,TAP201,CS-TXE,Airbus A321neo,TAP Air Portugal,takeoff,depart,2325,361.9,92.4,,,,
2026-05-08,12:57:26,4952b2,CS-TUR,Airbus A330-900neo,TAP Air Portugal,takeoff,depart,1675,321.5,92.4,,,,
2026-05-08,13:01:00,3c64b1,D-AIEQ,Airbus A321,Lufthansa,takeoff,depart,1875,286.5,94.8,,,,
2026-05-08,13:03:33,DAL125,N439DX,Airbus A330-900neo,Delta Air Lines,takeoff,depart,2825,289.8,88.0,,,,
2026-05-08,13:08:45,3c135a,D-AWIN,Legacy 650 E,Air Hamburg GmbH,takeoff,depart,2275,263.7,95.7,,,,
2026-05-08,13:11:28,49530b,CS-TXK,Airbus A321,TAP Air Portugal,takeoff,depart,1875,330.2,90.7,,,,
2026-05-08,13:14:29,49526d,CS-TSM,Airbus A320,TAP Air Portugal,takeoff,depart,1875,279.7,94.7,,,,
2026-05-08,13:18:47,TAP764,CS-TVD,Airbus A320neo,TAP Air Portugal,takeoff,depart,2000,335.0,97.8,,,,
2026-05-08,13:22:29,49514a,CS-TJJ,Airbus A321neo,TAP Air Portugal,takeoff,depart,1775,298.5,93.3,,,,
2026-05-08,13:28:06,4951d3,CS-TNS,Airbus A320,TAP Air Portugal,takeoff,depart,1725,292.6,93.7,,,,
2026-05-08,13:31:06,IBE05PL,EC-IZR,Airbus A320,Iberia,takeoff,depart,1950,261.7,89.5,,,,
2026-05-08,13:34:04,TAP542U,CS-TTY,Embraer E195,TAP Air Portugal,takeoff,depart,1675,280.0,92.1,,,,
2026-05-08,13:37:03,4951ee,CS-TON,Airbus A330-200,TAP Air Portugal,climb,depart,1700,318.2,87.4,,,,
2026-05-08,13:39:47,ACA811,C-FIVR,Boeing 777-300ER,Air Canada,takeoff,depart,1875,332.2,89.6,,,,
2026-05-08,13:42:57,495309,CS-TXI,Airbus A321neo,TAP Air Portugal,takeoff,depart,1750,293.0,96.4,,,,
2026-05-08,13:46:39,EWG66L,9H-SWJ,Airbus A320,Eurowings,takeoff,depart,1950,273.4,91.3,,,,
2026-05-08,13:49:21,4952ac,CS-TUL,Airbus A330-900neo,TAP Air Portugal,takeoff,depart,1750,314.3,91.9,,,,
2026-05-08,13:52:23,40815b,G-UZED,Airbus A320neo,easyJet,takeoff,depart,1850,301.3,93.9,,,,
2026-05-08,13:55:27,495214,CS-TPT,Embraer E190,TAP Air Portugal,takeoff,depart,1925,262.4,92.8,,,,
2026-05-08,14:01:14,TAP69D,CS-TNR,Airbus A320,TAP Air Portugal,takeoff,depart,2100,265.2,90.9,,,,
2026-05-08,14:07:25,4952d0,CS-TVP,Airbus A320neo,TAP Air Portugal,takeoff,depart,1925,289.3,93.5,,,,
2026-05-08,14:13:58,4950e4,CS-TGD,Airbus A330-200,Azul,cruise,,1900,0.0,92.4,,,,
2026-05-08,14:16:41,TAP295,CS-TUH,Airbus A330-900neo,TAP Air Portugal,takeoff,depart,1850,301.3,90.2,,,,
2026-05-08,14:21:53,440cf8,OE-IBF,Airbus A320,easyJet Europe,takeoff,depart,1975,288.0,91.7,,,,
2026-05-08,14:24:29,440c38,OE-LSJ,Airbus A320neo,Vueling,takeoff,depart,2025,289.3,95.4,,,,
2026-05-08,14:27:45,495213,CS-TPS,Embraer E190,TAP Air Portugal,takeoff,depart,1575,267.2,93.6,,,,
2026-05-08,14:30:42,39ceb7,F-HTVX,Boeing 737-800,Transavia France,takeoff,depart,1775,287.2,96.0,,,,
2026-05-08,14:33:40,440c35,OE-LSA,Airbus A320neo,easyJet Europe,takeoff,depart,1825,292.6,97.0,,,,
2026-05-08,14:36:16,TAP1928,CS-TVA,Airbus A320neo,TAP Air Portugal,takeoff,depart,2050,272.4,91.7,,,,
2026-05-08,14:38:47,346691,EC-NLX,Airbus A321,Vueling,takeoff,depart,1925,268.2,93.7,,,,
2026-05-08,14:42:51,495037,CS-TAW,Embraer E195,TAP Air Portugal,takeoff,depart,1625,280.6,94.2,,,,
2026-05-08,14:45:53,4ca97b,EI-EST,Boeing 737-800,Ryanair,takeoff,depart,1650,297.2,94.4,,,,
2026-05-08,14:48:47,896316,A6-ENT,Boeing 777-300ER,Emirates,takeoff,depart,1850,332.6,92.5,,,,
2026-05-08,14:52:17,4951d7,CS-TNW,Airbus A320,TAP Air Portugal,takeoff,depart,1875,270.4,93.9,,,,
2026-05-08,14:54:53,4951cb,CS-TNK,Airbus A320,TAP Air Portugal,takeoff,depart,1675,284.8,94.1,,,,
2026-05-08,14:57:40,440488,OE-INJ,Airbus A320,easyJet Europe,takeoff,depart,1750,281.3,97.2,,,,
2026-05-08,15:00:29,495269,CS-TSI,Airbus A321neo,TAP Air Portugal,takeoff,depart,2100,265.2,91.0,,,,
2026-05-08,15:03:41,SWR8YB,HB-JCM,C Series 300,Swiss,takeoff,depart,1725,253.0,94.0,,,,
2026-05-08,15:06:21,3c64aa,D-AIEJ,Airbus A321neo,Lufthansa,takeoff,depart,1900,289.7,93.1,,,,
2026-05-08,15:09:45,495038,CS-TAX,Embraer E195,TAP Air Portugal,takeoff,depart,1725,267.2,91.7,,,,
2026-05-08,15:13:16,48af0e,SP-LVO,Boeing 737 MAX 8,LOT Polish Airlines,takeoff,depart,1575,304.8,86.9,,,,
2026-05-08,15:16:09,495039,CS-TAY,Embraer E195,TAP Air Portugal,takeoff,depart,1700,279.7,90.9,,,,
2026-05-08,15:19:27,TAP67AM,CS-TJM,Airbus A321neo,TAP Air Portugal,takeoff,depart,1650,292.6,96.6,,,,
2026-05-08,15:22:29,495146,CS-TJF,Airbus A321,TAP Air Portugal,takeoff,depart,1700,282.4,93.2,,,,
2026-05-08,15:36:39,EJU72YL,OE-IDU,Airbus A320,easyJet Europe,takeoff,depart,2375,335.4,87.2,,,,
2026-05-08,15:39:18,4951cd,CS-TNM,Airbus A320,TAP Air Portugal,takeoff,depart,1825,272.4,92.7,,,,
2026-05-08,15:41:43,495279,CS-TSY,Airbus A320,TAP Air Portugal,takeoff,depart,1825,268.7,92.6,,,,
2026-05-08,15:45:05,TAP13DU,CS-TPU,Embraer E190,TAP Air Portugal,takeoff,depart,1750,270.0,89.2,,,,
2026-05-08,15:47:33,TAP152A,CS-TXH,Airbus A321neo,TAP Air Portugal,takeoff,depart,1675,295.0,92.4,,,,
2026-05-08,15:50:12,4952cd,CS-TVM,Airbus A320neo,TAP Air Portugal,takeoff,depart,1725,274.1,92.0,,,,
2026-05-08,15:55:49,4951cc,CS-TNL,Airbus A320,TAP Air Portugal,takeoff,depart,1775,291.3,91.8,,,,
2026-05-08,16:00:42,495145,CS-TJE,Airbus A321,TAP Air Portugal,takeoff,depart,1575,292.8,92.5,,,,
2026-05-08,16:13:14,40756c,G-UZHN,Airbus A320neo,easyJet,takeoff,depart,1900,299.7,89.4,,,,
2026-05-08,16:17:35,TAM8149,PT-MUI,Boeing 777-300ER,LATAM Airlines,takeoff,depart,1350,363.9,93.4,,,,
2026-05-08,16:21:01,495217,CS-TPW,Embraer E190,TAP Air Portugal,takeoff,depart,1900,263.2,93.7,,,,
2026-05-08,16:23:52,4b194c,HB-JPC,Airbus A321,Swiss,takeoff,depart,1825,294.1,96.1,,,,
2026-05-08,16:26:35,394c09,F-GTAJ,Airbus A321,Air France,takeoff,depart,1950,271.7,91.9,,,,
2026-05-08,16:29:37,3c55c8,D-AENH,Airbus A320,Eurowings,takeoff,depart,1925,273.9,93.7,,,,
2026-05-08,16:31:56,KLM80Z,PH-AXH,Airbus A321neo,KLM,takeoff,depart,2450,331.9,74.4,,,,
2026-05-08,16:33:38,AEA67QW,EC-MPG,Boeing 737-800,Air Europa,takeoff,depart,1400,301.3,93.9,,,,
2026-05-08,16:37:08,49d414,OK-SWH,Boeing 737 MAX 8,Smartwings,takeoff,depart,1650,287.6,93.6,,,,
2026-05-08,16:40:31,495292,CS-TTR,Airbus A319,TAP Air Portugal,takeoff,depart,1800,274.1,95.9,,,,
2026-05-08,16:42:49,49530c,CS-TXL,Airbus A321neo,TAP Air Portugal,takeoff,depart,1925,281.7,93.4,,,,
2026-05-08,16:45:48,DLH42Y,D-AIRO,Airbus A321,Lufthansa,takeoff,depart,1900,292.2,93.4,,,,
2026-05-08,16:48:57,4c01f3,YU-APT,Airbus A320,Air Serbia,takeoff,depart,1700,281.3,93.9,,,,
2026-05-08,16:52:21,495297,CS-TTW,Embraer E195,TAP Air Portugal,takeoff,depart,1750,263.9,94.6,,,,
2026-05-08,16:55:01,40792f,G-TTNL,Airbus A320neo,British Airways,takeoff,depart,2000,0.0,93.7,,,,
2026-05-08,16:57:51,344644,EC-MDZ,Airbus A320,Vueling,takeoff,depart,2025,275.8,93.1,,,,
2026-05-08,17:01:13,461faa,OH-LZU,Airbus A321,Finnair,takeoff,depart,1975,312.2,92.2,,,,
2026-05-08,17:04:12,502d9f,YL-ABX,Airbus A220-300,,takeoff,depart,1625,270.0,95.8,,,,
2026-05-08,17:07:15,TAP1036,CS-TPO,Embraer E190,TAP Air Portugal,takeoff,depart,2025,272.4,92.3,,,,
2026-05-08,17:09:43,495218,CS-TPX,Embraer E190,TAP Air Portugal,takeoff,depart,1900,261.7,93.7,,,,
2026-05-08,17:12:36,4bb290,TC-LTP,Airbus A321,Turkish Airlines,takeoff,depart,2000,297.2,93.0,,,,
2026-05-08,17:15:24,4951ce,CS-TNN,Airbus A320,TAP Air Portugal,takeoff,depart,1800,288.9,94.9,,,,
2026-05-08,17:17:52,440da5,OE-IDS,Airbus A320,easyJet Europe,takeoff,depart,1750,289.7,92.5,,,,
2026-05-08,17:20:34,34530e,EC-MNR,Bombardier CRJ-1000,,takeoff,depart,1550,263.4,93.4,,,,
2026-05-08,17:23:46,440db0,OE-IDX,Airbus A320,easyJet Europe,takeoff,depart,2075,257.2,90.2,,,,
2026-05-08,17:26:49,TAP1905,CS-TPQ,Embraer E190,TAP Air Portugal,climb,depart,3350,253.2,89.4,,,,
2026-05-08,17:29:14,440075,OE-LSV,Airbus A320neo,easyJet Europe,cruise,,1950,0.0,96.1,,,,
2026-05-08,17:32:58,4952cf,CS-TVO,Airbus A320neo,TAP Air Portugal,takeoff,depart,1800,266.5,92.8,,,,
2026-05-08,17:35:28,4cadbe,EI-IGL,Boeing 737 MAX 8,Ryanair,takeoff,depart,1950,290.8,90.6,,,,
2026-05-08,17:38:06,495304,CS-TXD,Airbus A321neo,TAP Air Portugal,takeoff,depart,1925,321.3,92.7,,,,
2026-05-08,17:40:55,440115,OE-LUE,Airbus A320neo,easyJet Europe,takeoff,depart,1775,293.7,95.9,,,,
2026-05-08,17:44:01,4952a6,CS-TUF,Airbus A330-900neo,TAP Air Portugal,takeoff,depart,1725,326.1,93.3,,,,
2026-05-08,17:47:25,49514f,CS-TJO,Airbus A321neo,TAP Air Portugal,takeoff,depart,1750,294.8,94.2,,,,
2026-05-08,17:51:19,495306,CS-TXF,Airbus A321neo,TAP Air Portugal,takeoff,depart,1800,329.1,93.2,,,,
2026-05-08,17:54:39,TAP209K,CS-TOO,Airbus A330-200,TAP Air Portugal,takeoff,depart,1825,329.7,90.4,,,,
2026-05-08,17:57:35,RYR088,EI-EVR,Boeing 737-800,Ryanair,takeoff,depart,2100,291.3,90.6,,,,
2026-05-08,17:59:37,TAP564C,CS-TNJ,Airbus A320,TAP Air Portugal,takeoff,depart,1950,295.8,86.5,,,,
2026-05-08,18:01:38,RYR3628,9H-QAJ,Boeing 737-800,Malta Air,takeoff,depart,2300,311.3,67.4,,,,
2026-05-08,18:05:47,TAP035,CS-TUK,Airbus A330-900neo,TAP Air Portugal,takeoff,depart,1850,321.9,91.5,,,,
2026-05-08,18:09:44,49530d,CS-TXM,Airbus A321,TAP Air Portugal,takeoff,depart,1975,320.0,94.7,,,,
2026-05-08,18:12:27,4952c7,CS-TVG,Airbus A320neo,TAP Air Portugal,takeoff,depart,2100,309.1,93.8,,,,
2026-05-08,18:15:11,4952aa,CS-TUJ,Airbus A330-900neo,TAP Air Portugal,climb,depart,1850,309.1,92.5,,,,
2026-05-08,18:18:21,4ca76a,EI-EFO,Boeing 737-800,Ryanair,takeoff,depart,1725,294.8,91.8,,,,
2026-05-08,18:20:31,4952c8,CS-TVH,Airbus A320neo,TAP Air Portugal,cruise,,1875,0.0,92.8,,,,
2026-05-08,18:23:31,4d2502,9H-VVQ,Boeing 737 MAX 8,Malta Air,takeoff,depart,1650,282.1,93.4,,,,
2026-05-08,18:26:25,TAP009,CS-TXI,Airbus A321neo,TAP Air Portugal,takeoff,depart,2025,314.7,94.4,,,,
2026-05-08,18:29:11,4952c1,CS-TVA,Airbus A320neo,TAP Air Portugal,takeoff,depart,1875,264.8,97.4,,,,
2026-05-08,18:34:25,440cbf,OE-LSO,Airbus A320,easyJet Europe,takeoff,depart,2025,298.0,94.8,,,,
2026-05-08,18:37:08,4b181a,HB-JDI,Airbus A320neo,Swiss,takeoff,depart,2125,253.2,93.5,,,,
2026-05-08,18:43:15,3c54a1,D-AEEA,Airbus A321neo,Eurowings,takeoff,depart,1700,298.0,92.7,,,,
2026-05-08,18:46:13,49514b,CS-TJK,Airbus A321neo,TAP Air Portugal,takeoff,depart,1750,292.6,91.2,,,,
2026-05-08,18:48:49,4952cb,CS-TVK,Airbus A320neo,TAP Air Portugal,takeoff,depart,1825,266.5,95.8,,,,
2026-05-08,18:52:03,342582,EC-KDT,Airbus A320,Vueling,takeoff,depart,1725,277.6,97.9,,,,
2026-05-08,18:54:51,RYR6YK,EI-DWA,Boeing 737-800,Ryanair,takeoff,depart,1750,288.9,91.6,,,,
2026-05-08,18:57:36,4952c6,CS-TVF,Airbus A320neo,TAP Air Portugal,takeoff,depart,1950,270.4,91.3,,,,
2026-05-08,19:03:32,4854cb,PH-HBL,Boeing 737-800,Transavia,takeoff,depart,1650,297.4,92.1,,,,
2026-05-08,19:06:05,4cad29,EI-HET,Boeing 737 MAX 8,Ryanair,takeoff,depart,1700,283.7,93.8,,,,
2026-05-08,19:09:15,495307,CS-TXG,Airbus A321neo,TAP Air Portugal,takeoff,depart,2025,317.4,93.6,,,,
2026-05-08,19:12:08,495303,CS-TXC,Airbus A321neo,TAP Air Portugal,takeoff,depart,1825,324.7,96.7,,,,
2026-05-08,19:15:08,02005b,CN-ROC,Boeing 737-800,Royal Air Maroc,takeoff,depart,2350,266.7,90.7,,,,
2026-05-08,19:17:55,EJU68VM,OE-IBF,Airbus A320,easyJet Europe,takeoff,depart,2000,271.1,93.5,,,,
2026-05-08,19:20:55,471f64,HA-LXC,Airbus A321,SAS Scandinavian,takeoff,depart,1950,288.9,89.8,,,,
2026-05-08,19:24:07,TAP934,CS-TVC,Airbus A320neo,TAP Air Portugal,takeoff,depart,2150,302.1,90.1,,,,
2026-05-08,19:26:22,497cde,26903,E390,,takeoff,depart,2350,342.6,92.4,,,,
2026-05-08,19:33:12,407463,G-TTNB,Airbus A320neo,British Airways,takeoff,depart,2150,258.0,96.1,,,,
2026-05-08,19:36:08,39d318,F-HUYY,Boeing 737-800,Transavia France,takeoff,depart,2100,270.0,91.7,,,,
2026-05-08,19:39:03,TAP20L,CS-TTX,Embraer E195,TAP Air Portugal,takeoff,depart,2075,245.6,92.3,,,,
2026-05-08,19:41:55,SRR6645,OY-SRN,767 219ERBDSF,Star Air,climb,depart,3425,340.4,89.7,,,,
2026-05-08,19:44:41,348203,EC-OJF,Airbus A320,Vueling,takeoff,depart,2050,285.0,92.4,,,,
2026-05-08,19:46:43,RYR200Z,EI-ESS,Boeing 737-800,Ryanair,takeoff,depart,2625,347.4,79.0,,,,
2026-05-08,19:47:44,TAP93MA,CS-TPT,Embraer E190,TAP Air Portugal,takeoff,depart,2475,306.5,91.0,,,,
2026-05-08,19:48:45,3485c3,EC-ORZ,Airbus A321neo,,takeoff,depart,2325,257.2,93.2,,,,
2026-05-08,19:52:52,495150,CS-TJP,Airbus A321neo,TAP Air Portugal,takeoff,depart,1875,273.9,93.7,,,,
2026-05-08,19:54:54,TAP281,CS-TUA,Airbus A330-900neo,TAP Air Portugal,takeoff,depart,2025,393.2,86.9,,,,
2026-05-08,19:57:51,440018,OE-LKP,Airbus A319,Iberia,takeoff,depart,1925,266.3,95.0,,,,
2026-05-08,20:00:47,49514c,CS-TJL,Airbus A321neo,TAP Air Portugal,takeoff,depart,1875,285.4,94.0,,,,
2026-05-08,20:09:56,495212,CS-TPR,Embraer E190,TAP Air Portugal,takeoff,depart,2000,249.1,95.5,,,,
2026-05-08,20:13:26,440c38,OE-LSJ,Airbus A320neo,Vueling,takeoff,depart,1950,277.2,93.0,,,,
2026-05-08,20:16:31,4952c9,CS-TVI,Airbus A320neo,TAP Air Portugal,takeoff,depart,1950,265.8,90.7,,,,
2026-05-08,20:19:53,3985a7,F-HBNH,Airbus A320,Air France,takeoff,depart,1900,282.1,92.2,,,,
2026-05-08,20:25:45,4b1a2c,HB-JXS,Airbus A320,Austrian Airlines,takeoff,depart,2000,303.7,93.2,,,,
2026-05-08,20:28:39,406d92,G-EZOM,Airbus A320,easyJet,takeoff,depart,1850,287.6,90.6,,,,
2026-05-08,20:34:09,39d314,F-HUYU,Boeing 737-800,Transavia France,takeoff,depart,1700,302.1,93.6,,,,
2026-05-08,20:38:05,486742,PH-AXD,Airbus A321neo,KLM,takeoff,depart,1925,279.3,93.8,,,,
2026-05-08,20:41:20,440201,OE-IXS,Boeing 737-800,Iberia,takeoff,depart,1600,287.2,93.2,,,,
2026-05-08,20:44:26,TAP38KJ,EC-OCT,Airbus A321,TAP Air Portugal,takeoff,depart,2000,295.8,92.5,,,,
2026-05-08,20:47:13,4952c2,CS-TVB,Airbus A320neo,TAP Air Portugal,takeoff,depart,1925,272.4,94.2,,,,
2026-05-08,20:49:58,347307,EC-NUZ,Boeing 737-800,Air Europa,takeoff,depart,1550,285.9,93.3,,,,
2026-05-08,20:52:56,TAP46RU,CS-TNQ,Airbus A320,TAP Air Portugal,takeoff,depart,1975,290.9,93.1,,,,
2026-05-08,20:59:26,4952d2,CS-TVR,Airbus A320neo,TAP Air Portugal,takeoff,depart,2100,281.7,97.1,,,,
2026-05-08,21:01:32,TAP494Y,CS-TPZ,Embraer E190,TAP Air Portugal,takeoff,depart,2625,316.3,83.8,,,,
2026-05-08,21:02:41,RYR47GU,SP-RNQ,Boeing 737-800,Buzz,takeoff,depart,1525,307.8,91.1,,,,
2026-05-08,21:04:43,EJU73LY,OE-LQX,Airbus A319,easyJet Europe,takeoff,depart,2450,304.7,94.7,,,,
2026-05-08,21:08:34,4d2427,9H-WAS,Airbus A321,Wizz Air,takeoff,depart,1750,305.0,88.7,,,,
2026-05-08,21:12:12,49526a,CS-TSJ,Airbus A321neo,TAP Air Portugal,takeoff,depart,1875,278.5,92.2,,,,
2026-05-08,21:15:59,44cdc2,OO-SNB,Airbus A320,Brussels Airlines,takeoff,depart,2075,261.5,91.6,,,,
2026-05-08,21:18:00,TAP484H,CS-TPW,Embraer E190,TAP Air Portugal,takeoff,depart,2725,255.9,79.8,,,,
2026-05-08,21:20:51,EZY97QP,G-UZMA,Airbus A321neo,easyJet,takeoff,depart,2975,344.7,95.6,,,,
2026-05-08,21:22:56,4ca2c0,EI-DLC,Boeing 737-800,Ryanair,takeoff,depart,1800,291.3,93.2,,,,
2026-05-08,21:25:46,4952ce,CS-TVN,Airbus A320neo,TAP Air Portugal,takeoff,depart,1950,293.7,91.8,,,,
2026-05-08,21:29:01,4952cc,CS-TVL,Airbus A320,TAP Air Portugal,takeoff,depart,1875,278.2,96.0,,,,
2026-05-08,21:31:43,TAP404W,CS-TAX,Embraer E195,TAP Air Portugal,takeoff,depart,1650,276.3,94.7,,,,
2026-05-08,21:34:31,3c56eb,D-AEWK,Airbus A320,Eurowings,takeoff,depart,2050,283.2,91.1,,,,
2026-05-08,21:37:25,4952d1,CS-TVQ,Airbus A320neo,TAP Air Portugal,takeoff,depart,1850,283.0,93.6,,,,
2026-05-08,21:41:06,IBE05RW,EC-MXY,Airbus A320neo,Iberia,climb,depart,3750,333.4,93.1,,,,
2026-05-08,21:44:19,TAP1549,CS-TJN,Airbus A321neo,TAP Air Portugal,takeoff,depart,2850,358.0,93.7,,,,
2026-05-08,21:46:08,4ac9ee,SE-RON,Airbus A320neo,SAS Scandinavian,takeoff,depart,2175,280.6,92.8,,,,
2026-05-08,21:49:04,TRA59H,PH-YHT,Airbus A321neo,Transavia,takeoff,depart,1675,304.7,92.1,,,,
2026-05-08,21:52:38,TAP26T,CS-TAW,Embraer E195,TAP Air Portugal,takeoff,depart,2050,297.2,93.4,,,,
2026-05-08,21:55:51,UAE194,A6-EPF,Boeing 777-300ER,Emirates,takeoff,depart,2250,328.2,86.3,,,,
2026-05-08,21:59:21,4d208e,9H-GYB,H25B,,takeoff,depart,2125,297.2,92.8,,,,
2026-05-08,22:01:41,4951cb,CS-TNK,Airbus A320,TAP Air Portugal,takeoff,depart,1825,280.6,94.6,,,,
2026-05-08,22:03:43,TAP1825,CS-TPQ,Embraer E190,TAP Air Portugal,takeoff,depart,2750,264.1,89.6,,,,
2026-05-08,22:05:57,495218,CS-TPX,Embraer E190,TAP Air Portugal,takeoff,depart,1900,258.9,92.3,,,,
2026-05-08,22:09:05,EZY65CG,G-UZHW,Airbus A320neo,easyJet,takeoff,depart,2125,295.8,93.9,,,,
2026-05-08,22:12:01,TAP1096,CS-TTW,Embraer E195,TAP Air Portugal,takeoff,depart,2100,258.4,93.6,,,,
2026-05-08,22:15:45,49514a,CS-TJJ,Airbus A321neo,TAP Air Portugal,takeoff,depart,2225,270.0,95.9,,,,
2026-05-08,22:17:48,TAP11AG,CS-TPV,Embraer E190,TAP Air Portugal,takeoff,depart,2900,295.8,89.5,,,,
2026-05-08,22:20:03,344696,EC-MFM,Airbus A320,Vueling,takeoff,depart,1925,268.5,92.0,,,,
2026-05-08,22:23:09,TAP1022,CS-TVP,Airbus A320neo,TAP Air Portugal,takeoff,depart,2150,267.2,93.9,,,,
2026-05-08,22:34:15,495148,CS-TJH,Airbus A321,TAP Air Portugal,takeoff,depart,2175,282.6,92.2,,,,
2026-05-08,22:38:09,495149,CS-TJI,Airbus A321neo,TAP Air Portugal,takeoff,depart,2300,324.5,93.8,,,,
2026-05-08,22:40:43,VOE3595,EC-MBK,Airbus A320,Volotea,takeoff,depart,2125,280.6,93.2,,,,
2026-05-08,22:43:48,49520f,CS-TPO,Embraer E190,TAP Air Portugal,cruise,,2550,0.0,93.4,,,,
2026-05-08,22:46:21,EIN4RL,EI-DEO,Airbus A320,Aer Lingus,takeoff,depart,2975,292.1,89.1,,,,
2026-05-08,22:48:37,4cad10,EI-HGX,Boeing 737 MAX 8,Ryanair,takeoff,depart,2175,268.4,93.2,,,,
2026-05-08,22:52:03,495145,CS-TJE,Airbus A321,TAP Air Portugal,takeoff,depart,2150,273.4,93.0,,,,
2026-05-08,22:54:16,4ca75f,EI-EFD,Boeing 737-800,Ryanair,takeoff,depart,2000,278.0,92.7,,,,
2026-05-08,23:07:25,71c390,HL8390,Boeing 787-9,Korean Air,takeoff,depart,2050,326.0,93.3,,,,
2026-05-08,23:10:00,PGT1562,TC-NCH,Airbus A320neo,Pegasus,takeoff,depart,2650,297.8,91.8,,,,
2026-05-08,23:15:09,TAP1907,CS-TNW,Airbus A320,TAP Air Portugal,takeoff,depart,2425,285.2,92.7,,,,
2026-05-08,23:23:09,0900f1,D2-TEK,Boeing 777-300ER,TAAG Angola Airlines,takeoff,depart,1950,328.7,93.2,,,,
2026-05-08,23:47:09,46b927,SX-NIG,Airbus A320neo,Aegean Airlines,takeoff,depart,2225,236.3,93.5,,,,
2026-05-08,23:50:27,4d21ed,9H-QAE,Boeing 737-800,Malta Air,takeoff,depart,2125,278.2,93.1,,,,
2026-05-08,23:53:31,4952a3,CS-TUC,Airbus A330-900neo,TAP Air Portugal,takeoff,depart,1700,323.7,92.0,,,,
2026-05-08,23:55:45,TAP1938,CS-TVO,Airbus A320neo,TAP Air Portugal,takeoff,depart,2325,274.5,93.8,,,,
2026-05-09,00:02:24,4952ad,CS-TUM,Airbus A330-900neo,TAP Air Portugal,takeoff,depart,1975,293.0,93.6,,,,
2026-05-09,00:09:37,49514f,CS-TJO,Airbus A321neo,TAP Air Portugal,takeoff,depart,1925,268.0,93.9,,,,
2026-05-09,00:25:28,46b82c,SX-NAL,Airbus A321neo,Aegean Airlines,takeoff,depart,1950,265.6,94.4,,,,
2026-05-09,00:31:15,495274,CS-TST,767 34PER,TAP Air Portugal,takeoff,depart,2225,297.8,92.8,,,,
2026-05-09,01:35:42,471fa1,HA-LZL,Airbus A321neo,Wizz Air,takeoff,depart,2350,356.3,93.4,,,,
2026-05-09,02:31:41,4ca708,EI-EBL,Boeing 737-800,Ryanair,takeoff,depart,2025,302.2,90.2,,,,
2026-05-09,05:17:37,DLH72K,D-AINX,Airbus A320neo,Lufthansa,takeoff,depart,2125,306.5,96.2,,,,
2026-05-09,05:23:37,KLM44L,PH-AXF,Airbus A321neo,KLM,takeoff,depart,2000,314.7,92.5,,,,
2026-05-09,05:46:36,3991ea,F-HEPK,Airbus A320,Air France,takeoff,depart,2225,283.5,93.2,,,,
2026-05-09,06:07:15,39ceab,F-HTVL,Boeing 737-800,Transavia France,takeoff,depart,1975,273.2,93.4,,,,
2026-05-09,06:10:19,4b194d,HB-JPD,Airbus A321,Swiss,takeoff,depart,2225,297.2,98.0,,,,
2026-05-09,06:16:18,49526a,CS-TSJ,Airbus A321neo,TAP Air Portugal,takeoff,depart,2175,282.1,93.2,,,,
2026-05-09,06:20:41,440da5,OE-IDS,Airbus A320,easyJet Europe,takeoff,depart,1950,291.3,93.6,,,,
2026-05-09,06:23:57,440cbf,OE-LSO,Airbus A320,easyJet Europe,takeoff,depart,2250,295.4,92.2,,,,
2026-05-09,06:27:22,EJU72YL,OE-IDX,Airbus A320,easyJet Europe,takeoff,depart,2125,299.8,90.2,,,,
2026-05-09,06:29:24,TAP1122,CS-TTX,Embraer E195,TAP Air Portugal,climb,depart,3475,297.2,89.4,,,,
2026-05-09,06:33:06,440115,OE-LUE,Airbus A320neo,easyJet Europe,takeoff,depart,2100,304.1,92.7,,,,
2026-05-09,06:35:07,RYR498R,EI-IGL,Boeing 737 MAX 8,Ryanair,takeoff,depart,2500,340.8,83.8,,,,
2026-05-09,06:37:09,EJU37GM,OE-LSJ,Airbus A320neo,Vueling,takeoff,depart,2975,353.9,82.3,,,,
2026-05-09,06:39:11,DLH06E,D-AIDF,Airbus A321,Lufthansa,takeoff,depart,2650,355.0,92.3,,,,
2026-05-09,06:42:18,WJA33,C-GCAM,Boeing 737 MAX 8,WestJet,takeoff,depart,2525,336.3,93.8,,,,
2026-05-09,06:45:50,4951cc,CS-TNL,Airbus A320,TAP Air Portugal,takeoff,depart,1925,284.8,94.1,,,,
2026-05-09,06:52:06,4d24ca,9H-VVI,Boeing 737 MAX 8,Malta Air,takeoff,depart,1850,0.0,95.2,,,,
2026-05-09,06:54:12,EJU54HM,OE-IDU,Airbus A320,easyJet Europe,takeoff,depart,2300,344.3,89.8,,,,
2026-05-09,06:56:49,TVF77CD,F-GZHQ,Boeing 737-800,Transavia France,takeoff,depart,2175,301.3,91.0,,,,
2026-05-09,07:00:42,4951d2,CS-TNR,Airbus A320,TAP Air Portugal,takeoff,depart,1975,270.4,91.1,,,,
2026-05-09,07:04:16,RYR51DR,EI-EST,Boeing 737-800,Ryanair,takeoff,depart,1900,292.1,92.8,,,,
2026-05-09,07:06:38,EJU38HV,OE-IBF,Airbus A320,easyJet Europe,takeoff,depart,1875,286.1,94.0,,,,
2026-05-09,07:09:30,4951ce,CS-TNN,Airbus A320,TAP Air Portugal,takeoff,depart,2325,292.1,93.1,,,,
2026-05-09,07:12:54,TAP86PZ,CS-TNM,Airbus A320,TAP Air Portugal,takeoff,depart,2150,316.3,93.1,,,,
2026-05-09,07:16:05,SWT130,EC-MAF,ATR 72 500F,Swiftair,cruise,,1500,276.1,89.9,,,,
2026-05-09,07:20:52,440072,OE-LSF,Airbus A320neo,easyJet Europe,takeoff,depart,2025,298.9,93.2,,,,
2026-05-09,07:23:51,4400f3,OE-IDO,Airbus A320,easyJet Europe,takeoff,depart,1925,288.9,94.1,,,,
2026-05-09,07:27:22,495214,CS-TPT,Embraer E190,TAP Air Portugal,takeoff,depart,2000,264.1,92.5,,,,
2026-05-09,07:30:40,TAP1310,CS-TNT,Airbus A320,TAP Air Portugal,takeoff,depart,1850,281.3,97.4,,,,
2026-05-09,07:34:52,495302,CS-TXB,Airbus A321neo,TAP Air Portugal,takeoff,depart,2300,300.6,89.6,,,,
2026-05-09,07:37:42,495299,CS-TTY,Embraer E195,TAP Air Portugal,takeoff,depart,2225,301.3,94.5,,,,
2026-05-09,07:41:32,TAP120Y,CS-TVJ,Airbus A320neo,TAP Air Portugal,takeoff,depart,2250,313.4,93.8,,,,
2026-05-09,07:43:59,4952cd,CS-TVM,Airbus A320neo,TAP Air Portugal,takeoff,depart,1925,286.9,93.4,,,,
2026-05-09,07:47:02,40792e,G-TTNK,Airbus A320neo,British Airways,takeoff,depart,2100,278.9,90.3,,,,
2026-05-09,07:50:36,495213,CS-TPS,Embraer E190,TAP Air Portugal,takeoff,depart,2600,278.9,93.1,,,,
2026-05-09,07:54:24,RYR088,EI-EVR,Boeing 737-800,Ryanair,takeoff,depart,1925,298.0,89.7,,,,
2026-05-09,07:57:07,49514f,CS-TJO,Airbus A321neo,TAP Air Portugal,takeoff,depart,2175,313.7,94.0,,,,
2026-05-09,08:00:16,DLH99Y,D-AIDI,Airbus A321,Lufthansa,takeoff,depart,1950,302.1,93.4,,,,
2026-05-09,08:03:24,TAP43PA,CS-TJN,Airbus A321neo,TAP Air Portugal,takeoff,depart,1975,322.2,91.5,,,,
2026-05-09,08:06:30,495039,CS-TAY,Embraer E195,TAP Air Portugal,takeoff,depart,2700,309.1,94.9,,,,
2026-05-09,08:09:26,495146,CS-TJF,Airbus A321,TAP Air Portugal,takeoff,depart,1775,292.1,94.6,,,,
2026-05-09,08:12:48,49520f,CS-TPO,Embraer E190,TAP Air Portugal,takeoff,depart,2125,286.5,93.1,,,,
2026-05-09,08:15:54,TAP874H,CS-TPU,Embraer E190,TAP Air Portugal,takeoff,depart,2400,305.8,92.6,,,,
2026-05-09,08:19:12,TAP30BC,CS-TNS,Airbus A320,TAP Air Portugal,takeoff,depart,1825,289.8,96.4,,,,
2026-05-09,08:21:53,495297,CS-TTW,Embraer E195,TAP Air Portugal,takeoff,depart,1850,298.9,94.0,,,,
2026-05-09,08:24:39,TAP1356,CS-TVD,Airbus A320neo,TAP Air Portugal,takeoff,depart,1925,280.4,95.4,,,,
2026-05-09,08:28:06,495170,CS-TKP,Airbus A320,TAP Air Portugal,takeoff,depart,1975,268.0,94.1,,,,
2026-05-09,08:31:38,495153,CS-TJS,Airbus A321neo,TAP Air Portugal,takeoff,depart,2125,329.8,93.7,,,,
2026-05-09,08:34:34,4951d8,CS-TNX,Airbus A320,TAP Air Portugal,takeoff,depart,2000,268.2,93.2,,,,
2026-05-09,08:37:05,TAP1922,CS-TPY,Embraer E190,TAP Air Portugal,takeoff,depart,2300,284.8,93.0,,,,
2026-05-09,08:40:13,4952c8,CS-TVH,Airbus A320neo,TAP Air Portugal,takeoff,depart,2350,298.5,98.0,,,,
2026-05-09,08:43:15,TAP7AB,CS-TXK,Airbus A321,TAP Air Portugal,takeoff,depart,1975,296.5,91.6,,,,
2026-05-09,08:45:39,TAP560,CS-TJM,Airbus A321neo,TAP Air Portugal,takeoff,depart,1950,300.4,93.9,,,,
2026-05-09,08:49:11,4952a5,CS-TUE,Airbus A330-900neo,TAP Air Portugal,takeoff,depart,2075,312.8,93.7,,,,
2026-05-09,08:53:44,3475c9,EC-OCT,Airbus A321,TAP Air Portugal,takeoff,depart,1800,305.4,97.0,,,,
2026-05-09,08:56:34,495145,CS-TJE,Airbus A321,TAP Air Portugal,takeoff,depart,2025,306.1,92.5,,,,
2026-05-09,08:59:24,TSC681,C-GUFZ,Airbus A330-200,Air Transat,takeoff,depart,2250,277.2,91.3,,,,
2026-05-09,09:02:22,345218,EC-MKL,Boeing 737-800,Air Europa,takeoff,depart,1575,285.9,92.4,,,,
2026-05-09,09:05:20,495212,CS-TPR,Embraer E190,TAP Air Portugal,takeoff,depart,2175,253.9,94.8,,,,
2026-05-09,09:08:28,IBE05AK,EC-NZQ,Airbus A320,Iberia,takeoff,depart,2250,276.9,92.7,,,,
2026-05-09,09:11:16,495216,CS-TPV,Embraer E190,TAP Air Portugal,takeoff,depart,2500,272.4,93.7,,,,
2026-05-09,09:13:49,49530c,CS-TXL,Airbus A321neo,TAP Air Portugal,takeoff,depart,2550,304.1,92.1,,,,
2026-05-09,09:16:46,495279,CS-TSY,Airbus A320,TAP Air Portugal,takeoff,depart,1900,294.1,93.5,,,,
2026-05-09,09:20:06,TAP93ZR,CS-TJH,Airbus A321,TAP Air Portugal,takeoff,depart,2375,296.5,91.2,,,,
2026-05-09,09:22:24,4952d0,CS-TVP,Airbus A320neo,TAP Air Portugal,takeoff,depart,2225,282.6,93.5,,,,
2026-05-09,09:24:26,TAP1924,CS-TNU,Airbus A320,TAP Air Portugal,takeoff,depart,2725,327.1,61.2,,,,
2026-05-09,09:26:09,TAP155A,CS-TVQ,Airbus A320neo,TAP Air Portugal,takeoff,depart,2225,293.7,91.0,,,,
2026-05-09,09:31:08,495038,CS-TAX,Embraer E195,TAP Air Portugal,takeoff,depart,2125,238.4,92.3,,,,
2026-05-09,09:34:49,4951d7,CS-TNW,Airbus A320,TAP Air Portugal,takeoff,depart,2100,268.9,95.5,,,,
2026-05-09,09:39:08,345043,EC-MHS,Airbus A321,Vueling,takeoff,depart,1925,268.2,92.6,,,,
2026-05-09,09:41:09,NJE216R,CS-GLA,Global 6000,NetJets,takeoff,depart,2825,316.3,91.6,,,,
2026-05-09,09:44:15,TAP6MS,CS-TVI,Airbus A320neo,TAP Air Portugal,takeoff,depart,2100,273.2,93.4,,,,
2026-05-09,09:46:17,DTA651,D2-TEJ,Boeing 777-300ER,TAAG Angola Airlines,takeoff,depart,2400,345.4,79.2,,,,
2026-05-09,09:49:11,49514a,CS-TJJ,Airbus A321neo,TAP Air Portugal,takeoff,depart,2175,323.9,93.9,,,,
2026-05-09,09:52:03,48597e,PH-HXO,Boeing 737-800,Transavia,takeoff,depart,2075,301.7,92.0,,,,
2026-05-09,09:56:03,495218,CS-TPX,Embraer E190,TAP Air Portugal,takeoff,depart,2025,263.9,95.1,,,,
2026-05-09,09:58:56,TAM8147,PT-MUE,Boeing 777-300ER,LATAM Airlines,takeoff,depart,1750,354.3,92.3,,,,
2026-05-09,10:02:28,TAP1901,CS-TVA,Airbus A320neo,TAP Air Portugal,takeoff,depart,2100,271.3,93.5,,,,
2026-05-09,10:04:31,RUK746Z,G-RUKC,Boeing 737-800,Ryanair UK,takeoff,depart,2500,346.7,89.6,,,,
2026-05-09,10:06:54,TAP1477,CS-TVN,Airbus A320neo,TAP Air Portugal,takeoff,depart,2400,317.1,93.1,,,,
2026-05-09,10:09:46,495150,CS-TJP,Airbus A321neo,TAP Air Portugal,takeoff,depart,1925,295.8,90.9,,,,
2026-05-09,10:12:34,4952b2,CS-TUR,Airbus A330-900neo,TAP Air Portugal,takeoff,depart,2025,306.5,93.4,,,,
2026-05-09,10:15:36,AFR32WF,F-GKXT,Airbus A320,Air France,takeoff,depart,2225,290.6,94.5,,,,
2026-05-09,10:18:20,TRA46G,PH-HSB,Boeing 737-800,Turkish Airlines,takeoff,depart,1875,291.1,95.2,,,,
2026-05-09,10:21:12,495277,CS-TSW,Boeing 777-200,Azul,takeoff,depart,2100,318.2,90.8,,,,
2026-05-09,10:24:07,48e9f6,SP-RNR,Boeing 737-800,,takeoff,depart,2100,306.5,95.2,,,,
2026-05-09,10:26:08,TAP52TP,CS-TVC,Airbus A320neo,TAP Air Portugal,takeoff,depart,2550,303.0,82.3,,,,
2026-05-09,10:28:45,ETD87A,A6-BLH,Boeing 787-9,Etihad Airways,takeoff,depart,2575,326.3,62.8,,,,
2026-05-09,10:30:14,48c225,SP-RSF,Boeing 737-800,Buzz,takeoff,depart,1975,292.1,92.1,,,,
2026-05-09,10:32:16,TAP1687,CS-TNK,Airbus A320,TAP Air Portugal,takeoff,depart,2350,311.3,89.7,,,,
2026-05-09,10:35:30,DAL273,N432DX,Airbus A330-900neo,Delta Air Lines,takeoff,depart,2425,272.8,91.6,,,,
2026-05-09,10:38:25,49514c,CS-TJL,Airbus A321neo,TAP Air Portugal,takeoff,depart,2075,291.3,90.3,,,,
2026-05-09,10:42:37,RYR5HE,EI-EBK,Boeing 737-800,Ryanair,climb,depart,3800,341.9,81.8,,,,
2026-05-09,10:44:46,4951ca,CS-TNJ,Airbus A320,TAP Air Portugal,takeoff,depart,2250,307.8,91.6,,,,
2026-05-09,10:48:14,4cae91,EI-IKC,Boeing 737 MAX 8,Ryanair,takeoff,depart,1875,296.9,91.6,,,,
2026-05-09,10:51:51,495217,CS-TPW,Embraer E190,TAP Air Portugal,takeoff,depart,2200,303.7,94.4,,,,
2026-05-09,10:54:59,TAP22MI,CS-TUH,Airbus A330-900neo,TAP Air Portugal,takeoff,depart,1975,298.9,92.7,,,,
2026-05-09,11:00:25,4952a4,CS-TUD,Airbus A330-900neo,TAP Air Portugal,cruise,,1875,304.1,90.9,,,,
2026-05-09,11:03:18,49521a,CS-TPZ,Embraer E190,TAP Air Portugal,takeoff,depart,2575,277.2,91.8,,,,
2026-05-09,11:13:02,ab30e6,N820AL,Boeing 787-9,American Airlines,takeoff,depart,2075,310.2,92.2,,,,
2026-05-09,11:16:02,BAW501,G-EUYS,Airbus A320,British Airways,takeoff,depart,2175,266.3,96.1,,,,
2026-05-09,11:21:47,TAP23PN,CS-TVG,Airbus A320neo,TAP Air Portugal,takeoff,depart,2350,326.1,90.6,,,,
2026-05-09,11:24:21,495305,CS-TXE,Airbus A321neo,TAP Air Portugal,takeoff,depart,1950,328.2,94.9,,,,
2026-05-09,11:28:16,47a097,LN-NGZ,Boeing 737-800,Norwegian,takeoff,depart,1825,282.6,91.6,,,,
2026-05-09,11:30:38,TAP64BR,CS-TVO,Airbus A320neo,TAP Air Portugal,takeoff,depart,2025,269.7,93.8,,,,
2026-05-09,11:47:33,4bb28c,TC-LTL,Airbus A321neo,Turkish Airlines,takeoff,depart,1975,285.8,93.7,,,,
2026-05-09,11:50:47,405631,G-EZDA,Airbus A319,easyJet,takeoff,depart,1925,265.6,90.4,,,,
2026-05-09,11:53:46,AEA41RG,EC-MQP,Boeing 737-800,Air Europa,takeoff,depart,1525,274.5,91.9,,,,
2026-05-09,11:56:07,46b82f,SX-NAO,Airbus A321neo,Aegean Airlines,takeoff,depart,2050,264.7,96.0,,,,
2026-05-09,11:58:25,c051e2,C-GFAF,Airbus A330-300,Air Canada,takeoff,depart,2175,267.6,92.5,,,,
2026-05-09,12:02:46,4400f3,OE-IDO,Airbus A320,easyJet Europe,takeoff,depart,1900,280.0,93.9,,,,
2026-05-09,12:09:29,4952b1,CS-TUQ,Airbus A330-900neo,TAP Air Portugal,climb,depart,2000,306.7,93.0,,,,
2026-05-09,12:11:38,495309,CS-TXI,Airbus A321neo,TAP Air Portugal,takeoff,depart,1900,325.8,93.6,,,,
2026-05-09,12:15:35,4ca294,EI-DEN,Airbus A320,Aer Lingus,takeoff,depart,2125,267.2,88.9,,,,
2026-05-09,12:17:21,4952ab,CS-TUK,Airbus A330-900neo,TAP Air Portugal,takeoff,depart,1925,297.4,93.3,,,,
2026-05-09,12:23:55,78131e,B-1043,Airbus A330-200,Capital Airlines,takeoff,depart,2050,305.4,92.7,,,,
2026-05-09,12:31:24,495307,CS-TXG,Airbus A321neo,TAP Air Portugal,takeoff,depart,2350,292.2,90.5,,,,
2026-05-09,12:32:58,TAP1531,CS-TXJ,Airbus A321neo,TAP Air Portugal,takeoff,depart,2100,306.5,94.2,,,,
2026-05-09,12:35:03,4952c6,CS-TVF,Airbus A320neo,TAP Air Portugal,takeoff,depart,2050,260.0,96.7,,,,
2026-05-09,12:40:28,aa6b7e,N77006,Boeing 777-200,United Airlines,takeoff,depart,2300,311.0,91.1,,,,
2026-05-09,12:43:22,49514b,CS-TJK,Airbus A321neo,TAP Air Portugal,takeoff,depart,1950,294.5,93.1,,,,
2026-05-09,12:46:18,39bdac,F-HPNM,Airbus A220-300,Air France,takeoff,depart,1875,257.2,93.5,,,,
2026-05-09,12:49:19,KLM74L,PH-AXK,Airbus A321neo,KLM,takeoff,depart,2750,311.3,86.9,,,,
2026-05-09,12:52:17,4951ef,CS-TOO,Airbus A330-200,TAP Air Portugal,takeoff,depart,2225,295.8,90.9,,,,
2026-05-09,12:55:12,44ce72,OO-SSR,Airbus A319,Brussels Airlines,takeoff,depart,1925,253.2,93.9,,,,
2026-05-09,12:58:15,TAP754A,CS-TVL,Airbus A320,TAP Air Portugal,takeoff,depart,2275,340.4,91.3,,,,
2026-05-09,13:04:31,347453,EC-NZP,Airbus A320,Iberia,takeoff,depart,2125,237.4,91.2,,,,
2026-05-09,13:07:33,DLH35M,D-AIEF,Airbus A321neo,Lufthansa,takeoff,depart,2600,307.8,89.6,,,,
2026-05-09,13:10:17,39ceb4,F-HTVU,Boeing 737-800,Transavia France,takeoff,depart,1725,283.0,90.9,,,,
2026-05-09,13:16:14,4952c1,CS-TVA,Airbus A320neo,TAP Air Portugal,takeoff,depart,2150,271.7,92.2,,,,
2026-05-09,13:21:56,3475d5,EC-OCS,Airbus A320,Iberia,takeoff,depart,2425,0.0,90.4,,,,
2026-05-09,13:25:19,4951d2,CS-TNR,Airbus A320,TAP Air Portugal,takeoff,depart,2125,274.5,85.8,,,,
2026-05-09,13:27:56,4caa57,EI-EVR,Boeing 737-800,Ryanair,takeoff,depart,1925,282.6,92.3,,,,
2026-05-09,13:29:48,502d5d,YL-ABL,A220-300,Air Baltic,takeoff,depart,2100,230.4,95.6,,,,
2026-05-09,13:34:28,DAL125,N436DX,Airbus A330-900neo,Delta Air Lines,takeoff,depart,2600,258.9,91.0,,,,
2026-05-09,13:37:32,TAP201,CS-TXF,Airbus A321neo,TAP Air Portugal,takeoff,depart,2725,354.3,88.7,,,,
2026-05-09,13:39:04,RZO123,CS-TSK,Airbus A320,TAP Air Portugal,takeoff,depart,2450,286.1,93.6,,,,
2026-05-09,13:42:21,TAP542U,CS-TAY,Embraer E195,TAP Air Portugal,takeoff,depart,1975,256.3,92.8,,,,
2026-05-09,13:43:53,440c38,OE-LSJ,Airbus A320neo,Vueling,takeoff,depart,2150,274.5,94.8,,,,
2026-05-09,13:45:50,c0173a,C-FIUR,Boeing 777-300ER,Air Canada,takeoff,depart,2225,308.5,90.9,,,,
2026-05-09,13:49:31,TAP1032,CS-TAW,Embraer E195,TAP Air Portugal,takeoff,depart,1875,262.8,87.0,,,,
2026-05-09,13:52:28,440075,OE-LSV,Airbus A320neo,easyJet Europe,takeoff,depart,2075,280.0,95.8,,,,
2026-05-09,13:55:29,TAP824,CS-TVR,Airbus A320neo,TAP Air Portugal,climb,depart,3000,339.8,92.0,,,,
2026-05-09,13:57:42,TAP43TR,CS-TNX,Airbus A320,TAP Air Portugal,takeoff,depart,2075,278.2,89.6,,,,
2026-05-09,13:59:27,4952ac,CS-TUL,Airbus A330-900neo,TAP Air Portugal,takeoff,depart,1950,302.1,92.0,,,,
2026-05-09,14:02:34,TAP13CT,CS-TPO,Embraer E190,TAP Air Portugal,takeoff,depart,2600,263.9,92.5,,,,
2026-05-09,14:07:17,EJU45QL,OE-LSF,Airbus A320neo,easyJet Europe,takeoff,depart,2150,277.2,95.5,,,,
2026-05-09,14:10:28,4952b0,CS-TUP,Airbus A330-900neo,TAP Air Portugal,takeoff,depart,1775,311.0,91.9,,,,
2026-05-09,14:13:45,4ca97b,EI-EST,Boeing 737-800,Ryanair,takeoff,depart,2475,284.8,91.6,,,,
2026-05-09,14:16:14,4951d1,CS-TNQ,Airbus A320,TAP Air Portugal,takeoff,depart,2075,257.6,90.3,,,,
2026-05-09,14:20:05,4951d3,CS-TNS,Airbus A320,TAP Air Portugal,takeoff,depart,1725,276.1,93.1,,,,
2026-05-09,14:23:40,4cadbe,EI-IGL,Boeing 737 MAX 8,Ryanair,takeoff,depart,1875,271.9,90.9,,,,
2026-05-09,14:25:43,4952ae,CS-TUN,Airbus A330-900neo,TAP Air Portugal,takeoff,depart,1875,308.9,92.1,,,,
2026-05-09,14:28:41,TAP69D,CS-TXH,Airbus A321neo,TAP Air Portugal,takeoff,depart,1900,280.6,83.7,,,,
2026-05-09,14:32:40,495212,CS-TPR,Embraer E190,TAP Air Portugal,takeoff,depart,1925,246.3,96.1,,,,
2026-05-09,14:34:26,TAP67M,CS-TVD,Airbus A320neo,TAP Air Portugal,climb,depart,3200,334.3,93.5,,,,
2026-05-09,14:38:46,4951d5,CS-TNU,Airbus A320,TAP Air Portugal,takeoff,depart,2025,270.2,94.4,,,,
2026-05-09,14:41:14,4952cb,CS-TVK,Airbus A320neo,TAP Air Portugal,takeoff,depart,2150,267.6,92.0,,,,
2026-05-09,14:42:47,495218,CS-TPX,Embraer E190,TAP Air Portugal,cruise,,2475,0.0,89.3,,,,
2026-05-09,14:44:42,TAP884,CS-TNL,Airbus A320,TAP Air Portugal,takeoff,depart,2175,276.9,89.8,,,,
2026-05-09,14:48:41,495038,CS-TAX,Embraer E195,TAP Air Portugal,takeoff,depart,2700,268.9,93.7,,,,
2026-05-09,14:56:29,89631a,A6-ENX,Boeing 777-300ER,Emirates,takeoff,depart,2375,312.6,87.4,,,,
2026-05-09,14:58:58,4950e4,CS-TGD,Airbus A330-200,Azul,takeoff,depart,1875,296.5,91.1,,,,
2026-05-09,15:03:13,e8046d,CC-BGR,Boeing 787-9,LATAM Airlines,takeoff,depart,1550,336.9,92.2,,,,
2026-05-09,15:06:30,3c6486,D-AIDF,Airbus A321,Lufthansa,takeoff,depart,2025,270.9,90.9,,,,
2026-05-09,15:09:37,EJU84EZ,OE-IBF,Airbus A320,easyJet Europe,takeoff,depart,1975,275.2,92.3,,,,
2026-05-09,15:12:14,TAP02MR,CS-TPT,Embraer E190,TAP Air Portugal,takeoff,depart,2850,265.6,93.9,,,,
2026-05-09,15:15:19,4952c2,CS-TVB,Airbus A320neo,TAP Air Portugal,takeoff,depart,2025,273.2,94.2,,,,
2026-05-09,15:17:30,TAP86VR,CS-TJI,Airbus A321neo,TAP Air Portugal,takeoff,depart,2300,319.3,90.8,,,,
2026-05-09,15:21:13,3472c3,EC-NUO,Airbus A320,Vueling,takeoff,depart,1925,260.8,92.3,,,,
2026-05-09,15:24:16,4952a6,CS-TUF,Airbus A330-900neo,TAP Air Portugal,takeoff,depart,2175,286.1,90.1,,,,
2026-05-09,15:27:18,TAP67AM,CS-TXA,Airbus A321neo,TAP Air Portugal,takeoff,depart,1900,276.1,93.6,,,,
2026-05-09,15:30:23,440db0,OE-IDX,Airbus A320,easyJet Europe,takeoff,depart,1875,282.8,95.9,,,,
2026-05-09,15:32:50,495266,CS-TSF,Airbus A321neo,TAP Air Portugal,takeoff,depart,1850,268.5,94.9,,,,
2026-05-09,15:35:52,RYR8618,EI-DPH,Boeing 737-800,Ryanair,climb,depart,3150,349.3,89.3,,,,
2026-05-09,15:38:49,495298,CS-TTX,Embraer E195,TAP Air Portugal,takeoff,depart,2250,258.0,98.7,,,,
2026-05-09,15:41:51,49d327,OK-TSD,Boeing 737-800,Eurowings,takeoff,depart,1725,303.5,92.4,,,,
2026-05-09,15:44:38,495217,CS-TPW,Embraer E190,TAP Air Portugal,cruise,,2450,0.0,92.8,,,,
2026-05-09,15:47:45,4951d7,CS-TNW,Airbus A320,TAP Air Portugal,takeoff,depart,1875,270.8,93.5,,,,
2026-05-09,15:50:57,LOT7KU,SP-LVK,Boeing 737 MAX 8,LOT Polish Airlines,takeoff,depart,1550,292.2,93.9,,,,
2026-05-09,15:55:34,TAP10AD,CS-TPS,Embraer E190,TAP Air Portugal,climb,depart,3675,323.9,94.2,,,,
2026-05-09,15:58:24,4951cd,CS-TNM,Airbus A320,TAP Air Portugal,takeoff,depart,1800,275.6,93.9,,,,
2026-05-09,16:01:43,49514f,CS-TJO,Airbus A321neo,TAP Air Portugal,takeoff,depart,1900,288.2,91.1,,,,
2026-05-09,16:05:39,TAP436,CS-TJF,Airbus A321,TAP Air Portugal,takeoff,depart,2175,284.8,90.4,,,,
2026-05-09,16:08:30,TAP826,CS-TNT,Airbus A320,TAP Air Portugal,takeoff,depart,1900,271.3,94.0,,,,
2026-05-09,16:11:11,096023,D4-CCI,Boeing 737-700,Cabo Verde Airlines,takeoff,depart,2025,298.5,91.2,,,,
2026-05-09,16:14:24,4952aa,CS-TUJ,Airbus A330-900neo,TAP Air Portugal,climb,depart,1900,309.8,91.0,,,,
2026-05-09,16:17:00,495304,CS-TXD,Airbus A321neo,TAP Air Portugal,takeoff,depart,1925,277.6,89.7,,,,
2026-05-09,16:19:52,495216,CS-TPV,Embraer E190,TAP Air Portugal,takeoff,depart,2450,258.9,91.5,,,,
2026-05-09,16:24:13,49514e,CS-TJN,Airbus A321neo,TAP Air Portugal,takeoff,depart,1800,281.7,92.3,,,,
2026-05-09,16:27:23,4b1950,HB-JPG,Airbus A321neo,Swiss,takeoff,depart,2475,300.6,91.1,,,,
2026-05-09,16:30:25,TAP1064,CS-TTY,Embraer E195,TAP Air Portugal,climb,depart,3150,281.3,90.5,,,,
2026-05-09,16:31:56,EJU68GB,OE-LSO,Airbus A320,easyJet Europe,takeoff,depart,2850,370.2,73.8,,,,
2026-05-09,16:34:58,495170,CS-TKP,Airbus A320,TAP Air Portugal,takeoff,depart,2175,270.9,92.7,,,,
2026-05-09,16:39:30,EZS63BD,HB-JZX,Airbus A320,Austrian Airlines,climb,depart,2500,343.2,93.7,,,,
2026-05-09,16:42:33,EZY35AB,G-UZHE,Airbus A320neo,easyJet,takeoff,depart,2650,262.4,92.3,,,,
2026-05-09,16:46:38,49521a,CS-TPZ,Embraer E190,TAP Air Portugal,takeoff,depart,2900,253.9,89.4,,,,
2026-05-09,16:52:25,4867c0,PH-AXE,Airbus A321neo,KLM,takeoff,depart,1900,285.6,91.3,,,,
2026-05-09,16:55:56,4951cb,CS-TNK,Airbus A320,TAP Air Portugal,takeoff,depart,1925,279.5,93.4,,,,
2026-05-09,16:59:19,392aef,F-GKXP,Airbus A320,Air France,takeoff,depart,2350,291.3,93.3,,,,
2026-05-09,17:01:56,34750a,EC-OBJ,Boeing 737-800,Air Europa,takeoff,depart,1800,268.9,91.5,,,,
2026-05-09,17:05:43,4952cd,CS-TVM,Airbus A320neo,TAP Air Portugal,takeoff,depart,2150,273.9,91.3,,,,
2026-05-09,17:08:22,TAP94EV,CS-TTW,Embraer E195,TAP Air Portugal,takeoff,depart,2425,276.3,92.6,,,,
2026-05-09,17:11:24,4076e3,G-NEOU,Airbus A321neo,British Airways,takeoff,depart,1975,274.8,93.1,,,,
2026-05-09,17:13:35,440daf,OE-IDU,Airbus A320,easyJet Europe,takeoff,depart,1900,273.4,91.9,,,,
2026-05-09,17:17:54,BTI8HM,YL-CSE,C Series 300,Air Baltic,cruise,,2750,0.0,93.2,,,,
2026-05-09,17:20:41,495215,CS-TPU,Embraer E190,TAP Air Portugal,takeoff,depart,2500,302.6,92.5,,,,
2026-05-09,17:22:12,4cac1e,EI-HEN,Boeing 737 MAX 8,Ryanair,takeoff,depart,1900,265.9,91.0,,,,
2026-05-09,17:25:13,495292,CS-TTR,Airbus A319,TAP Air Portugal,takeoff,depart,2225,293.0,92.6,,,,
2026-05-09,17:27:44,495145,CS-TJE,Airbus A321,TAP Air Portugal,takeoff,depart,2175,289.8,91.2,,,,
2026-05-09,17:30:40,49530c,CS-TXL,Airbus A321neo,TAP Air Portugal,takeoff,depart,2100,318.5,92.7,,,,
2026-05-09,17:33:21,461fa4,OH-LZO,Airbus A321,Finnair,takeoff,depart,1850,299.3,92.0,,,,
2026-05-09,17:36:40,3c667a,D-AISZ,Airbus A321,Lufthansa,takeoff,depart,2375,288.9,90.8,,,,
2026-05-09,17:39:41,N888YC,N888YC,Challenger 604,Unknown US,climb,depart,3600,373.9,60.0,,,,
2026-05-09,17:46:46,TAP209K,CS-TON,Airbus A330-200,TAP Air Portugal,climb,depart,2000,310.6,88.0,,,,
2026-05-09,17:49:11,TAP011,CS-TXK,Airbus A321,TAP Air Portugal,takeoff,depart,2125,308.9,92.4,,,,
2026-05-09,17:51:00,TAP91SR,CS-TJH,Airbus A321,TAP Air Portugal,takeoff,depart,2325,278.5,91.0,,,,
2026-05-09,17:53:16,3c54a1,D-AEEA,Airbus A321neo,Eurowings,takeoff,depart,1800,294.1,93.7,,,,
2026-05-09,17:56:59,495303,CS-TXC,Airbus A321neo,TAP Air Portugal,takeoff,depart,2075,322.2,92.0,,,,
2026-05-09,18:02:30,SWR2089,HB-JDH,Airbus A320neo,Swiss,climb,depart,4500,282.1,80.8,,,,
2026-05-09,18:04:20,3483da,EC-OOR,Bombardier CRJ-1000,Air Nostrum,takeoff,depart,1700,267.6,92.6,,,,
2026-05-09,18:07:23,RYR1LX,9H-QDA,Boeing 737-800,Malta Air,takeoff,depart,1875,283.2,92.3,,,,
2026-05-09,18:10:33,440da5,OE-IDS,Airbus A320,easyJet Europe,takeoff,depart,1975,277.2,90.7,,,,
2026-05-09,18:13:24,440115,OE-LUE,Airbus A320neo,easyJet Europe,takeoff,depart,2000,284.8,91.5,,,,
2026-05-09,18:16:30,4ba9e9,TC-JOI,Airbus A330-300,Turkish Airlines,takeoff,depart,2200,272.8,91.7,,,,
2026-05-09,18:19:40,49530d,CS-TXM,Airbus A321,TAP Air Portugal,takeoff,depart,1900,326.3,94.9,,,,
2026-05-09,18:22:28,4c31e0,YU-MPA,C56X,,climb,depart,3150,230.0,95.4,,,,
2026-05-09,18:25:25,4952a9,CS-TUI,Airbus A330-900neo,TAP Air Portugal,takeoff,depart,1850,288.9,92.1,,,,
2026-05-09,18:28:43,495302,CS-TXB,Airbus A321neo,TAP Air Portugal,takeoff,depart,2000,323.4,95.0,,,,
2026-05-09,18:31:23,SWT132,EC-MAF,ATR 72 500F,Swiftair,climb,depart,1800,224.6,93.4,,,,
2026-05-09,18:34:25,4952c9,CS-TVI,Airbus A320neo,TAP Air Portugal,takeoff,depart,2175,310.6,91.0,,,,
2026-05-09,18:37:00,4ca97b,EI-EST,Boeing 737-800,Ryanair,cruise,,1800,0.0,92.0,,,,
2026-05-09,18:41:42,TAP029,CS-TUE,Airbus A330-900neo,TAP Air Portugal,takeoff,depart,1950,310.2,92.2,,,,
2026-05-09,18:46:27,TAP564C,CS-TJS,Airbus A321neo,TAP Air Portugal,cruise,,3150,0.0,93.6,,,,
2026-05-09,18:48:06,49514d,CS-TJM,Airbus A321neo,TAP Air Portugal,takeoff,depart,1800,288.0,94.6,,,,
2026-05-09,18:51:07,EWG16F,D-AIDU,Airbus A321,Eurowings,takeoff,depart,2925,321.3,89.8,,,,
2026-05-09,18:54:20,TAP1932,CS-TVH,Airbus A320neo,TAP Air Portugal,takeoff,depart,2125,270.2,92.6,,,,
2026-05-09,18:57:31,4952c7,CS-TVG,Airbus A320neo,TAP Air Portugal,takeoff,depart,2275,308.2,94.6,,,,
2026-05-09,19:01:38,49514c,CS-TJL,Airbus A321neo,TAP Air Portugal,takeoff,depart,1950,269.7,91.6,,,,
2026-05-09,19:04:41,4cae95,EI-IKI,Boeing 737 MAX 8,Ryanair,takeoff,depart,2025,278.0,95.0,,,,
2026-05-09,19:06:24,4d2152,9H-LAS,F900,,climb,depart,3225,312.6,95.2,,,,
2026-05-09,19:09:33,4952c1,CS-TVA,Airbus A320neo,TAP Air Portugal,takeoff,depart,1925,281.3,94.7,,,,
2026-05-09,19:12:26,39d30b,F-HUYL,Boeing 737-800,Transavia France,takeoff,depart,1975,262.4,93.0,,,,
2026-05-09,19:15:04,484b2a,PH-HSA,Boeing 737-800,Turkish Airlines,takeoff,depart,2025,287.2,93.3,,,,
2026-05-09,19:17:57,4952cb,CS-TVK,Airbus A320neo,TAP Air Portugal,takeoff,depart,1975,289.7,92.4,,,,
2026-05-09,19:21:00,495218,CS-TPX,Embraer E190,TAP Air Portugal,takeoff,depart,2125,255.6,92.3,,,,
2026-05-09,19:23:29,34610f,EC-NCS,Airbus A320neo,Vueling,takeoff,depart,2375,269.3,93.8,,,,
2026-05-09,19:26:32,TAP57LK,CS-TNJ,Airbus A320,TAP Air Portugal,takeoff,depart,2075,299.8,92.0,,,,
2026-05-09,19:28:54,344644,EC-MDZ,Airbus A320,Vueling,takeoff,depart,1950,283.0,95.0,,,,
2026-05-09,19:32:39,39bdb8,F-HPNY,Airbus A220-300,Air France,takeoff,depart,2125,236.9,97.8,,,,
2026-05-09,19:35:41,TAP556,CS-TVP,Airbus A320neo,TAP Air Portugal,takeoff,depart,2550,348.0,86.3,,,,
2026-05-09,19:39:10,4d2518,9H-QFE,Boeing 737-800,Malta Air,takeoff,depart,1825,276.1,93.5,,,,
2026-05-09,19:40:41,RAM983,CN-RGV,Boeing 737-800,Royal Air Maroc,climb,depart,3050,293.0,89.2,,,,
2026-05-09,19:42:12,EJU7629,OE-LSJ,Airbus A320neo,Vueling,takeoff,depart,2300,300.4,89.5,,,,
2026-05-09,19:45:13,BAW507,G-TTNT,Airbus A320neo,British Airways,takeoff,depart,2100,263.2,91.6,,,,
2026-05-09,19:47:41,4400f3,OE-IDO,Airbus A320,easyJet Europe,takeoff,depart,1900,274.8,95.2,,,,
2026-05-09,19:50:24,495211,CS-TPQ,Embraer E190,TAP Air Portugal,takeoff,depart,1900,263.9,93.3,,,,
2026-05-09,19:53:27,495037,CS-TAW,Embraer E195,TAP Air Portugal,takeoff,depart,1900,244.8,94.5,,,,
2026-05-09,19:56:20,400f02,G-EZBH,Airbus A319,easyJet,takeoff,depart,1775,267.6,92.7,,,,
2026-05-09,19:58:47,TAP58Y,CS-TVQ,Airbus A320neo,TAP Air Portugal,takeoff,depart,1900,264.7,96.5,,,,
2026-05-09,20:01:50,RYR385,EI-EVR,Boeing 737-800,Ryanair,takeoff,depart,2475,345.8,91.6,,,,
2026-05-09,20:04:17,3475c9,EC-OCT,Airbus A321,TAP Air Portugal,takeoff,depart,1975,273.4,92.3,,,,
2026-05-09,20:07:18,4ca738,EI-EBO,Boeing 737-800,Ryanair,takeoff,depart,2000,273.4,90.3,,,,
2026-05-09,20:09:01,49526d,CS-TSM,Airbus A320,TAP Air Portugal,takeoff,depart,2025,266.9,93.5,,,,
2026-05-09,20:12:15,495213,CS-TPS,Embraer E190,TAP Air Portugal,cruise,,2500,0.0,97.6,,,,
2026-05-09,20:13:50,495150,CS-TJP,Airbus A321neo,TAP Air Portugal,takeoff,depart,1925,287.2,95.1,,,,
2026-05-09,20:18:18,4866df,PH-YHX,Airbus A321neo,Transavia,takeoff,depart,2050,278.0,92.1,,,,
2026-05-09,20:24:13,486651,PH-AXA,Airbus A321neo,KLM,takeoff,depart,1875,268.2,96.4,,,,
2026-05-09,20:29:08,TAP1366,CS-TVM,Airbus A320neo,TAP Air Portugal,takeoff,depart,2025,275.6,93.4,,,,
2026-05-09,20:32:15,347481,EC-NZR,Boeing 737-800,Air Europa,takeoff,depart,1775,270.4,93.3,,,,
2026-05-09,20:34:40,4ca24e,EI-DCX,Boeing 737-800,Ryanair,takeoff,depart,1700,266.1,91.8,,,,
2026-05-09,20:42:37,440065,OE-LQZ,Airbus A319,easyJet Europe,takeoff,depart,1775,261.5,95.1,,,,
2026-05-09,20:52:47,4951d8,CS-TNX,Airbus A320,TAP Air Portugal,takeoff,depart,1875,273.2,94.1,,,,
2026-05-09,20:55:37,4952c2,CS-TVB,Airbus A320neo,TAP Air Portugal,takeoff,depart,1875,250.4,96.4,,,,
2026-05-09,21:00:40,495298,CS-TTX,Embraer E195,TAP Air Portugal,takeoff,depart,2375,268.0,91.7,,,,
2026-05-09,21:03:12,4d2426,9H-WBR,Airbus A321neo,Wizz Air,takeoff,depart,1625,298.5,98.5,,,,
2026-05-09,21:13:03,4952ce,CS-TVN,Airbus A320neo,TAP Air Portugal,takeoff,depart,1900,270.4,93.4,,,,
2026-05-09,21:15:36,VLG77JY,EC-OLF,Airbus A320,Vueling,takeoff,depart,1875,273.2,92.1,,,,
2026-05-09,21:18:38,TAP11AG,CS-TTY,Embraer E195,TAP Air Portugal,takeoff,depart,2500,272.4,90.6,,,,
2026-05-09,21:22:52,4951d5,CS-TNU,Airbus A320,TAP Air Portugal,takeoff,depart,2125,255.6,92.7,,,,
2026-05-09,21:26:12,49514a,CS-TJJ,Airbus A321neo,TAP Air Portugal,takeoff,depart,2250,314.5,93.3,,,,
2026-05-09,21:30:03,495214,CS-TPT,Embraer E190,TAP Air Portugal,climb,depart,3100,244.3,92.2,,,,
2026-05-09,21:32:12,4d227d,9H-QDM,Boeing 737-800,Malta Air,takeoff,depart,1675,281.9,94.1,,,,
2026-05-09,21:35:42,RYR420Z,EI-DWC,Boeing 737-800,Ryanair,takeoff,depart,1850,270.9,95.2,,,,
2026-05-09,21:39:54,3c5430,D-AEAP,A300 B4-622RF,Lufthansa,climb,depart,3825,318.2,92.0,,,,
2026-05-09,21:44:13,896318,A6-ENV,Boeing 777-300ER,Emirates,takeoff,depart,2850,278.0,93.3,,,,
2026-05-09,21:55:46,4951d3,CS-TNS,Airbus A320,TAP Air Portugal,takeoff,depart,1850,285.0,94.9,,,,
2026-05-09,21:57:51,TAP43M,CS-TVR,Airbus A320neo,TAP Air Portugal,takeoff,depart,2100,287.2,91.0,,,,
2026-05-09,22:02:20,4d2255,9H-QDI,Boeing 737-800,Malta Air,takeoff,depart,1975,275.9,93.9,,,,
2026-05-09,22:04:32,495212,CS-TPR,Embraer E190,TAP Air Portugal,takeoff,depart,2225,234.8,94.7,,,,
2026-05-09,22:06:38,495217,CS-TPW,Embraer E190,TAP Air Portugal,takeoff,depart,2800,296.1,90.3,,,,
2026-05-09,22:08:34,44cdcb,OO-SNK,Airbus A320,Brussels Airlines,takeoff,depart,2025,246.7,93.9,,,,
2026-05-09,22:19:31,BTI3HK,YL-CSH,C Series 300,Air Baltic,takeoff,depart,1725,250.0,95.2,,,,
2026-05-09,22:22:19,EZY97QP,G-EZFT,Airbus A319,easyJet,takeoff,depart,1700,275.2,92.3,,,,
2026-05-09,22:26:06,TAP1022,CS-TNQ,Airbus A320,TAP Air Portugal,takeoff,depart,2100,280.2,94.1,,,,
2026-05-09,22:33:03,4d2415,9H-EWC,Airbus A320,Eurowings,takeoff,depart,1875,268.5,92.6,,,,
2026-05-09,22:39:10,495216,CS-TPV,Embraer E190,TAP Air Portugal,takeoff,depart,2475,238.2,93.4,,,,
2026-05-09,22:42:40,EZY65CG,G-EZFV,Airbus A319,easyJet,takeoff,depart,1975,266.9,92.4,,,,
2026-05-09,22:46:06,4cad3b,EI-HGS,Boeing 737 MAX 8,Ryanair,takeoff,depart,1750,273.0,95.5,,,,
2026-05-09,22:48:55,TAP1865,CS-TJK,Airbus A321neo,TAP Air Portugal,takeoff,depart,1750,284.1,93.9,,,,
2026-05-09,22:53:49,4d206c,9H-WMB,Airbus A321neo,Lauda Europe,takeoff,depart,1950,296.1,94.6,,,,
2026-05-09,22:57:08,TAP16LN,CS-TNL,Airbus A320,TAP Air Portugal,takeoff,depart,1825,290.2,90.2,,,,
2026-05-09,23:00:31,0900f1,D2-TEK,Boeing 777-300ER,TAAG Angola Airlines,takeoff,depart,2000,315.0,93.4,,,,
2026-05-09,23:07:41,345398,EC-MQE,Airbus A320,Vueling,takeoff,depart,1900,260.9,94.6,,,,
2026-05-09,23:14:02,TAP36RC,CS-TVF,Airbus A320neo,TAP Air Portugal,takeoff,depart,1975,266.5,93.3,,,,
2026-05-09,23:23:02,495149,CS-TJI,Airbus A321neo,TAP Air Portugal,takeoff,depart,2025,323.4,93.8,,,,
2026-05-09,23:28:18,495308,CS-TXH,Airbus A321neo,TAP Air Portugal,takeoff,depart,2000,310.6,92.6,,,,
2026-05-09,23:48:00,504e84,ER-00001,Airbus A321,Fly One,takeoff,depart,1825,281.1,91.8,,,,
2026-05-09,23:50:54,RYR7329,EI-EMJ,Boeing 737-800,Ryanair,takeoff,depart,1825,276.9,90.7,,,,
2026-05-09,23:53:37,440425,OE-IUC,Airbus A321neo,Iberia,takeoff,depart,2150,295.4,92.2,,,,
2026-05-09,23:56:49,3451d4,EC-MKN,Airbus A320,Vueling,takeoff,depart,2025,283.7,92.1,,,,
2026-05-09,23:59:54,ASL14C,YU-APF,Airbus A319,Air Serbia,takeoff,depart,1750,282.1,94.2,,,,
2026-05-10,00:02:46,4951d2,CS-TNR,Airbus A320,TAP Air Portugal,takeoff,depart,1750,281.3,93.7,,,,
2026-05-10,00:07:17,N175QS,N175QS,Gulfstream G700,NetJets,takeoff,depart,2250,323.4,93.7,,,,
2026-05-10,00:10:13,495213,CS-TPS,Embraer E190,TAP Air Portugal,takeoff,depart,2125,255.6,91.8,,,,
2026-05-10,00:13:58,495038,CS-TAX,Embraer E195,TAP Air Portugal,takeoff,depart,2650,231.5,95.0,,,,
2026-05-10,00:16:51,4ac9e3,SE-ROC,Airbus A320neo,SAS Scandinavian,takeoff,depart,2275,288.0,90.7,,,,
2026-05-10,00:19:54,PGT1742,TC-NCV,Airbus A320neo,Pegasus,takeoff,depart,2050,272.8,90.8,,,,
2026-05-10,00:26:55,4952b3,CS-TUS,Airbus A330-900neo,TAP Air Portugal,takeoff,depart,1925,291.1,88.4,,,,
2026-05-10,00:37:25,4ca808,EI-EKI,Boeing 737-800,Ryanair,takeoff,depart,1775,260.4,92.6,,,,
2026-05-10,00:40:24,4952a1,CS-TUA,Airbus A330-900neo,TAP Air Portugal,takeoff,depart,2000,302.1,93.2,,,,
2026-05-10,00:43:54,LZB564,LZ-ROM,A220-300,Bulgaria Air,takeoff,depart,2425,229.8,91.6,,,,
2026-05-10,00:47:32,4ca764,EI-EFI,Boeing 737-800,Ryanair,takeoff,depart,2400,273.4,90.8,,,,
2026-05-10,00:49:32,02a1b0,TS-INQ,Airbus A320,Nouvelair Tunisie,takeoff,depart,2050,240.8,92.1,,,,
2026-05-10,00:51:40,495292,CS-TTR,Airbus A319,TAP Air Portugal,takeoff,depart,2325,287.4,95.6,,,,
2026-05-10,00:55:08,46b8a9,SX-NEI,Airbus A320,Aegean Airlines,takeoff,depart,2275,235.2,98.3,,,,
2026-05-10,00:58:39,4952cc,CS-TVL,Airbus A320,TAP Air Portugal,takeoff,depart,1950,268.0,96.9,,,,
2026-05-10,02:02:01,4951d4,CS-TNT,Airbus A320,TAP Air Portugal,takeoff,depart,2175,291.3,91.5,,,,
2026-05-10,05:19:24,4867c2,PH-AXG,Airbus A321neo,KLM,takeoff,depart,1775,292.1,93.6,,,,
2026-05-10,05:21:20,3c65ca,D-AINJ,Airbus A320neo,Lufthansa,takeoff,depart,2050,266.5,94.1,,,,
2026-05-10,06:11:30,AFR18LZ,F-HEPG,Airbus A320,Air France,takeoff,depart,2100,275.4,92.6,,,,
2026-05-10,06:13:45,4cadbe,EI-IGL,Boeing 737 MAX 8,Ryanair,takeoff,depart,2325,288.9,92.2,,,,
2026-05-10,06:15:39,49526d,CS-TSM,Airbus A320,TAP Air Portugal,takeoff,depart,2375,295.0,97.5,,,,
2026-05-10,06:19:21,440072,OE-LSF,Airbus A320neo,easyJet Europe,takeoff,depart,1975,291.1,94.6,,,,
2026-05-10,06:21:28,EJU54HM,OE-LSO,Airbus A320,easyJet Europe,takeoff,depart,1900,299.3,93.3,,,,
2026-05-10,06:23:35,39ceaa,F-HTVK,Boeing 737-800,Transavia France,takeoff,depart,1825,274.8,92.6,,,,
2026-05-10,06:26:51,SWR2083,HB-IOO,Airbus A321,Swiss,climb,depart,3800,267.6,78.8,,,,
2026-05-10,06:30:05,4d24ca,9H-VVI,Boeing 737 MAX 8,Malta Air,takeoff,depart,1700,287.8,94.5,,,,
2026-05-10,06:32:28,TAP428,CS-TPU,Embraer E190,TAP Air Portugal,takeoff,depart,2900,264.8,90.8,,,,
2026-05-10,06:36:02,RYR088,EI-EST,Boeing 737-800,Ryanair,takeoff,depart,1775,293.0,91.8,,,,
2026-05-10,06:37:59,4400f3,OE-IDO,Airbus A320,easyJet Europe,takeoff,depart,1850,293.0,93.6,,,,
2026-05-10,06:39:43,WJA33,C-GCAM,Boeing 737 MAX 8,WestJet,takeoff,depart,1850,283.5,91.9,,,,
2026-05-10,06:47:31,EJU68GB,OE-LSV,Airbus A320neo,easyJet Europe,takeoff,depart,2225,325.4,94.8,,,,
2026-05-10,06:50:52,3c64a1,D-AIEA,Airbus A321neo,Lufthansa,takeoff,depart,1925,276.9,92.7,,,,
2026-05-10,06:54:06,495146,CS-TJF,Airbus A321,TAP Air Portugal,takeoff,depart,1900,265.8,95.3,,,,
2026-05-10,06:57:53,TAP1920,CS-TNW,Airbus A320,TAP Air Portugal,takeoff,depart,2375,299.3,92.2,,,,
2026-05-10,07:00:47,TAP830,CS-TNK,Airbus A320,TAP Air Portugal,takeoff,depart,1800,274.1,97.2,,,,
2026-05-10,07:05:57,RYR13QK,EI-EVR,Boeing 737-800,Ryanair,takeoff,depart,1775,272.1,92.7,,,,
2026-05-10,07:08:00,3c664c,D-AIRL,Airbus A321,Lufthansa,takeoff,depart,2250,307.4,92.5,,,,
2026-05-10,07:11:05,440c38,OE-LSJ,Airbus A320neo,Vueling,takeoff,depart,2125,296.1,90.1,,,,
2026-05-10,07:20:42,440db0,OE-IDX,Airbus A320,easyJet Europe,takeoff,depart,1925,303.4,96.0,,,,
2026-05-10,07:23:46,TAP34A,CS-TPO,Embraer E190,TAP Air Portugal,takeoff,depart,2475,293.7,95.2,,,,
2026-05-10,07:26:44,49514f,CS-TJO,Airbus A321neo,TAP Air Portugal,takeoff,depart,2175,298.2,93.1,,,,
2026-05-10,07:30:03,495218,CS-TPX,Embraer E190,TAP Air Portugal,takeoff,depart,2825,292.1,94.2,,,,
2026-05-10,07:33:01,495211,CS-TPQ,Embraer E190,TAP Air Portugal,takeoff,depart,1975,234.8,94.6,,,,
2026-05-10,07:36:41,TAP1122,CS-TAW,Embraer E195,TAP Air Portugal,takeoff,depart,2350,257.1,95.0,,,,
2026-05-10,07:39:36,440cf8,OE-IBF,Airbus A320,easyJet Europe,takeoff,depart,2000,288.0,91.9,,,,
2026-05-10,07:42:31,495297,CS-TTW,Embraer E195,TAP Air Portugal,takeoff,depart,2425,247.2,95.1,,,,
2026-05-10,07:45:01,440da5,OE-IDS,Airbus A320,easyJet Europe,takeoff,depart,2150,306.9,91.2,,,,
2026-05-10,07:48:01,TAP120Y,CS-TJH,Airbus A321,TAP Air Portugal,climb,depart,2225,277.8,92.5,,,,
2026-05-10,07:50:50,TAP752,CS-TVD,Airbus A320neo,TAP Air Portugal,takeoff,depart,2425,315.2,93.3,,,,
2026-05-10,07:54:34,4951cd,CS-TNM,Airbus A320,TAP Air Portugal,takeoff,depart,1900,288.0,92.8,,,,
2026-05-10,07:57:33,49514a,CS-TJJ,Airbus A321neo,TAP Air Portugal,takeoff,depart,2175,290.4,93.3,,,,
2026-05-10,08:00:55,BAW509,G-TNEC,Airbus A321neo,British Airways,takeoff,depart,1875,297.2,97.0,,,,
2026-05-10,08:03:54,4951d4,CS-TNT,Airbus A320,TAP Air Portugal,takeoff,depart,1925,275.6,96.2,,,,
2026-05-10,08:07:07,495301,CS-TXA,Airbus A321neo,TAP Air Portugal,takeoff,depart,1850,278.2,97.4,,,,
2026-05-10,08:10:48,495274,CS-TST,767 34PER,TAP Air Portugal,takeoff,depart,2425,306.1,94.0,,,,
2026-05-10,08:13:31,495145,CS-TJE,Airbus A321,TAP Air Portugal,takeoff,depart,2000,290.4,93.2,,,,
2026-05-10,08:16:31,34538e,EC-MPG,Boeing 737-800,Air Europa,takeoff,depart,1500,271.3,93.0,,,,
2026-05-10,08:19:44,49529a,CS-TTZ,Embraer E195,TAP Air Portugal,takeoff,depart,2350,292.8,93.2,,,,
2026-05-10,08:22:40,TAP30BC,CS-TVI,Airbus A320neo,TAP Air Portugal,takeoff,depart,2050,262.8,95.8,,,,
2026-05-10,08:26:43,495170,CS-TKP,Airbus A320,TAP Air Portugal,takeoff,depart,1850,259.1,93.1,,,,
2026-05-10,08:29:12,TAP10MD,CS-TVN,Airbus A320neo,TAP Air Portugal,takeoff,depart,2075,274.5,92.2,,,,
2026-05-10,08:32:48,4951d1,CS-TNQ,Airbus A320,TAP Air Portugal,takeoff,depart,1850,267.6,93.2,,,,
2026-05-10,08:35:09,TAP6LX,CS-TVL,Airbus A320,TAP Air Portugal,takeoff,depart,1975,267.6,93.5,,,,
2026-05-10,08:38:12,TAP560,CS-TVJ,Airbus A320neo,TAP Air Portugal,takeoff,depart,2200,269.3,91.6,,,,
2026-05-10,08:41:30,TAP7AB,CS-TXF,Airbus A321neo,TAP Air Portugal,takeoff,depart,1925,278.5,92.3,,,,
2026-05-10,08:44:23,NJE750Q,CS-DXK,Citation XLS,NetJets,climb,depart,3325,288.0,93.6,,,,
2026-05-10,08:47:29,c079a1,CA-GUBO,Airbus A330-300,Air Transat,takeoff,depart,2450,243.5,90.4,,,,
2026-05-10,08:49:55,TAP70YS,CS-TPW,Embraer E190,TAP Air Portugal,climb,depart,2425,273.9,98.0,,,,
2026-05-10,08:52:55,TAP1859,CS-TJI,Airbus A321neo,TAP Air Portugal,takeoff,depart,2250,304.5,93.3,,,,
2026-05-10,08:55:34,4951cc,CS-TNL,Airbus A320,TAP Air Portugal,takeoff,depart,1825,275.6,95.0,,,,
2026-05-10,08:58:36,TAP94LG,CS-TVB,Airbus A320neo,TAP Air Portugal,takeoff,depart,2025,278.0,86.4,,,,
2026-05-10,09:02:48,495279,CS-TSY,Airbus A320,TAP Air Portugal,takeoff,depart,2075,250.8,93.1,,,,
2026-05-10,09:05:50,TAP552N,CS-TXG,Airbus A321neo,TAP Air Portugal,takeoff,depart,2100,277.6,89.6,,,,
2026-05-10,09:08:53,TAP6MS,CS-TXJ,Airbus A321neo,TAP Air Portugal,takeoff,depart,2650,324.5,84.5,,,,
2026-05-10,09:11:49,495216,CS-TPV,Embraer E190,TAP Air Portugal,takeoff,depart,2250,255.6,93.8,,,,
2026-05-10,09:17:34,495038,CS-TAX,Embraer E195,TAP Air Portugal,takeoff,depart,2100,268.0,92.8,,,,
2026-05-10,09:20:31,TAP832,CS-TUM,Airbus A330-900neo,TAP Air Portugal,takeoff,depart,1875,312.2,92.0,,,,
2026-05-10,09:24:21,TAP93ZR,CS-TNX,Airbus A320,TAP Air Portugal,takeoff,depart,1950,266.3,92.4,,,,
2026-05-10,09:27:57,4952d2,CS-TVR,Airbus A320neo,TAP Air Portugal,takeoff,depart,1900,272.4,92.4,,,,
2026-05-10,09:33:27,495292,CS-TTR,Airbus A319,TAP Air Portugal,takeoff,depart,1800,275.9,96.5,,,,
2026-05-10,09:36:18,TAP1924,CS-TVF,Airbus A320neo,TAP Air Portugal,takeoff,depart,1975,271.9,94.5,,,,
2026-05-10,09:38:46,0900f0,D2-TEJ,Boeing 777-300ER,TAAG Angola Airlines,takeoff,depart,1950,327.4,91.1,,,,
2026-05-10,09:41:36,TAP1541,CS-TJP,Airbus A321neo,TAP Air Portugal,takeoff,depart,2025,318.2,93.1,,,,
2026-05-10,09:44:19,4d21eb,9H-QAC,Boeing 737-800,Malta Air,takeoff,depart,2025,281.7,92.2,,,,
2026-05-10,09:47:52,4951d5,CS-TNU,Airbus A320,TAP Air Portugal,takeoff,depart,1850,265.8,93.1,,,,
2026-05-10,09:51:38,N847RC,N847RC,G450,Unknown US,takeoff,depart,1275,376.3,87.7,,,,
2026-05-10,09:54:39,495219,CS-TPY,Embraer E190,TAP Air Portugal,cruise,,1750,0.0,94.0,,,,
2026-05-10,09:57:36,VLG1HR,EC-OLF,Airbus A320,Vueling,takeoff,depart,1950,268.7,92.6,,,,
2026-05-10,10:00:40,495298,CS-TTX,Embraer E195,TAP Air Portugal,takeoff,depart,2225,264.1,93.4,,,,
2026-05-10,10:03:54,4b1a66,HB-JZY,Airbus A320,Austrian Airlines,takeoff,depart,1850,273.2,92.4,,,,
2026-05-10,10:06:40,4952cb,CS-TVK,Airbus A320neo,TAP Air Portugal,takeoff,depart,1975,262.4,86.5,,,,
2026-05-10,10:11:08,TAP92VC,CS-TPS,Embraer E190,TAP Air Portugal,cruise,,2775,0.0,93.1,,,,
2026-05-10,10:12:52,ETD87A,A6-BLV,Boeing 787-9,Etihad Airways,takeoff,depart,1750,319.5,92.0,,,,
2026-05-10,10:15:35,49514e,CS-TJN,Airbus A321neo,TAP Air Portugal,takeoff,depart,1800,289.7,95.7,,,,
2026-05-10,10:18:04,4d251d,9H-QFA,Boeing 737-800,Malta Air,takeoff,depart,1500,284.8,93.4,,,,
2026-05-10,10:19:36,EWG66L,D-AEWQ,Airbus A320,Eurowings,takeoff,depart,2150,283.7,91.3,,,,
2026-05-10,10:21:08,TAP26TS,CS-TNJ,Airbus A320,TAP Air Portugal,takeoff,depart,2100,298.5,89.9,,,,
2026-05-10,10:24:41,e48baa,PT-MUH,Boeing 777-300ER,LATAM Airlines,takeoff,depart,1625,341.1,92.1,,,,
2026-05-10,10:27:47,39de40,F-HXSA,Airbus A320neo,Transavia France,takeoff,depart,2075,270.0,95.3,,,,
2026-05-10,10:30:48,AZU8751,CS-TSW,Boeing 777-200,Azul,takeoff,depart,2575,306.5,94.2,,,,
2026-05-10,10:33:19,TAP1527,CS-TXE,Airbus A321neo,TAP Air Portugal,takeoff,depart,1950,309.1,94.5,,,,
2026-05-10,10:35:50,EZY17WM,G-UZLM,Airbus A320neo,easyJet,takeoff,depart,1950,289.7,90.9,,,,
2026-05-10,10:38:40,TAP1687,CS-TVM,Airbus A320neo,TAP Air Portugal,takeoff,depart,1850,258.5,95.2,,,,
2026-05-10,10:41:21,TAP52TP,CS-TJS,Airbus A321neo,TAP Air Portugal,takeoff,depart,1900,278.2,92.5,,,,
2026-05-10,10:42:57,4cae6d,EI-IJZ,Boeing 737 MAX 8,Ryanair,takeoff,depart,1725,280.4,93.0,,,,
2026-05-10,10:44:28,406e66,G-EZOU,Airbus A320,easyJet,takeoff,depart,1850,278.2,93.3,,,,
2026-05-10,10:47:40,4951d3,CS-TNS,Airbus A320,TAP Air Portugal,takeoff,depart,1775,278.9,93.0,,,,
2026-05-10,10:50:46,aafd1f,N807NW,Airbus A330-300,Delta Air Lines,takeoff,depart,2250,280.9,93.3,,,,
2026-05-10,10:53:50,TAP12LM,CS-TAY,Embraer E195,TAP Air Portugal,takeoff,depart,2275,294.5,90.2,,,,
2026-05-10,10:55:42,4952d0,CS-TVP,Airbus A320neo,TAP Air Portugal,takeoff,depart,1950,281.1,92.7,,,,
2026-05-10,10:58:26,49328f,CS-LTO,Citation Latitude,NetJets,climb,depart,3700,286.9,93.3,,,,
2026-05-10,11:01:54,4952ab,CS-TUK,Airbus A330-900neo,TAP Air Portugal,takeoff,depart,1675,330.0,91.1,,,,
2026-05-10,11:04:47,4aca93,SE-RTS,Boeing 737 MAX 8,,takeoff,depart,1875,300.4,93.0,,,,
2026-05-10,11:08:14,a05628,N12005,Boeing 787-10,United Airlines,takeoff,depart,1725,321.0,91.7,,,,
2026-05-10,11:10:55,N37LP,N37LP,Global 5000,Unknown US,takeoff,depart,1575,299.7,90.7,,,,
2026-05-10,11:16:37,TAP257N,CS-TXI,Airbus A321neo,TAP Air Portugal,takeoff,depart,1950,314.5,92.8,,,,
2026-05-10,11:19:57,TAP22MI,CS-TUL,Airbus A330-900neo,TAP Air Portugal,takeoff,depart,1825,299.8,92.0,,,,
2026-05-10,11:26:47,ab6380,N833AA,Boeing 787-9,American Airlines,takeoff,depart,2375,285.4,89.4,,,,
2026-05-10,11:30:30,4ca63b,EI-FNJ,Airbus A320,Aer Lingus,takeoff,depart,1850,0.0,92.8,,,,
2026-05-10,11:33:32,EJU57QA,OE-LSJ,Airbus A320neo,Vueling,takeoff,depart,2900,337.6,90.6,,,,
2026-05-10,11:36:09,407844,G-NEOZ,Airbus A321neo,British Airways,takeoff,depart,1875,287.8,95.1,,,,
2026-05-10,11:38:53,49514d,CS-TJM,Airbus A321neo,TAP Air Portugal,takeoff,depart,1675,294.1,92.7,,,,
2026-05-10,11:40:30,RYR1LX,EI-EST,Boeing 737-800,Ryanair,takeoff,depart,1925,296.9,91.9,,,,
2026-05-10,11:43:32,49514b,CS-TJK,Airbus A321neo,TAP Air Portugal,takeoff,depart,1775,290.6,93.5,,,,
2026-05-10,11:46:25,4010ea,G-EZBV,Airbus A319,easyJet,takeoff,depart,1750,280.9,96.6,,,,
2026-05-10,11:49:34,3475c9,EC-OCT,Airbus A321,TAP Air Portugal,takeoff,depart,2125,271.9,92.1,,,,
2026-05-10,11:52:03,34745a,EC-NZN,Boeing 737-800,Air Europa,takeoff,depart,1525,268.5,92.2,,,,
2026-05-10,11:57:36,4952a9,CS-TUI,Airbus A330-900neo,TAP Air Portugal,takeoff,depart,1700,293.7,93.0,,,,
2026-05-10,12:00:24,4bb20c,TC-LPL,Airbus A321neo,Turkish Airlines,takeoff,depart,1900,273.4,95.0,,,,
2026-05-10,12:03:28,SCR187,D-CSCB,Citation XLS+,Silver Cloud Air GmbH,climb,depart,4525,266.9,94.7,,,,
2026-05-10,12:05:15,ACA813,C-GKUG,Airbus A330-300,Air Canada,takeoff,depart,1750,283.7,93.4,,,,
2026-05-10,12:13:34,EZY72NL,G-UZME,Airbus A321neo,easyJet,takeoff,depart,2075,299.7,93.8,,,,
2026-05-10,12:16:16,4952a3,CS-TUC,Airbus A330-900neo,TAP Air Portugal,takeoff,depart,1925,305.4,92.8,,,,
2026-05-10,12:19:15,EJU17CM,OE-IDX,Airbus A320,easyJet Europe,takeoff,depart,1975,268.2,91.6,,,,
2026-05-10,12:23:07,495302,CS-TXB,Airbus A321neo,TAP Air Portugal,takeoff,depart,1975,314.5,90.1,,,,
2026-05-10,12:24:47,4ca6a9,EI-DYV,Boeing 737-800,Ryanair,takeoff,depart,1800,289.5,91.0,,,,
2026-05-10,12:26:18,4867c4,PH-AXI,Airbus A321neo,KLM,takeoff,depart,1900,284.8,92.7,,,,
2026-05-10,12:30:44,49530b,CS-TXK,Airbus A321,TAP Air Portugal,takeoff,depart,2125,299.8,92.4,,,,
2026-05-10,12:38:46,49530c,CS-TXL,Airbus A321neo,TAP Air Portugal,takeoff,depart,2050,318.2,89.0,,,,
2026-05-10,12:41:33,TAP782,CS-TNN,Airbus A320,TAP Air Portugal,takeoff,depart,1875,295.4,90.3,,,,
2026-05-10,12:44:24,44cdc9,OO-SNI,Airbus A320,Brussels Airlines,takeoff,depart,1900,246.3,89.5,,,,
2026-05-10,12:49:57,39e68d,F-HZUN,BD-500-1A11,Air France,takeoff,depart,1925,237.6,92.3,,,,
2026-05-10,12:52:51,TAP089,CS-TUH,Airbus A330-900neo,TAP Air Portugal,climb,depart,1625,314.7,91.9,,,,
2026-05-10,12:57:56,SWR1AB,HB-JPC,Airbus A321,Swiss,takeoff,depart,1700,308.5,93.1,,,,
2026-05-10,13:01:01,TAP824,CS-TVG,Airbus A320neo,TAP Air Portugal,takeoff,depart,2775,338.7,77.8,,,,
2026-05-10,13:06:24,TAP83K,CS-TNW,Airbus A320,TAP Air Portugal,takeoff,depart,1775,281.7,91.3,,,,
2026-05-10,13:10:30,4952b0,CS-TUP,Airbus A330-900neo,TAP Air Portugal,takeoff,depart,1900,296.3,91.5,,,,
2026-05-10,13:15:01,495299,CS-TTY,Embraer E195,TAP Air Portugal,takeoff,depart,1975,285.8,94.1,,,,
2026-05-10,13:18:08,RZO4021,CS-TSM,Airbus A320,TAP Air Portugal,takeoff,depart,1925,256.5,93.2,,,,
2026-05-10,13:22:50,4952c8,CS-TVH,Airbus A320neo,TAP Air Portugal,cruise,,1775,0.0,93.7,,,,
2026-05-10,13:24:22,RZO122,CS-TSG,Airbus A321neo,TAP Air Portugal,takeoff,depart,2625,331.0,92.5,,,,
2026-05-10,13:26:24,4952c1,CS-TVA,Airbus A320neo,TAP Air Portugal,takeoff,depart,1900,278.5,91.3,,,,
2026-05-10,13:27:56,EJU84EZ,OE-IDU,Airbus A320,easyJet Europe,takeoff,depart,1775,276.5,95.5,,,,
2026-05-10,13:30:00,DAL125,N401DZ,Airbus A330-900neo,Delta Air Lines,takeoff,depart,2400,259.3,93.5,,,,
2026-05-10,13:33:49,495146,CS-TJF,Airbus A321,TAP Air Portugal,takeoff,depart,1675,299.8,91.2,,,,
2026-05-10,13:36:10,01023c,SU-BUT,Airbus A320,Air Cairo,takeoff,depart,2500,252.8,92.5,,,,
2026-05-10,13:38:50,48e95c,SP-LYE,Boeing 737 MAX 8,LOT Polish Airlines,cruise,,1525,0.0,91.2,,,,
2026-05-10,13:42:03,EJU54WH,OE-LSV,Airbus A320neo,easyJet Europe,takeoff,depart,1925,271.3,91.7,,,,
2026-05-10,13:44:30,EJU7585,OE-LSF,Airbus A320neo,easyJet Europe,takeoff,depart,1775,281.3,90.8,,,,
2026-05-10,13:47:06,c01753,C-FIVQ,Boeing 777-300ER,Air Canada,takeoff,depart,2000,306.5,93.6,,,,
2026-05-10,13:50:19,TAP870,CS-TVF,Airbus A320neo,TAP Air Portugal,takeoff,depart,1900,254.5,93.6,,,,
2026-05-10,13:53:22,TAP1104,CS-TAW,Embraer E195,TAP Air Portugal,takeoff,depart,2125,280.6,81.5,,,,
2026-05-10,13:57:07,4cadbe,EI-IGL,Boeing 737 MAX 8,Ryanair,takeoff,depart,2050,286.5,90.9,,,,
2026-05-10,13:59:56,49514e,CS-TJN,Airbus A321neo,TAP Air Portugal,takeoff,depart,1800,280.6,94.5,,,,
2026-05-10,14:03:01,EJU65YE,OE-LSO,Airbus A320,easyJet Europe,takeoff,depart,2900,363.2,91.7,,,,
2026-05-10,14:05:26,UAL943,N204UA,Boeing 777-200,United Airlines,takeoff,depart,1975,321.5,88.3,,,,
2026-05-10,14:08:24,4d23f9,9H-QEQ,Boeing 737-800,Malta Air,takeoff,depart,1875,278.4,94.2,,,,
2026-05-10,14:11:15,TAP932,CS-TNR,Airbus A320,TAP Air Portugal,takeoff,depart,1850,276.9,93.3,,,,
2026-05-10,14:14:04,495214,CS-TPT,Embraer E190,TAP Air Portugal,takeoff,depart,1700,253.0,91.8,,,,
2026-05-10,14:19:26,49d13d,OK-TVL,Boeing 737-800,Eurowings,takeoff,depart,1700,265.6,93.5,,,,
2026-05-10,14:26:56,49514c,CS-TJL,Airbus A321neo,TAP Air Portugal,takeoff,depart,1975,317.1,93.4,,,,
2026-05-10,14:30:57,495212,CS-TPR,Embraer E190,TAP Air Portugal,takeoff,depart,1950,238.2,97.3,,,,
2026-05-10,14:34:05,49521a,CS-TPZ,Embraer E190,TAP Air Portugal,takeoff,depart,2700,253.5,94.5,,,,
2026-05-10,14:37:03,495215,CS-TPU,Embraer E190,TAP Air Portugal,takeoff,depart,1725,258.0,96.2,,,,
2026-05-10,14:40:06,TAP1928,CS-TXC,Airbus A321neo,TAP Air Portugal,takeoff,depart,2975,358.4,81.5,,,,
2026-05-10,14:43:20,4952ce,CS-TVN,Airbus A320neo,TAP Air Portugal,cruise,,1925,0.0,94.5,,,,
2026-05-10,14:46:24,IBE05PL,EC-KUB,Airbus A319,Iberia,takeoff,depart,2850,341.7,84.2,,,,
2026-05-10,14:50:17,TAP02MR,CS-TTZ,Embraer E195,TAP Air Portugal,climb,depart,3025,254.7,92.7,,,,
2026-05-10,14:53:07,4952d1,CS-TVQ,Airbus A320neo,TAP Air Portugal,takeoff,depart,1950,260.9,93.3,,,,
2026-05-10,14:55:36,495145,CS-TJE,Airbus A321,TAP Air Portugal,takeoff,depart,2050,294.1,93.8,,,,
2026-05-10,14:58:38,UAE192,A6-EPK,Boeing 777-300ER,Emirates,takeoff,depart,2525,296.9,87.5,,,,
2026-05-10,15:06:30,440115,OE-LUE,Airbus A320neo,easyJet Europe,takeoff,depart,2050,280.0,94.6,,,,
2026-05-10,15:10:18,WPT2151,EC-OND,Airbus A330-300,,climb,depart,1800,307.8,96.9,,,,
2026-05-10,15:15:36,SWR8YB,HB-JCS,A220 300,Swiss,takeoff,depart,2850,232.6,89.9,,,,
2026-05-10,15:18:39,TAP10AD,CS-TTW,Embraer E195,TAP Air Portugal,takeoff,depart,2250,286.5,88.3,,,,
2026-05-10,15:20:55,4d2246,9H-QEJ,Boeing 737-800,Malta Air,takeoff,depart,2325,306.3,93.4,,,,
2026-05-10,15:27:00,TAP472C,CS-TPO,Embraer E190,TAP Air Portugal,climb,depart,3725,258.9,93.2,,,,
2026-05-10,15:29:17,VLG6LF,EC-NCS,Airbus A320neo,Vueling,takeoff,depart,2200,265.8,98.7,,,,
2026-05-10,15:32:26,4952c9,CS-TVI,Airbus A320neo,TAP Air Portugal,takeoff,depart,1950,309.7,95.4,,,,
2026-05-10,15:35:15,495298,CS-TTX,Embraer E195,TAP Air Portugal,climb,depart,2100,286.9,90.7,,,,
2026-05-10,15:36:53,4951d5,CS-TNU,Airbus A320,TAP Air Portugal,takeoff,depart,1950,275.8,94.0,,,,
2026-05-10,15:38:24,RYR72ZY,EI-EVR,Boeing 737-800,Ryanair,takeoff,depart,2325,311.5,91.1,,,,
2026-05-10,15:42:24,3c64a1,D-AIEA,Airbus A321neo,Lufthansa,cruise,,2225,0.0,96.4,,,,
2026-05-10,15:45:30,EJU62BF,OE-ICR,Airbus A320,easyJet Europe,takeoff,depart,2175,318.5,88.5,,,,
2026-05-10,15:47:52,TAP492,CS-TPQ,Embraer E190,TAP Air Portugal,takeoff,depart,2425,282.1,92.6,,,,
2026-05-10,15:50:39,TAP436,CS-TVC,Airbus A320neo,TAP Air Portugal,takeoff,depart,2000,285.6,96.1,,,,
2026-05-10,15:54:39,DLH35M,D-AIEF,Airbus A321neo,Lufthansa,climb,depart,3300,329.8,93.0,,,,
2026-05-10,15:57:55,495301,CS-TXA,Airbus A321neo,TAP Air Portugal,takeoff,depart,2000,252.4,89.3,,,,
2026-05-10,16:00:56,TAP1350,CS-TJI,Airbus A321neo,TAP Air Portugal,takeoff,depart,1850,270.4,96.4,,,,
2026-05-10,16:03:44,49514a,CS-TJJ,Airbus A321neo,TAP Air Portugal,takeoff,depart,1975,289.7,92.8,,,,
2026-05-10,16:06:40,TCV601,OK-SWH,Boeing 737 MAX 8,Smartwings,takeoff,depart,1800,267.2,92.6,,,,
2026-05-10,16:09:22,TAP13DU,CS-TPV,Embraer E190,TAP Air Portugal,takeoff,depart,2675,248.4,94.2,,,,
2026-05-10,16:14:03,TAP1438,CS-TPX,Embraer E190,TAP Air Portugal,climb,depart,3500,259.7,89.1,,,,
2026-05-10,16:17:24,495170,CS-TKP,Airbus A320,TAP Air Portugal,takeoff,depart,1975,254.5,91.8,,,,
2026-05-10,16:20:26,RYR10TR,EI-GSI,Boeing 737-800,Ryanair,takeoff,depart,2000,296.1,86.2,,,,
2026-05-10,16:23:05,495217,CS-TPW,Embraer E190,TAP Air Portugal,takeoff,depart,2200,243.9,89.4,,,,
2026-05-10,16:26:08,TAP1930,CS-TNM,Airbus A320,TAP Air Portugal,takeoff,depart,2275,306.5,90.1,,,,
2026-05-10,16:29:14,486651,PH-AXA,Airbus A321neo,KLM,takeoff,depart,1800,279.7,94.0,,,,
2026-05-10,16:32:17,TAP94EV,CS-TAX,Embraer E195,TAP Air Portugal,takeoff,depart,2275,291.1,94.6,,,,
2026-05-10,16:38:06,TAP13HL,CS-TJO,Airbus A321neo,TAP Air Portugal,takeoff,depart,2150,311.3,93.8,,,,
2026-05-10,16:44:54,TAP826,CS-TVM,Airbus A320neo,TAP Air Portugal,takeoff,depart,2750,327.8,87.5,,,,
2026-05-10,16:53:05,3991e8,F-HEPI,Airbus A320,Air France,takeoff,depart,2225,272.1,89.5,,,,
2026-05-10,16:55:34,4951cb,CS-TNK,Airbus A320,TAP Air Portugal,takeoff,depart,1875,267.2,90.4,,,,
2026-05-10,16:58:37,TAP1905,CS-TVL,Airbus A320,TAP Air Portugal,takeoff,depart,2725,234.8,97.2,,,,
2026-05-10,17:01:40,EZY35AB,G-EZTG,Airbus A320,easyJet,takeoff,depart,2300,305.0,90.5,,,,
2026-05-10,17:05:04,4952c2,CS-TVB,Airbus A320neo,TAP Air Portugal,takeoff,depart,2350,294.8,90.6,,,,
2026-05-10,17:08:15,EJU75NR,OE-IDS,Airbus A320,easyJet Europe,takeoff,depart,1875,266.1,92.5,,,,
2026-05-10,17:12:02,AZU8753,CS-TGD,Airbus A330-200,Azul,takeoff,depart,1925,286.1,91.2,,,,
2026-05-10,17:17:12,TAP1018,CS-TPS,Embraer E190,TAP Air Portugal,takeoff,depart,2800,246.3,95.4,,,,
2026-05-10,17:20:16,4b194a,HB-JPA,Airbus A321neo,Swiss,takeoff,depart,1825,305.0,87.0,,,,
2026-05-10,17:23:33,TAP91SR,CS-TTR,Airbus A319,TAP Air Portugal,takeoff,depart,1900,272.4,92.7,,,,
2026-05-10,17:25:12,495066,CS-TCF,Airbus A330-900neo,TAP Air Portugal,takeoff,depart,2000,291.1,89.2,,,,
2026-05-10,17:28:19,4408c9,OE-IJU,Airbus A320,easyJet Europe,takeoff,depart,2150,281.1,89.5,,,,
2026-05-10,17:31:06,39a054,F-HICU,Hawker 900XP,Airlec Air Espace,climb,depart,3700,305.8,97.2,,,,
2026-05-10,17:34:24,4400f3,OE-IDO,Airbus A320,easyJet Europe,takeoff,depart,1975,275.6,95.0,,,,
2026-05-10,17:37:21,440cf8,OE-IBF,Airbus A320,easyJet Europe,takeoff,depart,2150,252.2,93.4,,,,
2026-05-10,17:40:24,FIN7FG,OH-LZH,Airbus A321,Finnair,takeoff,depart,2400,304.7,85.2,,,,
2026-05-10,17:43:27,TAP011,CS-TUN,Airbus A330-900neo,TAP Air Portugal,takeoff,depart,1725,306.1,91.6,,,,
2026-05-10,17:46:24,3c666c,D-AISL,Airbus A321,Lufthansa,takeoff,depart,1875,302.2,88.8,,,,
2026-05-10,17:49:14,4d24ca,9H-VVI,Boeing 737 MAX 8,Malta Air,takeoff,depart,2225,290.6,92.6,,,,
2026-05-10,17:52:15,495039,CS-TAY,Embraer E195,TAP Air Portugal,takeoff,depart,1700,265.9,91.9,,,,
2026-05-10,17:55:06,4ca97b,EI-EST,Boeing 737-800,Ryanair,takeoff,depart,2275,306.5,92.6,,,,
2026-05-10,17:56:38,4952b2,CS-TUR,Airbus A330-900neo,TAP Air Portugal,climb,depart,1775,307.8,91.5,,,,
2026-05-10,17:59:57,34750a,EC-OBJ,Boeing 737-800,Air Europa,takeoff,depart,2150,301.7,94.2,,,,
2026-05-10,18:04:05,4952a5,CS-TUE,Airbus A330-900neo,TAP Air Portugal,takeoff,depart,1950,316.3,90.8,,,,
2026-05-10,18:07:42,4952b1,CS-TUQ,Airbus A330-900neo,TAP Air Portugal,takeoff,depart,1750,339.1,91.7,,,,
2026-05-10,18:11:24,4951ee,CS-TON,Airbus A330-200,TAP Air Portugal,takeoff,depart,1775,291.3,90.8,,,,
2026-05-10,18:14:05,TAP233,CS-TXM,Airbus A321,TAP Air Portugal,takeoff,depart,1875,324.1,93.6,,,,
2026-05-10,18:16:28,ANE79CP,EC-MVC,Bombardier CRJ-1000,Air Nostrum,takeoff,depart,1350,279.7,88.9,,,,
2026-05-10,18:20:02,TAP564C,CS-TNX,Airbus A320,TAP Air Portugal,takeoff,depart,1850,308.9,92.8,,,,
2026-05-10,18:22:46,495306,CS-TXF,Airbus A321neo,TAP Air Portugal,takeoff,depart,2100,307.8,92.5,,,,
2026-05-10,18:25:49,RYR2GB,EI-ILO,Boeing 737 MAX 8,Ryanair,takeoff,depart,2150,284.5,91.3,,,,
2026-05-10,18:28:42,4952aa,CS-TUJ,Airbus A330-900neo,TAP Air Portugal,climb,depart,1825,298.5,94.5,,,,
2026-05-10,18:31:40,BAW505,G-TTNA,Airbus A320neo,British Airways,takeoff,depart,2150,254.7,93.9,,,,
2026-05-10,18:34:42,TAP1932,CS-TVO,Airbus A320neo,TAP Air Portugal,takeoff,depart,2675,298.0,92.3,,,,
2026-05-10,18:37:14,4951d1,CS-TNQ,Airbus A320,TAP Air Portugal,takeoff,depart,1975,289.3,91.5,,,,
2026-05-10,18:39:44,48c2a6,SP-RZG,Boeing 737 MAX 8,Buzz,takeoff,depart,2125,295.2,93.5,,,,
2026-05-10,18:42:50,4bb26c,TC-LSL,Airbus A321neo,Turkish Airlines,takeoff,depart,1825,275.9,95.2,,,,
2026-05-10,18:46:07,4ca84c,EI-EMD,Boeing 737-800,Ryanair,takeoff,depart,2200,313.4,90.5,,,,
2026-05-10,18:47:55,49530a,CS-TXJ,Airbus A321neo,TAP Air Portugal,takeoff,depart,2150,309.7,94.6,,,,
2026-05-10,18:50:28,TRA46G,PH-HXC,Boeing 737-800,Transavia,takeoff,depart,2225,275.8,92.0,,,,
2026-05-10,18:53:13,4951cc,CS-TNL,Airbus A320,TAP Air Portugal,takeoff,depart,1925,288.2,93.5,,,,
2026-05-10,18:55:44,495308,CS-TXH,Airbus A321neo,TAP Air Portugal,takeoff,depart,2000,305.8,92.5,,,,
2026-05-10,18:58:56,TAP67NP,CS-TVP,Airbus A320neo,TAP Air Portugal,takeoff,depart,2575,276.9,92.4,,,,
2026-05-10,19:01:56,TAP1863,CS-TNS,Airbus A320,TAP Air Portugal,takeoff,depart,2275,289.7,89.6,,,,
2026-05-10,19:04:35,3424d5,EC-KDG,Airbus A320,Vueling,takeoff,depart,1950,258.7,92.2,,,,
2026-05-10,19:07:37,EJU7619,OE-LSV,Airbus A320neo,easyJet Europe,takeoff,depart,2200,298.5,94.4,,,,
2026-05-10,19:10:50,TAP440,CS-TJM,Airbus A321neo,TAP Air Portugal,takeoff,depart,2050,278.9,90.6,,,,
2026-05-10,19:15:53,VJT401,9H-VCA,Challenger 350,VistaJet,climb,depart,4875,285.8,92.1,,,,
2026-05-10,19:18:20,440db0,OE-IDX,Airbus A320,easyJet Europe,takeoff,depart,1900,298.2,90.6,,,,
2026-05-10,19:24:33,484c5a,PH-HSC,Boeing 737-800,Turkish Airlines,takeoff,depart,1825,274.8,91.8,,,,
2026-05-10,19:27:52,TAP225V,CS-TUD,Airbus A330-900neo,TAP Air Portugal,takeoff,depart,1725,312.8,92.4,,,,
2026-05-10,19:31:28,495153,CS-TJS,Airbus A321neo,TAP Air Portugal,cruise,,1850,0.0,92.5,,,,
2026-05-10,19:33:41,4d00f1,LX-LBR,Boeing 737-700,Luxair,takeoff,depart,2225,270.9,92.3,,,,
2026-05-10,19:38:12,495303,CS-TXC,Airbus A321neo,TAP Air Portugal,takeoff,depart,2050,300.6,95.3,,,,
2026-05-10,19:42:14,WMT8734,9H-AEJ,Airbus A319,Lauda Europe,takeoff,depart,2050,275.6,93.1,,,,
2026-05-10,19:45:17,RYR5DQ,9H-LOW,Airbus A320,Lauda Europe,takeoff,depart,2425,378.2,90.7,,,,
2026-05-10,19:48:04,3c54a4,D-AEED,Airbus A321,Eurowings,takeoff,depart,1700,290.9,93.8,,,,
2026-05-10,19:49:54,440cbf,OE-LSO,Airbus A320,easyJet Europe,takeoff,depart,1875,287.4,94.8,,,,
2026-05-10,19:52:52,RYR693D,EI-IGL,Boeing 737 MAX 8,Ryanair,takeoff,depart,2200,322.6,90.1,,,,
2026-05-10,19:55:43,406668,G-EZUN,Airbus A320,easyJet,takeoff,depart,1775,288.2,92.8,,,,
2026-05-10,19:59:08,RYR6YK,EI-DCP,Boeing 737-800,Ryanair,takeoff,depart,1900,273.2,91.7,,,,
2026-05-10,20:04:18,0201a1,CN-RHC,Boeing 737 MAX 8,Royal Air Maroc,takeoff,depart,2450,257.2,93.3,,,,
2026-05-10,20:07:23,3964f9,F-GZHZ,Boeing 737-800,Transavia France,takeoff,depart,1850,268.5,92.3,,,,
2026-05-10,20:10:31,348509,EC-OQC,Airbus A320,,takeoff,depart,1800,272.4,92.8,,,,
2026-05-10,20:13:48,TAP556,CS-TJK,Airbus A321neo,TAP Air Portugal,takeoff,depart,2025,302.2,90.8,,,,
2026-05-10,20:16:27,495219,CS-TPY,Embraer E190,TAP Air Portugal,takeoff,depart,1800,242.4,93.5,,,,
2026-05-10,20:19:43,EJU95BW,OE-IDU,Airbus A320,easyJet Europe,takeoff,depart,2075,281.3,90.8,,,,
2026-05-10,20:22:33,TAP442,CS-TVJ,Airbus A320neo,TAP Air Portugal,takeoff,depart,2050,263.2,93.7,,,,
2026-05-10,20:26:13,4080db,G-TTNV,Airbus A320neo,British Airways,takeoff,depart,1900,270.4,95.2,,,,
2026-05-10,20:28:58,TAP281,CS-TUM,Airbus A330-900neo,TAP Air Portugal,takeoff,depart,1825,301.1,93.0,,,,
2026-05-10,20:31:57,IBE05GW,EC-MXU,Airbus A320neo,Iberia,takeoff,depart,2800,240.4,93.1,,,,
2026-05-10,20:35:33,392aec,F-GKXM,Airbus A320,Air France,takeoff,depart,1950,271.1,92.6,,,,
2026-05-10,20:38:27,TAP20L,CS-TAW,Embraer E195,TAP Air Portugal,takeoff,depart,1950,241.5,95.8,,,,
2026-05-10,20:41:29,EZY97QP,G-EZFT,Airbus A319,easyJet,takeoff,depart,1800,271.9,91.7,,,,
2026-05-10,20:44:09,486898,PH-AXM,Airbus A321neo,KLM,takeoff,depart,2150,299.3,90.8,,,,
2026-05-10,20:47:13,TAP944,CS-TVR,Airbus A320neo,TAP Air Portugal,takeoff,depart,1925,283.0,98.3,,,,
2026-05-10,20:50:12,39d314,F-HUYU,Boeing 737-800,Transavia France,takeoff,depart,1850,278.2,90.3,,,,
2026-05-10,20:53:07,4951cd,CS-TNM,Airbus A320,TAP Air Portugal,takeoff,depart,1800,270.8,93.4,,,,
2026-05-10,20:58:08,4952cc,CS-TVL,Airbus A320,TAP Air Portugal,takeoff,depart,1750,285.6,94.2,,,,
2026-05-10,21:01:56,TAP1934,CS-TPZ,Embraer E190,TAP Air Portugal,takeoff,depart,2675,302.8,94.4,,,,
2026-05-10,21:04:59,TAP58Y,CS-TJP,Airbus A321neo,TAP Air Portugal,takeoff,depart,2125,318.5,94.1,,,,
2026-05-10,21:07:40,4ca256,EI-DHA,Boeing 737-800,Ryanair,climb,depart,2000,322.6,86.9,,,,
2026-05-10,21:10:31,495297,CS-TTW,Embraer E195,TAP Air Portugal,cruise,,1750,0.0,94.5,,,,
2026-05-10,21:15:37,TAP1366,CS-TVK,Airbus A320neo,TAP Air Portugal,takeoff,depart,2900,365.8,90.9,,,,
2026-05-10,21:17:08,TAP75LC,CS-TNJ,Airbus A320,TAP Air Portugal,climb,depart,3275,281.7,89.9,,,,
2026-05-10,21:19:30,48683e,PH-YHU,Airbus A321neo,Transavia,takeoff,depart,1775,285.6,94.4,,,,
2026-05-10,21:22:02,4d23f9,9H-QEQ,Boeing 737-800,Malta Air,takeoff,depart,1700,275.4,93.7,,,,
2026-05-10,21:25:02,TAP11AG,CS-TPX,Embraer E190,TAP Air Portugal,takeoff,depart,2000,237.6,95.3,,,,
2026-05-10,21:28:03,WZZ64LB,9H-WNF,Airbus A321,Wizz Air,takeoff,depart,2050,292.2,91.2,,,,
2026-05-10,21:31:03,ANE69NZ,EC-MQQ,Bombardier CRJ-1000,Air Nostrum,takeoff,depart,1800,268.2,92.2,,,,
2026-05-10,21:33:50,RYR88AA,EI-HES,Boeing 737 MAX 8,Ryanair,takeoff,depart,1925,287.4,93.8,,,,
2026-05-10,21:36:46,BEL2ET,OO-SBG,Airbus A320neo,Brussels Airlines,takeoff,depart,2025,260.9,93.7,,,,
2026-05-10,21:39:48,RZO127,CS-TSM,Airbus A320,TAP Air Portugal,takeoff,depart,2525,303.4,89.6,,,,
2026-05-10,21:41:20,AEA91KM,EC-NZN,Boeing 737-800,Air Europa,takeoff,depart,2050,258.5,88.9,,,,
2026-05-10,21:44:55,4cae96,EI-IKN,Boeing 737 MAX 8,Ryanair,takeoff,depart,1900,265.6,93.1,,,,
2026-05-10,21:48:06,49514e,CS-TJN,Airbus A321neo,TAP Air Portugal,takeoff,depart,1850,280.0,93.2,,,,
2026-05-10,21:54:16,TAP43M,CS-TVH,Airbus A320neo,TAP Air Portugal,takeoff,depart,2275,300.6,95.0,,,,
2026-05-10,21:57:21,49529a,CS-TTZ,Embraer E195,TAP Air Portugal,climb,depart,2050,272.6,95.1,,,,
2026-05-10,22:00:21,TAP26T,CS-TPT,Embraer E190,TAP Air Portugal,takeoff,depart,2025,243.2,96.3,,,,
2026-05-10,22:03:43,3964ee,F-GZHO,Boeing 737-800,Transavia France,takeoff,depart,1925,263.2,92.5,,,,
2026-05-10,22:06:57,8963d7,A6-EPH,Boeing 777-300ER,Emirates,takeoff,depart,2000,312.6,90.7,,,,
2026-05-10,22:09:50,495211,CS-TPQ,Embraer E190,TAP Air Portugal,takeoff,depart,2375,237.4,93.7,,,,
2026-05-10,22:12:51,TAP1549,CS-TNK,Airbus A320,TAP Air Portugal,takeoff,depart,1825,281.3,91.7,,,,
2026-05-10,22:16:18,48c2b1,SP-RZS,Boeing 737 MAX 8,Buzz,takeoff,depart,1800,272.8,92.2,,,,
2026-05-10,22:20:34,TAP1096,CS-TPO,Embraer E190,TAP Air Portugal,climb,depart,4025,276.5,97.4,,,,
2026-05-10,22:22:05,VLG630A,EC-MBD,Airbus A320,Vueling,climb,depart,3150,370.2,68.8,,,,
2026-05-10,22:23:36,EJU85UT,OE-LQZ,Airbus A319,easyJet Europe,takeoff,depart,2000,275.2,92.5,,,,
2026-05-10,22:27:32,495038,CS-TAX,Embraer E195,TAP Air Portugal,takeoff,depart,2150,273.9,94.2,,,,
2026-05-10,22:31:01,4d204a,9H-WNW,Airbus A321neo,Lauda Europe,takeoff,depart,1975,278.2,94.1,,,,
2026-05-10,22:33:48,4073a1,G-UZHD,Airbus A320neo,easyJet,takeoff,depart,1975,287.2,97.1,,,,
2026-05-10,22:36:37,4ca294,EI-DEN,Airbus A320,Aer Lingus,takeoff,depart,1775,272.8,94.6,,,,
2026-05-10,22:39:38,495213,CS-TPS,Embraer E190,TAP Air Portugal,takeoff,depart,2325,232.4,90.3,,,,
2026-05-10,22:42:46,3424d1,EC-JYX,Airbus A320,Vueling,takeoff,depart,1975,247.2,93.9,,,,
2026-05-10,22:46:03,TAP36RC,CS-TTR,Airbus A319,TAP Air Portugal,takeoff,depart,1950,276.1,93.2,,,,
2026-05-10,22:49:58,VOE3595,EC-MBK,Airbus A320,Volotea,takeoff,depart,1900,262.1,92.5,,,,
2026-05-10,22:55:27,4952c3,CS-TVC,Airbus A320neo,TAP Air Portugal,takeoff,depart,2025,263.2,94.7,,,,
2026-05-10,22:58:29,KAL922,HL8390,Boeing 787-9,Korean Air,climb,depart,3100,315.0,93.1,,,,
2026-05-10,23:00:47,4951d2,CS-TNR,Airbus A320,TAP Air Portugal,takeoff,depart,1975,309.8,94.5,,,,
2026-05-10,23:04:36,TAP1022,CS-TJI,Airbus A321neo,TAP Air Portugal,climb,depart,3150,356.7,96.1,,,,
2026-05-10,23:11:12,4952c9,CS-TVI,Airbus A320neo,TAP Air Portugal,takeoff,depart,1875,260.8,96.9,,,,
2026-05-10,23:14:14,TAP1907,CS-TVQ,Airbus A320neo,TAP Air Portugal,climb,depart,3600,334.1,88.2,,,,
2026-05-10,23:16:38,0900f1,D2-TEK,Boeing 777-300ER,TAAG Angola Airlines,takeoff,depart,1975,329.5,92.8,,,,
2026-05-10,23:22:16,345043,EC-MHS,Airbus A321,Vueling,takeoff,depart,2075,258.9,94.4,,,,
2026-05-10,23:34:05,49514c,CS-TJL,Airbus A321neo,TAP Air Portugal,takeoff,depart,1650,292.2,95.2,,,,
2026-05-10,23:37:08,TAP1040,CS-TPU,Embraer E190,TAP Air Portugal,takeoff,depart,2475,300.8,89.8,,,,
2026-05-10,23:39:43,RYR7TT,9H-QBY,Boeing 737-800,Malta Air,takeoff,depart,2000,297.8,91.2,,,,
2026-05-10,23:42:28,4cc578,TF-IAB,Airbus A321neo,,takeoff,depart,1675,286.1,94.1,,,,
2026-05-10,23:45:41,4952a6,CS-TUF,Airbus A330-900neo,TAP Air Portugal,climb,depart,1725,311.0,93.2,,,,
2026-05-10,23:48:30,4cae9d,EI-IKW,Boeing 737 MAX 8,Ryanair,takeoff,depart,1500,286.5,94.2,,,,
2026-05-11,00:02:50,468e45,SX-CRE,Airbus A320neo,Sky Express Greece,takeoff,depart,1875,231.9,92.2,,,,
2026-05-11,00:17:40,4952a7,CS-TUG,Airbus A330-900neo,TAP Air Portugal,cruise,,1700,0.0,93.4,,,,
2026-05-11,00:27:50,4952a9,CS-TUI,Airbus A330-900neo,TAP Air Portugal,takeoff,depart,1775,298.5,92.2,,,,
2026-05-11,00:40:13,49521a,CS-TPZ,Embraer E190,TAP Air Portugal,takeoff,depart,1725,249.1,93.8,,,,
2026-05-11,00:54:51,ELY376,4X-EHE,Boeing 737-900,El Al,takeoff,depart,2200,315.2,90.5,,,,
2026-05-11,01:03:42,RYR185,EI-EST,Boeing 737-800,Ryanair,takeoff,depart,1550,269.3,92.6,,,,
2026-05-11,01:09:15,4952c2,CS-TVB,Airbus A320neo,TAP Air Portugal,takeoff,depart,1775,292.8,93.7,,,,
2026-05-11,01:11:50,4951d5,CS-TNU,Airbus A320,TAP Air Portugal,takeoff,depart,1675,280.4,93.7,,,,
2026-05-11,01:36:24,AEE3LP,SX-NEB,Airbus A320neo,Aegean Airlines,takeoff,depart,2875,251.7,94.8,,,,
2026-05-11,05:13:55,3c65d6,D-AINV,Airbus A320neo,Lufthansa,takeoff,depart,1950,258.0,95.3,,,,
2026-05-11,05:21:11,KLM44L,PH-AXA,Airbus A321neo,KLM,takeoff,depart,1625,278.2,96.5,,,,
2026-05-11,06:03:05,TAY1MN,OE-IXC,Boeing 737-800,Iberia,takeoff,depart,1975,276.3,91.9,,,,
2026-05-11,06:06:08,4bb272,TC-LSR,Airbus A321neo,Turkish Airlines,takeoff,depart,1775,281.3,93.7,,,,
2026-05-11,06:07:57,495266,CS-TSF,Airbus A321neo,TAP Air Portugal,takeoff,depart,1800,278.9,93.3,,,,
2026-05-11,06:11:01,TAP3831,CS-TPW,Embraer E190,TAP Air Portugal,takeoff,depart,2325,309.3,84.0,,,,
2026-05-11,06:12:37,392af9,F-GKXZ,Airbus A320,Air France,takeoff,depart,1875,253.5,91.3,,,,
2026-05-11,06:14:22,39ceb0,F-HTVQ,Boeing 737-800,Transavia France,takeoff,depart,1750,277.2,92.5,,,,
2026-05-11,06:20:51,440daf,OE-IDU,Airbus A320,easyJet Europe,takeoff,depart,1800,274.5,96.9,,,,
2026-05-11,06:24:02,WJA33,CA-GIWJ,Boeing 737 MAX 8,WestJet,climb,depart,2200,331.9,63.4,,,,
2026-05-11,06:25:59,440da5,OE-IDS,Airbus A320,easyJet Europe,takeoff,depart,1750,292.1,94.4,,,,
2026-05-11,06:35:08,3c64a1,D-AIEA,Airbus A321neo,Lufthansa,takeoff,depart,1875,284.1,94.0,,,,
2026-05-11,06:37:56,495212,CS-TPR,Embraer E190,TAP Air Portugal,takeoff,depart,1800,249.1,95.0,,,,
2026-05-11,06:40:45,4ca56d,EI-DWH,Boeing 737-800,Ryanair,takeoff,depart,2400,307.8,91.1,,,,
2026-05-11,06:47:14,440075,OE-LSV,Airbus A320neo,easyJet Europe,cruise,,1950,0.0,96.6,,,,
2026-05-11,06:52:05,SWR2083,HB-JDJ,Airbus A320neo,Swiss,takeoff,depart,2375,250.0,91.9,,,,
2026-05-11,06:55:07,4951ce,CS-TNN,Airbus A320,TAP Air Portugal,takeoff,depart,1800,278.2,92.8,,,,
2026-05-11,06:57:28,4d2246,9H-QEJ,Boeing 737-800,Malta Air,takeoff,depart,1700,281.9,91.9,,,,
2026-05-11,07:00:21,39ceab,F-HTVL,Boeing 737-800,Transavia France,takeoff,depart,1575,288.0,94.4,,,,
2026-05-11,07:02:04,4952ce,CS-TVN,Airbus A320neo,TAP Air Portugal,takeoff,depart,1900,262.1,97.1,,,,
2026-05-11,07:05:06,EJU75NR,OE-LSJ,Airbus A320neo,Vueling,takeoff,depart,2150,298.0,90.6,,,,
2026-05-11,07:07:51,342059,EC-ILP,Airbus A321,Iberia,takeoff,depart,1750,260.4,93.2,,,,
2026-05-11,07:11:01,4400f3,OE-IDO,Airbus A320,easyJet Europe,takeoff,depart,1725,277.6,91.9,,,,
2026-05-11,07:13:40,4951cd,CS-TNM,Airbus A320,TAP Air Portugal,takeoff,depart,1800,280.9,92.1,,,,
2026-05-11,07:15:15,440cf8,OE-IBF,Airbus A320,easyJet Europe,takeoff,depart,1725,279.7,94.4,,,,
2026-05-11,07:16:54,440115,OE-LUE,Airbus A320neo,easyJet Europe,takeoff,depart,1900,286.5,94.0,,,,
2026-05-11,07:18:28,4d24ca,9H-VVI,Boeing 737 MAX 8,Malta Air,takeoff,depart,1650,273.5,93.1,,,,
2026-05-11,07:20:07,495039,CS-TAY,Embraer E195,TAP Air Portugal,takeoff,depart,1675,262.8,95.1,,,,
2026-05-11,07:25:53,3475c9,EC-OCT,Airbus A321,TAP Air Portugal,takeoff,depart,2075,263.9,92.6,,,,
2026-05-11,07:28:55,TAP34A,CS-TPY,Embraer E190,TAP Air Portugal,takeoff,depart,1725,259.1,93.2,,,,
2026-05-11,07:31:11,440cbf,OE-LSO,Airbus A320,easyJet Europe,takeoff,depart,1800,294.8,95.6,,,,
2026-05-11,07:35:03,4951d7,CS-TNW,Airbus A320,TAP Air Portugal,takeoff,depart,1825,270.9,93.0,,,,
2026-05-11,07:36:53,BAW509,G-EUYB,Airbus A320,British Airways,takeoff,depart,1975,267.2,91.5,,,,
2026-05-11,07:39:54,4951d6,CS-TNV,Airbus A320,TAP Air Portugal,takeoff,depart,1875,269.3,92.8,,,,
2026-05-11,07:41:36,495216,CS-TPV,Embraer E190,TAP Air Portugal,takeoff,depart,1675,251.7,95.2,,,,
2026-05-11,07:44:37,TAP34CC,CS-TPO,Embraer E190,TAP Air Portugal,takeoff,depart,2075,245.6,91.3,,,,
2026-05-11,07:47:28,4952cd,CS-TVM,Airbus A320neo,TAP Air Portugal,takeoff,depart,1800,276.1,97.3,,,,
2026-05-11,07:49:55,495309,CS-TXI,Airbus A321neo,TAP Air Portugal,takeoff,depart,1750,271.3,96.1,,,,
2026-05-11,07:52:54,4951d3,CS-TNS,Airbus A320,TAP Air Portugal,takeoff,depart,1900,273.4,93.3,,,,
2026-05-11,07:54:37,495298,CS-TTX,Embraer E195,TAP Air Portugal,takeoff,depart,1725,259.7,93.1,,,,
2026-05-11,07:57:37,495170,CS-TKP,Airbus A320,TAP Air Portugal,takeoff,depart,1775,260.4,93.6,,,,
2026-05-11,08:00:39,AEA93EM,EC-LVR,Boeing 737-800,Air Europa,takeoff,depart,1925,330.8,89.7,,,,
2026-05-11,08:03:58,495148,CS-TJH,Airbus A321,TAP Air Portugal,takeoff,depart,1725,282.4,93.1,,,,
2026-05-11,08:12:16,495213,CS-TPS,Embraer E190,TAP Air Portugal,takeoff,depart,2275,301.3,93.3,,,,
2026-05-11,08:20:25,4951cb,CS-TNK,Airbus A320,TAP Air Portugal,takeoff,depart,1650,272.1,94.4,,,,
2026-05-11,08:23:28,TAP48N,CS-TPU,Embraer E190,TAP Air Portugal,takeoff,depart,2350,335.4,90.2,,,,
2026-05-11,08:25:47,49530b,CS-TXK,Airbus A321,TAP Air Portugal,takeoff,depart,1700,280.0,92.1,,,,
2026-05-11,08:28:58,495145,CS-TJE,Airbus A321,TAP Air Portugal,takeoff,depart,1800,308.9,90.8,,,,
2026-05-11,08:34:21,TAP70VE,CS-TJJ,Airbus A321neo,TAP Air Portugal,takeoff,depart,1625,286.5,93.8,,,,
2026-05-11,08:37:10,c07a14,C-GUFZ,Airbus A330-200,Air Transat,takeoff,depart,1875,273.5,92.3,,,,
2026-05-11,08:42:35,4952d1,CS-TVQ,Airbus A320neo,TAP Air Portugal,takeoff,depart,2200,223.2,93.2,,,,
2026-05-11,08:45:27,TAP1859,CS-TJN,Airbus A321neo,TAP Air Portugal,takeoff,depart,2125,314.7,91.2,,,,
2026-05-11,08:48:50,TAP560,CS-TVB,Airbus A320neo,TAP Air Portugal,takeoff,depart,1950,269.5,93.6,,,,
2026-05-11,08:52:07,346499,EC-NJY,Airbus A320neo,Iberia,cruise,,1850,0.0,96.3,,,,
2026-05-11,08:55:09,TAP70YS,CS-TPQ,Embraer E190,TAP Air Portugal,takeoff,depart,2300,312.1,87.3,,,,
2026-05-11,08:57:25,495037,CS-TAW,Embraer E195,TAP Air Portugal,cruise,,1650,0.0,90.6,,,,
2026-05-11,09:00:27,4b1a67,HB-JZZ,Airbus A320,Austrian Airlines,takeoff,depart,1750,289.5,92.0,,,,
2026-05-11,09:03:26,TAP7AB,CS-TVA,Airbus A320neo,TAP Air Portugal,takeoff,depart,1750,255.9,94.8,,,,
2026-05-11,09:06:12,TAP552N,CS-TVJ,Airbus A320neo,TAP Air Portugal,takeoff,depart,1850,264.5,94.6,,,,
2026-05-11,09:10:05,495038,CS-TAX,Embraer E195,TAP Air Portugal,takeoff,depart,1650,252.4,94.1,,,,
2026-05-11,09:12:30,4952c3,CS-TVC,Airbus A320neo,TAP Air Portugal,takeoff,depart,1825,277.6,95.0,,,,
2026-05-11,09:17:27,RZO131,CS-TSY,Airbus A320,TAP Air Portugal,takeoff,depart,2950,249.1,93.0,,,,
2026-05-11,09:18:57,TAP1452,CS-TNR,Airbus A320,TAP Air Portugal,cruise,,2675,0.0,62.4,,,,
2026-05-11,09:21:14,TAP93ZR,CS-TVL,Airbus A320,TAP Air Portugal,takeoff,depart,2075,230.8,93.5,,,,
2026-05-11,09:24:42,TAP62JR,CS-TPZ,Embraer E190,TAP Air Portugal,takeoff,depart,2425,255.9,90.7,,,,
2026-05-11,09:26:29,TAP1541,CS-TVI,Airbus A320neo,TAP Air Portugal,takeoff,depart,1725,270.9,94.4,,,,
2026-05-11,09:28:10,4cadbe,EI-IGL,Boeing 737 MAX 8,Ryanair,takeoff,depart,1500,291.7,92.7,,,,
2026-05-11,09:31:43,TAP155A,CS-TVH,Airbus A320neo,TAP Air Portugal,takeoff,depart,2100,304.1,97.5,,,,
2026-05-11,09:33:13,495297,CS-TTW,Embraer E195,TAP Air Portugal,takeoff,depart,1525,266.5,94.5,,,,
2026-05-11,09:36:15,4ca763,EI-EFH,Boeing 737-800,Ryanair,takeoff,depart,1775,290.0,90.5,,,,
2026-05-11,09:38:38,407ece,G-NJAE,FALCON 2000EX FALCON 2000,NETJETS EUROPE SOCIEDADE UNIPESSOAL LDA,takeoff,depart,2650,307.6,98.5,,,,
2026-05-11,09:41:53,4951cc,CS-TNL,Airbus A320,TAP Air Portugal,takeoff,depart,1750,273.4,92.6,,,,
2026-05-11,09:45:20,4cae8d,EI-IKK,Boeing 737 MAX 8,Ryanair,takeoff,depart,1500,0.0,96.2,,,,
2026-05-11,09:54:15,TVF24SV,F-HTVK,Boeing 737-800,Transavia France,takeoff,depart,1700,284.1,93.1,,,,
2026-05-11,10:00:47,TAP1901,CS-TJK,Airbus A321neo,TAP Air Portugal,takeoff,depart,2125,326.9,93.8,,,,
2026-05-11,10:02:28,e48189,PT-MUA,Boeing 777-300ER,LATAM Airlines,takeoff,depart,1725,330.2,92.3,,,,
2026-05-11,10:05:42,4ca9cf,EI-EVG,Boeing 737-800,Ryanair,takeoff,depart,1575,281.9,92.5,,,,
2026-05-11,10:08:29,440db0,OE-IDX,Airbus A320,easyJet Europe,takeoff,depart,1600,279.3,94.8,,,,
2026-05-11,10:11:47,39e688,F-HZUI,A220 300,Air France,takeoff,depart,1725,256.5,95.8,,,,
2026-05-11,10:14:04,4ca56d,EI-DWH,Boeing 737-800,Ryanair,takeoff,depart,1600,275.4,93.1,,,,
2026-05-11,10:17:42,TAP1687,CS-TNJ,Airbus A320,TAP Air Portugal,takeoff,depart,1675,295.4,89.5,,,,
2026-05-11,10:21:01,TAP1924,CS-TXB,Airbus A321neo,TAP Air Portugal,takeoff,depart,1975,275.6,92.1,,,,
2026-05-11,10:29:01,495277,CS-TSW,Boeing 777-200,Azul,takeoff,depart,1875,325.8,91.2,,,,
2026-05-11,10:32:05,4952d2,CS-TVR,Airbus A320neo,TAP Air Portugal,takeoff,depart,1900,258.0,92.3,,,,
2026-05-11,10:35:08,TAP52TP,CS-TJS,Airbus A321neo,TAP Air Portugal,takeoff,depart,2125,323.4,92.4,,,,
2026-05-11,10:38:25,459cd3,OY-GFS,Falcon 2000LX S,KLM,takeoff,depart,2675,301.9,94.2,,,,
2026-05-11,10:41:08,TAP12LM,CS-TVK,Airbus A320neo,TAP Air Portugal,takeoff,depart,1775,270.9,97.1,,,,
2026-05-11,10:43:59,TAP103,CS-TUA,Airbus A330-900neo,TAP Air Portugal,takeoff,depart,1750,325.4,90.5,,,,
2026-05-11,10:50:40,4952b0,CS-TUP,Airbus A330-900neo,TAP Air Portugal,climb,depart,1600,324.5,91.0,,,,
2026-05-11,10:53:53,TRA46G,PH-HBJ,Boeing 737-800,,takeoff,depart,1500,305.0,90.6,,,,
2026-05-11,10:57:39,405b6a,G-EZDR,Airbus A319,easyJet,takeoff,depart,1775,285.0,94.7,,,,
2026-05-11,11:00:03,a05648,N12012,Boeing 787-10,United Airlines,takeoff,depart,1725,323.4,90.9,,,,
2026-05-11,11:03:06,TAP057,CS-TUK,Airbus A330-900neo,TAP Air Portugal,takeoff,depart,1700,312.2,93.2,,,,
2026-05-11,11:18:58,BAW501,G-TNEC,Airbus A321neo,British Airways,takeoff,depart,1750,289.8,91.1,,,,
2026-05-11,11:24:47,AAL259,N822AN,Boeing 787-9,American Airlines,takeoff,depart,2500,311.5,90.5,,,,
2026-05-11,11:29:46,TAP23PN,CS-TJM,Airbus A321neo,TAP Air Portugal,takeoff,depart,1775,295.8,91.9,,,,
2026-05-11,11:32:38,495149,CS-TJI,Airbus A321neo,TAP Air Portugal,takeoff,depart,1750,293.4,92.6,,,,
2026-05-11,11:38:17,a4d483,N410DZ,Airbus A330-900neo,Delta Air Lines,takeoff,depart,2250,285.0,89.1,,,,
2026-05-11,11:41:23,49530c,CS-TXL,Airbus A321neo,TAP Air Portugal,takeoff,depart,1750,321.3,94.0,,,,
2026-05-11,11:43:56,4bb263,TC-LSC,Airbus A321neo,Turkish Airlines,takeoff,depart,2275,288.5,91.1,,,,
2026-05-11,11:46:59,VLG1HR,EC-MEA,Airbus A320,Vueling,takeoff,depart,2350,312.1,89.8,,,,
2026-05-11,11:49:43,TAP64BR,CS-TVO,Airbus A320neo,TAP Air Portugal,takeoff,depart,2200,234.8,92.4,,,,
2026-05-11,11:52:45,LGL3752,LX-LBR,Boeing 737-700,Luxair,takeoff,depart,1925,286.5,90.4,,,,
2026-05-11,11:55:36,4ca92d,EI-DVM,Airbus A320,Aer Lingus,takeoff,depart,1725,259.5,99.0,,,,
2026-05-11,11:58:38,EJU57QA,OE-LUE,Airbus A320neo,easyJet Europe,takeoff,depart,1875,294.5,91.1,,,,
2026-05-11,12:01:34,TAP89WT,CS-TUC,Airbus A330-900neo,TAP Air Portugal,takeoff,depart,1700,311.3,91.5,,,,
2026-05-11,12:06:01,AEA41RG,EC-MPG,Boeing 737-800,Air Europa,takeoff,depart,1500,271.3,89.6,,,,
2026-05-11,12:08:10,c06e45,C-GPTS,Airbus A330-200,Air Transat,takeoff,depart,1825,283.4,92.6,,,,
2026-05-11,12:12:28,TSC9481,C-GUBC,Airbus A330-200,Air Transat,takeoff,depart,1875,301.9,90.5,,,,
2026-05-11,12:14:39,ACA813,C-GHKW,Airbus A330-300,Air Canada,takeoff,depart,1800,289.8,93.8,,,,
2026-05-11,12:19:47,KLM74L,PH-BXZ,Boeing 737-800,KLM,takeoff,depart,1825,331.9,89.0,,,,
2026-05-11,12:23:14,495308,CS-TXH,Airbus A321neo,TAP Air Portugal,takeoff,depart,1750,333.0,90.5,,,,
2026-05-11,12:26:50,495305,CS-TXE,Airbus A321neo,TAP Air Portugal,takeoff,depart,1800,322.1,92.6,,,,
2026-05-11,12:29:07,502d7b,YL-ABQ,A220-300,Air Baltic,takeoff,depart,1450,250.0,96.3,,,,
2026-05-11,12:32:54,4952ae,CS-TUN,Airbus A330-900neo,TAP Air Portugal,takeoff,depart,1650,292.1,92.6,,,,
2026-05-11,12:38:38,UAL943,N784UA,Boeing 777-200,United Airlines,takeoff,depart,1900,326.1,87.6,,,,
2026-05-11,12:41:21,495298,CS-TTX,Embraer E195,TAP Air Portugal,takeoff,depart,1825,279.7,90.2,,,,
2026-05-11,12:44:19,440cf8,OE-IBF,Airbus A320,easyJet Europe,takeoff,depart,1675,280.4,93.1,,,,
2026-05-11,12:47:03,TAP43TR,CS-TTS,Airbus A319,TAP Air Portugal,takeoff,depart,1700,281.9,92.2,,,,
2026-05-11,12:49:38,440daf,OE-IDU,Airbus A320,easyJet Europe,takeoff,depart,1625,269.3,93.7,,,,
2026-05-11,12:55:42,IBE05PL,EC-NZP,Airbus A320,Iberia,takeoff,depart,1925,258.5,90.5,,,,
2026-05-11,12:59:51,0200ea,CN-RGG,Boeing 737-800,Royal Air Maroc,takeoff,depart,1625,283.5,91.8,,,,
2026-05-11,13:02:57,39e68a,F-HZUK,A220-300,Air France,takeoff,depart,1525,260.9,96.4,,,,
2026-05-11,13:06:00,TAP824,CS-TNX,Airbus A320,TAP Air Portugal,takeoff,depart,2050,329.1,86.4,,,,
2026-05-11,13:11:50,4d24f7,9H-EROES,GLEX,,climb,depart,3225,232.8,90.1,,,,
2026-05-11,13:15:15,TAP089,CS-TUE,Airbus A330-900neo,TAP Air Portugal,takeoff,depart,1675,317.8,91.8,,,,
2026-05-11,13:18:58,495212,CS-TPR,Embraer E190,TAP Air Portugal,takeoff,depart,1900,280.0,92.3,,,,
2026-05-11,13:22:07,TAP754A,CS-TVQ,Airbus A320neo,TAP Air Portugal,takeoff,depart,1925,244.8,93.8,,,,
2026-05-11,13:25:16,49529a,CS-TTZ,Embraer E195,TAP Air Portugal,takeoff,depart,1550,268.2,94.0,,,,
2026-05-11,13:31:34,49526b,CS-TSK,Airbus A320,TAP Air Portugal,takeoff,depart,1775,265.6,93.4,,,,
2026-05-11,13:34:43,c01734,C-FIUL,Boeing 777-300ER,Air Canada,takeoff,depart,1750,325.4,93.2,,,,
2026-05-11,13:37:54,TAP14NC,CS-TXM,Airbus A321,TAP Air Portugal,takeoff,depart,1675,277.6,91.3,,,,
2026-05-11,13:40:20,44cdc6,OO-SNF,Airbus A320,Brussels Airlines,takeoff,depart,1675,252.8,94.0,,,,
2026-05-11,13:43:21,3c64a6,D-AIEF,Airbus A321neo,Lufthansa,takeoff,depart,1650,278.0,96.8,,,,
2026-05-11,13:46:35,TAP109,CS-TOO,Airbus A330-200,TAP Air Portugal,climb,depart,1650,323.7,91.1,,,,
2026-05-11,13:50:10,EJU68GB,OE-IDS,Airbus A320,easyJet Europe,takeoff,depart,1650,281.3,94.9,,,,
2026-05-11,13:52:37,39ceab,F-HTVL,Boeing 737-800,Transavia France,takeoff,depart,1550,282.4,93.8,,,,
2026-05-11,13:55:50,a067b4,N125QS,BD-700-1A11,Unknown US,takeoff,depart,2550,371.5,94.8,,,,
2026-05-11,13:57:54,495309,CS-TXI,Airbus A321neo,TAP Air Portugal,climb,depart,4325,0.0,88.1,,,,
2026-05-11,14:02:27,TAP201,CS-TXC,Airbus A321neo,TAP Air Portugal,takeoff,depart,1750,313.4,93.6,,,,
2026-05-11,14:05:39,4d2246,9H-QEJ,Boeing 737-800,Malta Air,takeoff,depart,1550,285.9,92.7,,,,
2026-05-11,14:09:23,4d2378,9H-AMV,Airbus A320,Eurowings,takeoff,depart,1650,274.1,93.2,,,,
2026-05-11,14:12:25,4951d1,CS-TNQ,Airbus A320,TAP Air Portugal,takeoff,depart,1650,276.3,93.5,,,,
2026-05-11,14:15:32,49514b,CS-TJK,Airbus A321neo,TAP Air Portugal,takeoff,depart,1750,312.6,95.9,,,,
2026-05-11,14:18:05,4d2014,9H-EUM,Airbus A320,Lauda Europe,takeoff,depart,1600,265.8,92.0,,,,
2026-05-11,14:21:18,440cbf,OE-LSO,Airbus A320,easyJet Europe,takeoff,depart,1650,306.7,93.5,,,,
2026-05-11,14:26:22,EJU54WH,OE-LSV,Airbus A320neo,easyJet Europe,takeoff,depart,1775,288.7,93.9,,,,
2026-05-11,14:31:59,TAP1242,CS-TJL,Airbus A321neo,TAP Air Portugal,takeoff,depart,1875,296.9,94.6,,,,
2026-05-11,14:35:07,TAP1034,CS-TJH,Airbus A321,TAP Air Portugal,takeoff,depart,1975,284.5,90.4,,,,
2026-05-11,14:37:45,495267,CS-TSG,Airbus A321neo,TAP Air Portugal,takeoff,depart,1700,271.1,93.8,,,,
2026-05-11,14:40:13,4d2384,9H-VUW,Boeing 737 MAX 8,Malta Air,takeoff,depart,1800,281.3,92.3,,,,
2026-05-11,14:44:47,49520f,CS-TPO,Embraer E190,TAP Air Portugal,takeoff,depart,1625,265.4,91.0,,,,
2026-05-11,14:47:28,TAP884,CS-TPZ,Embraer E190,TAP Air Portugal,takeoff,depart,1600,258.0,91.1,,,,
2026-05-11,14:49:59,TAP86VR,CS-TVN,Airbus A320neo,TAP Air Portugal,takeoff,depart,1700,280.0,91.7,,,,
2026-05-11,14:58:43,SWR8YB,HB-JCH,C Series 300,Swiss,takeoff,depart,1525,253.5,94.9,,,,
2026-05-11,15:00:32,8963d9,A6-EPJ,Boeing 777-300ER,Emirates,takeoff,depart,1700,329.5,92.5,,,,
2026-05-11,15:02:34,TAP83K,CS-TJP,Airbus A321neo,TAP Air Portugal,takeoff,depart,2025,318.2,92.5,,,,
2026-05-11,15:04:12,4400f3,OE-IDO,Airbus A320,easyJet Europe,takeoff,depart,1625,287.2,93.4,,,,
2026-05-11,15:06:18,a4fc00,N420DX,Airbus A330-900neo,Delta Air Lines,takeoff,depart,1925,287.2,92.3,,,,
2026-05-11,15:09:20,345042,EC-MHB,Airbus A321,Vueling,takeoff,depart,1825,262.8,92.2,,,,
2026-05-11,15:10:59,4951d3,CS-TNS,Airbus A320,TAP Air Portugal,takeoff,depart,1700,278.5,94.9,,,,
2026-05-11,15:12:57,TAP1454,CS-TNR,Airbus A320,TAP Air Portugal,takeoff,depart,2000,296.5,92.5,,,,
2026-05-11,15:16:01,495297,CS-TTW,Embraer E195,TAP Air Portugal,takeoff,depart,1475,266.5,93.3,,,,
2026-05-11,15:20:31,TAP42LV,CS-TVP,Airbus A320neo,TAP Air Portugal,takeoff,depart,1825,267.6,93.5,,,,
2026-05-11,15:23:39,348342,EC-OND,Airbus A330-300,,takeoff,depart,1675,285.8,91.7,,,,
2026-05-11,15:26:11,3c6497,D-AIDW,Airbus A321,Lufthansa,takeoff,depart,1975,319.5,91.7,,,,
2026-05-11,15:28:37,495219,CS-TPY,Embraer E190,TAP Air Portugal,takeoff,depart,1500,257.2,95.8,,,,
2026-05-11,15:30:34,48af10,SP-LVR,Boeing 737 MAX 8,LOT Polish Airlines,takeoff,depart,1275,294.1,92.2,,,,
2026-05-11,15:34:27,TAP1350,CS-TVM,Airbus A320neo,TAP Air Portugal,takeoff,depart,1675,275.2,92.7,,,,
2026-05-11,15:39:35,TAP826,CS-TNV,Airbus A320,TAP Air Portugal,takeoff,depart,1675,280.0,92.0,,,,
2026-05-11,15:43:10,TAP1438,CS-TAY,Embraer E195,TAP Air Portugal,takeoff,depart,1450,261.5,93.6,,,,
2026-05-11,15:46:14,495170,CS-TKP,Airbus A320,TAP Air Portugal,takeoff,depart,1675,269.5,92.7,,,,
2026-05-11,15:48:56,495038,CS-TAX,Embraer E195,TAP Air Portugal,takeoff,depart,1425,261.7,95.5,,,,
2026-05-11,15:52:57,TAP836A,CS-TJN,Airbus A321neo,TAP Air Portugal,takeoff,depart,1725,328.2,94.6,,,,
2026-05-11,15:55:52,4d24ca,9H-VVI,Boeing 737 MAX 8,Malta Air,takeoff,depart,1600,292.6,87.5,,,,
2026-05-11,15:58:57,495066,CS-TCF,Airbus A330-900neo,TAP Air Portugal,takeoff,depart,1650,301.3,92.3,,,,
2026-05-11,16:02:31,405631,G-EZDA,Airbus A319,easyJet,takeoff,depart,1675,276.3,91.9,,,,
2026-05-11,16:04:42,3991ea,F-HEPK,Airbus A320,Air France,takeoff,depart,1725,261.5,93.7,,,,
2026-05-11,16:08:50,4951cc,CS-TNL,Airbus A320,TAP Air Portugal,takeoff,depart,1900,303.0,92.0,,,,
2026-05-11,16:11:29,495213,CS-TPS,Embraer E190,TAP Air Portugal,takeoff,depart,1475,266.3,93.1,,,,
2026-05-11,16:18:35,4b801f,11-002,GLF4,,takeoff,depart,2975,340.4,96.5,,,,
2026-05-11,16:21:38,SWR2GX,HB-JPG,Airbus A321neo,Swiss,takeoff,depart,2100,288.9,89.9,,,,
2026-05-11,16:24:15,486836,PH-AXK,Airbus A321neo,KLM,takeoff,depart,1500,293.0,95.5,,,,
2026-05-11,16:27:43,TAP13HL,CS-TVK,Airbus A320neo,TAP Air Portugal,takeoff,depart,1675,263.7,93.8,,,,
2026-05-11,16:30:46,TAP13DU,CS-TPQ,Embraer E190,TAP Air Portugal,climb,depart,1925,312.1,83.0,,,,
2026-05-11,16:33:47,NJE796C,CS-GLK,BD-700 Global 6500,NetJets,takeoff,depart,2300,299.3,96.0,,,,
2026-05-11,16:36:09,440c38,OE-LSJ,Airbus A320neo,Vueling,takeoff,depart,1800,294.8,93.3,,,,
2026-05-11,16:38:45,440195,OE-IZG,Airbus A320,easyJet Europe,takeoff,depart,1575,278.2,93.5,,,,
2026-05-11,16:41:30,495216,CS-TPV,Embraer E190,TAP Air Portugal,takeoff,depart,2000,270.8,92.7,,,,
2026-05-11,16:44:17,4d2270,9H-QBA,Boeing 737-800,Malta Air,takeoff,depart,1750,291.7,91.0,,,,
2026-05-11,16:45:52,TAP1930,CS-TVC,Airbus A320neo,TAP Air Portugal,takeoff,depart,1675,271.7,93.1,,,,
2026-05-11,16:49:38,BTI8HM,YL-CSL,A220 300,Air Baltic,takeoff,depart,1550,261.7,91.8,,,,
2026-05-11,16:51:47,DLH42Y,D-AIEK,Airbus A321neo,Lufthansa,takeoff,depart,2025,303.7,93.0,,,,
2026-05-11,16:54:22,TAP1905,CS-TAW,Embraer E195,TAP Air Portugal,takeoff,depart,1625,266.3,93.0,,,,
2026-05-11,16:57:27,47ba78,LN-RGM,Airbus A320neo,SAS Scandinavian,takeoff,depart,1625,278.9,95.1,,,,
2026-05-11,17:00:52,495215,CS-TPU,Embraer E190,TAP Air Portugal,takeoff,depart,1950,317.8,94.4,,,,
2026-05-11,17:03:23,AEA67QW,EC-NZN,Boeing 737-800,Air Europa,takeoff,depart,1250,287.8,93.3,,,,
2026-05-11,17:06:12,FIN7FG,OH-LZO,Airbus A321,Finnair,takeoff,depart,1600,295.0,92.4,,,,
2026-05-11,17:09:18,4d22bb,9H-LMB,Airbus A320,Lauda Europe,takeoff,depart,1600,288.2,93.3,,,,
2026-05-11,17:12:27,TAP91SR,CS-TNJ,Airbus A320,TAP Air Portugal,takeoff,depart,1925,322.1,89.8,,,,
2026-05-11,17:15:22,440115,OE-LUE,Airbus A320neo,easyJet Europe,takeoff,depart,1750,294.1,93.0,,,,
2026-05-11,17:18:26,RYR498R,EI-DWH,Boeing 737-800,Ryanair,takeoff,depart,1925,314.7,91.0,,,,
2026-05-11,17:21:19,3475c9,EC-OCT,Airbus A321,TAP Air Portugal,takeoff,depart,1650,301.9,92.1,,,,
2026-05-11,17:23:01,4951ee,CS-TON,Airbus A330-200,TAP Air Portugal,takeoff,depart,1600,317.8,91.2,,,,
2026-05-11,17:26:10,495217,CS-TPW,Embraer E190,TAP Air Portugal,takeoff,depart,1900,257.6,92.1,,,,
2026-05-11,17:29:01,34530d,EC-MNQ,Bombardier CRJ-1000,Air Nostrum,takeoff,depart,1350,278.4,98.0,,,,
2026-05-11,17:34:04,4952aa,CS-TUJ,Airbus A330-900neo,TAP Air Portugal,takeoff,depart,1525,315.4,92.2,,,,
2026-05-11,17:37:20,495306,CS-TXF,Airbus A321neo,TAP Air Portugal,takeoff,depart,1575,333.9,93.8,,,,
2026-05-11,17:38:59,TAP1036,CS-TVF,Airbus A320neo,TAP Air Portugal,takeoff,depart,1750,263.2,94.5,,,,
2026-05-11,17:44:24,4cae8d,EI-IKK,Boeing 737 MAX 8,Ryanair,takeoff,depart,1825,288.4,93.1,,,,
2026-05-11,17:48:57,THY1DB,TC-LPH,Airbus A321neo,Turkish Airlines,takeoff,depart,1800,280.9,93.0,,,,
2026-05-11,17:52:42,4d2228,9H-QCC,Boeing 737-800,Malta Air,takeoff,depart,1600,294.5,89.5,,,,
2026-05-11,18:01:41,TAP1863,CS-TJJ,Airbus A321neo,TAP Air Portugal,takeoff,depart,1625,290.4,93.4,,,,
2026-05-11,18:04:44,VLG2CU,EC-MFN,Airbus A320,Vueling,takeoff,depart,2000,294.8,92.0,,,,
2026-05-11,18:06:29,4952b2,CS-TUR,Airbus A330-900neo,TAP Air Portugal,takeoff,depart,1800,300.2,90.7,,,,
2026-05-11,18:10:05,TAP005,CS-TXI,Airbus A321neo,TAP Air Portugal,takeoff,depart,1850,313.4,93.4,,,,
2026-05-11,18:14:07,48c1bb,SP-RND,Boeing 737-800,,takeoff,depart,1525,296.9,91.2,,,,
2026-05-11,18:17:28,4952c4,CS-TVD,Airbus A320neo,TAP Air Portugal,takeoff,depart,1800,280.4,90.9,,,,
2026-05-11,18:20:35,TAP203,CS-TXK,Airbus A321,TAP Air Portugal,takeoff,depart,1725,317.8,95.6,,,,
2026-05-11,18:22:22,3c55c1,D-AENA,Airbus A320neo,Eurowings,takeoff,depart,2075,301.9,94.0,,,,
2026-05-11,18:25:36,4952a8,CS-TUH,Airbus A330-900neo,TAP Air Portugal,takeoff,depart,1600,323.0,90.8,,,,
2026-05-11,18:31:09,440cf8,OE-IBF,Airbus A320,easyJet Europe,takeoff,depart,1675,285.6,93.4,,,,
2026-05-11,18:33:48,TAP215,CS-TXJ,Airbus A321neo,TAP Air Portugal,takeoff,depart,1850,325.4,90.8,,,,
2026-05-11,18:37:09,3964e1,F-GZHB,Boeing 737-800,Transavia France,takeoff,depart,1600,280.0,92.0,,,,
2026-05-11,18:39:59,4950e4,CS-TGD,Airbus A330-200,Azul,cruise,,1650,0.0,93.8,,,,
2026-05-11,18:43:00,495149,CS-TJI,Airbus A321neo,TAP Air Portugal,takeoff,depart,1575,283.7,96.4,,,,
2026-05-11,18:46:03,TAP57LK,CS-TNK,Airbus A320,TAP Air Portugal,takeoff,depart,1750,293.7,89.7,,,,
2026-05-11,18:49:09,440daf,OE-IDU,Airbus A320,easyJet Europe,takeoff,depart,1650,284.1,91.2,,,,
2026-05-11,18:51:42,49530d,CS-TXM,Airbus A321,TAP Air Portugal,takeoff,depart,1725,320.6,94.4,,,,
2026-05-11,18:54:20,4952cc,CS-TVL,Airbus A320,TAP Air Portugal,takeoff,depart,1775,280.2,93.3,,,,
2026-05-11,18:56:59,4cadbe,EI-IGL,Boeing 737 MAX 8,Ryanair,cruise,,1725,0.0,92.4,,,,
2026-05-11,19:00:46,407844,G-NEOZ,Airbus A321neo,British Airways,takeoff,depart,1700,283.4,91.7,,,,
2026-05-11,19:04:12,484c5a,PH-HSC,Boeing 737-800,Turkish Airlines,takeoff,depart,1400,286.5,92.4,,,,
2026-05-11,19:07:59,392af0,F-GKXQ,Airbus A320,Air France,takeoff,depart,1800,273.2,91.0,,,,
2026-05-11,19:10:44,495301,CS-TXA,Airbus A321neo,TAP Air Portugal,takeoff,depart,1775,334.7,95.8,,,,
2026-05-11,19:13:40,WMT6420,HA-LXC,Airbus A321,SAS Scandinavian,takeoff,depart,1650,284.5,93.5,,,,
2026-05-11,19:16:15,49514d,CS-TJM,Airbus A321neo,TAP Air Portugal,takeoff,depart,1725,285.6,92.3,,,,
2026-05-11,19:19:38,RYR4CB,EI-DHD,Boeing 737-800,Ryanair,takeoff,depart,1800,313.4,89.2,,,,
2026-05-11,19:24:09,02006e,CN-ROJ,Boeing 737-800,Royal Air Maroc,takeoff,depart,2075,286.5,92.5,,,,
2026-05-11,19:27:11,EJU7653,OE-IDO,Airbus A320,easyJet Europe,takeoff,depart,2000,321.3,86.4,,,,
2026-05-11,19:29:05,4952cf,CS-TVO,Airbus A320neo,TAP Air Portugal,takeoff,depart,1750,275.2,93.2,,,,
2026-05-11,19:33:15,VLG630A,EC-OKG,Airbus A320,Vueling,takeoff,depart,1775,280.4,93.2,,,,
2026-05-11,19:36:52,TAP2315,CS-TVR,Airbus A320neo,TAP Air Portugal,takeoff,depart,1900,323.4,92.3,,,,
2026-05-11,19:42:12,EJU41EH,OE-LSV,Airbus A320neo,easyJet Europe,takeoff,depart,1800,296.5,93.2,,,,
2026-05-11,19:45:07,495293,CS-TTS,Airbus A319,TAP Air Portugal,takeoff,depart,1500,282.4,94.1,,,,
2026-05-11,19:50:56,SRR6645,OY-SRN,767 219ERBDSF,Star Air,climb,depart,3100,347.8,89.1,,,,
2026-05-11,19:54:04,e8046e,CC-BGS,Boeing 787-9,LATAM Airlines,takeoff,depart,950,360.4,90.8,,,,
2026-05-11,19:57:33,4951ce,CS-TNN,Airbus A320,TAP Air Portugal,takeoff,depart,1600,276.5,92.5,,,,
2026-05-11,20:00:15,405a49,G-EUYA,Airbus A320,British Airways,takeoff,depart,1725,288.0,93.6,,,,
2026-05-11,20:03:14,4952ca,CS-TVJ,Airbus A320neo,TAP Air Portugal,takeoff,depart,1850,262.1,93.4,,,,
2026-05-11,20:04:59,4ca264,EI-DHH,Boeing 737-800,Ryanair,takeoff,depart,1800,293.5,88.2,,,,
2026-05-11,20:07:14,TAP556,CS-TJS,Airbus A321neo,TAP Air Portugal,takeoff,depart,1950,330.2,93.1,,,,
2026-05-11,20:08:52,EZS18AR,HB-JXF,Airbus A320,Austrian Airlines,takeoff,depart,1950,260.4,91.7,,,,
2026-05-11,20:10:39,495219,CS-TPY,Embraer E190,TAP Air Portugal,takeoff,depart,1825,263.9,93.0,,,,
2026-05-11,20:13:22,TRA96J,PH-YHA,Airbus A321neo,Transavia,takeoff,depart,1700,294.1,91.1,,,,
2026-05-11,20:14:57,RZO127,CS-TSM,Airbus A320,TAP Air Portugal,takeoff,depart,1800,272.8,96.2,,,,
2026-05-11,20:16:35,39cea0,F-HTVA,Boeing 737-800,Transavia France,takeoff,depart,1650,282.8,90.8,,,,
2026-05-11,20:21:00,440b91,OE-IXC,Boeing 737-800,Iberia,takeoff,depart,1450,270.0,94.1,,,,
2026-05-11,20:24:26,486898,PH-AXM,Airbus A321neo,KLM,takeoff,depart,1725,293.0,92.1,,,,
2026-05-11,20:27:47,495145,CS-TJE,Airbus A321,TAP Air Portugal,takeoff,depart,1625,292.2,91.5,,,,
2026-05-11,20:30:40,4952c8,CS-TVH,Airbus A320neo,TAP Air Portugal,takeoff,depart,1650,269.7,96.2,,,,
2026-05-11,20:32:31,44061d,OE-LQQ,Airbus A319,easyJet Europe,takeoff,depart,1675,280.2,93.1,,,,
2026-05-11,20:34:33,BCS1LG,D-AZMN,A306,,climb,depart,3125,315.4,92.6,,,,
2026-05-11,20:37:18,44cc43,OO-SBC,Airbus A320,Brussels Airlines,takeoff,depart,1750,254.1,92.6,,,,
2026-05-11,20:40:34,495037,CS-TAW,Embraer E195,TAP Air Portugal,takeoff,depart,1625,288.9,94.4,,,,
2026-05-11,20:42:35,34660e,EC-NOM,Airbus A320,Volotea,takeoff,depart,1675,256.5,91.5,,,,
2026-05-11,20:45:58,AEA91KM,EC-OBJ,Boeing 737-800,Air Europa,takeoff,depart,1450,294.5,90.2,,,,
2026-05-11,20:50:04,TAP838Z,CS-TJH,Airbus A321,TAP Air Portugal,takeoff,depart,1950,282.1,93.5,,,,
2026-05-11,20:51:55,4071d7,G-EZPV,Airbus A320,easyJet,takeoff,depart,1650,283.5,92.1,,,,
2026-05-11,20:53:40,4402e8,OE-INM,Airbus A320,easyJet Europe,takeoff,depart,1675,290.9,93.5,,,,
2026-05-11,21:05:02,49514f,CS-TJO,Airbus A321neo,TAP Air Portugal,cruise,,1600,0.0,94.9,,,,
2026-05-11,21:07:52,WZZ64LB,HA-LDF,Airbus A321neo,Wizz Air,takeoff,depart,1575,295.4,93.9,,,,
2026-05-11,21:11:03,RYR6YK,EI-EBZ,Boeing 737-800,Ryanair,takeoff,depart,1275,288.7,92.4,,,,
2026-05-11,21:13:57,TAP43M,CS-TJK,Airbus A321neo,TAP Air Portugal,takeoff,depart,1475,328.7,93.8,,,,
2026-05-11,21:15:41,406c72,G-EZWZ,Airbus A320,easyJet,takeoff,depart,1525,285.8,94.6,,,,
2026-05-11,21:17:30,4952c9,CS-TVI,Airbus A320neo,TAP Air Portugal,takeoff,depart,1750,285.4,92.2,,,,
2026-05-11,21:21:02,4952c2,CS-TVB,Airbus A320neo,TAP Air Portugal,takeoff,depart,1625,272.1,94.6,,,,
2026-05-11,21:32:21,8963da,A6-EPK,Boeing 777-300ER,Emirates,takeoff,depart,1700,329.5,89.8,,,,
2026-05-11,21:39:00,EWG58E,OK-TSD,Boeing 737-800,Eurowings,takeoff,depart,1550,292.1,91.9,,,,
2026-05-11,21:40:56,VLG8463,EC-LUO,Airbus A320,Vueling,takeoff,depart,2000,327.2,93.6,,,,
2026-05-11,21:46:40,495212,CS-TPR,Embraer E190,TAP Air Portugal,takeoff,depart,1600,262.2,94.6,,,,
2026-05-11,21:49:42,WMT511,9H-WNG,Airbus A321neo,Wizz Air,takeoff,depart,1825,313.0,93.1,,,,
2026-05-11,21:52:16,346186,EC-NFH,Airbus A320neo,Iberia,takeoff,depart,1825,258.4,93.7,,,,
2026-05-11,21:54:55,4d236b,9H-VUU,Boeing 737 MAX 8,Malta Air,takeoff,depart,1625,288.5,91.5,,,,
2026-05-11,22:06:26,440582,OE-LKF,Airbus A319,Iberia,takeoff,depart,1500,285.8,92.7,,,,
2026-05-11,22:12:26,TAP1022,CS-TNQ,Airbus A320,TAP Air Portugal,takeoff,depart,2525,320.6,92.0,,,,
2026-05-11,22:17:27,4952d0,CS-TVP,Airbus A320neo,TAP Air Portugal,takeoff,depart,1650,274.8,97.0,,,,
2026-05-11,22:35:03,4073a1,G-UZHD,Airbus A320neo,easyJet,takeoff,depart,1700,297.2,94.1,,,,
2026-05-11,22:36:54,495216,CS-TPV,Embraer E190,TAP Air Portugal,takeoff,depart,1925,264.1,93.7,,,,
2026-05-11,22:40:26,4952c1,CS-TVA,Airbus A320neo,TAP Air Portugal,takeoff,depart,1700,296.1,94.6,,,,
2026-05-11,22:43:34,4cac89,EI-IFS,Boeing 737 MAX 8,Ryanair,takeoff,depart,1350,0.0,92.4,,,,
2026-05-11,22:46:37,4952c3,CS-TVC,Airbus A320neo,TAP Air Portugal,takeoff,depart,1650,266.9,93.2,,,,
2026-05-11,22:58:02,RYR4CU,9H-QDT,Boeing 737-800,Malta Air,takeoff,depart,1525,290.0,91.3,,,,
2026-05-11,23:08:13,TAP36RC,CS-TJP,Airbus A321neo,TAP Air Portugal,takeoff,depart,1600,301.7,93.1,,,,
2026-05-11,23:11:36,4d2226,9H-QCJ,Boeing 737-800,Malta Air,takeoff,depart,1325,284.5,92.8,,,,
2026-05-11,23:23:11,RYR2BX,EI-EFF,Boeing 737-800,Ryanair,takeoff,depart,1375,288.4,93.8,,,,
2026-05-11,23:30:41,TAP1907,CS-TNM,Airbus A320,TAP Air Portugal,takeoff,depart,1550,280.6,93.7,,,,
2026-05-11,23:38:25,4bb864,TC-NCD,Airbus A320neo,Pegasus,takeoff,depart,1775,309.1,93.6,,,,
2026-05-11,23:41:24,ELY376,4X-EKL,Boeing 737-800,El Al,takeoff,depart,1375,318.9,92.3,,,,
2026-05-11,23:49:09,452124,LZ-ROM,A220-300,Bulgaria Air,takeoff,depart,2325,261.7,92.5,,,,
2026-05-11,23:51:34,40775c,G-RUKA,Boeing 737-800,Ryanair UK,takeoff,depart,1525,273.7,92.6,,,,
2026-05-11,23:53:14,495218,CS-TPX,Embraer E190,TAP Air Portugal,takeoff,depart,1850,265.8,97.9,,,,
2026-05-11,23:57:15,TAP075,CS-TUD,Airbus A330-900neo,TAP Air Portugal,takeoff,depart,1725,305.4,92.4,,,,
2026-05-11,23:59:20,4952ad,CS-TUM,Airbus A330-900neo,TAP Air Portugal,takeoff,depart,1625,311.0,91.0,,,,
2026-05-12,00:03:48,TAP16LN,CS-TNX,Airbus A320,TAP Air Portugal,takeoff,depart,1625,293.0,92.8,,,,
2026-05-12,00:06:26,TAP1938,CS-TNL,Airbus A320,TAP Air Portugal,takeoff,depart,2025,291.1,90.8,,,,
2026-05-12,01:02:32,4952a6,CS-TUF,Airbus A330-900neo,TAP Air Portugal,takeoff,depart,1625,318.2,92.8,,,,
2026-05-12,01:06:27,4d2536,9H-WNJ,Airbus A321neo,Wizz Air,takeoff,depart,1425,307.1,94.5,,,,
2026-05-12,01:19:42,AEE3LP,SX-DVT,Airbus A320,Aegean Airlines,takeoff,depart,1500,300.2,94.6,,,,
2026-05-12,05:12:07,DLH72K,D-AINA,Airbus A320neo,Lufthansa,takeoff,depart,1700,278.7,98.8,,,,
2026-05-12,05:19:04,4868bc,PH-AXN,Airbus A321neo,KLM,takeoff,depart,1525,290.6,90.4,,,,
2026-05-12,05:51:42,392af1,F-GKXR,Airbus A320,Air France,takeoff,depart,1675,272.4,93.9,,,,
2026-05-12,06:00:47,SWR2083,HB-JPD,Airbus A321,Swiss,takeoff,depart,1775,280.8,93.8,,,,
2026-05-12,06:06:36,TAP1685,CS-TNN,Airbus A320,TAP Air Portugal,takeoff,depart,1875,293.0,90.7,,,,
2026-05-12,06:12:15,440115,OE-LUE,Airbus A320neo,easyJet Europe,takeoff,depart,1625,304.7,97.4,,,,
2026-05-12,06:15:31,49526d,CS-TSM,Airbus A320,TAP Air Portugal,takeoff,depart,1700,266.7,95.4,,,,
2026-05-12,06:18:47,4bb20a,TC-LPJ,Airbus A321neo,Turkish Airlines,takeoff,depart,1750,294.8,93.1,,,,
2026-05-12,06:21:27,RYR5DQ,9H-VVI,Boeing 737 MAX 8,Malta Air,takeoff,depart,1575,288.4,90.2,,,,
2026-05-12,06:23:16,TVF77CD,F-HTVU,Boeing 737-800,Transavia France,takeoff,depart,1500,294.8,89.5,,,,
2026-05-12,06:25:33,495214,CS-TPT,Embraer E190,TAP Air Portugal,takeoff,depart,1850,276.5,93.0,,,,
2026-05-12,06:27:54,4c16a9,YU-FVJ,F2TH,,takeoff,depart,1675,313.7,96.4,,,,
2026-05-12,06:32:50,EJU38MQ,OE-IZG,Airbus A320,easyJet Europe,takeoff,depart,1575,298.9,93.1,,,,
2026-05-12,06:34:51,4d2246,9H-QEJ,Boeing 737-800,Malta Air,takeoff,depart,1400,284.5,93.9,,,,
2026-05-12,06:37:26,440cbf,OE-LSO,Airbus A320,easyJet Europe,takeoff,depart,1675,302.2,94.1,,,,
2026-05-12,06:40:31,3c65d1,D-AINQ,Airbus A320neo,Lufthansa,takeoff,depart,1750,257.6,96.1,,,,
2026-05-12,06:43:36,WJA33,CA-FXYK,Boeing 737 MAX 8,WestJet,takeoff,depart,1850,333.7,67.2,,,,
2026-05-12,06:45:48,RYR088,EI-GXH,Boeing 737-800,Ryanair,takeoff,depart,1325,288.9,92.3,,,,
2026-05-12,06:49:03,440da5,OE-IDS,Airbus A320,easyJet Europe,takeoff,depart,1575,293.0,94.5,,,,
2026-05-12,06:53:02,4cadbe,EI-IGL,Boeing 737 MAX 8,Ryanair,takeoff,depart,1625,292.4,92.3,,,,
2026-05-12,06:56:23,EJU97XA,OE-IDO,Airbus A320,easyJet Europe,takeoff,depart,1575,290.6,93.1,,,,
2026-05-12,06:59:00,IBE05WK,EC-IXD,Airbus A321,Iberia,takeoff,depart,1450,260.4,93.2,,,,
2026-05-12,07:02:05,TVF34BR,F-HUYP,Boeing 737-800,Transavia France,takeoff,depart,2025,338.5,68.6,,,,
2026-05-12,07:04:58,3c6443,D-AIBC,Airbus A319,Lufthansa,takeoff,depart,1725,248.0,92.4,,,,
2026-05-12,07:07:51,344545,EC-MAF,ATR 72 500F,Swiftair,climb,depart,1250,258.9,95.7,,,,
2026-05-12,07:12:05,4951d4,CS-TNT,Airbus A320,TAP Air Portugal,takeoff,depart,1600,277.2,92.7,,,,
2026-05-12,07:13:58,440cf8,OE-IBF,Airbus A320,easyJet Europe,takeoff,depart,1650,306.1,92.1,,,,
2026-05-12,07:18:03,440c38,OE-LSJ,Airbus A320neo,Vueling,takeoff,depart,1700,297.2,95.5,,,,
2026-05-12,07:19:56,4951d2,CS-TNR,Airbus A320,TAP Air Portugal,takeoff,depart,1900,280.2,92.2,,,,
2026-05-12,07:24:05,4951d8,CS-TNX,Airbus A320,TAP Air Portugal,takeoff,depart,1575,279.7,91.1,,,,
2026-05-12,07:26:46,TAP120Y,CS-TJL,Airbus A321neo,TAP Air Portugal,takeoff,depart,1500,294.5,94.9,,,,
2026-05-12,07:28:50,440db0,OE-IDX,Airbus A320,easyJet Europe,takeoff,depart,1525,289.3,97.5,,,,
2026-05-12,07:32:28,495211,CS-TPQ,Embraer E190,TAP Air Portugal,takeoff,depart,1750,255.4,92.7,,,,
2026-05-12,07:34:23,TAP874H,CS-TPO,Embraer E190,TAP Air Portugal,takeoff,depart,1400,265.6,93.3,,,,
2026-05-12,07:42:29,TAP822W,CS-TVC,Airbus A320neo,TAP Air Portugal,takeoff,depart,1750,274.8,92.3,,,,
2026-05-12,07:48:50,TAP882,CS-TVB,Airbus A320neo,TAP Air Portugal,takeoff,depart,1650,274.1,92.3,,,,
2026-05-12,07:50:37,TAY1MN,OE-IMC,Boeing 737-800,Iberia,takeoff,depart,1800,266.3,91.9,,,,
2026-05-12,07:53:03,AEA93EM,EC-MPG,Boeing 737-800,Air Europa,takeoff,depart,1225,282.4,92.6,,,,
2026-05-12,07:59:15,TAP43PA,CS-TJJ,Airbus A321neo,TAP Air Portugal,takeoff,depart,1475,300.6,92.4,,,,
2026-05-12,08:01:02,4952d1,CS-TVQ,Airbus A320neo,TAP Air Portugal,takeoff,depart,2025,304.1,92.6,,,,
2026-05-12,08:02:34,49521a,CS-TPZ,Embraer E190,TAP Air Portugal,takeoff,depart,1550,266.3,94.0,,,,
2026-05-12,08:05:06,495170,CS-TKP,Airbus A320,TAP Air Portugal,takeoff,depart,1525,269.3,92.5,,,,
2026-05-12,08:08:33,440075,OE-LSV,Airbus A320neo,easyJet Europe,takeoff,depart,1700,285.8,95.7,,,,
2026-05-12,08:11:36,TAP1122,CS-TPX,Embraer E190,TAP Air Portugal,takeoff,depart,2950,317.8,90.5,,,,
2026-05-12,08:13:55,495216,CS-TPV,Embraer E190,TAP Air Portugal,takeoff,depart,2000,292.1,95.1,,,,
2026-05-12,08:17:33,TAP1922,CS-TTS,Airbus A319,TAP Air Portugal,takeoff,depart,1525,273.4,93.2,,,,
2026-05-12,08:21:20,4076e2,G-NEOT,Airbus A321neo,British Airways,takeoff,depart,1650,289.8,92.3,,,,
2026-05-12,08:24:48,TSC681,C-GOIE,Airbus A321neo,Air Transat,takeoff,depart,1425,313.4,94.2,,,,
2026-05-12,08:30:39,4951d3,CS-TNS,Airbus A320,TAP Air Portugal,takeoff,depart,1600,290.9,92.1,,,,
2026-05-12,08:33:04,49514b,CS-TJK,Airbus A321neo,TAP Air Portugal,takeoff,depart,1475,298.2,93.3,,,,
2026-05-12,08:36:03,TAP30BC,CS-TNV,Airbus A320,TAP Air Portugal,takeoff,depart,2175,330.6,76.3,,,,
2026-05-12,08:37:35,TAP1452,CS-TAX,Embraer E195,TAP Air Portugal,takeoff,depart,2525,326.5,90.4,,,,
2026-05-12,08:40:36,4951ca,CS-TNJ,Airbus A320,TAP Air Portugal,takeoff,depart,1725,288.4,91.3,,,,
2026-05-12,08:44:17,IBE05AK,EC-NAY,Airbus A320neo,Iberia,takeoff,depart,1875,265.4,92.7,,,,
2026-05-12,09:03:19,4951cc,CS-TNL,Airbus A320,TAP Air Portugal,takeoff,depart,1400,294.8,91.9,,,,
2026-05-12,09:06:03,TAP1477,CS-TVI,Airbus A320neo,TAP Air Portugal,takeoff,depart,1825,322.6,93.6,,,,
2026-05-12,09:09:05,495305,CS-TXE,Airbus A321neo,TAP Air Portugal,takeoff,depart,1725,275.2,92.8,,,,
2026-05-12,09:12:08,TAP552N,CS-TJI,Airbus A321neo,TAP Air Portugal,takeoff,depart,1975,335.4,82.8,,,,
2026-05-12,09:13:50,TAP6MS,CS-TXH,Airbus A321neo,TAP Air Portugal,takeoff,depart,1475,294.1,92.2,,,,
2026-05-12,09:17:58,4952cb,CS-TVK,Airbus A320neo,TAP Air Portugal,takeoff,depart,1675,281.3,97.2,,,,
2026-05-12,09:20:54,EZS63BD,HB-JXA,Airbus A320,Austrian Airlines,takeoff,depart,1600,302.8,91.8,,,,
2026-05-12,09:23:25,4951cd,CS-TNM,Airbus A320,TAP Air Portugal,takeoff,depart,1950,314.7,93.5,,,,
2026-05-12,09:37:41,TRA95C,PH-YHT,Airbus A321neo,Transavia,takeoff,depart,1400,295.4,92.3,,,,
2026-05-12,09:39:46,4952ab,CS-TUK,Airbus A330-900neo,TAP Air Portugal,takeoff,depart,1525,305.8,93.0,,,,
2026-05-12,09:43:10,4cade6,EI-IHA,Boeing 737 MAX 8,Ryanair,takeoff,depart,1600,285.2,92.4,,,,
2026-05-12,09:46:55,e4818c,PT-MUD,Boeing 777-300ER,LATAM Airlines,takeoff,depart,2025,343.4,91.5,,,,
2026-05-12,09:50:37,0900f1,D2-TEK,Boeing 777-300ER,TAAG Angola Airlines,takeoff,depart,1550,324.3,93.2,,,,
2026-05-12,09:53:38,495153,CS-TJS,Airbus A321neo,TAP Air Portugal,takeoff,depart,1575,264.1,95.9,,,,
2026-05-12,09:56:48,495150,CS-TJP,Airbus A321neo,TAP Air Portugal,takeoff,depart,1350,314.7,97.2,,,,
2026-05-12,09:59:15,345212,EC-MLM,Airbus A321,Vueling,takeoff,depart,1500,270.8,91.8,,,,
2026-05-12,10:02:15,495215,CS-TPU,Embraer E190,TAP Air Portugal,takeoff,depart,1475,268.0,92.4,,,,
2026-05-12,10:04:58,RYR22UT,9H-VVG,Boeing 737 MAX 8,Malta Air,takeoff,depart,1450,300.9,90.5,,,,
2026-05-12,10:07:56,4952a3,CS-TUC,Airbus A330-900neo,TAP Air Portugal,takeoff,depart,1425,320.6,91.5,,,,
2026-05-12,10:11:19,392aee,F-GKXO,Airbus A320,Air France,takeoff,depart,1625,287.2,91.1,,,,
2026-05-12,10:14:10,39d305,F-HUYF,Boeing 737-800,Transavia France,takeoff,depart,1550,293.5,93.2,,,,
2026-05-12,10:20:37,40815c,G-UZEE,Airbus A320neo,easyJet,takeoff,depart,1525,278.2,96.5,,,,
2026-05-12,10:23:40,4952d2,CS-TVR,Airbus A320neo,TAP Air Portugal,takeoff,depart,1625,264.1,93.1,,,,
2026-05-12,10:25:30,4854cb,PH-HBL,Boeing 737-800,Transavia,takeoff,depart,1550,287.2,91.1,,,,
2026-05-12,10:28:46,RYR27ST,9H-QDG,Boeing 737-800,Malta Air,takeoff,depart,1350,295.4,92.2,,,,
2026-05-12,10:34:03,AZU8751,PR-ANX,Airbus A330-900neo,Azul,takeoff,depart,1625,330.8,91.2,,,,
2026-05-12,10:36:50,a4d483,N410DZ,Airbus A330-900neo,Delta Air Lines,takeoff,depart,1875,287.8,92.0,,,,
2026-05-12,10:39:25,4952ca,CS-TVJ,Airbus A320neo,TAP Air Portugal,takeoff,depart,1500,266.1,97.8,,,,
2026-05-12,10:42:57,RYR5HE,9H-QDH,Boeing 737-800,Malta Air,takeoff,depart,1475,279.5,92.6,,,,
2026-05-12,10:45:24,TAP432,CS-TVN,Airbus A320neo,TAP Air Portugal,takeoff,depart,1800,271.3,91.5,,,,
2026-05-12,10:49:01,4952b3,CS-TUS,Airbus A330-900neo,TAP Air Portugal,takeoff,depart,1525,304.1,93.6,,,,
2026-05-12,10:54:45,896538,A6-BNA,Boeing 787-9,Etihad Airways,takeoff,depart,1375,331.1,92.5,,,,
2026-05-12,10:57:24,a11bc6,N17015,Boeing 787-10,United Airlines,takeoff,depart,1575,328.7,92.0,,,,
2026-05-12,10:59:57,495037,CS-TAW,Embraer E195,TAP Air Portugal,takeoff,depart,1700,278.9,95.4,,,,
2026-05-12,11:04:19,495298,CS-TTX,Embraer E195,TAP Air Portugal,takeoff,depart,1325,273.2,93.1,,,,
2026-05-12,11:06:50,TAP22MI,CS-TUI,Airbus A330-900neo,TAP Air Portugal,climb,depart,1425,321.0,91.5,,,,
2026-05-12,11:09:44,405b6a,G-EZDR,Airbus A319,easyJet,takeoff,depart,1500,281.3,92.1,,,,
2026-05-12,11:11:49,EWG36AZ,LY-EKB,Airbus A320,Eurowings,takeoff,depart,1350,291.7,94.8,,,,
2026-05-12,11:16:51,495303,CS-TXC,Airbus A321neo,TAP Air Portugal,takeoff,depart,1650,322.6,96.0,,,,
2026-05-12,11:19:52,TAP057,CS-TUA,Airbus A330-900neo,TAP Air Portugal,takeoff,depart,1525,307.4,91.1,,,,
2026-05-12,11:25:15,49514f,CS-TJO,Airbus A321neo,TAP Air Portugal,takeoff,depart,1425,293.4,93.0,,,,
2026-05-12,11:28:07,495212,CS-TPR,Embraer E190,TAP Air Portugal,takeoff,depart,1425,262.2,94.4,,,,
2026-05-12,11:30:20,AAL259,N833AA,Boeing 787-9,American Airlines,takeoff,depart,1800,316.3,91.7,,,,
2026-05-12,11:35:20,4076e4,G-NEOV,Airbus A321neo,British Airways,takeoff,depart,1450,280.2,93.3,,,,
2026-05-12,11:38:22,THY8FT,TC-LPY,Airbus A321neo,Turkish Airlines,takeoff,depart,1750,307.4,92.0,,,,
2026-05-12,11:40:49,4952cc,CS-TVL,Airbus A320,TAP Air Portugal,takeoff,depart,1525,278.2,96.2,,,,
2026-05-12,11:42:44,NJE984A,CS-LTC,Citation Latitude,NetJets,climb,depart,3050,333.4,95.2,,,,
2026-05-12,11:45:38,RYR2GB,9H-QEJ,Boeing 737-800,Malta Air,takeoff,depart,1675,307.4,91.1,,,,
2026-05-12,11:56:03,4cad29,EI-HET,Boeing 737 MAX 8,Ryanair,takeoff,depart,1175,296.1,93.2,,,,
2026-05-12,11:59:24,34604d,EC-MUZ,Boeing 737-800,Air Europa,takeoff,depart,1225,284.1,91.9,,,,
2026-05-12,12:02:25,c06a39,C-GOFW,Airbus A330-300,Air Canada,takeoff,depart,1700,284.8,91.2,,,,
2026-05-12,12:05:19,WPT3153,EC-OND,Airbus A330-300,,climb,depart,1500,298.2,92.0,,,,
2026-05-12,12:08:09,5004a2,,,,takeoff,depart,2225,345.6,93.4,,,,
2026-05-12,12:09:55,TSC481,C-GPTS,Airbus A330-200,Air Transat,takeoff,depart,1600,296.1,88.8,,,,
2026-05-12,12:12:39,49530a,CS-TXJ,Airbus A321neo,TAP Air Portugal,takeoff,depart,1525,341.0,94.0,,,,
2026-05-12,12:15:32,440c38,OE-LSJ,Airbus A320neo,Vueling,takeoff,depart,1625,297.2,94.8,,,,
2026-05-12,12:18:45,TAP007,CS-TXI,Airbus A321neo,TAP Air Portugal,takeoff,depart,1850,326.1,90.3,,,,
2026-05-12,12:20:17,LGL3752,OY-RUH,Airbus A320,Luxair,takeoff,depart,1525,304.3,84.8,,,,
2026-05-12,12:22:39,49514d,CS-TJM,Airbus A321neo,TAP Air Portugal,takeoff,depart,1375,284.5,92.8,,,,
2026-05-12,12:26:08,SILVR60,26902,E390,,takeoff,depart,1250,326.0,92.5,,,,
2026-05-12,12:31:46,495301,CS-TXA,Airbus A321neo,TAP Air Portugal,takeoff,depart,1475,336.3,95.8,,,,
2026-05-12,12:35:57,49530c,CS-TXL,Airbus A321neo,TAP Air Portugal,takeoff,depart,1575,336.3,92.2,,,,
2026-05-12,12:37:38,495211,CS-TPQ,Embraer E190,TAP Air Portugal,takeoff,depart,1500,257.2,93.4,,,,
2026-05-12,12:41:20,3991e4,F-HEPE,Airbus A320,Air France,takeoff,depart,1650,272.1,95.5,,,,
2026-05-12,12:44:54,4951cb,CS-TNK,Airbus A320,TAP Air Portugal,takeoff,depart,1475,287.4,94.2,,,,
2026-05-12,12:47:39,TAP754A,CS-TVA,Airbus A320neo,TAP Air Portugal,takeoff,depart,1625,268.7,90.9,,,,
2026-05-12,12:49:35,TAP824,CS-TNN,Airbus A320,TAP Air Portugal,takeoff,depart,1475,288.5,90.8,,,,
2026-05-12,12:52:29,44d076,OO-TCV,Airbus A320,Brussels Airlines,takeoff,depart,1475,263.5,92.7,,,,
2026-05-12,12:55:31,TAP89WT,CS-TON,Airbus A330-200,TAP Air Portugal,climb,depart,1575,361.3,79.7,,,,
2026-05-12,13:01:41,4952b0,CS-TUP,Airbus A330-900neo,TAP Air Portugal,climb,depart,1450,313.9,91.1,,,,
2026-05-12,13:05:17,RZO123,CS-TSM,Airbus A320,TAP Air Portugal,takeoff,depart,1650,268.9,94.0,,,,
2026-05-12,13:08:41,3475c9,EC-OCT,Airbus A321,TAP Air Portugal,takeoff,depart,1700,304.7,93.5,,,,
2026-05-12,13:12:07,346499,EC-NJY,Airbus A320neo,Iberia,takeoff,depart,1675,270.8,93.0,,,,
2026-05-12,13:14:28,4952c4,CS-TVD,Airbus A320neo,TAP Air Portugal,takeoff,depart,1475,275.2,93.9,,,,
2026-05-12,13:16:51,49514e,CS-TJN,Airbus A321neo,TAP Air Portugal,takeoff,depart,1400,289.3,93.6,,,,
2026-05-12,13:18:52,495039,CS-TAY,Embraer E195,TAP Air Portugal,takeoff,depart,1175,292.6,95.5,,,,
2026-05-12,13:22:26,UAL943,N784UA,Boeing 777-200,United Airlines,takeoff,depart,1800,323.4,89.1,,,,
2026-05-12,13:24:55,4952d0,CS-TVP,Airbus A320neo,TAP Air Portugal,takeoff,depart,1575,269.7,91.2,,,,
2026-05-12,13:27:37,484ee5,PH-HSE,Boeing 737-800,Turkish Airlines,takeoff,depart,1375,297.2,93.8,,,,
2026-05-12,13:30:41,4cac86,EI-HMZ,Boeing 737 MAX 8,Ryanair,takeoff,depart,1375,300.9,92.7,,,,
2026-05-12,13:33:28,RYR1LX,EI-GXH,Boeing 737-800,Ryanair,takeoff,depart,1650,299.1,90.6,,,,
2026-05-12,13:36:27,495277,CS-TSW,Boeing 777-200,Azul,takeoff,depart,1675,329.8,91.0,,,,
2026-05-12,13:41:15,49530d,CS-TXM,Airbus A321,TAP Air Portugal,takeoff,depart,1525,281.3,93.0,,,,
2026-05-12,13:45:33,495214,CS-TPT,Embraer E190,TAP Air Portugal,takeoff,depart,1500,249.1,91.0,,,,
2026-05-12,13:47:19,a4bf95,N405DX,Airbus A330-900neo,Delta Air Lines,takeoff,depart,1925,275.6,92.3,,,,
2026-05-12,13:50:21,ACA811,CA-FITL,Boeing 777-300ER,Air Canada,takeoff,depart,1850,336.3,82.3,,,,
2026-05-12,13:53:14,3c64ab,D-AIEK,Airbus A321neo,Lufthansa,takeoff,depart,1650,284.1,93.0,,,,
2026-05-12,13:54:52,495306,CS-TXF,Airbus A321neo,TAP Air Portugal,takeoff,depart,1475,292.8,94.5,,,,
2026-05-12,13:58:02,4952c8,CS-TVH,Airbus A320neo,TAP Air Portugal,takeoff,depart,1475,289.3,94.1,,,,
2026-05-12,14:00:04,EWG58E,OK-TVW,Boeing 737-800,Eurowings,takeoff,depart,1150,302.2,92.5,,,,
2026-05-12,14:01:44,EJU13EQ,OE-LSV,Airbus A320neo,easyJet Europe,takeoff,depart,1725,289.8,92.7,,,,
2026-05-12,14:03:19,407463,G-TTNB,Airbus A320neo,British Airways,takeoff,depart,1725,266.5,92.2,,,,
2026-05-12,14:05:05,OBS153P,CS-TCF,Airbus A330-900neo,TAP Air Portugal,cruise,,1975,0.0,94.2,,,,
2026-05-12,14:08:02,RYR3628,EI-IGL,Boeing 737 MAX 8,Ryanair,takeoff,depart,1650,287.2,90.7,,,,
2026-05-12,14:10:46,44023f,OE-ICD,Airbus A320,easyJet Europe,takeoff,depart,1575,291.3,94.5,,,,
2026-05-12,14:14:15,EJU7587,OE-IDX,Airbus A320,easyJet Europe,takeoff,depart,1550,296.5,91.1,,,,
2026-05-12,14:17:28,4d24f7,9H-EROES,GLEX,,climb,depart,3375,260.0,93.2,,,,
2026-05-12,14:19:14,495293,CS-TTS,Airbus A319,TAP Air Portugal,takeoff,depart,1350,280.6,95.6,,,,
2026-05-12,14:24:25,TAP1242,CS-TJE,Airbus A321,TAP Air Portugal,takeoff,depart,1825,305.4,90.1,,,,
2026-05-12,14:26:03,EJU57QA,OE-IDO,Airbus A320,easyJet Europe,takeoff,depart,1575,292.2,90.7,,,,
2026-05-12,14:29:02,495297,CS-TTW,Embraer E195,TAP Air Portugal,takeoff,depart,1275,278.9,95.3,,,,
2026-05-12,14:33:43,49521a,CS-TPZ,Embraer E190,TAP Air Portugal,takeoff,depart,1175,270.9,95.6,,,,
2026-05-12,14:38:19,896112,A6-ECK,Boeing 777-300ER,Emirates,takeoff,depart,1475,343.4,92.2,,,,
2026-05-12,14:41:16,TAP1928,CS-TXB,Airbus A321neo,TAP Air Portugal,takeoff,depart,1425,279.7,95.0,,,,
2026-05-12,14:44:20,345249,EC-MMU,Airbus A321,Vueling,takeoff,depart,1550,278.9,94.5,,,,
2026-05-12,14:48:43,4951d1,CS-TNQ,Airbus A320,TAP Air Portugal,takeoff,depart,1500,276.5,91.9,,,,
2026-05-12,14:50:22,39d307,F-HUYH,Boeing 737-800,Transavia France,takeoff,depart,1425,289.7,94.1,,,,
2026-05-12,14:53:10,EJU62BF,OE-INJ,Airbus A320,easyJet Europe,takeoff,depart,1550,290.6,93.9,,,,
2026-05-12,14:56:20,TAP72LP,CS-TNM,Airbus A320,TAP Air Portugal,takeoff,depart,1500,286.5,92.3,,,,
2026-05-12,14:59:29,SWR8YB,HB-JCH,C Series 300,Swiss,takeoff,depart,1250,259.5,94.6,,,,
2026-05-12,15:02:48,TAP117,CS-TUN,Airbus A330-900neo,TAP Air Portugal,takeoff,depart,1525,303.4,90.5,,,,
2026-05-12,15:05:51,DLH01A,D-AIEC,Airbus A321neo,Lufthansa,takeoff,depart,1675,313.7,90.4,,,,
2026-05-12,15:09:03,495038,CS-TAX,Embraer E195,TAP Air Portugal,takeoff,depart,1900,307.8,92.4,,,,
2026-05-12,15:12:14,LOT7KU,,,,unknown,,0,0.0,0.0,,,,
2026-05-12,15:15:03,4952c6,CS-TVF,Airbus A320neo,TAP Air Portugal,takeoff,depart,1525,280.0,93.8,,,,
2026-05-12,15:17:15,TAM8149,PT-MUH,Boeing 777-300ER,LATAM Airlines,takeoff,depart,1825,362.6,73.8,,,,
2026-05-12,15:19:54,TAP10AD,CS-TVC,Airbus A320neo,TAP Air Portugal,takeoff,depart,1575,280.4,93.0,,,,
2026-05-12,15:24:05,495148,CS-TJH,Airbus A321,TAP Air Portugal,takeoff,depart,1450,277.6,93.9,,,,
2026-05-12,15:26:37,4b1a26,HB-JXM,Airbus A320,Austrian Airlines,takeoff,depart,1525,278.9,97.2,,,,
2026-05-12,15:29:36,RZO125,CS-TSJ,Airbus A321neo,TAP Air Portugal,takeoff,depart,2175,309.8,87.5,,,,
2026-05-12,15:31:56,495153,CS-TJS,Airbus A321neo,TAP Air Portugal,takeoff,depart,1425,293.7,93.4,,,,
2026-05-12,15:34:40,495219,CS-TPY,Embraer E190,TAP Air Portugal,takeoff,depart,1425,276.3,93.9,,,,
2026-05-12,15:37:39,TAP94EV,CS-TPX,Embraer E190,TAP Air Portugal,takeoff,depart,1500,270.0,92.1,,,,
2026-05-12,15:46:01,4951d6,CS-TNV,Airbus A320,TAP Air Portugal,takeoff,depart,1350,282.1,94.5,,,,
2026-05-12,15:47:49,4952d2,CS-TVR,Airbus A320neo,TAP Air Portugal,takeoff,depart,1600,275.6,93.6,,,,
2026-05-12,15:50:54,4aca15,SE-RPU,Boeing 737-800,Norwegian Air Sweden,takeoff,depart,1325,298.9,92.8,,,,
2026-05-12,15:53:52,4d24ca,9H-VVI,Boeing 737 MAX 8,Malta Air,takeoff,depart,1425,295.8,93.5,,,,
2026-05-12,15:56:49,49514a,CS-TJJ,Airbus A321neo,TAP Air Portugal,takeoff,depart,1575,277.2,93.5,,,,
2026-05-12,15:58:33,406442,G-EZGE,Airbus A319,easyJet,takeoff,depart,1350,274.1,96.0,,,,
2026-05-12,16:04:30,TAP826,CS-TAW,Embraer E195,TAP Air Portugal,takeoff,depart,1750,292.1,90.5,,,,
2026-05-12,16:07:29,096023,D4-CCI,Boeing 737-700,Cabo Verde Airlines,takeoff,depart,1375,284.5,91.6,,,,
2026-05-12,16:09:18,3991e1,F-HEPB,Airbus A320,Air France,takeoff,depart,1650,275.6,91.7,,,,
2026-05-12,16:12:17,KLM80Z,PH-AXM,Airbus A321neo,KLM,takeoff,depart,1475,295.0,91.5,,,,
2026-05-12,16:13:55,495217,CS-TPW,Embraer E190,TAP Air Portugal,takeoff,depart,1450,267.6,95.1,,,,
2026-05-12,16:16:57,VLG35PE,EC-LVU,Airbus A320,Vueling,takeoff,depart,1700,290.2,90.9,,,,
2026-05-12,16:19:31,4951d4,CS-TNT,Airbus A320,TAP Air Portugal,takeoff,depart,1725,267.6,92.3,,,,
2026-05-12,16:22:33,4b194e,HB-JPE,Airbus A321neo,Swiss,takeoff,depart,1575,302.2,94.2,,,,
2026-05-12,16:26:42,34745a,EC-NZN,Boeing 737-800,Air Europa,takeoff,depart,1250,283.4,93.3,,,,
2026-05-12,16:30:09,4952c2,CS-TVB,Airbus A320neo,TAP Air Portugal,takeoff,depart,1550,271.7,92.4,,,,
2026-05-12,16:32:49,502cce,YL-CSE,C Series 300,Air Baltic,takeoff,depart,1475,264.8,91.1,,,,
2026-05-12,16:35:02,TAP44BR,CS-TJK,Airbus A321neo,TAP Air Portugal,takeoff,depart,1400,293.4,94.0,,,,
2026-05-12,16:38:06,4d2246,9H-QEJ,Boeing 737-800,Malta Air,takeoff,depart,1300,291.7,92.6,,,,
2026-05-12,16:41:19,3c64ae,D-AIEN,Airbus A321neo,Lufthansa,takeoff,depart,1500,295.8,91.9,,,,
2026-05-12,16:47:23,495216,CS-TPV,Embraer E190,TAP Air Portugal,takeoff,depart,1575,263.9,93.1,,,,
2026-05-12,16:50:36,4008ae,G-EUPO,Airbus A319,British Airways,takeoff,depart,1550,263.2,92.7,,,,
2026-05-12,16:54:31,FIN7FG,OH-LZP,Airbus A321,Finnair,takeoff,depart,1500,299.7,92.2,,,,
2026-05-12,16:56:11,440daf,OE-IDU,Airbus A320,easyJet Europe,takeoff,depart,1625,288.9,92.2,,,,
2026-05-12,16:57:49,440115,OE-LUE,Airbus A320neo,easyJet Europe,takeoff,depart,1650,299.7,94.6,,,,
2026-05-12,16:59:26,440da5,OE-IDS,Airbus A320,easyJet Europe,takeoff,depart,1450,287.2,93.3,,,,
2026-05-12,17:02:20,TAP91SR,CS-TTY,Embraer E195,TAP Air Portugal,takeoff,depart,1225,277.2,93.7,,,,
2026-05-12,17:05:41,4ac9e7,SE-ROG,Airbus A320neo,SAS Scandinavian,takeoff,depart,1675,280.0,91.3,,,,
2026-05-12,17:08:07,407574,G-EZRY,Airbus A320,easyJet,takeoff,depart,1450,284.8,94.0,,,,
2026-05-12,17:11:23,4951d3,CS-TNS,Airbus A320,TAP Air Portugal,takeoff,depart,1400,282.4,91.2,,,,
2026-05-12,17:14:54,TAP1018,CS-TNJ,Airbus A320,TAP Air Portugal,takeoff,depart,1450,277.6,93.0,,,,
2026-05-12,17:16:41,440cbf,OE-LSO,Airbus A320,easyJet Europe,takeoff,depart,1575,288.0,94.1,,,,
2026-05-12,17:27:37,4bb28f,TC-LTO,Airbus A321,Turkish Airlines,takeoff,depart,1500,307.1,93.6,,,,
2026-05-12,17:30:24,4cadbe,EI-IGL,Boeing 737 MAX 8,Ryanair,takeoff,depart,1650,297.2,93.5,,,,
2026-05-12,17:34:12,TAP209K,CS-TUE,Airbus A330-900neo,TAP Air Portugal,takeoff,depart,1575,346.3,79.0,,,,
2026-05-12,17:39:12,495305,CS-TXE,Airbus A321neo,TAP Air Portugal,takeoff,depart,1700,323.0,92.5,,,,
2026-05-12,17:40:44,4d2265,9H-QDL,Boeing 737-800,Malta Air,takeoff,depart,1550,286.5,90.7,,,,
2026-05-12,17:44:15,495149,CS-TJI,Airbus A321neo,TAP Air Portugal,takeoff,depart,1475,302.2,92.5,,,,
2026-05-12,17:45:46,4d224f,9H-QED,Boeing 737-800,Malta Air,takeoff,depart,1650,300.6,91.1,,,,
2026-05-12,17:47:39,495215,CS-TPU,Embraer E190,TAP Air Portugal,takeoff,depart,1650,268.9,93.7,,,,
2026-05-12,17:49:43,4951ef,CS-TOO,Airbus A330-200,TAP Air Portugal,takeoff,depart,1525,298.4,92.1,,,,
2026-05-12,17:53:00,345388,EC-MPA,Bombardier CRJ-1000,Air Nostrum,takeoff,depart,1275,287.4,92.8,,,,
2026-05-12,17:56:00,440c38,OE-LSJ,Airbus A320neo,Vueling,takeoff,depart,1575,298.0,93.3,,,,
2026-05-12,17:57:37,RZO131,CS-TKP,Airbus A320,TAP Air Portugal,takeoff,depart,1575,275.8,90.3,,,,
2026-05-12,18:00:52,4952b2,CS-TUR,Airbus A330-900neo,TAP Air Portugal,takeoff,depart,1500,320.6,93.0,,,,
2026-05-12,18:03:30,49530b,CS-TXK,Airbus A321,TAP Air Portugal,takeoff,depart,1500,328.7,93.7,,,,
2026-05-12,18:08:41,495308,CS-TXH,Airbus A321neo,TAP Air Portugal,takeoff,depart,1675,326.1,91.7,,,,
2026-05-12,18:11:33,TAP035,CS-TUH,Airbus A330-900neo,TAP Air Portugal,takeoff,depart,1550,301.7,91.8,,,,
2026-05-12,18:14:36,4d236c,9H-VUV,Boeing 737 MAX 8,Malta Air,takeoff,depart,1400,295.8,92.4,,,,
2026-05-12,18:17:14,46b832,SX-NAR,Airbus A321neo,Aegean Airlines,takeoff,depart,1500,275.8,94.6,,,,
2026-05-12,18:20:07,TAP1932,CS-TNL,Airbus A320,TAP Air Portugal,takeoff,depart,1525,278.9,95.1,,,,
2026-05-12,18:23:01,48c2ae,SP-RZO,Boeing 737 MAX 8,Buzz,takeoff,depart,1325,284.1,92.5,,,,
2026-05-12,18:35:28,VLG2CU,EC-OJF,Airbus A320,Vueling,takeoff,depart,1675,266.7,94.5,,,,
2026-05-12,18:39:13,4c01e2,YU-APC,Airbus A319,Air Serbia,takeoff,depart,1500,272.1,92.4,,,,
2026-05-12,18:42:51,SWR1AB,YL-ABL,A220-300,Swiss,takeoff,depart,1925,240.0,94.0,,,,
2026-05-12,18:46:00,TAP57LK,CS-TVJ,Airbus A320neo,TAP Air Portugal,takeoff,depart,1650,272.8,93.5,,,,
2026-05-12,18:49:15,49514f,CS-TJO,Airbus A321neo,TAP Air Portugal,takeoff,depart,1500,301.7,94.8,,,,
2026-05-12,18:52:03,4d2378,9H-AMV,Airbus A320,Eurowings,takeoff,depart,1500,270.0,91.1,,,,
2026-05-12,18:54:28,4952cb,CS-TVK,Airbus A320neo,TAP Air Portugal,takeoff,depart,1550,264.1,98.0,,,,
2026-05-12,18:57:36,TAP203,CS-TXM,Airbus A321,TAP Air Portugal,takeoff,depart,1650,318.2,93.6,,,,
2026-05-12,19:00:26,AFR53MJ,F-GKXS,Airbus A320,Air France,takeoff,depart,1650,283.0,92.3,,,,
2026-05-12,19:03:02,4081bd,G-TTSD,Airbus A320neo,British Airways,takeoff,depart,1625,264.1,94.4,,,,
2026-05-12,19:05:45,4951d8,CS-TNX,Airbus A320,TAP Air Portugal,takeoff,depart,1550,260.9,92.1,,,,
2026-05-12,19:08:18,4cafc3,EI-GXH,Boeing 737-800,Ryanair,takeoff,depart,1575,287.2,91.5,,,,
2026-05-12,19:11:36,407796,G-UZLD,Airbus A320neo,easyJet,takeoff,depart,1525,290.6,96.9,,,,
2026-05-12,19:13:21,4400f3,OE-IDO,Airbus A320,easyJet Europe,takeoff,depart,1450,288.0,94.5,,,,
2026-05-12,19:16:43,EWG16F,D-AIDT,Airbus A321,Eurowings,takeoff,depart,1550,299.7,93.4,,,,
2026-05-12,19:20:00,45ce4e,OY-SRN,767 219ERBDSF,Star Air,takeoff,depart,2450,339.5,92.2,,,,
2026-05-12,19:25:59,4952ce,CS-TVN,Airbus A320neo,TAP Air Portugal,takeoff,depart,1400,275.8,97.2,,,,
2026-05-12,19:29:11,02006e,CN-ROJ,Boeing 737-800,Royal Air Maroc,takeoff,depart,1275,289.3,93.0,,,,
2026-05-12,19:32:32,TAP20L,CS-TPQ,Embraer E190,TAP Air Portugal,takeoff,depart,1675,279.7,92.5,,,,
2026-05-12,19:35:09,39d304,F-HUYE,Boeing 737-800,Transavia France,takeoff,depart,1500,291.3,92.4,,,,
2026-05-12,19:37:22,TAP93MA,CS-TNW,Airbus A320,TAP Air Portugal,takeoff,depart,1425,286.5,92.8,,,,
2026-05-12,19:39:17,49526d,CS-TSM,Airbus A320,TAP Air Portugal,takeoff,depart,1550,264.3,92.1,,,,
2026-05-12,19:42:47,495212,CS-TPR,Embraer E190,TAP Air Portugal,takeoff,depart,1675,266.3,93.9,,,,
2026-05-12,19:47:53,e80471,CC-BGV,Boeing 787-9,LATAM Airlines,takeoff,depart,825,345.8,91.1,,,,
2026-05-12,19:51:30,4952c7,CS-TVG,Airbus A320neo,TAP Air Portugal,takeoff,depart,1450,268.9,96.7,,,,
2026-05-12,19:55:08,3c1bae,D-AZMN,A306,,takeoff,depart,2275,314.7,92.6,,,,
2026-05-12,20:00:10,BEL2ET,OO-SNE,Airbus A320,Brussels Airlines,takeoff,depart,1525,259.3,89.8,,,,
2026-05-12,20:03:18,4952cc,CS-TVL,Airbus A320,TAP Air Portugal,takeoff,depart,1500,281.3,93.5,,,,
2026-05-12,20:06:19,EJU73LY,OE-IVI,Airbus A320,easyJet Europe,takeoff,depart,1950,326.1,80.3,,,,
2026-05-12,20:08:59,4952d0,CS-TVP,Airbus A320neo,TAP Air Portugal,takeoff,depart,1550,281.7,93.6,,,,
2026-05-12,20:12:26,440cf8,OE-IBF,Airbus A320,easyJet Europe,takeoff,depart,1650,295.4,91.8,,,,
2026-05-12,20:15:24,4866ed,PH-YHA,Airbus A321neo,Transavia,takeoff,depart,1425,303.4,91.8,,,,
2026-05-12,20:18:44,EJU75WQ,OE-LQZ,Airbus A319,easyJet Europe,takeoff,depart,1475,279.5,93.8,,,,
2026-05-12,20:21:03,48c2ad,SP-RZN,Boeing 737 MAX 8,Buzz,takeoff,depart,1325,294.8,92.1,,,,
2026-05-12,20:23:30,AEA91KM,EC-MQP,Boeing 737-800,Air Europa,takeoff,depart,1050,297.6,92.7,,,,
2026-05-12,20:26:32,RYR7329,EI-HGN,Boeing 737 MAX 8,Ryanair,takeoff,depart,1225,305.4,92.8,,,,
2026-05-12,20:29:31,TAP38KJ,CS-TXD,Airbus A321neo,TAP Air Portugal,takeoff,depart,1400,295.4,97.1,,,,
2026-05-12,20:32:38,4952c3,CS-TVC,Airbus A320neo,TAP Air Portugal,takeoff,depart,1450,266.1,92.7,,,,
2026-05-12,20:37:07,34560d,EC-MVD,Airbus A320,Vueling,takeoff,depart,1275,301.3,96.6,,,,
2026-05-12,20:38:59,495150,CS-TJP,Airbus A321neo,TAP Air Portugal,takeoff,depart,1625,321.0,93.7,,,,
2026-05-12,20:40:31,3964ef,F-GZHP,Boeing 737-800,Transavia France,takeoff,depart,1325,290.9,93.6,,,,
2026-05-12,20:44:40,4d20bd,9H-WMI,Airbus A321neo,Lauda Europe,takeoff,depart,1375,288.7,98.4,,,,
2026-05-12,20:47:13,TAP11AG,CS-TPV,Embraer E190,TAP Air Portugal,takeoff,depart,1575,266.3,93.9,,,,
2026-05-12,20:52:23,49514c,CS-TJL,Airbus A321neo,TAP Air Portugal,takeoff,depart,1350,284.1,94.1,,,,
2026-05-12,21:04:48,4d222e,9H-QAO,Boeing 737-800,Malta Air,takeoff,depart,1925,311.0,92.5,,,,
2026-05-12,21:08:40,ELY0372,4X-EKI,Boeing 737-800,El Al,takeoff,depart,2425,313.9,87.7,,,,
2026-05-12,21:11:07,IBE05RW,EC-LUL,Airbus A320,Iberia,takeoff,depart,1825,271.1,90.3,,,,
2026-05-12,21:12:46,TAY2MN,OE-IMC,Boeing 737-800,Iberia,takeoff,depart,1200,292.8,91.9,,,,
2026-05-12,21:15:52,495293,CS-TTS,Airbus A319,TAP Air Portugal,takeoff,depart,1275,285.2,91.2,,,,
2026-05-12,21:19:24,4952c9,CS-TVI,Airbus A320neo,TAP Air Portugal,takeoff,depart,1700,311.0,93.7,,,,
2026-05-12,21:22:01,RYR8HM,EI-HEZ,Boeing 737 MAX 8,Ryanair,takeoff,depart,1225,297.8,93.5,,,,
2026-05-12,21:30:46,RYR2JJ,9H-QDW,Boeing 737-800,Malta Air,takeoff,depart,1650,309.8,93.4,,,,
2026-05-12,21:37:28,89631a,A6-ENX,Boeing 777-300ER,Emirates,takeoff,depart,1325,343.5,91.0,,,,
2026-05-12,21:42:19,348206,EC-OKG,Airbus A320,Vueling,takeoff,depart,1550,284.1,93.2,,,,
2026-05-12,21:45:39,497cdd,26902,E390,,takeoff,depart,1750,340.8,96.7,,,,
2026-05-12,21:48:34,407795,G-UZLC,Airbus A320neo,easyJet,takeoff,depart,1475,294.8,92.8,,,,
2026-05-12,21:51:21,EZY97QP,G-UZHR,Airbus A320neo,easyJet,takeoff,depart,1475,291.3,93.1,,,,
2026-05-12,21:54:07,RYR200Z,9H-QAV,Boeing 737-800,Malta Air,takeoff,depart,1500,301.3,89.1,,,,
2026-05-12,21:55:34,49514e,CS-TJN,Airbus A321neo,TAP Air Portugal,takeoff,depart,1350,299.7,92.1,,,,
2026-05-12,22:02:01,4d24b5,9H-WDU,Airbus A321,Lauda Europe,takeoff,depart,1375,301.3,91.9,,,,
2026-05-12,22:07:12,RYR7UY,EI-EBS,Boeing 737-800,Ryanair,takeoff,depart,1275,289.7,93.7,,,,
2026-05-12,22:10:34,4952c8,CS-TVH,Airbus A320neo,TAP Air Portugal,takeoff,depart,1775,294.1,91.1,,,,
2026-05-12,22:13:23,495297,CS-TTW,Embraer E195,TAP Air Portugal,takeoff,depart,1900,298.9,91.5,,,,
2026-05-12,22:15:49,RYR95FC,EI-ENE,Boeing 737-800,Ryanair,takeoff,depart,1200,295.0,93.6,,,,
2026-05-12,22:18:46,RYR4SZ,9H-VVE,Boeing 737 MAX 8,Malta Air,takeoff,depart,1325,295.4,91.0,,,,
2026-05-12,22:37:04,EWG6TR,9H-EWC,Airbus A320,Eurowings,takeoff,depart,1600,298.2,89.4,,,,
2026-05-12,22:38:50,TAP1865,CS-TJM,Airbus A321neo,TAP Air Portugal,takeoff,depart,1450,318.5,89.8,,,,
2026-05-12,22:44:56,TAP16LN,CS-TPO,Embraer E190,TAP Air Portugal,takeoff,depart,1500,293.7,95.0,,,,
2026-05-12,22:47:35,TAP1040,CS-TNK,Airbus A320,TAP Air Portugal,takeoff,depart,1875,316.3,94.4,,,,
2026-05-12,22:50:13,ELY376,4X-EKT,Boeing 737-800,El Al,takeoff,depart,1175,323.9,89.5,,,,
2026-05-12,22:52:19,4d2233,9H-QBY,Boeing 737-800,Malta Air,takeoff,depart,1225,297.4,91.5,,,,
2026-05-12,22:55:22,4bb866,TC-NCF,Airbus A320neo,Turkish Airlines,takeoff,depart,1375,270.0,95.9,,,,
2026-05-12,23:09:08,495306,CS-TXF,Airbus A321neo,TAP Air Portugal,takeoff,depart,1525,331.1,94.7,,,,
2026-05-12,23:11:38,TAP11ZL,CS-TPU,Embraer E190,TAP Air Portugal,takeoff,depart,2750,323.7,91.2,,,,
2026-05-12,23:17:13,RYR2BX,9H-QDY,Boeing 737-800,Malta Air,takeoff,depart,1325,304.1,88.0,,,,
2026-05-12,23:20:06,TAP1907,CS-TNQ,Airbus A320,TAP Air Portugal,takeoff,depart,1375,283.4,97.0,,,,
2026-05-12,23:35:04,DTA653,D2-TEJ,Boeing 777-300ER,TAAG Angola Airlines,takeoff,depart,1350,353.9,94.5,,,,
2026-05-12,23:50:04,495148,CS-TJH,Airbus A321,TAP Air Portugal,takeoff,depart,1325,283.5,92.8,,,,
2026-05-12,23:55:31,4952c2,CS-TVB,Airbus A320neo,TAP Air Portugal,takeoff,depart,1625,290.4,93.4,,,,
2026-05-13,00:03:30,TAP075,CS-TUJ,Airbus A330-900neo,TAP Air Portugal,takeoff,depart,1400,322.6,91.9,,,,
2026-05-13,00:12:51,4952b1,CS-TUQ,Airbus A330-900neo,TAP Air Portugal,takeoff,depart,1450,319.8,91.9,,,,
2026-05-13,00:15:44,AEE727,SX-NAM,Airbus A321,Aegean Airlines,takeoff,depart,1200,302.1,96.0,,,,
2026-05-13,05:13:32,486836,PH-AXK,Airbus A321neo,KLM,takeoff,depart,1350,305.8,91.5,,,,
2026-05-13,05:23:10,DLH72K,D-AINV,Airbus A320neo,Lufthansa,takeoff,depart,1675,307.1,95.1,,,,
2026-05-13,05:53:45,AFR18LZ,F-GTAU,Airbus A321,Air France,takeoff,depart,1600,303.0,92.1,,,,
2026-05-13,06:02:41,RYR4SZ,9H-QEJ,Boeing 737-800,Malta Air,takeoff,depart,1275,296.9,92.2,,,,
2026-05-13,06:04:43,RZO121,CS-TSF,Airbus A321neo,TAP Air Portugal,takeoff,depart,2000,311.5,89.1,,,,
2026-05-13,06:06:21,RYR4CB,EI-IGL,Boeing 737 MAX 8,Ryanair,takeoff,depart,1250,309.8,90.4,,,,
2026-05-13,06:11:44,EJU17CM,OE-IDO,Airbus A320,easyJet Europe,takeoff,depart,1500,293.7,91.9,,,,
2026-05-13,06:13:54,SWR2083,HB-JDF,Airbus A320neo,Swiss,takeoff,depart,2000,264.1,91.2,,,,
2026-05-13,06:18:55,TVF34BR,F-HUYY,Boeing 737-800,Transavia France,takeoff,depart,1300,307.1,93.2,,,,
2026-05-13,06:22:49,440daf,OE-IDU,Airbus A320,easyJet Europe,takeoff,depart,1300,308.2,94.4,,,,
2026-05-13,06:24:50,TAP428,CS-TAY,Embraer E195,TAP Air Portugal,takeoff,depart,1075,287.2,93.7,,,,
2026-05-13,06:27:03,EJU38MQ,OE-IBF,Airbus A320,easyJet Europe,takeoff,depart,1550,299.7,93.8,,,,
2026-05-13,06:30:53,3c6442,D-AIBB,Airbus A319,Lufthansa,takeoff,depart,1350,289.1,93.3,,,,
2026-05-13,06:35:45,TAP830,CS-TNT,Airbus A320,TAP Air Portugal,takeoff,depart,1350,294.1,95.3,,,,
2026-05-13,06:39:07,RYR088,EI-GXH,Boeing 737-800,Ryanair,takeoff,depart,1325,303.7,92.4,,,,
2026-05-13,06:41:52,EJU54HM,OE-IZG,Airbus A320,easyJet Europe,takeoff,depart,1400,317.1,93.3,,,,
2026-05-13,06:45:01,EJU75NR,OE-LSJ,Airbus A320neo,Vueling,takeoff,depart,1650,314.7,93.3,,,,
2026-05-13,06:48:04,TAP1685,CS-TPX,Embraer E190,TAP Air Portugal,takeoff,depart,1325,281.3,92.5,,,,
2026-05-13,06:51:09,IBE05WK,EC-NEA,Airbus A320neo,Iberia,takeoff,depart,1575,271.1,95.2,,,,
2026-05-13,07:05:13,495216,CS-TPV,Embraer E190,TAP Air Portugal,landing,arrivee,525,234.8,90.2,,,,
2026-05-13,07:07:46,TAP98CX,CS-TJH,Airbus A321,TAP Air Portugal,landing,arrivee,500,261.5,94.1,,,,
2026-05-13,07:12:43,TAP441,CS-TVL,Airbus A320,TAP Air Portugal,landing,arrivee,475,235.6,96.4,,,,
2026-05-13,07:20:44,SRR6646,OY-SRN,767 219ERBDSF,Star Air,landing,arrivee,500,230.8,97.2,,,,
2026-05-13,07:22:48,347453,EC-NZP,Airbus A320,Iberia,landing,arrivee,525,251.5,94.5,,,,
2026-05-13,07:27:53,4952d0,CS-TVP,Airbus A320neo,TAP Air Portugal,landing,arrivee,600,271.3,85.1,,,,
2026-05-13,07:33:34,4b1a34,HB-JYA,Airbus A320,easyJet Europe,landing,arrivee,550,266.5,86.9,,,,
2026-05-13,07:36:02,495293,CS-TTS,Airbus A319,TAP Air Portugal,landing,arrivee,550,253.2,94.8,,,,
2026-05-13,07:39:35,TAP647,CS-TJL,Airbus A321neo,TAP Air Portugal,landing,arrivee,550,273.9,81.0,,,,
2026-05-13,07:43:50,a05648,N12012,Boeing 787-10,United Airlines,landing,arrivee,500,278.9,95.2,,,,
2026-05-13,07:46:27,BCS2FC,D-AEAF,A300 B4-622RF,Lufthansa,landing,arrivee,525,245.6,94.9,,,,
2026-05-13,07:49:44,TAP1939,CS-TTW,Embraer E195,TAP Air Portugal,landing,arrivee,475,256.5,99.0,,,,
2026-05-13,07:52:00,RYR63TC,EI-EKT,Boeing 737-800,Ryanair,landing,arrivee,475,278.9,95.2,,,,
2026-05-13,07:55:09,TAP1023,CS-TVH,Airbus A320neo,TAP Air Portugal,landing,arrivee,500,240.8,94.4,,,,
2026-05-13,07:57:56,DAL272,N428DX,Airbus A330-900neo,Delta Air Lines,landing,arrivee,450,260.8,97.5,,,,
2026-05-13,08:01:17,4951d8,CS-TNX,Airbus A320,TAP Air Portugal,landing,arrivee,500,253.9,95.8,,,,
2026-05-13,08:04:23,4952ca,CS-TVJ,Airbus A320neo,TAP Air Portugal,landing,arrivee,500,246.7,91.5,,,,
2026-05-13,08:07:03,4405ea,OE-LQT,Airbus A319,easyJet Europe,landing,arrivee,525,253.9,87.2,,,,
2026-05-13,08:10:30,4952ce,CS-TVN,Airbus A320neo,TAP Air Portugal,landing,arrivee,550,257.2,80.5,,,,
2026-05-13,08:17:07,VLG46AX,EC-MQB,Airbus A321,Vueling,landing,arrivee,525,271.3,87.8,,,,
2026-05-13,08:19:38,EWG25P,D-AEEE,Airbus A321,Eurowings,landing,arrivee,500,256.5,86.6,,,,
2026-05-13,08:29:22,TAP006,CS-TXI,Airbus A321neo,TAP Air Portugal,landing,arrivee,450,278.9,97.2,,,,
2026-05-13,08:31:37,e4818a,PT-MUB,Boeing 777-300ER,LATAM Airlines,cruise,,500,0.0,93.3,,,,
2026-05-13,08:34:10,ab5867,N830AN,Boeing 787-9,American Airlines,landing,arrivee,450,288.2,97.7,,,,
2026-05-13,08:36:54,495150,CS-TJP,Airbus A321neo,TAP Air Portugal,landing,arrivee,500,260.0,90.8,,,,
2026-05-13,08:39:33,TAP41SN,CS-TNK,Airbus A320,TAP Air Portugal,landing,arrivee,550,249.1,85.8,,,,
2026-05-13,08:42:55,TAP072,CS-TUG,Airbus A330-900neo,TAP Air Portugal,landing,arrivee,500,258.4,92.8,,,,
2026-05-13,08:45:50,TVF55WH,F-HXST,Airbus A320neo,Transavia France,landing,arrivee,550,264.8,84.5,,,,
2026-05-13,08:48:53,ETD7LG,A6-BLU,Boeing 787-9,Etihad Airways,landing,arrivee,475,279.7,98.7,,,,
2026-05-13,08:51:28,RYR4RL,9H-QEJ,Boeing 737-800,Malta Air,landing,arrivee,500,278.9,97.0,,,,
2026-05-13,08:54:14,AFR35VY,F-HBND,Airbus A320,Air France,landing,arrivee,500,249.8,95.5,,,,
2026-05-13,08:56:53,485209,PH-HXA,Boeing 737-800,Transavia,landing,arrivee,500,280.0,96.2,,,,
2026-05-13,09:00:17,4952cb,CS-TVK,Airbus A320neo,TAP Air Portugal,landing,arrivee,500,241.5,91.3,,,,
2026-05-13,09:03:18,TAP675,CS-TJO,Airbus A321neo,TAP Air Portugal,landing,arrivee,475,281.3,84.7,,,,
2026-05-13,09:06:23,ACA812,C-GKUG,Airbus A330-300,Air Canada,landing,arrivee,500,256.3,96.9,,,,
2026-05-13,09:25:56,RYR3RB,EI-DHN,Boeing 737-800,Ryanair,landing,arrivee,450,287.2,94.2,,,,
2026-05-13,09:29:30,RYR9654,EI-ILC,Boeing 737 MAX 8,Ryanair,landing,arrivee,450,293.0,95.4,,,,
2026-05-13,09:34:36,4952a8,CS-TUH,Airbus A330-900neo,TAP Air Portugal,landing,arrivee,500,282.1,98.7,,,,
2026-05-13,09:37:02,TRA27L,PH-HBL,Boeing 737-800,Transavia,landing,arrivee,475,293.7,98.3,,,,
2026-05-13,09:39:49,TAP66PD,CS-TJM,Airbus A321neo,TAP Air Portugal,landing,arrivee,550,278.0,86.5,,,,
2026-05-13,09:42:41,BAW50P,G-NEOX,Airbus A321neo,British Airways,landing,arrivee,475,277.2,99.8,,,,
2026-05-13,09:45:24,4951d5,CS-TNU,Airbus A320,TAP Air Portugal,landing,arrivee,525,255.6,89.8,,,,
2026-05-13,09:47:59,406442,G-EZGE,Airbus A319,easyJet,landing,arrivee,500,253.9,88.0,,,,
2026-05-13,09:51:20,4951ef,CS-TOO,Airbus A330-200,TAP Air Portugal,landing,arrivee,475,257.2,96.9,,,,
2026-05-13,09:54:37,4952a5,CS-TUE,Airbus A330-900neo,TAP Air Portugal,landing,arrivee,525,266.5,93.9,,,,
2026-05-13,09:57:41,TAP216L,CS-TXH,Airbus A321neo,TAP Air Portugal,landing,arrivee,425,276.3,97.5,,,,
2026-05-13,10:00:20,4d226f,9H-QBG,Boeing 737-800,Malta Air,landing,arrivee,500,282.1,89.6,,,,
2026-05-13,10:04:45,4bb201,TC-LPA,Airbus A321,Turkish Airlines,landing,arrivee,500,285.6,95.8,,,,
2026-05-13,10:07:41,EJU69VE,OE-IDO,Airbus A320,easyJet Europe,landing,arrivee,475,264.1,99.3,,,,
2026-05-13,10:10:14,EJU97VT,OE-IDX,Airbus A320,easyJet Europe,landing,arrivee,500,260.8,97.6,,,,
2026-05-13,10:19:09,4cafc3,EI-GXH,Boeing 737-800,Ryanair,landing,arrivee,475,285.6,95.8,,,,
2026-05-13,10:24:25,TAP11SV,CS-TPR,Embraer E190,TAP Air Portugal,landing,arrivee,475,243.2,93.2,,,,
2026-05-13,10:29:28,4952c7,CS-TVG,Airbus A320neo,TAP Air Portugal,landing,arrivee,525,250.0,90.8,,,,
2026-05-13,10:35:35,AEA1153,EC-NUZ,Boeing 737-800,Air Europa,landing,arrivee,450,268.2,95.1,,,,
2026-05-13,10:39:23,46b824,SX-NAD,Airbus A321neo,Aegean Airlines,landing,arrivee,525,250.8,87.7,,,,
2026-05-13,10:42:02,AZU8900,CS-TSW,Boeing 777-200,Azul,landing,arrivee,500,259.7,96.1,,,,
2026-05-13,10:44:59,TAP204A,CS-TXM,Airbus A321,TAP Air Portugal,landing,arrivee,475,275.6,86.7,,,,
2026-05-13,10:47:35,UNI135,D-CHLP,LJ45,,landing,arrivee,475,241.5,94.6,,,,
2026-05-13,10:50:10,UAL942,N784UA,Boeing 777-200,United Airlines,landing,arrivee,450,265.2,94.0,,,,
2026-05-13,10:52:17,TAP234Y,CS-TXE,Airbus A321neo,TAP Air Portugal,landing,arrivee,450,280.6,99.4,,,,
2026-05-13,11:03:50,a4b470,N402DX,Airbus A330-900neo,Delta Air Lines,landing,arrivee,475,280.6,99.9,,,,
2026-05-13,11:06:48,KLM1579,PH-BCD,Boeing 737-800,KLM,landing,arrivee,475,286.5,97.0,,,,
2026-05-13,11:09:21,RYR21UN,SP-RZS,Boeing 737 MAX 8,Buzz,landing,arrivee,475,264.8,93.8,,,,
2026-05-13,11:12:07,LGL51P,LX-LBT,Boeing 737-700,Luxair,landing,arrivee,475,258.5,98.2,,,,
2026-05-13,11:15:10,495218,CS-TPX,Embraer E190,TAP Air Portugal,landing,arrivee,525,244.8,89.7,,,,
2026-05-13,11:18:06,TAP088,CS-TUB,Airbus A330-900neo,TAP Air Portugal,landing,arrivee,475,271.3,99.5,,,,
2026-05-13,11:21:11,44cc47,OO-SBG,Airbus A320neo,Brussels Airlines,landing,arrivee,525,254.8,86.7,,,,
2026-05-13,11:23:41,TAP048,CS-TXK,Airbus A321,TAP Air Portugal,landing,arrivee,500,276.5,95.8,,,,
2026-05-13,11:26:30,AFR41GW,F-HPNZ,Airbus A220-300,Air France,landing,arrivee,500,249.8,92.8,,,,
2026-05-13,11:28:34,ACA810,C-FIUV,Boeing 777-300ER,Air Canada,landing,arrivee,475,277.2,95.8,,,,
2026-05-13,11:31:29,440481,OE-HOE,F2TH,Iberia,landing,arrivee,500,239.1,92.0,,,,
2026-05-13,11:34:11,TAP1923,CS-TNQ,Airbus A320,TAP Air Portugal,landing,arrivee,500,258.4,92.7,,,,
2026-05-13,11:37:16,440075,OE-LSV,Airbus A320neo,easyJet Europe,landing,arrivee,500,260.8,94.4,,,,
2026-05-13,11:40:05,TAM8148,CC-BGW,Boeing 787-9,LATAM Airlines,landing,arrivee,475,274.1,97.0,,,,
2026-05-13,11:42:38,TAP028,CS-TUR,Airbus A330-900neo,TAP Air Portugal,landing,arrivee,475,276.3,97.3,,,,
2026-05-13,11:45:13,TAP248,CS-TUK,Airbus A330-900neo,TAP Air Portugal,landing,arrivee,475,280.6,98.9,,,,
2026-05-13,11:47:41,IBE05FV,EC-LXQ,Airbus A320,Iberia,landing,arrivee,500,259.7,92.8,,,,
2026-05-13,11:49:58,4b17e3,HB-JBF,C Series 100,Austrian Airlines,landing,arrivee,475,251.5,95.1,,,,
2026-05-13,11:52:44,RZO120,CS-TSM,Airbus A320,TAP Air Portugal,landing,arrivee,475,261.5,96.4,,,,
2026-05-13,11:55:03,4952ce,CS-TVN,Airbus A320neo,TAP Air Portugal,landing,arrivee,500,256.5,93.3,,,,
2026-05-13,11:56:54,TAP11WQ,CS-TVB,Airbus A320neo,TAP Air Portugal,landing,arrivee,525,247.2,85.1,,,,
2026-05-13,11:59:04,4952b3,CS-TUS,Airbus A330-900neo,TAP Air Portugal,landing,arrivee,500,259.7,98.9,,,,
2026-05-13,12:01:08,3c64af,D-AIEO,Airbus A321neo,Lufthansa,landing,arrivee,525,288.9,98.4,,,,
2026-05-13,12:04:00,MMZ771M,CS-TSX,Boeing 777-200,Azul,landing,arrivee,575,253.2,87.7,,,,
2026-05-13,12:06:31,TAP1925,CS-TVQ,Airbus A320neo,TAP Air Portugal,landing,arrivee,500,240.8,99.9,,,,
2026-05-13,12:08:16,RYR59QQ,EI-IGL,Boeing 737 MAX 8,Ryanair,landing,arrivee,450,288.9,97.9,,,,
2026-05-13,12:24:37,4d240f,9H-EUX,Airbus A320,Eurowings,landing,arrivee,500,256.3,99.3,,,,
2026-05-13,12:26:46,TAP429,CS-TAY,Embraer E195,TAP Air Portugal,landing,arrivee,500,273.2,99.3,,,,
2026-05-13,12:28:52,440115,OE-LUE,Airbus A320neo,easyJet Europe,cruise,,550,0.0,83.5,,,,
2026-05-13,12:31:37,495293,CS-TTS,Airbus A319,TAP Air Portugal,landing,arrivee,500,243.2,90.7,,,,
2026-05-13,12:34:15,440cf8,OE-IBF,Airbus A320,easyJet Europe,landing,arrivee,500,256.5,88.0,,,,
2026-05-13,12:36:34,EJU32WQ,OE-IZG,Airbus A320,easyJet Europe,landing,arrivee,475,260.8,97.8,,,,
2026-05-13,12:40:44,896315,A6-ENS,Boeing 777-300ER,Emirates,landing,arrivee,475,273.9,95.1,,,,
2026-05-13,12:43:38,TAP1031,CS-TJI,Airbus A321neo,TAP Air Portugal,landing,arrivee,475,250.4,97.3,,,,
2026-05-13,12:55:08,440c38,OE-LSJ,Airbus A320neo,Vueling,landing,arrivee,575,253.2,86.1,,,,
2026-05-13,12:58:19,LOT425,SP-LYB,Boeing 737 MAX 8,LOT Polish Airlines,landing,arrivee,475,282.4,99.1,,,,
2026-05-13,13:07:03,TAP1335,CS-TPQ,Embraer E190,TAP Air Portugal,landing,arrivee,500,254.8,92.0,,,,
2026-05-13,13:09:49,4952d2,CS-TVR,Airbus A320neo,TAP Air Portugal,landing,arrivee,525,269.3,89.2,,,,
2026-05-13,13:12:43,TAP43JD,CS-TNW,Airbus A320,TAP Air Portugal,landing,arrivee,450,274.8,98.7,,,,
2026-05-13,13:19:25,TAP63CT,CS-TPS,Embraer E190,TAP Air Portugal,landing,arrivee,475,273.2,92.5,,,,
2026-05-13,13:22:08,TAP10VL,CS-TPV,Embraer E190,TAP Air Portugal,landing,arrivee,475,257.2,92.5,,,,
2026-05-13,13:24:15,TAP831,CS-TNT,Airbus A320,TAP Air Portugal,landing,arrivee,525,279.7,84.0,,,,
2026-05-13,13:26:09,TVF46JB,F-HUYA,Boeing 737-800,Transavia France,landing,arrivee,475,299.8,94.2,,,,
2026-05-13,13:28:08,4d221f,9H-QEI,Boeing 737-800,Malta Air,landing,arrivee,500,301.3,93.9,,,,
2026-05-13,13:30:53,EZY25MD,G-EZFU,Airbus A319,easyJet,landing,arrivee,550,261.5,90.4,,,,
2026-05-13,13:38:47,TAP83K,CS-TVG,Airbus A320neo,TAP Air Portugal,takeoff,depart,1825,295.2,91.9,,,,
2026-05-13,13:41:11,a4b470,N402DX,Airbus A330-900neo,Delta Air Lines,takeoff,depart,1725,302.1,92.6,,,,
2026-05-13,13:43:31,495218,CS-TPX,Embraer E190,TAP Air Portugal,takeoff,depart,1375,278.9,93.2,,,,
2026-05-13,13:46:09,EWG58E,9H-EUX,Airbus A320,Eurowings,takeoff,depart,1525,281.3,92.4,,,,
2026-05-13,13:48:55,495277,CS-TSW,Boeing 777-200,Azul,takeoff,depart,1700,333.0,93.0,,,,
2026-05-13,13:51:46,495212,CS-TPR,Embraer E190,TAP Air Portugal,takeoff,depart,1500,273.9,92.0,,,,
2026-05-13,13:55:13,RYR617R,EI-IGL,Boeing 737 MAX 8,Ryanair,takeoff,depart,1625,313.0,92.1,,,,
2026-05-13,13:57:23,3cd3a9,D-CHLP,LJ45,,takeoff,depart,1625,303.7,94.6,,,,
2026-05-13,14:00:43,4400f3,OE-IDO,Airbus A320,easyJet Europe,takeoff,depart,1450,309.7,92.7,,,,
2026-05-13,14:03:29,49514d,CS-TJM,Airbus A321neo,TAP Air Portugal,takeoff,depart,1450,299.8,91.6,,,,
2026-05-13,14:06:15,ACA811,C-FIUV,Boeing 777-300ER,Air Canada,takeoff,depart,1525,342.6,88.0,,,,
2026-05-13,14:09:12,4952d1,CS-TVQ,Airbus A320neo,TAP Air Portugal,takeoff,depart,1525,282.4,95.8,,,,
2026-05-13,14:12:05,495304,CS-TXD,Airbus A321neo,TAP Air Portugal,takeoff,depart,1375,302.2,94.6,,,,
2026-05-13,14:14:49,4952ce,CS-TVN,Airbus A320neo,TAP Air Portugal,takeoff,depart,1525,293.4,94.2,,,,
2026-05-13,14:17:38,3c64af,D-AIEO,Airbus A321neo,Lufthansa,takeoff,depart,1450,289.5,95.1,,,,
2026-05-13,14:20:34,EJU54WH,OE-IBF,Airbus A320,easyJet Europe,takeoff,depart,1450,292.8,92.6,,,,
2026-05-13,14:23:35,4951ee,CS-TON,Airbus A330-200,TAP Air Portugal,climb,depart,1475,328.5,91.5,,,,
2026-05-13,14:26:23,495039,CS-TAY,Embraer E195,TAP Air Portugal,takeoff,depart,1725,292.1,92.6,,,,
2026-05-13,14:28:58,4074b2,G-EZRT,Airbus A320,easyJet,takeoff,depart,1500,281.3,92.2,,,,
2026-05-13,14:31:17,48e959,SP-LYB,Boeing 737 MAX 8,LOT Polish Airlines,takeoff,depart,925,309.3,95.4,,,,
2026-05-13,14:34:17,EJU7585,OE-LUE,Airbus A320neo,easyJet Europe,takeoff,depart,1525,303.0,94.0,,,,
2026-05-13,14:36:50,TAP42LV,CS-TJI,Airbus A321neo,TAP Air Portugal,takeoff,depart,1375,286.7,94.6,,,,
2026-05-13,14:39:53,TVF76UF,F-HUYA,Boeing 737-800,Transavia France,takeoff,depart,1525,319.1,85.8,,,,
2026-05-13,14:42:42,406319,G-EZFU,Airbus A319,easyJet,takeoff,depart,1450,288.0,92.1,,,,
2026-05-13,14:45:14,495266,CS-TSF,Airbus A321neo,TAP Air Portugal,takeoff,depart,1500,287.4,94.9,,,,
2026-05-13,14:47:37,495038,CS-TAX,Embraer E195,TAP Air Portugal,takeoff,depart,1375,272.8,89.8,,,,
2026-05-13,14:50:26,RYR31TE,9H-QEI,Boeing 737-800,Malta Air,takeoff,depart,1525,303.4,89.3,,,,
2026-05-13,14:53:30,SWR8YB,HB-JCD,C Series 300,Swiss,takeoff,depart,1450,266.3,91.5,,,,
2026-05-13,14:56:42,495037,CS-TAW,Embraer E195,TAP Air Portugal,takeoff,depart,1650,280.6,92.5,,,,
2026-05-13,14:58:20,896315,A6-ENS,Boeing 777-300ER,Emirates,takeoff,depart,1450,346.7,90.8,,,,
2026-05-13,15:01:32,TAP72LP,CS-TNT,Airbus A320,TAP Air Portugal,takeoff,depart,1300,298.2,93.1,,,,
2026-05-13,15:03:53,345207,EC-MLD,Airbus A321,Vueling,takeoff,depart,1450,283.7,93.3,,,,
2026-05-13,15:07:05,TAM8149,CC-BGW,Boeing 787-9,LATAM Airlines,takeoff,depart,1000,350.2,92.8,,,,
2026-05-13,15:10:00,495211,CS-TPQ,Embraer E190,TAP Air Portugal,takeoff,depart,1475,266.5,96.8,,,,
2026-05-13,15:12:15,TAP67AM,CS-TVR,Airbus A320neo,TAP Air Portugal,takeoff,depart,1400,292.2,93.5,,,,
2026-05-13,15:16:48,440469,OE-ICR,Airbus A320,easyJet Europe,takeoff,depart,1425,292.6,92.2,,,,
2026-05-13,15:20:45,3c64a3,D-AIEC,Airbus A321neo,Lufthansa,takeoff,depart,1400,292.8,92.1,,,,
2026-05-13,15:24:48,495216,CS-TPV,Embraer E190,TAP Air Portugal,takeoff,depart,1775,275.6,92.8,,,,
2026-05-13,15:26:51,TAP50Y,CS-TVB,Airbus A320neo,TAP Air Portugal,takeoff,depart,2075,335.4,86.6,,,,
2026-05-13,15:30:26,TAP826,CS-TNW,Airbus A320,TAP Air Portugal,takeoff,depart,1975,342.6,87.2,,,,
2026-05-13,15:32:58,495219,CS-TPY,Embraer E190,TAP Air Portugal,takeoff,depart,1400,276.5,93.3,,,,
2026-05-13,15:35:37,4951ce,CS-TNN,Airbus A320,TAP Air Portugal,takeoff,depart,1450,301.7,93.4,,,,
2026-05-13,15:38:11,RZO153,CS-TKP,Airbus A320,TAP Air Portugal,takeoff,depart,1725,283.0,89.8,,,,
2026-05-13,15:41:46,TCV607,OK-SWH,Boeing 737 MAX 8,Smartwings,takeoff,depart,1125,315.0,92.3,,,,
2026-05-13,15:44:45,TAP836A,CS-TJE,Airbus A321,TAP Air Portugal,takeoff,depart,1350,300.6,93.1,,,,
2026-05-13,15:48:26,4ca702,EI-EBE,Boeing 737-800,Ryanair,takeoff,depart,1875,299.3,92.8,,,,
2026-05-13,15:51:56,4d223a,9H-QCG,Boeing 737-800,Malta Air,takeoff,depart,1525,310.2,93.6,,,,
2026-05-13,15:58:00,TAP1124,CS-TPZ,Embraer E190,TAP Air Portugal,takeoff,depart,1750,298.0,92.4,,,,
2026-05-13,16:00:19,TAP436,CS-TNS,Airbus A320,TAP Air Portugal,takeoff,depart,1300,298.4,97.4,,,,
2026-05-13,16:04:09,4d211c,9H-IRI,C56X,,approach,arrivee,650,145.2,89.1,,,,
2026-05-13,16:06:30,4868bc,PH-AXN,Airbus A321neo,KLM,takeoff,depart,1500,290.4,92.6,,,,
2026-05-13,16:08:33,RYR1LX,9H-QEJ,Boeing 737-800,Malta Air,takeoff,depart,1400,313.9,88.5,,,,
2026-05-13,16:13:16,4010ea,G-EZBV,Airbus A319,easyJet,takeoff,depart,1225,294.5,95.3,,,,
2026-05-13,16:19:51,AFR99MY,F-HBNH,Airbus A320,Air France,takeoff,depart,1475,305.8,93.0,,,,
2026-05-13,16:23:06,440da5,OE-IDS,Airbus A320,easyJet Europe,takeoff,depart,1325,299.3,93.3,,,,
2026-05-13,16:25:12,EJU37GM,OE-LSJ,Airbus A320neo,Vueling,takeoff,depart,1875,329.5,87.8,,,,
2026-05-13,16:27:37,4b181a,HB-JDI,Airbus A320neo,Swiss,takeoff,depart,1300,288.2,95.8,,,,
2026-05-13,16:30:26,4952c9,CS-TVI,Airbus A320neo,TAP Air Portugal,takeoff,depart,1450,277.6,93.5,,,,
2026-05-13,16:33:04,TAP3960,CS-TPS,Embraer E190,TAP Air Portugal,takeoff,depart,1400,278.9,93.9,,,,
2026-05-13,16:35:45,406ae3,G-EUYW,Airbus A320,British Airways,takeoff,depart,1525,271.3,92.7,,,,
2026-05-13,16:38:28,TAP44BR,CS-TNR,Airbus A320,TAP Air Portugal,takeoff,depart,1400,295.8,90.6,,,,
2026-05-13,16:50:40,4d2214,9H-QEF,Boeing 737-800,Malta Air,landing,arrivee,525,280.6,99.0,,,,
2026-05-13,16:53:22,TAP1137,CS-TPR,Embraer E190,TAP Air Portugal,landing,arrivee,525,253.2,96.1,,,,
2026-05-13,16:55:47,TAP1824,CS-TJO,Airbus A321neo,TAP Air Portugal,landing,arrivee,550,250.8,89.0,,,,
2026-05-13,16:58:10,490d0d,CS-CHM,Challenger 350,NetJets,landing,arrivee,575,241.5,83.5,,,,
2026-05-13,17:00:21,4d2250,9H-QEM,Boeing 737-800,Malta Air,landing,arrivee,525,273.9,96.8,,,,
2026-05-13,17:03:30,AXY364A,9H-WFC,Legacy 600,Air X Charter,landing,arrivee,475,258.0,95.1,,,,
2026-05-13,17:06:05,TAP10NL,CS-TXI,Airbus A321neo,TAP Air Portugal,landing,arrivee,525,273.2,96.2,,,,
2026-05-13,17:08:31,4952ca,CS-TVJ,Airbus A320neo,TAP Air Portugal,landing,arrivee,575,270.8,90.5,,,,
2026-05-13,17:14:18,RYR76WW,9H-VVI,Boeing 737 MAX 8,Malta Air,landing,arrivee,475,288.0,97.3,,,,
2026-05-13,17:16:12,RYR67UV,9H-QBP,Boeing 737-800,Malta Air,landing,arrivee,500,293.0,93.4,,,,
2026-05-13,17:24:40,RYR68VC,SP-RZP,Boeing 737 MAX 8,Buzz,landing,arrivee,500,286.5,98.5,,,,
2026-05-13,17:27:39,TAP15NC,CS-TXD,Airbus A321neo,TAP Air Portugal,landing,arrivee,525,257.2,86.3,,,,
2026-05-13,17:31:49,EJU15PC,OE-LSV,Airbus A320neo,easyJet Europe,landing,arrivee,525,274.5,95.6,,,,
2026-05-13,17:34:26,471f03,HA-LTJ,Airbus A321,SAS Scandinavian,landing,arrivee,475,265.6,96.6,,,,
2026-05-13,17:37:44,4952cb,CS-TVK,Airbus A320neo,TAP Air Portugal,landing,arrivee,550,257.2,96.9,,,,
2026-05-13,17:42:09,3c54a3,D-AEEC,Airbus A321,Eurowings,landing,arrivee,525,263.2,97.3,,,,
2026-05-13,17:46:04,3475c9,EC-OCT,Airbus A321,TAP Air Portugal,landing,arrivee,550,277.2,92.4,,,,
2026-05-13,17:48:41,EJU45HZ,OE-IBF,Airbus A320,easyJet Europe,landing,arrivee,500,262.4,99.6,,,,
2026-05-13,17:51:07,47c0d9,LN-FGI,Boeing 737 MAX 8,Norwegian Air Sweden AOC AB,landing,arrivee,500,289.7,95.2,,,,
2026-05-13,17:53:43,4d22ad,9H-LMG,Airbus A320,Lauda Europe,takeoff,depart,725,272.4,94.7,,,,
2026-05-13,17:55:46,9HGME,9H-IRI,C56X,,takeoff,depart,700,214.1,77.5,,,,
2026-05-13,17:56:48,AFR24MF,F-HPNO,Airbus A220-300,Air France,landing,arrivee,475,243.2,92.4,,,,
2026-05-13,17:59:27,RAM982,CN-RGW,Boeing 737-800,Royal Air Maroc,landing,arrivee,500,280.6,95.9,,,,
2026-05-13,18:08:21,RYR85MR,9H-LMG,Airbus A320,Lauda Europe,landing,arrivee,525,253.2,99.5,,,,
2026-05-13,18:10:49,RYR29TL,EI-EMM,Boeing 737-800,Ryanair,landing,arrivee,475,295.4,97.0,,,,
2026-05-13,18:13:04,4cafc3,EI-GXH,Boeing 737-800,Ryanair,landing,arrivee,525,275.6,94.4,,,,
2026-05-13,18:15:48,IBE05RP,EC-NTP,Airbus A320neo,Iberia,landing,arrivee,525,244.8,96.1,,,,
2026-05-13,18:18:21,34440b,EC-LVV,Airbus A320,Vueling,landing,arrivee,525,265.6,93.5,,,,
2026-05-13,18:20:50,TVF90KW,F-HUYU,Boeing 737-800,Transavia France,landing,arrivee,525,278.2,92.8,,,,
2026-05-13,18:24:22,495211,CS-TPQ,Embraer E190,TAP Air Portugal,landing,arrivee,525,236.7,92.8,,,,
2026-05-13,18:27:14,49526d,CS-TSM,Airbus A320,TAP Air Portugal,landing,arrivee,600,242.4,84.3,,,,
2026-05-13,18:30:03,495216,CS-TPV,Embraer E190,TAP Air Portugal,landing,arrivee,575,235.6,70.8,,,,
2026-05-13,18:32:58,495037,CS-TAW,Embraer E195,TAP Air Portugal,landing,arrivee,550,263.2,92.4,,,,
2026-05-13,18:35:13,TVF72AP,F-HTVF,Boeing 737-800,Transavia France,landing,arrivee,525,274.1,92.2,,,,
2026-05-13,18:38:26,TAP1906,CS-TTX,Embraer E195,TAP Air Portugal,landing,arrivee,525,246.7,99.1,,,,
2026-05-13,18:41:21,49514c,CS-TJL,Airbus A321neo,TAP Air Portugal,landing,arrivee,550,267.2,93.6,,,,
2026-05-13,18:44:37,TAP1931,CS-TPS,Embraer E190,TAP Air Portugal,landing,arrivee,500,243.2,97.8,,,,
2026-05-13,18:56:24,440af4,OE-IWB,Boeing 737-800,Iberia,landing,arrivee,550,253.9,92.0,,,,
2026-05-13,19:00:23,486898,PH-AXM,Airbus A321neo,KLM,landing,arrivee,625,274.8,79.3,,,,
2026-05-13,19:03:42,34745a,EC-NZN,Boeing 737-800,Air Europa,landing,arrivee,525,278.9,93.3,,,,
2026-05-13,19:06:56,UAE5M,A6-ENR,Boeing 777-300ER,Emirates,landing,arrivee,525,266.3,94.7,,,,
2026-05-13,19:10:20,4ca226,EI-DCJ,Boeing 737-800,Ryanair,landing,arrivee,550,276.5,95.3,,,,
2026-05-13,19:13:45,NJE593P,CS-LTK,Citation Latitude,NetJets,landing,arrivee,550,201.7,89.9,,,,
2026-05-13,19:16:18,BEL2DT,OO-SNB,Airbus A320,Brussels Airlines,landing,arrivee,575,256.5,87.7,,,,
2026-05-13,19:21:24,TAP825,CS-TNU,Airbus A320,TAP Air Portugal,landing,arrivee,550,261.5,98.8,,,,
2026-05-13,19:25:33,EJU71TK,OE-IVI,Airbus A320,easyJet Europe,landing,arrivee,550,257.2,93.0,,,,
2026-05-13,19:28:14,495218,CS-TPX,Embraer E190,TAP Air Portugal,landing,arrivee,525,258.0,90.7,,,,
2026-05-13,19:30:48,TAP1862,CS-TJM,Airbus A321neo,TAP Air Portugal,landing,arrivee,550,267.2,98.5,,,,
2026-05-13,19:33:37,EJU67HP,OE-LQZ,Airbus A319,easyJet Europe,landing,arrivee,550,252.4,90.7,,,,
2026-05-13,19:37:41,4952c8,CS-TVH,Airbus A320neo,TAP Air Portugal,landing,arrivee,550,250.8,98.9,,,,
2026-05-13,19:40:48,49521A,,,,unknown,,0,0.0,0.0,,,,
2026-05-13,19:43:24,TRA951N,PH-CDP,Boeing 737 MAX 9,Transavia,landing,arrivee,550,282.4,93.3,,,,
2026-05-13,19:46:02,TAP35BL,CS-TAX,Embraer E195,TAP Air Portugal,landing,arrivee,500,260.0,95.9,,,,
2026-05-13,19:49:03,IBE0537,EC-IZR,Airbus A320,Iberia,landing,arrivee,525,252.4,98.4,,,,
2026-05-13,19:51:31,EJU89NC,OE-IDO,Airbus A320,easyJet Europe,landing,arrivee,525,260.8,99.2,,,,
2026-05-13,19:54:10,495219,CS-TPY,Embraer E190,TAP Air Portugal,landing,arrivee,500,231.5,99.0,,,,
2026-05-13,19:56:48,4d241c,9H-WAG,Airbus A321neo,Wizz Air,landing,arrivee,550,251.5,97.4,,,,
2026-05-13,20:02:37,4cad12,EI-HGZ,Boeing 737 MAX 8,Ryanair,landing,arrivee,525,277.2,91.2,,,,
2026-05-13,20:08:21,495150,CS-TJP,Airbus A321neo,TAP Air Portugal,landing,arrivee,575,245.6,93.9,,,,
2026-05-13,20:11:02,3424d1,EC-JYX,Airbus A320,Vueling,landing,arrivee,525,244.8,99.4,,,,
2026-05-13,20:13:35,TAP94VA,CS-TJI,Airbus A321neo,TAP Air Portugal,landing,arrivee,550,268.9,99.9,,,,
2026-05-13,20:16:01,KAL921,HL8083,Boeing 787-9,Korean Air,landing,arrivee,550,264.8,98.7,,,,
2026-05-13,20:18:50,4952c7,CS-TVG,Airbus A320neo,TAP Air Portugal,landing,arrivee,575,236.7,90.8,,,,
2026-05-13,20:21:18,4cae8d,EI-IKK,Boeing 737 MAX 8,Ryanair,landing,arrivee,550,277.6,92.2,,,,
2026-05-13,20:23:49,DTA652,D2-TEJ,Boeing 777-300ER,TAAG Angola Airlines,landing,arrivee,550,264.8,96.5,,,,
2026-05-13,20:26:36,TAP1019,CS-TXE,Airbus A321neo,TAP Air Portugal,landing,arrivee,550,265.6,96.8,,,,
2026-05-13,20:29:26,4d204b,9H-WNX,Airbus A321neo,Wizz Air,landing,arrivee,550,241.5,95.6,,,,
2026-05-13,20:30:57,TAP69UX,CS-TVN,Airbus A320neo,TAP Air Portugal,landing,arrivee,575,264.8,91.5,,,,
2026-05-13,20:37:46,TAP563,CS-TNQ,Airbus A320,TAP Air Portugal,landing,arrivee,525,264.8,98.0,,,,
2026-05-13,20:43:12,TAP93ZS,CS-TVQ,Airbus A320neo,TAP Air Portugal,landing,arrivee,550,263.2,99.6,,,,
2026-05-13,20:49:08,TAP871,CS-TAY,Embraer E195,TAP Air Portugal,landing,arrivee,525,254.8,98.3,,,,
2026-05-13,20:52:21,BAW506,G-NEOX,Airbus A321neo,British Airways,landing,arrivee,550,251.5,98.6,,,,
2026-05-13,20:54:38,RYR4ZF,EI-GSG,Boeing 737-800,Ryanair,landing,arrivee,550,273.2,91.1,,,,
2026-05-13,20:57:12,RYR5BP,9H-QCD,Boeing 737-800,Malta Air,landing,arrivee,550,273.9,97.8,,,,
2026-05-13,21:04:05,495148,CS-TJH,Airbus A321,TAP Air Portugal,landing,arrivee,550,268.0,90.9,,,,
2026-05-13,21:07:54,TAP1692,CS-TNX,Airbus A320,TAP Air Portugal,landing,arrivee,550,260.8,96.2,,,,
2026-05-13,21:10:41,RYR5KT,9H-QEJ,Boeing 737-800,Malta Air,landing,arrivee,475,268.9,97.2,,,,
2026-05-13,21:14:44,495170,CS-TKP,Airbus A320,TAP Air Portugal,landing,arrivee,550,241.5,91.3,,,,
2026-05-13,21:18:01,TAP37CN,CS-TPT,Embraer E190,TAP Air Portugal,landing,arrivee,550,226.7,99.6,,,,
2026-05-13,21:20:49,EIN4PT,EI-DVL,Airbus A320,Aer Lingus,landing,arrivee,525,247.2,88.0,,,,
2026-05-13,21:23:48,738068,4X-EKI,Boeing 737-800,El Al,landing,arrivee,525,288.2,95.8,,,,
2026-05-13,21:25:46,4074b8,G-UZHH,Airbus A320neo,easyJet,landing,arrivee,575,258.9,89.4,,,,
2026-05-13,21:28:25,4d2286,9H-QDP,Boeing 737-800,Malta Air,landing,arrivee,525,273.9,85.0,,,,
2026-05-13,21:31:17,495279,CS-TSY,Airbus A320,TAP Air Portugal,landing,arrivee,575,233.2,91.9,,,,
2026-05-13,21:36:00,TAP67U,CS-TVR,Airbus A320neo,TAP Air Portugal,landing,arrivee,550,263.9,97.9,,,,
2026-05-13,21:38:48,TAP827V,CS-TNW,Airbus A320,TAP Air Portugal,landing,arrivee,550,252.4,91.0,,,,
2026-05-13,21:40:38,TAP76EN,CS-TNK,Airbus A320,TAP Air Portugal,landing,arrivee,525,250.8,99.3,,,,
2026-05-13,21:43:47,WJA32,CA-GTSW,Boeing 737 MAX 8,WestJet,landing,arrivee,550,275.6,90.7,,,,
2026-05-13,21:46:34,4951d3,CS-TNS,Airbus A320,TAP Air Portugal,landing,arrivee,600,250.8,91.2,,,,
2026-05-13,21:49:09,VOE54GD,EC-NTL,Airbus A320,Volotea,landing,arrivee,575,234.3,84.2,,,,
2026-05-13,21:51:46,FIA5811,ER-00004,Airbus A320,Fly One,landing,arrivee,525,250.8,84.2,,,,
2026-05-13,21:55:00,4bb875,TC-NCU,Airbus A320neo,Pegasus,landing,arrivee,525,227.4,95.6,,,,
2026-05-13,21:58:11,EJU74LC,OE-LSJ,Airbus A320neo,Vueling,landing,arrivee,550,258.9,93.8,,,,
2026-05-13,22:00:40,TAP5AS,CS-TNT,Airbus A320,TAP Air Portugal,landing,arrivee,550,250.8,89.7,,,,
2026-05-13,22:03:36,TAP1933,CS-TTZ,Embraer E195,TAP Air Portugal,landing,arrivee,550,243.2,92.2,,,,
2026-05-13,22:06:04,RYR2JL,EI-IGL,Boeing 737 MAX 8,Ryanair,landing,arrivee,475,273.2,96.7,,,,
2026-05-13,22:08:52,440195,OE-IZG,Airbus A320,easyJet Europe,landing,arrivee,550,253.9,89.6,,,,
2026-05-13,22:11:17,46d0a3,SX-TEC,Airbus A320neo,Swiss,landing,arrivee,575,246.7,86.6,,,,
2026-05-13,22:13:39,452124,LZ-ROM,A220-300,Bulgaria Air,landing,arrivee,525,248.4,85.9,,,,
2026-05-13,22:15:55,TAP837,CS-TJE,Airbus A321,TAP Air Portugal,landing,arrivee,525,250.0,98.2,,,,
2026-05-13,22:18:54,EJU95BR,OE-IDX,Airbus A320,easyJet Europe,landing,arrivee,550,234.8,95.8,,,,
2026-05-13,22:24:27,39ceac,F-HTVM,Boeing 737-800,Transavia France,landing,arrivee,525,273.2,94.7,,,,
2026-05-13,22:32:29,3c64a3,D-AIEC,Airbus A321neo,Lufthansa,landing,arrivee,575,251.5,80.2,,,,
2026-05-13,22:35:05,440d10,OE-IBS,Airbus A320,easyJet Europe,approach,arrivee,575,0.0,87.6,,,,
2026-05-13,22:38:08,4867c2,PH-AXG,Airbus A321neo,KLM,landing,arrivee,525,264.8,89.1,,,,
2026-05-13,22:40:52,TAP555,CS-TNN,Airbus A320,TAP Air Portugal,landing,arrivee,525,258.9,90.3,,,,
2026-05-13,22:43:42,4952c3,CS-TVC,Airbus A320neo,TAP Air Portugal,landing,arrivee,525,238.4,98.5,,,,
2026-05-13,22:46:33,TAP21MM,CS-TPO,Embraer E190,TAP Air Portugal,landing,arrivee,500,229.5,98.2,,,,
2026-05-13,22:48:47,440075,OE-LSV,Airbus A320neo,easyJet Europe,landing,arrivee,550,260.0,87.2,,,,
2026-05-13,22:51:44,TAP645,CS-TNR,Airbus A320,TAP Air Portugal,landing,arrivee,525,242.4,94.7,,,,
2026-05-13,22:54:39,DLH34J,D-AIJC,Airbus A320neo,Lufthansa,landing,arrivee,525,240.0,98.3,,,,
2026-05-13,22:57:11,46b82d,SX-NAM,Airbus A321,Aegean Airlines,landing,arrivee,575,262.2,87.0,,,,
2026-05-13,22:59:10,3991e8,F-HEPI,Airbus A320,Air France,landing,arrivee,575,258.4,83.0,,,,
2026-05-13,23:01:12,49514b,CS-TJK,Airbus A321neo,TAP Air Portugal,landing,arrivee,525,260.0,91.2,,,,
2026-05-13,23:03:45,RYR65MU,9H-QAO,Boeing 737-800,Malta Air,landing,arrivee,500,268.2,93.4,,,,
2026-05-13,23:05:25,EJU86ME,OE-IDU,Airbus A320,easyJet Europe,landing,arrivee,525,249.8,99.6,,,,
2026-05-13,23:07:59,EJU7690,OE-IBF,Airbus A320,easyJet Europe,landing,arrivee,575,244.8,85.2,,,,
2026-05-13,23:11:45,4951ca,CS-TNJ,Airbus A320,TAP Air Portugal,landing,arrivee,525,230.8,97.0,,,,
2026-05-13,23:14:00,39d304,F-HUYE,Boeing 737-800,Transavia France,landing,arrivee,550,273.9,89.0,,,,
2026-05-13,23:16:44,34134e,EC-HUI,Airbus A321,Iberia,cruise,,575,0.0,94.4,,,,
2026-05-13,23:26:35,SWR755L,HB-JPE,Airbus A321neo,Swiss,landing,arrivee,600,245.9,81.7,,,,
2026-05-13,23:29:01,EJU49AN,OE-LUE,Airbus A320neo,easyJet Europe,landing,arrivee,525,263.9,99.9,,,,
2026-05-13,23:31:06,DLH23C,D-AIDE,Airbus A321,Lufthansa,landing,arrivee,525,253.9,95.6,,,,
2026-05-13,23:33:10,THY2ES,TC-LPY,Airbus A321neo,Turkish Airlines,landing,arrivee,525,242.4,98.3,,,,
2026-05-13,23:36:01,TAP57W,CS-TVB,Airbus A320neo,TAP Air Portugal,landing,arrivee,525,225.0,98.9,,,,
2026-05-13,23:38:25,406250,G-EUYI,Airbus A320,British Airways,landing,arrivee,550,240.8,97.5,,,,
2026-05-13,23:41:08,TAP39PT,EC-OCT,Airbus A321,TAP Air Portugal,landing,arrivee,525,233.2,98.4,,,,
2026-05-13,23:43:39,49514e,CS-TJN,Airbus A321neo,TAP Air Portugal,landing,arrivee,575,254.7,84.7,,,,
2026-05-13,23:46:16,4d24ca,9H-VVI,Boeing 737 MAX 8,Malta Air,landing,arrivee,500,257.2,97.1,,,,
2026-05-14,00:13:20,4952c9,CS-TVI,Airbus A320neo,TAP Air Portugal,landing,arrivee,600,229.5,88.8,,,,
2026-05-14,00:52:29,RZO128,CS-TSK,Airbus A320,TAP Air Portugal,landing,arrivee,525,231.5,91.6,,,,
2026-05-14,02:08:42,4d2106,,,,cruise,,850,126.9,90.1,,,,
2026-05-14,04:15:13,TAP074,CS-TUJ,Airbus A330-900neo,TAP Air Portugal,landing,arrivee,575,255.2,94.4,,,,
2026-05-14,04:43:13,TAP082,CS-TUQ,Airbus A330-900neo,TAP Air Portugal,landing,arrivee,600,249.1,96.0,,,,
2026-05-14,05:06:15,TAP1528,CS-TXA,Airbus A321neo,TAP Air Portugal,landing,arrivee,600,260.8,83.2,,,,
2026-05-14,05:20:00,49521a,CS-TPZ,Embraer E190,TAP Air Portugal,landing,arrivee,600,217.4,84.2,,,,
2026-05-14,05:28:20,TAP1484,CS-TVH,Airbus A320neo,TAP Air Portugal,landing,arrivee,625,249.1,91.3,,,,
2026-05-14,05:30:11,49530d,CS-TXM,Airbus A321,TAP Air Portugal,landing,arrivee,625,260.8,92.5,,,,
2026-05-14,05:46:08,TAP218,CS-TXH,Airbus A321neo,TAP Air Portugal,landing,arrivee,600,260.8,95.2,,,,
2026-05-14,05:48:07,TAP258,CS-TXL,Airbus A321neo,TAP Air Portugal,landing,arrivee,650,242.4,94.7,,,,
2026-05-14,05:51:12,4952ad,CS-TUM,Airbus A330-900neo,TAP Air Portugal,landing,arrivee,625,246.7,95.5,,,,
2026-05-14,05:53:52,TAP1937,CS-TNN,Airbus A320,TAP Air Portugal,landing,arrivee,625,240.8,83.2,,,,
2026-05-14,06:24:42,TAP11VP,CS-TPT,Embraer E190,TAP Air Portugal,landing,arrivee,600,214.1,99.1,,,,
2026-05-14,06:27:55,440d4c,OE-IXJ,Boeing 737-800,Iberia,landing,arrivee,550,263.9,95.7,,,,
2026-05-14,06:31:18,4951d8,CS-TNX,Airbus A320,TAP Air Portugal,landing,arrivee,625,245.9,85.5,,,,
2026-05-14,06:35:17,4952d1,CS-TVQ,Airbus A320neo,TAP Air Portugal,landing,arrivee,600,237.4,95.4,,,,
2026-05-14,06:37:17,TAP1097,CS-TTX,Embraer E195,TAP Air Portugal,landing,arrivee,600,236.3,97.7,,,,
2026-05-14,06:46:44,4952ce,CS-TVN,Airbus A320neo,TAP Air Portugal,landing,arrivee,625,251.5,91.1,,,,
2026-05-14,06:49:37,N478GS,N478GS,GIV SP,Unknown US,landing,arrivee,625,246.7,98.3,,,,
2026-05-14,06:52:25,DTA650,D2-TEK,Boeing 777-300ER,TAAG Angola Airlines,landing,arrivee,625,249.1,92.0,,,,
2026-05-14,06:55:14,4951d3,CS-TNS,Airbus A320,TAP Air Portugal,landing,arrivee,650,244.6,90.2,,,,
2026-05-14,06:58:07,AEA1159,EC-MJU,Boeing 737-800,Air Europa,landing,arrivee,575,260.0,97.0,,,,
2026-05-14,07:00:49,e48ba8,PT-MUE,Boeing 777-300ER,LATAM Airlines,landing,arrivee,625,253.2,93.7,,,,
2026-05-14,07:04:16,4952a4,CS-TUD,Airbus A330-900neo,TAP Air Portugal,landing,arrivee,600,240.8,93.0,,,,
2026-05-14,07:07:03,TSC680,C-GOIE,Airbus A321neo,Air Transat,landing,arrivee,575,243.2,96.5,,,,
2026-05-14,07:09:45,TAP98CX,CS-TJP,Airbus A321neo,TAP Air Portugal,landing,arrivee,575,263.2,99.6,,,,
2026-05-14,07:12:28,4952cc,CS-TVL,Airbus A320,TAP Air Portugal,landing,arrivee,600,258.4,95.0,,,,
2026-05-14,07:15:50,45ce4f,OY-SRO,767 25EBDSF,Star Air,landing,arrivee,625,225.8,94.7,,,,
2026-05-14,07:21:25,IBE05TR,EC-NZP,Airbus A320,Iberia,landing,arrivee,600,250.0,85.2,,,,
2026-05-14,07:32:29,4950e4,CS-TGD,Airbus A330-200,Azul,landing,arrivee,650,258.4,93.6,,,,
2026-05-14,07:40:40,TAP945,CS-TJL,Airbus A321neo,TAP Air Portugal,landing,arrivee,600,263.2,88.0,,,,
2026-05-14,07:43:54,TAP27UZ,CS-TPQ,Embraer E190,TAP Air Portugal,landing,arrivee,550,232.4,99.0,,,,
2026-05-14,07:46:19,TAP9ML,CS-TNU,Airbus A320,TAP Air Portugal,landing,arrivee,625,238.2,91.6,,,,
2026-05-14,07:49:21,TAP1939,CS-TPS,Embraer E190,TAP Air Portugal,landing,arrivee,600,236.7,92.4,,,,
2026-05-14,07:51:58,BLAST04,26902,E390,,landing,arrivee,675,231.5,90.7,,,,
2026-05-14,07:54:43,4952a5,CS-TUE,Airbus A330-900neo,TAP Air Portugal,landing,arrivee,675,252.2,89.1,,,,
2026-05-14,07:57:35,4951d1,CS-TNQ,Airbus A320,TAP Air Portugal,landing,arrivee,625,248.0,85.9,,,,
2026-05-14,08:00:24,3443d2,EC-LUO,Airbus A320,Vueling,landing,arrivee,625,263.2,86.9,,,,
2026-05-14,08:03:20,TAP9RH,CS-TNV,Airbus A320,TAP Air Portugal,landing,arrivee,625,242.4,93.8,,,,
2026-05-14,08:06:20,TAP647,CS-TNM,Airbus A320,TAP Air Portugal,landing,arrivee,575,253.9,98.8,,,,
2026-05-14,08:09:04,TAP8RL,CS-TTS,Airbus A319,TAP Air Portugal,landing,arrivee,625,236.3,86.2,,,,
2026-05-14,08:11:47,TAP575,CS-TVD,Airbus A320neo,TAP Air Portugal,landing,arrivee,625,253.9,97.0,,,,
2026-05-14,08:14:33,TAP557H,CS-TVJ,Airbus A320neo,TAP Air Portugal,landing,arrivee,575,237.4,88.8,,,,
2026-05-14,08:17:24,4d2238,9H-QCN,Boeing 737-800,Malta Air,landing,arrivee,575,263.2,96.9,,,,
2026-05-14,08:20:22,DAL272,N409DX,Airbus A330-900neo,Delta Air Lines,landing,arrivee,575,254.8,97.9,,,,
2026-05-14,08:23:07,UAL64,N91007,Boeing 787-10,United Airlines,landing,arrivee,575,270.8,97.1,,,,
2026-05-14,08:26:10,3c5421,D-AEAA,A300 B4-622RF,Lufthansa,landing,arrivee,600,240.0,96.9,,,,
2026-05-14,08:28:44,495153,CS-TJS,Airbus A321neo,TAP Air Portugal,landing,arrivee,600,255.9,96.3,,,,
2026-05-14,08:31:15,AAL258,N825AA,Boeing 787-9,American Airlines,landing,arrivee,600,268.2,97.3,,,,
2026-05-14,08:34:29,JSD892,HA-SCU,Citation VI,Jet-Stream Ltd,landing,arrivee,550,219.5,91.5,,,,
2026-05-14,08:36:28,RYR4XW,9H-QFB,Boeing 737-800,Malta Air,landing,arrivee,575,268.2,93.5,,,,
2026-05-14,08:39:23,VLG46AX,EC-MBS,Airbus A320,Vueling,landing,arrivee,625,257.2,83.0,,,,
2026-05-14,08:42:19,c075cc,C-GSPV,GLEX,,landing,arrivee,600,223.4,97.8,,,,
2026-05-14,08:44:46,TAP757P,CS-TVA,Airbus A320neo,TAP Air Portugal,landing,arrivee,600,256.5,98.7,,,,
2026-05-14,08:47:44,3950cd,F-GUGN,A318 111,Air France,landing,arrivee,650,231.1,86.1,,,,
2026-05-14,08:50:06,39ceb4,F-HTVU,Boeing 737-800,Transavia France,landing,arrivee,600,263.2,88.5,,,,
2026-05-14,08:52:59,TAP63GL,CS-TVF,Airbus A320neo,TAP Air Portugal,landing,arrivee,600,249.1,98.6,,,,
2026-05-14,08:55:31,EWG37V,OK-TVT,Boeing 737-800,Eurowings,landing,arrivee,575,259.7,93.7,,,,
2026-05-14,08:57:39,EZY47LC,G-UZLC,Airbus A320neo,easyJet,landing,arrivee,600,250.0,98.9,,,,
2026-05-14,09:02:40,4d211c,9H-IRI,C56X,,approach,arrivee,525,69.8,87.9,,,,
2026-05-14,09:04:54,49514a,CS-TJJ,Airbus A321neo,TAP Air Portugal,landing,arrivee,625,254.1,79.8,,,,
2026-05-14,09:06:57,EJU71TK,OE-IVI,Airbus A320,easyJet Europe,landing,arrivee,575,253.9,92.0,,,,
2026-05-14,09:09:45,RYR98HW,EI-HET,Boeing 737 MAX 8,Ryanair,landing,arrivee,575,268.2,91.0,,,,
2026-05-14,09:12:34,ACA812,C-GFAF,Airbus A330-300,Air Canada,landing,arrivee,575,245.9,97.8,,,,
2026-05-14,09:15:25,49514f,CS-TJO,Airbus A321neo,TAP Air Portugal,landing,arrivee,625,229.1,75.8,,,,
2026-05-14,09:18:23,49530a,CS-TXJ,Airbus A321neo,TAP Air Portugal,landing,arrivee,600,225.0,98.2,,,,
2026-05-14,09:20:40,4952b3,CS-TUS,Airbus A330-900neo,TAP Air Portugal,takeoff,depart,1675,274.8,90.7,,,,
2026-05-14,09:27:03,TSC480,C-GUBL,Airbus A330-200,Air Transat,landing,arrivee,575,236.3,95.9,,,,
2026-05-14,09:29:54,EZY79RV,G-UZHI,Airbus A320neo,easyJet,landing,arrivee,625,225.8,88.3,,,,
2026-05-14,09:39:45,495149,CS-TJI,Airbus A321neo,TAP Air Portugal,landing,arrivee,625,253.9,85.9,,,,
2026-05-14,09:42:08,NSZ3616,SE-RPK,Boeing 737-800,Norwegian Air Sweden,landing,arrivee,625,268.2,83.3,,,,
2026-05-14,09:45:57,4076e2,G-NEOT,Airbus A321neo,British Airways,landing,arrivee,625,243.9,78.3,,,,
2026-05-14,09:51:03,4952cb,CS-TVK,Airbus A320neo,TAP Air Portugal,landing,arrivee,600,245.6,97.5,,,,
2026-05-14,09:56:15,TAP088,CS-TUA,Airbus A330-900neo,TAP Air Portugal,landing,arrivee,575,247.2,96.9,,,,
2026-05-14,09:59:19,TAP216L,CS-TXI,Airbus A321neo,TAP Air Portugal,landing,arrivee,600,256.5,99.5,,,,
2026-05-14,10:02:33,TAP012,CS-TOO,Airbus A330-200,TAP Air Portugal,landing,arrivee,600,243.2,95.9,,,,
2026-05-14,10:05:19,THY3WE,TC-LSH,Airbus A321neo,Turkish Airlines,landing,arrivee,650,228.2,88.8,,,,
2026-05-14,10:08:18,4952b2,CS-TUR,Airbus A330-900neo,TAP Air Portugal,landing,arrivee,625,251.5,97.3,,,,
2026-05-14,10:11:21,JME750A,,,,landing,arrivee,600,201.7,75.2,,,,
2026-05-14,10:13:59,AZU8752,PR-ANZ,Airbus A330-900neo,Azul,landing,arrivee,600,241.5,95.5,,,,
2026-05-14,10:16:42,TAP11SV,CS-TAW,Embraer E195,TAP Air Portugal,landing,arrivee,575,241.7,99.9,,,,
2026-05-14,10:19:29,46b8b3,SX-NES,Airbus A320neo,Aegean Airlines,landing,arrivee,650,249.8,69.0,,,,
2026-05-14,10:22:23,EJU97VT,OE-IBS,Airbus A320,easyJet Europe,landing,arrivee,575,233.9,96.9,,,,
2026-05-14,10:25:08,4ca836,EI-GAL,Airbus A320,Aer Lingus,landing,arrivee,625,243.2,92.2,,,,
2026-05-14,10:27:48,RYR3WD,EI-IGL,Boeing 737 MAX 8,Ryanair,landing,arrivee,575,263.9,90.9,,,,
2026-05-14,10:30:41,497c84,,,,landing,arrivee,650,243.2,82.2,,,,
2026-05-14,10:33:29,ab2c0c,N819NW,Airbus A330-300,Delta Air Lines,approach,arrivee,625,240.4,84.8,,,,
2026-05-14,10:36:39,TAP13LH,CS-TVP,Airbus A320neo,TAP Air Portugal,landing,arrivee,600,235.6,97.0,,,,
2026-05-14,10:39:12,495304,CS-TXD,Airbus A321neo,TAP Air Portugal,landing,arrivee,600,257.2,97.4,,,,
2026-05-14,10:42:06,AEA1153,EC-NZN,Boeing 737-800,Air Europa,landing,arrivee,575,247.6,95.7,,,,
2026-05-14,10:44:53,ACA810,C-FIVM,Boeing 777-300ER,Air Canada,landing,arrivee,600,251.5,89.9,,,,
2026-05-14,10:47:43,4952a8,CS-TUH,Airbus A330-900neo,TAP Air Portugal,landing,arrivee,650,240.8,89.9,,,,
2026-05-14,10:50:30,495215,CS-TPU,Embraer E190,TAP Air Portugal,cruise,,650,0.0,91.6,,,,
2026-05-14,10:53:14,4d00f1,LX-LBR,Boeing 737-700,Luxair,landing,arrivee,600,242.4,90.6,,,,
2026-05-14,10:55:56,44cc43,OO-SBC,Airbus A320,Brussels Airlines,landing,arrivee,625,249.8,96.3,,,,
2026-05-14,10:58:45,48418d,PH-BXS,Boeing 737-900,Turkish Airlines,landing,arrivee,575,274.5,97.4,,,,
2026-05-14,11:01:38,TAP262M,CS-TXC,Airbus A321neo,TAP Air Portugal,landing,arrivee,600,264.1,98.1,,,,
2026-05-14,11:04:31,495216,CS-TPV,Embraer E190,TAP Air Portugal,landing,arrivee,600,231.1,95.0,,,,
2026-05-14,11:07:15,aad780,N798UA,Boeing 777-200,United Airlines,landing,arrivee,600,255.9,95.6,,,,
2026-05-14,11:09:55,39bb22,F-HOZC,Airbus A220-300,,landing,arrivee,650,232.8,78.7,,,,
2026-05-14,11:12:40,EJU74EF,OE-LSV,Airbus A320neo,easyJet Europe,landing,arrivee,575,251.5,99.0,,,,
2026-05-14,11:15:18,440cb1,OE-IZF,Airbus A320,easyJet Europe,landing,arrivee,600,248.4,87.2,,,,
2026-05-14,11:19:45,4951d8,CS-TNX,Airbus A320,TAP Air Portugal,takeoff,depart,1875,345.8,63.6,,,,
2026-05-14,11:23:57,TAP028,CS-TUB,Airbus A330-900neo,TAP Air Portugal,landing,arrivee,575,249.1,98.4,,,,
2026-05-14,11:30:36,49526b,CS-TSK,Airbus A320,TAP Air Portugal,landing,arrivee,625,258.4,93.5,,,,
2026-05-14,11:36:47,4951d4,CS-TNT,Airbus A320,TAP Air Portugal,landing,arrivee,625,239.8,90.8,,,,
2026-05-14,11:39:12,DLH39X,D-AIRN,Airbus A321,Lufthansa,landing,arrivee,575,268.9,88.7,,,,
2026-05-14,11:41:52,IBE05FV,EC-NFH,Airbus A320neo,Iberia,landing,arrivee,625,253.2,81.0,,,,
2026-05-14,11:46:15,4d21ef,9H-QAG,Boeing 737-800,Malta Air,landing,arrivee,600,261.7,86.9,,,,
2026-05-14,11:55:38,4867b0,PH-YHC,Airbus A321neo,Transavia,landing,arrivee,625,244.8,88.4,,,,
2026-05-14,11:59:28,RAM980E,CN-RNZ,Boeing 737-800,Royal Air Maroc,landing,arrivee,550,266.5,95.6,,,,
2026-05-14,12:01:53,TAP1902,CS-TTX,Embraer E195,TAP Air Portugal,landing,arrivee,650,249.8,91.8,,,,
2026-05-14,12:04:00,EJU32WQ,OE-LSJ,Airbus A320neo,Vueling,takeoff,depart,2725,333.0,76.3,,,,
2026-05-14,12:07:05,RYR95SN,9H-VVI,Boeing 737 MAX 8,Malta Air,landing,arrivee,550,278.2,95.5,,,,
2026-05-14,12:10:26,TAP234Y,CS-TXF,Airbus A321neo,TAP Air Portugal,landing,arrivee,600,264.8,97.6,,,,
2026-05-14,12:13:33,VJT551,9H-VFF,Challenger 605,VistaJet,landing,arrivee,600,229.8,99.0,,,,
2026-05-14,12:19:04,4cc57c,TF-IAC,Airbus A321neo,,landing,arrivee,625,255.6,90.6,,,,
2026-05-14,12:21:26,8963d2,A6-EPC,Boeing 777-300ER,Emirates,landing,arrivee,625,258.9,93.4,,,,
2026-05-14,12:24:47,TAM8148,CC-BGR,Boeing 787-9,LATAM Airlines,landing,arrivee,575,261.5,95.6,,,,
2026-05-14,12:27:53,EWG66L,D-AEWR,Airbus A320,Eurowings,landing,arrivee,675,249.1,88.0,,,,
2026-05-14,12:30:38,4951ee,CS-TON,Airbus A330-200,TAP Air Portugal,landing,arrivee,650,241.5,89.9,,,,
2026-05-14,12:33:35,EJU38DF,OE-IDO,Airbus A320,easyJet Europe,landing,arrivee,600,258.0,89.3,,,,
2026-05-14,12:36:27,EJU91FK,OE-LSO,Airbus A320,easyJet Europe,landing,arrivee,625,259.7,91.6,,,,
2026-05-14,12:39:12,RYR63TC,EI-GSG,Boeing 737-800,Ryanair,landing,arrivee,575,271.7,95.1,,,,
2026-05-14,12:42:06,495213,CS-TPS,Embraer E190,TAP Air Portugal,landing,arrivee,600,235.6,99.3,,,,
2026-05-14,12:44:55,495039,CS-TAY,Embraer E195,TAP Air Portugal,landing,arrivee,625,253.9,86.3,,,,
2026-05-14,12:47:47,440db0,OE-IDX,Airbus A320,easyJet Europe,landing,arrivee,600,239.1,96.0,,,,
2026-05-14,12:50:32,495218,CS-TPX,Embraer E190,TAP Air Portugal,landing,arrivee,650,239.8,85.9,,,,
2026-05-14,12:53:22,440cf8,OE-IBF,Airbus A320,easyJet Europe,cruise,,675,0.0,83.7,,,,
2026-05-14,13:00:50,495217,CS-TPW,Embraer E190,TAP Air Portugal,landing,arrivee,625,240.8,90.9,,,,
2026-05-14,13:03:21,34440a,EC-LVT,Airbus A320,Vueling,landing,arrivee,650,257.2,83.7,,,,
2026-05-14,13:09:47,4408c9,OE-IJU,Airbus A320,easyJet Europe,landing,arrivee,650,252.4,91.7,,,,
2026-05-14,13:12:31,TAP1031,CS-TJH,Airbus A321,TAP Air Portugal,landing,arrivee,650,266.3,93.4,,,,
2026-05-14,13:15:08,4952ac,CS-TUL,Airbus A330-900neo,TAP Air Portugal,landing,arrivee,700,234.8,95.1,,,,
2026-05-14,13:17:41,39ceb0,F-HTVQ,Boeing 737-800,Transavia France,landing,arrivee,625,275.6,91.5,,,,
2026-05-14,13:20:29,4952c8,CS-TVH,Airbus A320neo,TAP Air Portugal,landing,arrivee,650,258.9,92.4,,,,
2026-05-14,13:23:17,4951cd,CS-TNM,Airbus A320,TAP Air Portugal,cruise,,700,0.0,70.8,,,,
2026-05-14,13:26:27,096023,D4-CCI,Boeing 737-700,Cabo Verde Airlines,takeoff,depart,600,232.4,97.8,,,,
2026-05-14,13:29:05,TAP641,CS-TNK,Airbus A320,TAP Air Portugal,landing,arrivee,650,249.1,91.8,,,,
2026-05-14,13:31:58,TAP823,CS-TJN,Airbus A321neo,TAP Air Portugal,landing,arrivee,650,268.2,98.5,,,,
2026-05-14,13:36:55,4b17ff,HB-JCH,C Series 300,Swiss,landing,arrivee,625,248.4,99.6,,,,
2026-05-14,13:39:43,TAP831,CS-TVM,Airbus A320neo,TAP Air Portugal,landing,arrivee,600,257.2,94.7,,,,
2026-05-14,13:42:18,440469,OE-ICR,Airbus A320,easyJet Europe,landing,arrivee,600,249.1,94.7,,,,
2026-05-14,13:44:46,TAP3961,CS-TXK,Airbus A321,TAP Air Portugal,landing,arrivee,625,264.1,87.5,,,,
2026-05-14,13:47:24,4080ea,G-TNEE,Airbus A321neo,British Airways,landing,arrivee,725,264.1,78.5,,,,
2026-05-14,13:52:17,TAP36GS,CS-TJM,Airbus A321neo,TAP Air Portugal,landing,arrivee,675,261.5,89.5,,,,
2026-05-14,13:54:44,4952c9,CS-TVI,Airbus A320neo,TAP Air Portugal,landing,arrivee,650,258.0,94.7,,,,
2026-05-14,13:57:34,TAP1860,CS-TVB,Airbus A320neo,TAP Air Portugal,landing,arrivee,625,230.8,96.2,,,,
2026-05-14,14:00:11,440072,OE-LSF,Airbus A320neo,easyJet Europe,approach,arrivee,675,229.1,89.2,,,,
2026-05-14,14:02:51,TAP88TM,CS-TVD,Airbus A320neo,TAP Air Portugal,landing,arrivee,625,253.2,97.5,,,,
2026-05-14,14:05:30,TAP1013,CS-TTW,Embraer E195,TAP Air Portugal,landing,arrivee,625,254.8,94.9,,,,
2026-05-14,14:08:20,495170,CS-TKP,Airbus A320,TAP Air Portugal,landing,arrivee,675,254.1,91.9,,,,
2026-05-14,14:10:44,TAP691P,CS-TNJ,Airbus A320,TAP Air Portugal,landing,arrivee,625,253.9,98.9,,,,
2026-05-14,14:13:21,RYR3663,EI-DHE,Boeing 737-800,Ryanair,landing,arrivee,600,277.2,93.5,,,,
2026-05-14,14:16:05,LOT425,SP-LVM,Boeing 737 MAX 8,LOT Polish Airlines,landing,arrivee,600,275.8,95.3,,,,
2026-05-14,14:18:53,486897,PH-AXL,Airbus A321neo,KLM,landing,arrivee,675,260.8,87.6,,,,
2026-05-14,14:25:47,4952ab,CS-TUK,Airbus A330-900neo,TAP Air Portugal,cruise,,725,0.0,85.8,,,,
2026-05-14,14:30:34,9HGME,9H-IRI,C56X,,approach,arrivee,650,144.6,93.2,,,,
2026-05-14,14:44:24,405631,G-EZDA,Airbus A319,easyJet,landing,arrivee,700,243.2,81.5,,,,
2026-05-14,14:46:54,440115,OE-LUE,Airbus A320neo,easyJet Europe,landing,arrivee,650,255.6,82.7,,,,
2026-05-14,14:49:35,4d2265,9H-QDL,Boeing 737-800,Malta Air,landing,arrivee,650,258.0,94.7,,,,
2026-05-14,14:52:20,4d21f1,9H-QAI,Boeing 737-800,Malta Air,landing,arrivee,600,263.9,95.1,,,,
2026-05-14,14:55:30,AFR37EQ,F-GKXS,Airbus A320,Air France,landing,arrivee,675,244.8,85.8,,,,
2026-05-14,14:58:39,SWR2BK,HB-JPC,Airbus A321,Swiss,landing,arrivee,650,244.3,96.5,,,,
2026-05-14,15:01:21,495269,CS-TSI,Airbus A321neo,TAP Air Portugal,landing,arrivee,650,260.8,97.9,,,,
2026-05-14,15:03:56,TAP941,CS-TJL,Airbus A321neo,TAP Air Portugal,landing,arrivee,700,265.8,89.3,,,,
2026-05-14,15:06:46,EJU81TJ,OE-IBS,Airbus A320,easyJet Europe,landing,arrivee,650,258.0,97.3,,,,
2026-05-14,15:09:48,347481,EC-NZR,Boeing 737-800,Air Europa,landing,arrivee,675,266.5,90.6,,,,
2026-05-14,15:12:27,495145,CS-TJE,Airbus A321,TAP Air Portugal,landing,arrivee,700,266.3,76.2,,,,
2026-05-14,15:15:16,FIN96W,OH-LZT,Airbus A321,Finnair,landing,arrivee,625,282.8,89.1,,,,
2026-05-14,15:20:03,DLH03H,D-AIDI,Airbus A321,Lufthansa,landing,arrivee,625,264.8,91.6,,,,
2026-05-14,15:24:53,4952ca,CS-TVJ,Airbus A320neo,TAP Air Portugal,landing,arrivee,700,235.9,98.8,,,,
2026-05-14,15:27:40,TAP571,CS-TVQ,Airbus A320neo,TAP Air Portugal,landing,arrivee,675,229.5,90.5,,,,
2026-05-14,15:31:56,TAP553R,CS-TXM,Airbus A321,TAP Air Portugal,landing,arrivee,675,246.7,90.5,,,,
2026-05-14,15:34:37,DLH47T,D-AISD,Airbus A321,Lufthansa,landing,arrivee,650,263.2,98.3,,,,
2026-05-14,15:38:06,TAP931L,CS-TVL,Airbus A320,TAP Air Portugal,landing,arrivee,625,253.5,98.2,,,,
2026-05-14,15:40:51,TAP1127,CS-TNS,Airbus A320,TAP Air Portugal,landing,arrivee,650,241.5,92.7,,,,
2026-05-14,15:43:44,4ba9cc,TC-JNL,Airbus A330-300,Turkish Airlines,landing,arrivee,700,255.9,89.9,,,,
2026-05-14,15:46:40,4d2246,9H-QEJ,Boeing 737-800,Malta Air,landing,arrivee,625,262.4,92.3,,,,
2026-05-14,15:50:22,3cc246,D-CAWK,Citation Latitude,Aerowest GmbH,landing,arrivee,675,172.6,75.5,,,,
2026-05-14,15:53:00,EZY46AK,G-EZPB,Airbus A320,easyJet,landing,arrivee,600,252.4,99.7,,,,
2026-05-14,15:55:35,TAP669,CS-TJP,Airbus A321neo,TAP Air Portugal,landing,arrivee,650,258.9,99.0,,,,
2026-05-14,15:58:18,EWG25P,D-AIDP,Airbus A321,Eurowings,landing,arrivee,625,250.8,97.5,,,,
2026-05-14,16:00:58,4951ce,CS-TNN,Airbus A320,TAP Air Portugal,landing,arrivee,675,262.4,90.2,,,,
2026-05-14,16:03:37,495301,CS-TXA,Airbus A321neo,TAP Air Portugal,landing,arrivee,750,253.9,84.7,,,,
2026-05-14,16:06:34,495293,CS-TTS,Airbus A319,TAP Air Portugal,landing,arrivee,700,243.9,91.6,,,,
2026-05-14,16:09:32,345388,EC-MPA,Bombardier CRJ-1000,Air Nostrum,landing,arrivee,675,229.1,81.8,,,,
2026-05-14,16:12:19,4952c6,CS-TVF,Airbus A320neo,TAP Air Portugal,landing,arrivee,675,244.8,94.7,,,,
2026-05-14,16:15:08,4952d2,CS-TVR,Airbus A320neo,TAP Air Portugal,landing,arrivee,675,241.5,97.7,,,,
2026-05-14,16:17:47,4952c7,CS-TVG,Airbus A320neo,TAP Air Portugal,cruise,,725,0.0,78.7,,,,
2026-05-14,16:20:26,TAP763,EC-OCT,Airbus A321,TAP Air Portugal,landing,arrivee,675,261.5,86.3,,,,
2026-05-14,16:23:47,TAP1137,CS-TPV,Embraer E190,TAP Air Portugal,landing,arrivee,650,247.2,96.2,,,,
2026-05-14,16:29:16,TAP433,CS-TJO,Airbus A321neo,TAP Air Portugal,landing,arrivee,650,246.7,85.9,,,,
2026-05-14,16:31:49,4cadbe,EI-IGL,Boeing 737 MAX 8,Ryanair,landing,arrivee,625,267.6,95.7,,,,
2026-05-14,16:35:00,4952a7,CS-TUG,Airbus A330-900neo,TAP Air Portugal,landing,arrivee,725,244.3,93.3,,,,
2026-05-14,16:37:48,39cea6,F-HTVG,Boeing 737-800,Transavia France,landing,arrivee,700,254.1,92.5,,,,
2026-05-14,16:41:31,TAP90EH,CS-TOO,Airbus A330-200,TAP Air Portugal,landing,arrivee,725,243.9,96.3,,,,
2026-05-14,16:44:38,RYR85MR,9H-LOA,Airbus A320,Lauda Europe,landing,arrivee,675,249.1,93.0,,,,
2026-05-14,16:48:12,TAP1929,CS-TXC,Airbus A321neo,TAP Air Portugal,landing,arrivee,675,232.4,91.6,,,,
2026-05-14,16:51:51,495211,CS-TPQ,Embraer E190,TAP Air Portugal,landing,arrivee,725,215.8,89.5,,,,
2026-05-14,16:59:51,EJU95BR,OE-LSV,Airbus A320neo,easyJet Europe,approach,arrivee,675,235.9,98.7,,,,
2026-05-14,17:02:11,3475d9,EC-ODL,Airbus A320,,landing,arrivee,700,245.9,85.1,,,,
2026-05-14,17:14:02,4d251a,9H-QFD,Boeing 737-800,Malta Air,landing,arrivee,750,264.8,92.3,,,,
2026-05-14,17:21:10,4d2422,9H-WAN,Airbus A320,Lauda Europe,approach,arrivee,725,0.0,89.7,,,,
2026-05-14,17:29:28,4cad39,EI-HEY,Boeing 737 MAX 8,Ryanair,landing,arrivee,700,244.3,85.6,,,,
2026-05-14,17:32:25,TAP15NC,CS-TNX,Airbus A320,TAP Air Portugal,landing,arrivee,700,246.7,97.2,,,,
2026-05-14,17:34:35,RAM982,CN-RHO,Boeing 737 MAX 8,Royal Air Maroc,landing,arrivee,675,269.7,97.2,,,,
2026-05-14,17:37:37,408134,G-TTSA,Airbus A320neo,British Airways,landing,arrivee,725,215.0,82.0,,,,
2026-05-14,17:40:22,TRA9H,PH-HXM,Boeing 737-800,Turkish Airlines,landing,arrivee,625,265.8,93.1,,,,
2026-05-14,17:43:11,4ca802,EI-EKD,Boeing 737-800,Ryanair,landing,arrivee,725,266.5,89.9,,,,
2026-05-14,17:46:17,4951d5,CS-TNU,Airbus A320,TAP Air Portugal,landing,arrivee,725,248.7,98.5,,,,
2026-05-14,17:48:51,4ca64e,EI-DYL,Boeing 737-800,Ryanair,landing,arrivee,700,258.7,93.7,,,,
2026-05-14,17:52:09,39bda9,F-HPNJ,Airbus A220-300,Air France,landing,arrivee,700,250.8,89.9,,,,
2026-05-14,17:58:03,TAP1558,CS-TVN,Airbus A320neo,TAP Air Portugal,landing,arrivee,675,247.2,94.6,,,,
2026-05-14,18:00:46,48520d,PH-HXE,Boeing 737-800,Transavia,landing,arrivee,675,248.7,94.1,,,,
2026-05-14,18:04:21,TAP298,CS-TUN,Airbus A330-900neo,TAP Air Portugal,landing,arrivee,675,240.8,94.2,,,,
2026-05-14,18:08:19,440c38,OE-LSJ,Airbus A320neo,Vueling,landing,arrivee,700,253.2,87.0,,,,
2026-05-14,18:12:22,NSZ2WK,SE-RTC,Boeing 737 MAX 8,Norwegian Air Sweden,landing,arrivee,650,277.2,93.6,,,,
2026-05-14,18:15:15,TVF35GD,F-GZHE,Boeing 737-800,Transavia France,landing,arrivee,675,271.7,96.6,,,,
2026-05-14,18:25:25,RYR5KT,9H-QEP,Boeing 737-800,Malta Air,landing,arrivee,650,266.3,93.9,,,,
2026-05-14,18:30:09,EJU92TK,OE-LQZ,Airbus A319,easyJet Europe,landing,arrivee,675,247.6,95.5,,,,
2026-05-14,18:32:40,48597e,PH-HXO,Boeing 737-800,Transavia,landing,arrivee,650,273.2,94.8,,,,
2026-05-14,18:35:19,TAP1542,CS-TJK,Airbus A321neo,TAP Air Portugal,landing,arrivee,700,246.7,95.9,,,,
2026-05-14,18:38:15,TAP1017,CS-TVI,Airbus A320neo,TAP Air Portugal,landing,arrivee,675,258.9,95.0,,,,
2026-05-14,18:40:54,KLM71Y,PH-AXR,Airbus A321neo,KLM,landing,arrivee,675,267.2,90.4,,,,
2026-05-14,18:44:36,4952d1,CS-TVQ,Airbus A320neo,TAP Air Portugal,landing,arrivee,725,223.2,91.6,,,,
2026-05-14,18:47:35,3465c9,EC-ISI,Airbus A320,Volotea,landing,arrivee,700,254.8,95.6,,,,
2026-05-14,18:50:25,TAP1439,CS-TVM,Airbus A320neo,TAP Air Portugal,landing,arrivee,675,258.4,86.2,,,,
2026-05-14,18:53:15,4951d7,CS-TNW,Airbus A320,TAP Air Portugal,cruise,,725,251.9,90.5,,,,
2026-05-14,18:57:57,4952c4,CS-TVD,Airbus A320neo,TAP Air Portugal,landing,arrivee,750,261.5,85.3,,,,
2026-05-14,19:02:25,TAY2MN,OE-IXJ,Boeing 737-800,Iberia,landing,arrivee,675,247.2,94.4,,,,
2026-05-14,19:04:41,TAM8150,CC-BGW,Boeing 787-9,LATAM Airlines,landing,arrivee,675,271.7,99.2,,,,
2026-05-14,19:07:31,3964e8,F-GZHI,Boeing 737-800,Transavia France,approach,arrivee,700,0.0,88.1,,,,
2026-05-14,19:11:45,TAP35BL,CS-TTY,Embraer E195,TAP Air Portugal,landing,arrivee,650,265.6,93.2,,,,
2026-05-14,19:16:41,RZO4021,CS-TSK,Airbus A320,TAP Air Portugal,landing,arrivee,625,262.4,97.0,,,,
2026-05-14,19:19:26,AEA1157,EC-OBJ,Boeing 737-800,Air Europa,landing,arrivee,650,271.1,96.2,,,,
2026-05-14,19:21:58,EZY25BM,G-EZUW,Airbus A320,easyJet,landing,arrivee,650,251.1,96.1,,,,
2026-05-14,19:24:50,WZZ477,9H-WMJ,Airbus A321neo,Wizz Air,landing,arrivee,625,262.8,95.2,,,,
2026-05-14,19:27:43,44cdd0,OO-SNP,Airbus A320,Brussels Airlines,landing,arrivee,675,236.7,94.0,,,,
2026-05-14,19:30:28,495038,CS-TAX,Embraer E195,TAP Air Portugal,landing,arrivee,625,247.6,97.2,,,,
2026-05-14,19:39:48,UAE5M,A6-EPK,Boeing 777-300ER,Emirates,landing,arrivee,675,265.6,91.9,,,,
2026-05-14,19:42:39,4951d4,CS-TNT,Airbus A320,TAP Air Portugal,landing,arrivee,725,261.5,85.3,,,,
2026-05-14,19:49:53,3420cc,EC-IZR,Airbus A320,Iberia,landing,arrivee,650,249.1,93.1,,,,
2026-05-14,19:52:47,EWG6TR,9H-EWC,Airbus A320,Eurowings,landing,arrivee,625,262.2,99.1,,,,
2026-05-14,19:58:21,49529a,CS-TTZ,Embraer E195,TAP Air Portugal,landing,arrivee,650,265.2,90.8,,,,
2026-05-14,20:02:01,TAP871,CS-TPT,Embraer E190,TAP Air Portugal,landing,arrivee,650,255.9,96.4,,,,
2026-05-14,20:05:02,RYR20EE,EI-DLD,Boeing 737-800,Ryanair,landing,arrivee,650,262.8,93.0,,,,
2026-05-14,20:08:03,RYR59QQ,9H-QAQ,Boeing 737-800,Malta Air,landing,arrivee,650,268.9,93.4,,,,
2026-05-14,20:11:00,DTA652,D2-TEJ,Boeing 777-300ER,TAAG Angola Airlines,landing,arrivee,650,264.1,92.6,,,,
2026-05-14,20:13:41,TAP563,CS-TXG,Airbus A321neo,TAP Air Portugal,landing,arrivee,650,263.2,96.4,,,,
2026-05-14,20:16:24,TAP835,CS-TJS,Airbus A321neo,TAP Air Portugal,landing,arrivee,650,264.8,98.8,,,,
2026-05-14,20:19:00,4952d0,CS-TVP,Airbus A320neo,TAP Air Portugal,landing,arrivee,650,250.8,93.6,,,,
2026-05-14,20:21:02,TAP473H,CS-TPX,Embraer E190,TAP Air Portugal,landing,arrivee,675,247.2,92.5,,,,
2026-05-14,20:22:53,4cac55,EI-HGR,Boeing 737 MAX 8,Ryanair,landing,arrivee,650,273.9,96.7,,,,
2026-05-14,20:25:27,RYR56BR,9H-VVI,Boeing 737 MAX 8,Malta Air,landing,arrivee,650,268.9,96.4,,,,
2026-05-14,20:28:24,VLG8UE,EC-LVT,Airbus A320,Vueling,landing,arrivee,625,261.5,98.7,,,,
2026-05-14,20:31:18,495293,CS-TTS,Airbus A319,TAP Air Portugal,cruise,,700,0.0,91.3,,,,
2026-05-14,20:33:50,495306,CS-TXF,Airbus A321neo,TAP Air Portugal,landing,arrivee,675,256.5,99.9,,,,
2026-05-14,20:36:08,TAP48M,CS-TTX,Embraer E195,TAP Air Portugal,landing,arrivee,675,264.1,91.2,,,,
2026-05-14,20:38:50,4ca810,EI-EKP,Boeing 737-800,Ryanair,landing,arrivee,700,266.5,91.0,,,,
2026-05-14,20:41:34,TAP1359,CS-TXH,Airbus A321neo,TAP Air Portugal,landing,arrivee,700,266.5,90.6,,,,
2026-05-14,20:44:35,344156,EC-LOB,Airbus A320,Vueling,landing,arrivee,650,225.0,89.7,,,,
2026-05-14,20:47:26,495219,CS-TPY,Embraer E190,TAP Air Portugal,landing,arrivee,650,254.8,99.6,,,,
2026-05-14,20:49:53,495037,CS-TAW,Embraer E195,TAP Air Portugal,landing,arrivee,700,270.8,89.9,,,,
2026-05-14,20:52:34,4952cb,CS-TVK,Airbus A320neo,TAP Air Portugal,cruise,,675,0.0,93.9,,,,
2026-05-14,20:54:54,4d24b5,9H-WDU,Airbus A321,Lauda Europe,landing,arrivee,675,249.1,93.8,,,,
2026-05-14,20:56:47,TAP755,CS-TNQ,Airbus A320,TAP Air Portugal,landing,arrivee,675,258.9,97.1,,,,
2026-05-14,21:00:56,TAP1692,CS-TPW,Embraer E190,TAP Air Portugal,landing,arrivee,625,234.3,90.7,,,,
2026-05-14,21:03:59,PGT1741,TC-NBN,Airbus A320neo,Pegasus,landing,arrivee,650,232.4,99.6,,,,
2026-05-14,21:16:37,495145,CS-TJE,Airbus A321,TAP Air Portugal,landing,arrivee,675,255.6,72.4,,,,
2026-05-14,21:19:40,TAP93ZS,CS-TNK,Airbus A320,TAP Air Portugal,landing,arrivee,675,253.5,96.6,,,,
2026-05-14,21:24:56,EZY26YM,G-EZBT,Airbus A319,easyJet,landing,arrivee,650,241.5,96.8,,,,
2026-05-14,21:31:39,RYR8HG,EI-ILO,Boeing 737 MAX 8,Ryanair,landing,arrivee,625,260.4,97.1,,,,
2026-05-14,21:35:01,TAP863Y,CS-TVH,Airbus A320neo,TAP Air Portugal,landing,arrivee,650,244.8,96.1,,,,
2026-05-14,21:42:27,TAP437X,CS-TJM,Airbus A321neo,TAP Air Portugal,landing,arrivee,650,250.8,92.3,,,,
2026-05-14,21:45:57,RZO134,CS-TKP,Airbus A320,TAP Air Portugal,landing,arrivee,650,256.5,97.9,,,,
2026-05-14,21:49:45,495215,CS-TPU,Embraer E190,TAP Air Portugal,landing,arrivee,650,232.4,97.8,,,,
2026-05-14,21:52:46,495039,CS-TAY,Embraer E195,TAP Air Portugal,landing,arrivee,650,251.7,90.8,,,,
2026-05-14,21:55:14,EJU74EP,OE-IDX,Airbus A320,easyJet Europe,landing,arrivee,575,263.2,98.2,,,,
2026-05-14,21:59:17,495211,CS-TPQ,Embraer E190,TAP Air Portugal,landing,arrivee,675,238.2,97.4,,,,
2026-05-14,22:01:55,RYR7VL,EI-GSG,Boeing 737-800,Ryanair,landing,arrivee,625,270.8,95.8,,,,
2026-05-14,22:05:01,DLH34J,D-AISH,Airbus A321,Lufthansa,landing,arrivee,650,267.1,95.7,,,,
2026-05-14,22:08:07,TAP783,CS-TVA,Airbus A320neo,TAP Air Portugal,landing,arrivee,700,258.0,89.1,,,,
2026-05-14,22:09:57,AFR64PQ,F-HBNE,Airbus A320,Air France,landing,arrivee,625,258.7,96.8,,,,
2026-05-14,22:16:00,TAP67U,CS-TXK,Airbus A321,TAP Air Portugal,landing,arrivee,700,270.0,93.5,,,,
2026-05-14,22:18:34,ELY375,4X-EKI,Boeing 737-800,El Al,landing,arrivee,625,291.9,94.0,,,,
2026-05-14,22:22:16,TAP837,CS-TJN,Airbus A321neo,TAP Air Portugal,landing,arrivee,675,254.8,93.3,,,,
2026-05-14,22:25:19,495297,CS-TTW,Embraer E195,TAP Air Portugal,landing,arrivee,650,252.4,95.9,,,,
2026-05-14,22:28:47,495148,CS-TJH,Airbus A321,TAP Air Portugal,landing,arrivee,675,283.0,90.1,,,,
2026-05-14,22:31:44,TVF34QV,F-HUYJ,Boeing 737-800,Transavia France,landing,arrivee,625,278.9,99.3,,,,
2026-05-14,22:34:45,DAH3004,7T-VKK,Boeing 737-800,Air Algerie,landing,arrivee,650,289.5,93.6,,,,
2026-05-14,22:36:40,EJU7690,OE-IDO,Airbus A320,easyJet Europe,landing,arrivee,675,270.8,94.8,,,,
2026-05-14,22:38:41,3c64a3,D-AIEC,Airbus A321neo,Lufthansa,landing,arrivee,675,273.2,86.3,,,,
2026-05-14,22:40:30,4951d8,CS-TNX,Airbus A320,TAP Air Portugal,landing,arrivee,675,270.4,89.5,,,,
2026-05-14,22:43:27,EJU91TW,OE-LSF,Airbus A320neo,easyJet Europe,landing,arrivee,625,254.8,97.6,,,,
2026-05-14,22:45:55,4867c4,PH-AXI,Airbus A321neo,KLM,landing,arrivee,700,272.4,71.8,,,,
2026-05-14,22:48:29,TAP555,CS-TNV,Airbus A320,TAP Air Portugal,landing,arrivee,625,260.4,96.0,,,,
2026-05-14,22:51:16,440115,OE-LUE,Airbus A320neo,easyJet Europe,landing,arrivee,700,247.2,86.3,,,,
2026-05-14,22:55:13,4951ca,CS-TNJ,Airbus A320,TAP Air Portugal,landing,arrivee,650,258.0,89.3,,,,
2026-05-14,22:58:35,39ceab,F-HTVL,Boeing 737-800,Transavia France,landing,arrivee,650,264.8,86.0,,,,
2026-05-14,23:01:18,495213,CS-TPS,Embraer E190,TAP Air Portugal,landing,arrivee,675,236.7,92.4,,,,
2026-05-14,23:03:49,ASL41G,YU-APL,Airbus A319,Air Serbia,landing,arrivee,625,227.4,99.9,,,,
2026-05-14,23:06:10,440cbf,OE-LSO,Airbus A320,easyJet Europe,landing,arrivee,675,258.9,84.7,,,,
2026-05-14,23:08:16,440c38,OE-LSJ,Airbus A320neo,Vueling,landing,arrivee,650,230.8,99.6,,,,
2026-05-14,23:10:48,3423c4,EC-JRE,Airbus A321,Iberia,landing,arrivee,700,263.9,92.7,,,,
2026-05-14,23:14:03,46b82c,SX-NAL,Airbus A321neo,Aegean Airlines,landing,arrivee,675,233.2,98.6,,,,
2026-05-14,23:16:36,4ca7b5,EI-EFZ,Boeing 737-800,Ryanair,landing,arrivee,625,251.5,96.9,,,,
2026-05-14,23:19:19,4d2246,9H-QEJ,Boeing 737-800,Malta Air,landing,arrivee,700,254.1,93.7,,,,
2026-05-14,23:22:44,TAP645,CS-TVL,Airbus A320,TAP Air Portugal,landing,arrivee,675,228.9,98.4,,,,
2026-05-14,23:24:47,DLH23C,D-AIOA,Airbus A321neo,Lufthansa,landing,arrivee,675,275.8,98.4,,,,
2026-05-14,23:26:56,SWR755L,HB-JPC,Airbus A321,Swiss,landing,arrivee,650,263.9,97.3,,,,
2026-05-14,23:29:42,EJU19TV,OE-IDU,Airbus A320,easyJet Europe,landing,arrivee,650,252.4,87.3,,,,
2026-05-14,23:32:06,TAP3834,CS-TPZ,Embraer E190,TAP Air Portugal,landing,arrivee,625,220.4,98.1,,,,
2026-05-14,23:34:22,4951cd,CS-TNM,Airbus A320,TAP Air Portugal,landing,arrivee,650,248.0,99.3,,,,
2026-05-14,23:37:03,EJU36BG,OE-IBS,Airbus A320,easyJet Europe,landing,arrivee,625,259.7,96.8,,,,
2026-05-14,23:39:27,4951d2,CS-TNR,Airbus A320,TAP Air Portugal,landing,arrivee,650,218.4,89.2,,,,
2026-05-14,23:42:14,THY2ES,TC-LCT,Boeing 737 MAX 8,Turkish Airlines,landing,arrivee,600,270.8,97.3,,,,
2026-05-14,23:46:38,TAP64M,CS-TVG,Airbus A320neo,TAP Air Portugal,landing,arrivee,625,258.4,99.6,,,,
2026-05-14,23:49:19,TAP39PT,EC-OCT,Airbus A321,TAP Air Portugal,landing,arrivee,675,240.0,94.5,,,,
2026-05-15,00:03:23,TAP94KM,CS-TNW,Airbus A320,TAP Air Portugal,landing,arrivee,675,244.8,93.3,,,,
2026-05-15,00:05:53,4952c2,CS-TVB,Airbus A320neo,TAP Air Portugal,landing,arrivee,675,250.4,86.0,,,,
2026-05-15,00:14:54,495149,CS-TJI,Airbus A321neo,TAP Air Portugal,landing,arrivee,650,260.8,94.2,,,,
2026-05-15,00:30:30,49514c,CS-TJL,Airbus A321neo,TAP Air Portugal,cruise,,725,0.0,68.4,,,,
2026-05-15,01:06:26,RZO128,CS-TSM,Airbus A320,TAP Air Portugal,landing,arrivee,675,261.5,92.4,,,,
2026-05-15,04:35:52,344545,EC-MAF,ATR 72 500F,Swiftair,landing,arrivee,725,161.7,86.9,,,,
2026-05-15,04:38:09,RYR5PJ,EI-ILN,Boeing 737 MAX 8,Ryanair,landing,arrivee,650,254.8,96.9,,,,
2026-05-15,04:42:21,TAP074,CS-TUF,Airbus A330-900neo,TAP Air Portugal,landing,arrivee,675,241.7,98.7,,,,
2026-05-15,04:57:04,TAP202A,CS-TXE,Airbus A321neo,TAP Air Portugal,landing,arrivee,700,231.5,90.1,,,,
2026-05-15,04:59:46,4952a3,CS-TUC,Airbus A330-900neo,TAP Air Portugal,landing,arrivee,700,241.1,96.2,,,,
2026-05-15,05:27:09,495309,CS-TXI,Airbus A321neo,TAP Air Portugal,landing,arrivee,675,247.2,95.2,,,,
2026-05-15,05:37:35,TAP224,CS-TUJ,Airbus A330-900neo,TAP Air Portugal,landing,arrivee,725,253.9,89.0,,,,
2026-05-15,05:50:38,TAP1937,CS-TNV,Airbus A320,TAP Air Portugal,landing,arrivee,675,245.6,91.1,,,,
2026-05-15,05:53:31,4951d4,CS-TNT,Airbus A320,TAP Air Portugal,landing,arrivee,750,230.0,88.1,,,,
2026-05-15,05:56:03,TAP232Y,CS-TXJ,Airbus A321neo,TAP Air Portugal,landing,arrivee,675,253.9,90.3,,,,
2026-05-15,05:59:04,TAP1550,CS-TJS,Airbus A321neo,TAP Air Portugal,landing,arrivee,650,256.5,98.7,,,,
2026-05-15,06:01:16,TAP058,CS-TUM,Airbus A330-900neo,TAP Air Portugal,landing,arrivee,700,251.5,85.5,,,,
2026-05-15,06:04:05,TAP96AW,CS-TJE,Airbus A321,TAP Air Portugal,landing,arrivee,675,241.5,92.4,,,,
2026-05-15,06:06:42,49530c,CS-TXL,Airbus A321neo,TAP Air Portugal,landing,arrivee,700,254.8,88.8,,,,
2026-05-15,06:19:15,TAY1MN,OE-IXJ,Boeing 737-800,Iberia,landing,arrivee,625,252.4,94.7,,,,
2026-05-15,06:22:47,495037,CS-TAW,Embraer E195,TAP Air Portugal,landing,arrivee,725,240.0,92.5,,,,
2026-05-15,06:29:26,TAP11VP,CS-TAX,Embraer E195,TAP Air Portugal,landing,arrivee,650,236.7,97.2,,,,
2026-05-15,06:42:06,TAP1908,CS-TVH,Airbus A320neo,TAP Air Portugal,landing,arrivee,675,226.7,97.4,,,,
2026-05-15,06:46:42,495218,CS-TPX,Embraer E190,TAP Air Portugal,landing,arrivee,700,249.1,96.0,,,,
2026-05-15,06:51:58,TAP1544,CS-TVK,Airbus A320neo,TAP Air Portugal,landing,arrivee,650,234.8,89.4,,,,
2026-05-15,06:54:37,DTA650,D2-TEK,Boeing 777-300ER,TAAG Angola Airlines,landing,arrivee,650,264.8,93.0,,,,
2026-05-15,06:57:28,4951cb,CS-TNK,Airbus A320,TAP Air Portugal,landing,arrivee,725,255.6,95.3,,,,
2026-05-15,07:00:53,TAM8146,PT-MUI,Boeing 777-300ER,LATAM Airlines,landing,arrivee,700,263.2,91.6,,,,
2026-05-15,07:03:43,TAP104,CS-TUD,Airbus A330-900neo,TAP Air Portugal,landing,arrivee,625,255.9,94.5,,,,
2026-05-15,07:06:44,45ce4f,OY-SRO,767 25EBDSF,Star Air,landing,arrivee,750,225.8,97.2,,,,
2026-05-15,07:09:28,TAP441,CS-TVI,Airbus A320neo,TAP Air Portugal,landing,arrivee,675,225.0,91.0,,,,
2026-05-15,07:12:25,495219,CS-TPY,Embraer E190,TAP Air Portugal,landing,arrivee,650,220.2,98.3,,,,
2026-05-15,07:16:21,TAP98CX,CS-TNM,Airbus A320,TAP Air Portugal,landing,arrivee,650,250.0,96.1,,,,
2026-05-15,07:19:37,TAP40MR,CS-TPO,Embraer E190,TAP Air Portugal,landing,arrivee,650,230.8,98.9,,,,
2026-05-15,07:22:54,TAP495Y,CS-TPV,Embraer E190,TAP Air Portugal,landing,arrivee,650,241.5,91.3,,,,
2026-05-15,07:25:48,BCS2FC,D-AEAO,A300 B4-622RF,Lufthansa,landing,arrivee,675,234.6,95.6,,,,
2026-05-15,07:28:24,DAL272,N410DZ,Airbus A330-900neo,Delta Air Lines,landing,arrivee,650,235.6,97.9,,,,
2026-05-15,07:31:09,TAP647,CS-TVD,Airbus A320neo,TAP Air Portugal,landing,arrivee,625,256.5,99.7,,,,
2026-05-15,07:34:25,AEA1159,EC-MQP,Boeing 737-800,Air Europa,landing,arrivee,675,266.3,92.8,,,,
2026-05-15,07:36:57,407797,G-UZLF,Airbus A320neo,easyJet,landing,arrivee,650,255.6,90.7,,,,
2026-05-15,07:39:38,495277,CS-TSW,Boeing 777-200,Azul,cruise,,675,0.0,95.4,,,,
2026-05-15,07:42:50,IBE05TR,EC-NTP,Airbus A320neo,Iberia,landing,arrivee,625,231.9,97.6,,,,
2026-05-15,07:45:06,TAP945,CS-TJK,Airbus A321neo,TAP Air Portugal,landing,arrivee,725,251.5,96.2,,,,
2026-05-15,07:47:59,RYR7VL,EI-DHH,Boeing 737-800,Ryanair,landing,arrivee,625,268.0,95.4,,,,
2026-05-15,07:51:09,a0f427,N16008,Boeing 787-10,United Airlines,landing,arrivee,650,263.2,96.6,,,,
2026-05-15,07:53:44,495293,CS-TTS,Airbus A319,TAP Air Portugal,landing,arrivee,675,243.9,87.7,,,,
2026-05-15,07:56:02,TAP27UZ,CS-TPT,Embraer E190,TAP Air Portugal,landing,arrivee,625,219.1,98.5,,,,
2026-05-15,07:58:37,TAP8RL,CS-TVQ,Airbus A320neo,TAP Air Portugal,landing,arrivee,700,228.4,88.5,,,,
2026-05-15,08:00:51,4cae9a,EI-IKS,Boeing 737 MAX 8,Ryanair,landing,arrivee,650,257.2,90.4,,,,
2026-05-15,08:03:36,4951ce,CS-TNN,Airbus A320,TAP Air Portugal,landing,arrivee,675,244.8,82.8,,,,
2026-05-15,08:06:34,TAP1939,CS-TTY,Embraer E195,TAP Air Portugal,landing,arrivee,625,255.6,84.8,,,,
2026-05-15,08:09:21,TAP1023,CS-TVP,Airbus A320neo,TAP Air Portugal,landing,arrivee,650,243.2,97.9,,,,
2026-05-15,08:11:56,TAP9RH,CS-TVJ,Airbus A320neo,TAP Air Portugal,landing,arrivee,675,239.1,76.5,,,,
2026-05-15,08:14:54,344156,EC-LOB,Airbus A320,Vueling,landing,arrivee,650,253.2,96.6,,,,
2026-05-15,08:17:25,TAP56DP,CS-TNS,Airbus A320,TAP Air Portugal,landing,arrivee,675,245.9,90.1,,,,
2026-05-15,08:20:17,TAP557H,CS-TVR,Airbus A320neo,TAP Air Portugal,landing,arrivee,625,228.4,99.9,,,,
2026-05-15,08:22:26,VLG46AX,EC-MJB,Airbus A320,Vueling,landing,arrivee,625,258.9,94.7,,,,
2026-05-15,08:24:38,TAP53EI,CS-TJP,Airbus A321neo,TAP Air Portugal,landing,arrivee,650,260.8,90.6,,,,
2026-05-15,08:27:40,4952cd,CS-TVM,Airbus A320neo,TAP Air Portugal,landing,arrivee,625,239.8,90.6,,,,
2026-05-15,08:30:03,RYR384,EI-IKK,Boeing 737 MAX 8,Ryanair,landing,arrivee,625,257.2,95.0,,,,
2026-05-15,08:33:10,TVF55WH,F-HXSL,Airbus A320neo,Transavia France,landing,arrivee,650,243.2,91.9,,,,
2026-05-15,08:35:48,TAP006,CS-TXD,Airbus A321neo,TAP Air Portugal,landing,arrivee,625,249.8,89.2,,,,
2026-05-15,08:38:38,407795,G-UZLC,Airbus A320neo,easyJet,landing,arrivee,625,227.4,92.0,,,,
2026-05-15,08:41:16,ACA812,C-GFAH,Airbus A330-300,Air Canada,landing,arrivee,650,236.7,90.3,,,,
2026-05-15,08:45:54,ab30e6,N820AL,Boeing 787-9,American Airlines,landing,arrivee,600,249.1,95.3,,,,
2026-05-15,08:48:29,49514f,CS-TJO,Airbus A321neo,TAP Air Portugal,landing,arrivee,650,247.2,95.6,,,,
2026-05-15,08:51:21,ECOMT,EC-OMT,GL5T,,landing,arrivee,625,205.4,96.5,,,,
2026-05-15,08:54:07,4952c6,CS-TVF,Airbus A320neo,TAP Air Portugal,landing,arrivee,650,248.4,92.6,,,,
2026-05-15,09:00:52,RYR14SC,EI-IGL,Boeing 737 MAX 8,Ryanair,takeoff,depart,1075,257.8,93.7,,,,
2026-05-15,09:14:24,c07995,C-GUBC,Airbus A330-200,Air Transat,landing,arrivee,625,242.4,96.5,,,,
2026-05-15,09:17:10,4cadbe,EI-IGL,Boeing 737 MAX 8,Ryanair,landing,arrivee,600,264.1,90.6,,,,
2026-05-15,09:22:16,4073a1,G-UZHD,Airbus A320neo,easyJet,landing,arrivee,650,249.8,87.6,,,,
2026-05-15,09:24:49,4d2247,9H-QDF,Boeing 737-800,Malta Air,landing,arrivee,675,248.4,91.5,,,,
2026-05-15,09:38:51,TAP072,CS-TUE,Airbus A330-900neo,TAP Air Portugal,landing,arrivee,625,245.9,92.2,,,,
2026-05-15,09:41:48,49514d,CS-TJM,Airbus A321neo,TAP Air Portugal,landing,arrivee,675,252.4,91.1,,,,
2026-05-15,09:44:36,40780d,G-NEOX,Airbus A321neo,British Airways,landing,arrivee,725,231.5,85.6,,,,
2026-05-15,09:47:41,RYR668T,EI-IKH,Boeing 737 MAX 8,Ryanair,landing,arrivee,625,251.3,91.9,,,,
2026-05-15,09:50:31,TAP036,CS-TUL,Airbus A330-900neo,TAP Air Portugal,landing,arrivee,625,238.9,85.6,,,,
2026-05-15,09:53:16,4951d7,CS-TNW,Airbus A320,TAP Air Portugal,landing,arrivee,650,245.2,95.9,,,,
2026-05-15,09:55:57,4952b1,CS-TUQ,Airbus A330-900neo,TAP Air Portugal,landing,arrivee,650,225.9,92.8,,,,
2026-05-15,10:05:09,TAP210,CS-TON,Airbus A330-200,TAP Air Portugal,landing,arrivee,625,243.5,95.0,,,,
2026-05-15,10:09:01,THY3WE,TC-LPN,Airbus A321neo,Turkish Airlines,landing,arrivee,650,232.4,83.5,,,,
2026-05-15,10:12:09,TAP11SV,CS-TPQ,Embraer E190,TAP Air Portugal,landing,arrivee,625,210.2,87.3,,,,
2026-05-15,10:15:24,UAL942,N77006,Boeing 777-200,United Airlines,landing,arrivee,675,217.1,89.7,,,,
2026-05-15,10:18:49,EJU97VT,OE-LSJ,Airbus A320neo,Vueling,landing,arrivee,575,216.7,70.0,,,,
2026-05-15,10:23:42,RYR4ZF,9H-QFN,Boeing 737-800,Malta Air,landing,arrivee,625,250.0,92.3,,,,
2026-05-15,10:26:43,TAP13LH,CS-TVN,Airbus A320neo,TAP Air Portugal,landing,arrivee,650,249.1,95.0,,,,
2026-05-15,10:29:29,a4caba,N408DX,Airbus A330-900neo,Delta Air Lines,landing,arrivee,650,234.3,93.3,,,,
2026-05-15,10:32:21,TAP234Y,CS-TXA,Airbus A321neo,TAP Air Portugal,landing,arrivee,625,253.2,92.7,,,,
2026-05-15,10:35:35,34745a,EC-NZN,Boeing 737-800,Air Europa,landing,arrivee,650,237.1,91.9,,,,
2026-05-15,10:38:20,495303,CS-TXC,Airbus A321neo,TAP Air Portugal,landing,arrivee,650,254.8,86.6,,,,
2026-05-15,10:41:00,TAP088,CS-TUH,Airbus A330-900neo,TAP Air Portugal,landing,arrivee,625,253.7,92.6,,,,
2026-05-15,10:43:46,49529a,CS-TTZ,Embraer E195,TAP Air Portugal,landing,arrivee,600,246.7,83.5,,,,
2026-05-15,10:46:25,ACA810,C-FIVM,Boeing 777-300ER,Air Canada,landing,arrivee,575,265.2,92.4,,,,
2026-05-15,10:49:12,TAP11MG,CS-TTW,Embraer E195,TAP Air Portugal,landing,arrivee,650,234.6,98.4,,,,
2026-05-15,10:51:34,RYR3RB,9H-QCG,Boeing 737-800,Malta Air,landing,arrivee,600,252.2,92.4,,,,
2026-05-15,10:54:21,4cade5,EI-IGZ,Boeing 737 MAX 8,Ryanair,descending,arrivee,625,219.5,65.0,,,,
2026-05-15,10:56:56,TAP048,CS-TXM,Airbus A321,TAP Air Portugal,landing,arrivee,625,226.7,94.7,,,,
2026-05-15,11:00:07,AFR41GW,F-HPNZ,Airbus A220-300,Air France,landing,arrivee,625,200.9,86.1,,,,
2026-05-15,11:02:30,TRA55J,PH-HXG,Boeing 737-800,Transavia,landing,arrivee,575,258.4,94.2,,,,
2026-05-15,11:05:22,44cdc5,OO-SNE,Airbus A320,Brussels Airlines,landing,arrivee,600,238.4,98.7,,,,
2026-05-15,11:07:13,KLM1579,PH-BCK,Boeing 737-800,KLM,landing,arrivee,600,258.9,91.3,,,,
2026-05-15,11:10:51,TAP1923,CS-TNK,Airbus A320,TAP Air Portugal,landing,arrivee,600,245.6,97.6,,,,
2026-05-15,11:12:56,TAP68JP,CS-TNJ,Airbus A320,TAP Air Portugal,landing,arrivee,600,244.8,89.9,,,,
2026-05-15,11:14:47,440daf,OE-IDU,Airbus A320,easyJet Europe,landing,arrivee,675,237.4,82.3,,,,
2026-05-15,11:17:52,EJU74EF,OE-LSF,Airbus A320neo,easyJet Europe,landing,arrivee,575,256.5,97.7,,,,
2026-05-15,11:19:51,3c64ac,D-AIEL,Airbus A321neo,Lufthansa,landing,arrivee,625,234.3,93.2,,,,
2026-05-15,11:23:20,RZO9123,OY-RUU,Airbus A321,Corendon Airlines,landing,arrivee,650,203.3,96.9,,,,
2026-05-15,11:25:44,4cafb3,EI-GSG,Boeing 737-800,Ryanair,landing,arrivee,625,240.0,89.2,,,,
2026-05-15,11:28:57,495153,CS-TJS,Airbus A321neo,TAP Air Portugal,approach,arrivee,650,249.8,75.7,,,,
2026-05-15,11:32:26,40643b,G-EZTY,Airbus A320,easyJet,landing,arrivee,675,226.7,90.8,,,,
2026-05-15,11:35:36,3c55c1,D-AENA,Airbus A320neo,Eurowings,landing,arrivee,675,245.9,86.5,,,,
2026-05-15,11:41:07,RZO120,CS-TSI,Airbus A321neo,TAP Air Portugal,landing,arrivee,675,243.9,79.5,,,,
2026-05-15,11:45:04,4400f3,OE-IDO,Airbus A320,easyJet Europe,landing,arrivee,600,243.5,93.0,,,,
2026-05-15,11:47:29,TAP028,CS-TUK,Airbus A330-900neo,TAP Air Portugal,landing,arrivee,600,264.5,93.6,,,,
2026-05-15,11:49:37,440db0,OE-IDX,Airbus A320,easyJet Europe,landing,arrivee,650,240.8,93.0,,,,
2026-05-15,11:51:36,IBE05FV,EC-NFI,Airbus A320neo,Iberia,landing,arrivee,625,251.5,97.9,,,,
2026-05-15,11:55:03,NJE983L,CS-CHI,Challenger 350,NetJets,landing,arrivee,625,233.2,83.0,,,,
2026-05-15,12:04:18,EWG66L,9H-SWC,Airbus A320,Eurowings,landing,arrivee,600,245.6,94.9,,,,
2026-05-15,12:07:36,AZU8752,PR-ANX,Airbus A330-900neo,Azul,landing,arrivee,675,251.5,91.5,,,,
2026-05-15,12:11:42,EJU56VP,OE-LSV,Airbus A320neo,easyJet Europe,landing,arrivee,725,256.5,75.8,,,,
2026-05-15,12:14:30,TVF46JB,F-GZHM,Boeing 737-800,Transavia France,landing,arrivee,600,265.6,89.6,,,,
2026-05-15,12:17:03,TAP1902,CS-TVP,Airbus A320neo,TAP Air Portugal,landing,arrivee,700,257.2,91.7,,,,
2026-05-15,12:19:44,440d10,OE-IBS,Airbus A320,easyJet Europe,landing,arrivee,675,242.4,84.8,,,,
2026-05-15,12:22:36,UAE3MV,A6-EPJ,Boeing 777-300ER,Emirates,landing,arrivee,525,258.9,89.2,,,,
2026-05-15,12:26:37,e4818b,PT-MUC,Boeing 777-300ER,LATAM Airlines,landing,arrivee,600,244.8,91.9,,,,
2026-05-15,12:40:09,4d2246,9H-QEJ,Boeing 737-800,Malta Air,landing,arrivee,575,277.1,95.8,,,,
2026-05-15,12:43:20,TAP1031,CS-TVB,Airbus A320neo,TAP Air Portugal,landing,arrivee,650,222.2,84.3,,,,
2026-05-15,12:48:01,440d6e,OE-LSQ,Airbus A320,easyJet Europe,landing,arrivee,650,256.5,74.8,,,,
2026-05-15,12:52:09,TAP118,CS-TUR,Airbus A330-900neo,TAP Air Portugal,landing,arrivee,600,252.2,91.7,,,,
2026-05-15,12:55:35,495216,CS-TPV,Embraer E190,TAP Air Portugal,landing,arrivee,625,237.4,97.5,,,,
2026-05-15,12:58:46,49521a,CS-TPZ,Embraer E190,TAP Air Portugal,landing,arrivee,625,252.4,96.8,,,,
2026-05-15,13:09:12,495279,CS-TSY,Airbus A320,TAP Air Portugal,landing,arrivee,625,240.8,85.9,,,,
2026-05-15,13:14:03,TAP91TL,CS-TPX,Embraer E190,TAP Air Portugal,landing,arrivee,575,247.2,99.1,,,,
2026-05-15,13:17:07,TAP831,CS-TVA,Airbus A320neo,TAP Air Portugal,landing,arrivee,600,235.6,96.6,,,,
2026-05-15,13:19:44,48e95d,SP-LYF,Boeing 737 MAX 8,LOT Polish Airlines,landing,arrivee,600,253.9,91.3,,,,
2026-05-15,13:23:02,DLH47T,D-AISD,Airbus A321,Lufthansa,landing,arrivee,600,258.4,94.1,,,,
2026-05-15,13:25:59,345212,EC-MLM,Airbus A321,Vueling,landing,arrivee,675,258.4,94.5,,,,
2026-05-15,13:28:39,TAP10VL,CS-TAW,Embraer E195,TAP Air Portugal,landing,arrivee,650,266.5,97.3,,,,
2026-05-15,13:31:18,TAP145W,CS-TNS,Airbus A320,TAP Air Portugal,landing,arrivee,600,243.9,99.6,,,,
2026-05-15,13:34:12,4b17ff,HB-JCH,C Series 300,Swiss,cruise,,675,0.0,78.5,,,,
2026-05-15,13:36:58,TAP27PS,CS-TNN,Airbus A320,TAP Air Portugal,landing,arrivee,650,241.1,77.5,,,,
2026-05-15,13:39:30,EJU98EV,OE-INJ,Airbus A320,easyJet Europe,landing,arrivee,675,234.8,77.7,,,,
2026-05-15,13:45:12,TAP43JD,CS-TJE,Airbus A321,TAP Air Portugal,landing,arrivee,625,257.2,95.2,,,,
2026-05-15,13:46:55,495149,CS-TJI,Airbus A321neo,TAP Air Portugal,landing,arrivee,675,258.9,73.8,,,,
2026-05-15,13:49:56,495215,CS-TPU,Embraer E190,TAP Air Portugal,landing,arrivee,600,228.4,92.5,,,,
2026-05-15,13:51:59,RYR85MR,EI-ILN,Boeing 737 MAX 8,Ryanair,landing,arrivee,625,264.8,93.3,,,,
2026-05-15,13:54:58,TAP823,CS-TJH,Airbus A321,TAP Air Portugal,landing,arrivee,625,256.5,85.0,,,,
2026-05-15,13:56:44,TAP86GM,CS-TNQ,Airbus A320,TAP Air Portugal,landing,arrivee,600,250.0,95.1,,,,
2026-05-15,13:59:31,3c6664,D-AISD,Airbus A321,Lufthansa,landing,arrivee,650,240.8,84.5,,,,
2026-05-15,14:02:19,TAP11EG,CS-TNX,Airbus A320,TAP Air Portugal,landing,arrivee,600,238.4,95.8,,,,
2026-05-15,14:05:21,TAP1860,CS-TVG,Airbus A320neo,TAP Air Portugal,landing,arrivee,550,243.2,98.9,,,,
2026-05-15,14:08:14,495217,CS-TPW,Embraer E190,TAP Air Portugal,landing,arrivee,625,227.4,90.1,,,,
2026-05-15,14:10:57,4952a1,CS-TUA,Airbus A330-900neo,TAP Air Portugal,landing,arrivee,625,259.7,89.7,,,,
2026-05-15,14:13:43,4951cd,CS-TNM,Airbus A320,TAP Air Portugal,cruise,,625,0.0,94.2,,,,
2026-05-15,14:16:15,4952c6,CS-TVF,Airbus A320neo,TAP Air Portugal,landing,arrivee,675,250.8,87.3,,,,
2026-05-15,14:19:12,495038,CS-TAX,Embraer E195,TAP Air Portugal,landing,arrivee,575,243.2,97.4,,,,
2026-05-15,14:22:07,TAP481,CS-TPO,Embraer E190,TAP Air Portugal,landing,arrivee,600,232.4,97.3,,,,
2026-05-15,14:24:16,495213,CS-TPS,Embraer E190,TAP Air Portugal,landing,arrivee,600,238.4,93.2,,,,
2026-05-15,14:28:09,TCV612,D4-CCI,Boeing 737-700,Cabo Verde Airlines,landing,arrivee,550,233.2,94.4,,,,
2026-05-15,14:29:41,4952c8,CS-TVH,Airbus A320neo,TAP Air Portugal,landing,arrivee,600,261.5,96.1,,,,
2026-05-15,14:32:30,40666a,G-EZUP,Airbus A320,easyJet,landing,arrivee,625,251.7,91.5,,,,
2026-05-15,14:34:42,KLM97N,PH-AXD,Airbus A321neo,KLM,landing,arrivee,650,261.5,86.3,,,,
2026-05-15,14:38:22,TAP236,CS-TUS,Airbus A330-900neo,TAP Air Portugal,landing,arrivee,600,245.9,93.9,,,,
2026-05-15,14:41:16,TAP471A,CS-TPT,Embraer E190,TAP Air Portugal,landing,arrivee,650,243.7,87.9,,,,
2026-05-15,14:45:32,EJU41HA,OE-LSO,Airbus A320,easyJet Europe,landing,arrivee,650,250.0,85.8,,,,
2026-05-15,14:48:50,4b194a,HB-JPA,Airbus A321neo,Swiss,landing,arrivee,575,252.4,98.1,,,,
2026-05-15,14:51:39,AFR37EQ,F-GTAZ,Airbus A321,Air France,landing,arrivee,600,253.5,98.7,,,,
2026-05-15,14:54:32,BAW5DW,G-TTNN,Airbus A320neo,British Airways,landing,arrivee,650,223.5,89.3,,,,
2026-05-15,14:57:14,4952cc,CS-TVL,Airbus A320,TAP Air Portugal,cruise,,675,0.0,91.3,,,,
2026-05-15,15:00:44,TAP1143,CS-TTY,Embraer E195,TAP Air Portugal,landing,arrivee,625,249.1,89.9,,,,
2026-05-15,15:03:27,495307,CS-TXG,Airbus A321neo,TAP Air Portugal,landing,arrivee,650,251.5,85.8,,,,
2026-05-15,15:05:48,RYR12SN,EI-DHH,Boeing 737-800,Ryanair,landing,arrivee,575,273.4,95.9,,,,
2026-05-15,15:09:07,4952ca,CS-TVJ,Airbus A320neo,TAP Air Portugal,landing,arrivee,600,253.9,95.6,,,,
2026-05-15,15:11:49,3c65e1,D-AIOA,Airbus A321neo,Lufthansa,landing,arrivee,700,227.6,84.5,,,,
2026-05-15,15:14:42,BTI7FR,YL-CSE,C Series 300,Air Baltic,landing,arrivee,600,233.2,95.1,,,,
2026-05-15,15:17:43,TAP541W,CS-TTX,Embraer E195,TAP Air Portugal,landing,arrivee,650,258.4,93.6,,,,
2026-05-15,15:20:27,440c38,OE-LSJ,Airbus A320neo,Vueling,landing,arrivee,650,254.1,94.1,,,,
2026-05-15,15:23:30,AEA12AT,EC-OBP,Boeing 737-800,Air Europa,landing,arrivee,625,258.4,95.7,,,,
2026-05-15,15:26:07,440115,OE-LUE,Airbus A320neo,easyJet Europe,landing,arrivee,675,251.5,71.4,,,,
2026-05-15,15:28:52,343046,EC-KLB,Airbus A320,Vueling,landing,arrivee,650,246.7,86.5,,,,
2026-05-15,15:31:28,FIN96W,OH-LXA,Airbus A320,Finnair,landing,arrivee,600,262.4,99.7,,,,
2026-05-15,15:38:31,ASL53X,YU-APA,Airbus A319,Air Serbia,landing,arrivee,625,235.6,94.2,,,,
2026-05-15,15:41:16,TAP553R,CS-TXE,Airbus A321neo,TAP Air Portugal,landing,arrivee,675,243.9,91.5,,,,
2026-05-15,15:43:54,4951d4,CS-TNT,Airbus A320,TAP Air Portugal,landing,arrivee,650,254.8,87.5,,,,
2026-05-15,15:46:49,TAP669,CS-TVK,Airbus A320neo,TAP Air Portugal,landing,arrivee,600,249.8,94.2,,,,
2026-05-15,15:49:35,THY4GH,TC-LSZ,Airbus A321neo,Turkish Airlines,landing,arrivee,700,266.3,81.2,,,,
2026-05-15,15:52:20,495293,CS-TTS,Airbus A319,TAP Air Portugal,landing,arrivee,625,241.7,95.4,,,,
2026-05-15,15:55:10,TAP31DB,CS-TNV,Airbus A320,TAP Air Portugal,landing,arrivee,625,244.3,80.3,,,,
2026-05-15,15:57:40,49514b,CS-TJK,Airbus A321neo,TAP Air Portugal,landing,arrivee,700,260.4,74.8,,,,
2026-05-15,16:00:26,TAP883,CS-TNR,Airbus A320,TAP Air Portugal,landing,arrivee,600,244.3,93.6,,,,
2026-05-15,16:02:47,TAP10NL,CS-TXD,Airbus A321neo,TAP Air Portugal,landing,arrivee,625,252.2,96.4,,,,
2026-05-15,16:05:34,TAP016,CS-TXK,Airbus A321,TAP Air Portugal,landing,arrivee,650,257.2,88.2,,,,
2026-05-15,16:08:36,TAP17RA,CS-TVM,Airbus A320neo,TAP Air Portugal,landing,arrivee,625,247.2,97.2,,,,
2026-05-15,16:11:20,TAP1241,CS-TVI,Airbus A320neo,TAP Air Portugal,landing,arrivee,650,246.7,88.4,,,,
2026-05-15,16:14:16,TAP90EH,CS-TVR,Airbus A320neo,TAP Air Portugal,landing,arrivee,600,250.8,85.6,,,,
2026-05-15,16:17:11,49514c,CS-TJL,Airbus A321neo,TAP Air Portugal,landing,arrivee,650,249.1,94.9,,,,
2026-05-15,16:19:24,TAP433,CS-TXI,Airbus A321neo,TAP Air Portugal,landing,arrivee,600,256.5,91.8,,,,
2026-05-15,16:21:37,34530e,EC-MNR,Bombardier CRJ-1000,,landing,arrivee,675,242.1,91.1,,,,
2026-05-15,16:23:37,495297,CS-TTW,Embraer E195,TAP Air Portugal,landing,arrivee,600,268.0,85.3,,,,
2026-05-15,16:26:25,TAP9250,CS-TJJ,Airbus A321neo,TAP Air Portugal,landing,arrivee,650,225.2,78.5,,,,
2026-05-15,16:28:55,49514f,CS-TJO,Airbus A321neo,TAP Air Portugal,landing,arrivee,650,280.0,95.1,,,,
2026-05-15,16:31:38,4ca566,EI-DWA,Boeing 737-800,Ryanair,landing,arrivee,625,264.8,94.8,,,,
2026-05-15,16:34:44,49514d,CS-TJM,Airbus A321neo,TAP Air Portugal,landing,arrivee,675,262.2,71.2,,,,
2026-05-15,16:37:43,4952a9,CS-TUI,Airbus A330-900neo,TAP Air Portugal,landing,arrivee,675,231.9,89.6,,,,
2026-05-15,16:40:21,RYR9PX,EI-DHE,Boeing 737-800,Ryanair,landing,arrivee,600,260.0,91.8,,,,
2026-05-15,16:42:56,440072,OE-LSF,Airbus A320neo,easyJet Europe,landing,arrivee,650,251.5,93.9,,,,
2026-05-15,16:45:56,3c6490,D-AIDP,Airbus A321,Eurowings,landing,arrivee,625,259.3,88.5,,,,
2026-05-15,16:48:46,RYR5KT,EI-GSG,Boeing 737-800,Ryanair,landing,arrivee,550,268.9,96.8,,,,
2026-05-15,16:53:48,4952d0,CS-TVP,Airbus A320neo,TAP Air Portugal,landing,arrivee,625,240.8,87.8,,,,
2026-05-15,16:57:14,TAP1929,CS-TPQ,Embraer E190,TAP Air Portugal,landing,arrivee,650,225.9,86.4,,,,
2026-05-15,16:59:29,SWR36K,YL-ABD,A220 300,Swiss,landing,arrivee,650,233.2,90.2,,,,
2026-05-15,17:02:59,4cae6c,EI-IJY,Boeing 737 MAX 8,Ryanair,landing,arrivee,650,264.8,96.0,,,,
2026-05-15,17:05:09,4841a5,PH-HZN,Boeing 737-800,Transavia,landing,arrivee,575,266.5,94.7,,,,
2026-05-15,17:08:25,EJU87HG,OE-IDU,Airbus A320,easyJet Europe,landing,arrivee,600,232.4,98.2,,,,
2026-05-15,17:20:16,TAP1824,CS-TUD,Airbus A330-900neo,TAP Air Portugal,landing,arrivee,625,246.3,98.7,,,,
2026-05-15,17:24:24,EJU9674,OE-IBF,Airbus A320,easyJet Europe,landing,arrivee,600,232.4,91.0,,,,
2026-05-15,17:28:41,4d2222,9H-QAP,Boeing 737-800,Malta Air,landing,arrivee,600,262.4,93.2,,,,
2026-05-15,17:39:47,TAP781,EC-OCT,Airbus A321,TAP Air Portugal,landing,arrivee,625,260.4,91.5,,,,
2026-05-15,17:46:08,AFR24MF,F-HBNH,Airbus A320,Air France,landing,arrivee,675,239.1,84.0,,,,
2026-05-15,17:51:47,400a0e,G-EUUO,Airbus A320,British Airways,landing,arrivee,625,245.6,95.1,,,,
2026-05-15,17:55:33,EJU69VE,OE-LSQ,Airbus A320,easyJet Europe,landing,arrivee,625,252.2,89.5,,,,
2026-05-15,17:58:29,344691,EC-MEQ,Airbus A320,Vueling,landing,arrivee,625,257.2,92.6,,,,
2026-05-15,18:01:32,RAM982,CN-RGW,Boeing 737-800,Royal Air Maroc,landing,arrivee,575,259.7,92.3,,,,
2026-05-15,18:04:57,4952d1,CS-TVQ,Airbus A320neo,TAP Air Portugal,landing,arrivee,650,251.5,74.6,,,,
2026-05-15,18:08:13,346185,EC-NEA,Airbus A320neo,Iberia,landing,arrivee,650,257.2,97.4,,,,
2026-05-15,18:10:33,TVF46GH,F-HTVM,Boeing 737-800,Transavia France,landing,arrivee,550,278.2,95.5,,,,
2026-05-15,18:14:10,TAP15CV,CS-TJP,Airbus A321neo,TAP Air Portugal,landing,arrivee,600,261.7,98.0,,,,
2026-05-15,18:16:55,TAP643,CS-TNW,Airbus A320,TAP Air Portugal,landing,arrivee,625,252.4,88.9,,,,
2026-05-15,18:20:03,RYR95SN,9H-QEF,Boeing 737-800,Malta Air,landing,arrivee,600,258.0,92.2,,,,
2026-05-15,18:22:42,TAP1017,CS-TAW,Embraer E195,TAP Air Portugal,landing,arrivee,625,235.9,89.5,,,,
2026-05-15,18:25:32,4951cb,CS-TNK,Airbus A320,TAP Air Portugal,landing,arrivee,625,258.9,87.3,,,,
2026-05-15,18:28:31,4952c4,CS-TVD,Airbus A320neo,TAP Air Portugal,landing,arrivee,650,233.2,85.5,,,,
2026-05-15,18:30:49,486897,PH-AXL,Airbus A321neo,KLM,landing,arrivee,700,275.8,90.1,,,,
2026-05-15,18:34:14,WMT6155,HA-LTH,Airbus A321,SAS Scandinavian,landing,arrivee,600,256.5,96.3,,,,
2026-05-15,18:36:48,39d315,F-HUYV,Boeing 737-800,Transavia France,landing,arrivee,600,253.5,91.3,,,,
2026-05-15,18:39:50,RZO124,OY-RUU,Airbus A321,Corendon Airlines,landing,arrivee,600,256.5,95.1,,,,
2026-05-15,18:43:03,49521a,CS-TPZ,Embraer E190,TAP Air Portugal,landing,arrivee,600,228.4,95.2,,,,
2026-05-15,18:45:36,44cdc5,OO-SNE,Airbus A320,Brussels Airlines,landing,arrivee,625,246.3,96.4,,,,
2026-05-15,18:52:00,EJU71TK,OE-LQC,Airbus A319,easyJet Europe,landing,arrivee,625,233.9,91.6,,,,
2026-05-15,18:54:35,406a92,G-EZWR,Airbus A320,easyJet,landing,arrivee,600,253.2,91.6,,,,
2026-05-15,18:57:06,4b1a2c,HB-JXS,Airbus A320,Austrian Airlines,landing,arrivee,625,239.1,93.6,,,,
2026-05-15,18:59:58,TAP1906,CS-TPW,Embraer E190,TAP Air Portugal,landing,arrivee,650,229.1,83.7,,,,
2026-05-15,19:03:02,TAP35BL,CS-TAY,Embraer E195,TAP Air Portugal,landing,arrivee,625,255.9,95.0,,,,
2026-05-15,19:05:53,AEA1157,EC-NZN,Boeing 737-800,Air Europa,landing,arrivee,650,268.2,93.7,,,,
2026-05-15,19:09:17,344646,EC-MEL,Airbus A320,Vueling,landing,arrivee,625,244.8,96.2,,,,
2026-05-15,19:12:16,495215,CS-TPU,Embraer E190,TAP Air Portugal,landing,arrivee,650,220.8,92.1,,,,
2026-05-15,19:15:11,TAY2MN,OE-IXJ,Boeing 737-800,Iberia,landing,arrivee,600,226.7,92.4,,,,
2026-05-15,19:18:01,a19df5,N203JE,Gulfstream G700,Unknown US,landing,arrivee,625,209.1,85.5,,,,
2026-05-15,19:20:29,4cadff,EI-IHT,Boeing 737 MAX 8,Ryanair,landing,arrivee,625,268.0,98.1,,,,
2026-05-15,19:23:10,EJU4763,OE-ICT,Airbus A320,easyJet Europe,landing,arrivee,600,248.0,96.3,,,,
2026-05-15,19:26:01,440065,OE-LQZ,Airbus A319,easyJet Europe,landing,arrivee,625,248.0,91.1,,,,
2026-05-15,19:32:59,471fad,HA-LZX,Airbus A321neo,Wizz Air,landing,arrivee,650,264.1,81.7,,,,
2026-05-15,19:35:49,8963d3,A6-EPD,Boeing 777-300ER,Emirates,landing,arrivee,625,273.9,92.7,,,,
2026-05-15,19:38:39,495038,CS-TAX,Embraer E195,TAP Air Portugal,landing,arrivee,650,254.1,93.5,,,,
2026-05-15,19:41:41,EZY26YM,G-UZMJ,Airbus A321neo,easyJet,landing,arrivee,600,230.8,95.2,,,,
2026-05-15,19:44:38,TAP69UX,CS-TNJ,Airbus A320,TAP Air Portugal,landing,arrivee,625,249.8,94.9,,,,
2026-05-15,19:47:31,495153,CS-TJS,Airbus A321neo,TAP Air Portugal,landing,arrivee,625,252.4,92.8,,,,
2026-05-15,19:50:15,347453,EC-NZP,Airbus A320,Iberia,landing,arrivee,625,237.4,90.6,,,,
2026-05-15,19:52:52,71c393,HL8393,Boeing 787-9,Korean Air,landing,arrivee,600,253.2,98.1,,,,
2026-05-15,19:55:38,4d2519,9H-QFB,Boeing 737-800,Malta Air,approach,arrivee,600,0.0,94.7,,,,
2026-05-15,19:58:56,49529a,CS-TTZ,Embraer E195,TAP Air Portugal,landing,arrivee,625,253.2,89.4,,,,
2026-05-15,20:01:48,MMZ352,CS-TST,767 34PER,TAP Air Portugal,landing,arrivee,650,254.1,92.5,,,,
2026-05-15,20:04:45,49514e,CS-TJN,Airbus A321neo,TAP Air Portugal,landing,arrivee,650,244.3,88.0,,,,
2026-05-15,20:07:44,EWG37V,D-AENG,Airbus A320neo,Eurowings,landing,arrivee,625,225.0,96.7,,,,
2026-05-15,20:10:25,4951d3,CS-TNS,Airbus A320,TAP Air Portugal,landing,arrivee,625,234.8,91.2,,,,
2026-05-15,20:13:26,SAS2801,SE-RUE,Airbus A320neo,SAS Scandinavian,landing,arrivee,650,237.4,84.8,,,,
2026-05-15,20:16:13,495218,CS-TPX,Embraer E190,TAP Air Portugal,landing,arrivee,625,237.4,92.5,,,,
2026-05-15,20:22:57,0900f0,D2-TEJ,Boeing 777-300ER,TAAG Angola Airlines,landing,arrivee,625,260.8,94.7,,,,
2026-05-15,20:26:00,4952c2,CS-TVB,Airbus A320neo,TAP Air Portugal,landing,arrivee,625,249.1,99.8,,,,
2026-05-15,20:28:40,48e9f5,SP-RNQ,Boeing 737-800,Buzz,landing,arrivee,625,275.8,90.8,,,,
2026-05-15,20:32:30,4d2492,9H-WDL,Airbus A321,Lauda Europe,landing,arrivee,650,234.8,97.3,,,,
2026-05-15,20:35:13,EZY25BM,G-UZHN,Airbus A320neo,easyJet,landing,arrivee,575,254.8,99.6,,,,
2026-05-15,20:42:17,495216,CS-TPV,Embraer E190,TAP Air Portugal,landing,arrivee,575,228.4,98.7,,,,
2026-05-15,20:50:29,TAP1207,CS-TVN,Airbus A320neo,TAP Air Portugal,landing,arrivee,625,247.2,98.5,,,,
2026-05-15,20:53:39,TRA951N,OK-TSI,Boeing 737-900,Smartwings,landing,arrivee,575,272.1,91.8,,,,
2026-05-15,20:56:15,RYR76WW,9H-VVR,Boeing 737 MAX 8,Malta Air,landing,arrivee,600,274.1,92.4,,,,
2026-05-15,20:58:58,EIN4PT,EI-DVK,Airbus A320,Aer Lingus,landing,arrivee,600,235.6,94.2,,,,
2026-05-15,21:01:51,RYR24SE,9H-QEJ,Boeing 737-800,Malta Air,landing,arrivee,575,259.7,95.1,,,,
2026-05-15,21:04:37,VLG8UE,EC-MHA,Airbus A321,Vueling,landing,arrivee,550,253.2,96.9,,,,
2026-05-15,21:08:17,495279,CS-TSY,Airbus A320,TAP Air Portugal,landing,arrivee,600,240.0,96.2,,,,
2026-05-15,21:14:05,RYR3WD,EI-GSG,Boeing 737-800,Ryanair,landing,arrivee,525,268.9,96.7,,,,
2026-05-15,21:16:59,345207,EC-MLD,Airbus A321,Vueling,landing,arrivee,575,248.0,92.1,,,,
2026-05-15,21:20:19,TAP37CN,CS-TPS,Embraer E190,TAP Air Portugal,landing,arrivee,600,223.2,93.5,,,,
2026-05-15,21:22:48,VOE54GD,EC-KMI,Airbus A320,Volotea,landing,arrivee,625,247.2,84.5,,,,
2026-05-15,21:26:05,TAP437X,CS-TJH,Airbus A321,TAP Air Portugal,landing,arrivee,625,252.4,89.7,,,,
2026-05-15,21:28:38,RZO134,CS-TSM,Airbus A320,TAP Air Portugal,landing,arrivee,600,262.2,91.3,,,,
2026-05-15,21:33:04,TAP67U,CS-TVA,Airbus A320neo,TAP Air Portugal,landing,arrivee,550,251.5,97.0,,,,
2026-05-15,21:36:18,DLH34J,D-AINE,Airbus A320neo,Lufthansa,landing,arrivee,575,233.2,95.7,,,,
2026-05-15,21:39:15,4952c3,CS-TVC,Airbus A320neo,TAP Air Portugal,landing,arrivee,625,232.4,91.6,,,,
2026-05-15,21:42:19,TAP827V,CS-TVG,Airbus A320neo,TAP Air Portugal,landing,arrivee,550,214.3,96.2,,,,
2026-05-15,21:44:58,TAP57W,CS-TJI,Airbus A321neo,TAP Air Portugal,landing,arrivee,575,255.6,96.8,,,,
2026-05-15,21:47:43,TAP5AS,CS-TNN,Airbus A320,TAP Air Portugal,landing,arrivee,600,251.5,92.8,,,,
2026-05-15,21:50:39,4952c8,CS-TVH,Airbus A320neo,TAP Air Portugal,landing,arrivee,575,229.8,93.3,,,,
2026-05-15,21:53:23,3964e1,F-GZHB,Boeing 737-800,Transavia France,landing,arrivee,550,281.1,92.8,,,,
2026-05-15,21:56:23,TAP863Y,CS-TNX,Airbus A320,TAP Air Portugal,landing,arrivee,550,253.9,85.4,,,,
2026-05-15,21:59:44,49520f,CS-TPO,Embraer E190,TAP Air Portugal,landing,arrivee,525,249.1,91.5,,,,
2026-05-15,22:04:48,AFR64PQ,F-GMZD,Airbus A321,Air France,landing,arrivee,550,246.7,88.8,,,,
2026-05-15,22:10:13,c04453,C-FZWS,Boeing 737-700,WestJet,landing,arrivee,550,275.2,98.5,,,,
2026-05-15,22:12:52,4bb879,TC-NCY,Airbus A320neo,Turkish Airlines,approach,arrivee,600,0.0,90.2,,,,
2026-05-15,22:14:39,495145,CS-TJE,Airbus A321,TAP Air Portugal,landing,arrivee,550,257.2,92.3,,,,
2026-05-15,22:16:19,4952c6,CS-TVF,Airbus A320neo,TAP Air Portugal,landing,arrivee,575,244.8,99.2,,,,
2026-05-15,22:18:26,EJU54ZM,OE-IDO,Airbus A320,easyJet Europe,landing,arrivee,575,254.1,95.6,,,,
2026-05-15,22:22:55,EJU91TW,OE-IWW,Airbus A320,easyJet Europe,landing,arrivee,550,255.6,97.4,,,,
2026-05-15,22:26:38,TAP21MM,CS-TTX,Embraer E195,TAP Air Portugal,landing,arrivee,600,236.7,95.9,,,,
2026-05-15,22:30:00,KLM35W,PH-AXI,Airbus A321neo,KLM,landing,arrivee,575,229.1,98.1,,,,
2026-05-15,22:38:03,TAP645,CS-TTY,Embraer E195,TAP Air Portugal,landing,arrivee,575,250.0,96.1,,,,
2026-05-15,22:43:12,440d6e,OE-LSQ,Airbus A320,easyJet Europe,landing,arrivee,625,250.8,87.8,,,,
2026-05-15,22:45:17,EJU15UG,OE-LUE,Airbus A320neo,easyJet Europe,landing,arrivee,625,227.6,93.5,,,,
2026-05-15,22:47:17,49514c,CS-TJL,Airbus A321neo,TAP Air Portugal,landing,arrivee,625,255.9,88.1,,,,
2026-05-15,22:49:09,4ca64e,EI-DYL,Boeing 737-800,Ryanair,landing,arrivee,625,264.1,82.8,,,,
2026-05-15,22:52:05,RYR7GJ,EI-HMX,Boeing 737 MAX 8,Ryanair,landing,arrivee,525,271.3,97.6,,,,
2026-05-15,22:54:56,440072,OE-LSF,Airbus A320neo,easyJet Europe,landing,arrivee,625,250.0,83.0,,,,
2026-05-15,22:57:53,4952ca,CS-TVJ,Airbus A320neo,TAP Air Portugal,landing,arrivee,650,222.6,84.5,,,,
2026-05-15,23:00:29,TAP43RY,CS-TVI,Airbus A320neo,TAP Air Portugal,landing,arrivee,575,209.1,95.6,,,,
2026-05-15,23:03:13,TAP555,CS-TNQ,Airbus A320,TAP Air Portugal,landing,arrivee,550,241.5,92.0,,,,
2026-05-15,23:05:32,SEH922,SX-IOC,Airbus A320neo,,landing,arrivee,575,234.3,96.6,,,,
2026-05-15,23:07:05,AEE7PT,SX-NAP,Airbus A321neo,Aegean Airlines,landing,arrivee,550,243.2,98.9,,,,
2026-05-15,23:09:43,RYR68VC,EI-ILN,Boeing 737 MAX 8,Ryanair,landing,arrivee,575,263.2,92.2,,,,
2026-05-15,23:12:25,34134e,EC-HUI,Airbus A321,Iberia,landing,arrivee,600,260.4,82.0,,,,
2026-05-15,23:15:01,BAW508,G-TTNN,Airbus A320neo,British Airways,landing,arrivee,550,227.1,89.2,,,,
2026-05-15,23:16:50,3c64a3,D-AIEC,Airbus A321neo,Lufthansa,landing,arrivee,575,236.7,95.3,,,,
2026-05-15,23:18:41,4ca9d4,EI-EVL,Boeing 737-800,Ryanair,landing,arrivee,550,246.7,80.5,,,,
2026-05-15,23:21:14,DLH23C,D-AIDE,Airbus A321,Lufthansa,landing,arrivee,550,256.5,90.6,,,,
2026-05-15,23:23:36,EJU64TB,OE-LSJ,Airbus A320neo,Vueling,landing,arrivee,550,249.1,96.7,,,,
2026-05-15,23:26:28,TAP35MT,CS-TNL,Airbus A320,TAP Air Portugal,landing,arrivee,625,223.2,87.0,,,,
2026-05-15,23:27:59,4b169a,HB-IOO,Airbus A321,Swiss,landing,arrivee,525,246.7,95.1,,,,
2026-05-15,23:29:41,EJU36BG,OE-IBS,Airbus A320,easyJet Europe,landing,arrivee,575,253.9,92.4,,,,
2026-05-15,23:32:07,440cbf,OE-LSO,Airbus A320,easyJet Europe,landing,arrivee,625,221.5,77.3,,,,
2026-05-15,23:34:50,440cf8,OE-IBF,Airbus A320,easyJet Europe,landing,arrivee,650,233.2,75.8,,,,
2026-05-15,23:40:22,TAP39PT,EC-OCT,Airbus A321,TAP Air Portugal,landing,arrivee,600,250.8,91.9,,,,
2026-05-16,03:56:00,RZO128,CS-TSK,Airbus A320,TAP Air Portugal,landing,arrivee,575,231.5,92.8,,,,
2026-05-16,04:38:27,TAP074,CS-TUN,Airbus A330-900neo,TAP Air Portugal,landing,arrivee,550,236.7,98.3,,,,
2026-05-16,04:44:52,TAP082,CS-TUG,Airbus A330-900neo,TAP Air Portugal,landing,arrivee,575,244.3,92.2,,,,
2026-05-16,04:49:14,49530a,CS-TXJ,Airbus A321neo,TAP Air Portugal,landing,arrivee,650,257.2,79.8,,,,
2026-05-16,04:51:56,495301,CS-TXA,Airbus A321neo,TAP Air Portugal,landing,arrivee,650,261.5,83.7,,,,
2026-05-16,05:00:09,495303,CS-TXC,Airbus A321neo,TAP Air Portugal,landing,arrivee,675,256.5,72.8,,,,
2026-05-16,05:03:58,TAP232Y,CS-TXF,Airbus A321neo,TAP Air Portugal,landing,arrivee,650,265.6,84.3,,,,
2026-05-16,05:14:04,4952a2,CS-TUB,Airbus A330-900neo,TAP Air Portugal,landing,arrivee,650,256.9,86.1,,,,
2026-05-16,05:45:12,TAP1937,CS-TNJ,Airbus A320,TAP Air Portugal,landing,arrivee,650,238.9,72.2,,,,
2026-05-16,05:53:21,495153,CS-TJS,Airbus A321neo,TAP Air Portugal,landing,arrivee,650,234.3,92.8,,,,
2026-05-16,06:00:50,4952ce,CS-TVN,Airbus A320neo,TAP Air Portugal,landing,arrivee,625,246.7,87.2,,,,
2026-05-16,06:04:01,TAP1544,CS-TNR,Airbus A320,TAP Air Portugal,landing,arrivee,550,260.8,99.1,,,,
2026-05-16,06:14:09,TSC680,C-GTSJ,Airbus A330-200,Air Transat,landing,arrivee,600,238.4,96.3,,,,
2026-05-16,06:18:18,495214,CS-TPT,Embraer E190,TAP Air Portugal,landing,arrivee,625,230.8,87.7,,,,
2026-05-16,06:22:54,TAP11VP,CS-TPS,Embraer E190,TAP Air Portugal,landing,arrivee,600,226.7,85.6,,,,
2026-05-16,06:27:05,TAP104,CS-TUJ,Airbus A330-900neo,TAP Air Portugal,landing,arrivee,600,248.4,97.9,,,,
2026-05-16,06:29:56,TAP296,CS-TUQ,Airbus A330-900neo,TAP Air Portugal,landing,arrivee,600,240.8,90.3,,,,
2026-05-16,06:39:42,78131e,B-1043,Airbus A330-200,Capital Airlines,landing,arrivee,575,234.8,99.3,,,,
2026-05-16,06:42:43,AEA1159,EC-NUZ,Boeing 737-800,Air Europa,landing,arrivee,550,244.8,94.4,,,,
2026-05-16,06:45:23,TAP1550,CS-TJK,Airbus A321neo,TAP Air Portugal,landing,arrivee,575,255.6,96.3,,,,
2026-05-16,06:48:00,4951d8,CS-TNX,Airbus A320,TAP Air Portugal,landing,arrivee,625,232.4,80.3,,,,
2026-05-16,06:51:05,TAP41SN,CS-TVA,Airbus A320neo,TAP Air Portugal,landing,arrivee,650,228.4,81.0,,,,
2026-05-16,06:53:53,4952c2,CS-TVB,Airbus A320neo,TAP Air Portugal,landing,arrivee,625,235.9,88.0,,,,
2026-05-16,07:00:36,TAP058,CS-TUM,Airbus A330-900neo,TAP Air Portugal,landing,arrivee,625,231.5,85.8,,,,
2026-05-16,07:03:16,TAP1139,CS-TAX,Embraer E195,TAP Air Portugal,landing,arrivee,550,235.9,88.3,,,,
2026-05-16,07:06:39,49521a,CS-TPZ,Embraer E190,TAP Air Portugal,landing,arrivee,550,222.2,92.5,,,,
2026-05-16,07:12:56,495145,CS-TJE,Airbus A321,TAP Air Portugal,approach,arrivee,600,0.0,86.8,,,,
2026-05-16,07:16:46,e48ba9,PT-MUG,Boeing 777-300ER,LATAM Airlines,landing,arrivee,600,246.7,92.4,,,,
2026-05-16,07:19:26,DTA650,D2-TEK,Boeing 777-300ER,TAAG Angola Airlines,landing,arrivee,625,232.4,89.2,,,,
2026-05-16,07:22:14,e4910e,PR-AIW,Airbus A330-200,Azul,cruise,,600,0.0,94.4,,,,
2026-05-16,07:25:09,TAP441,CS-TJO,Airbus A321neo,TAP Air Portugal,landing,arrivee,550,243.2,99.2,,,,
2026-05-16,07:28:10,495218,CS-TPX,Embraer E190,TAP Air Portugal,landing,arrivee,600,226.7,88.9,,,,
2026-05-16,07:30:51,DAL272,N429DX,Airbus A330-900neo,Delta Air Lines,landing,arrivee,650,231.5,84.5,,,,
2026-05-16,07:34:01,495037,CS-TAW,Embraer E195,TAP Air Portugal,landing,arrivee,575,236.7,79.3,,,,
2026-05-16,07:36:50,TAP647,CS-TTS,Airbus A319,TAP Air Portugal,landing,arrivee,575,240.0,98.4,,,,
2026-05-16,07:39:36,IBE05TR,EC-LXQ,Airbus A320,Iberia,landing,arrivee,575,258.4,88.4,,,,
2026-05-16,07:42:35,TAP945,CS-TVD,Airbus A320neo,TAP Air Portugal,landing,arrivee,550,243.2,95.0,,,,
2026-05-16,07:45:40,TAP495Y,CS-TAY,Embraer E195,TAP Air Portugal,landing,arrivee,575,240.8,95.7,,,,
2026-05-16,07:48:24,TAP9ML,CS-TNS,Airbus A320,TAP Air Portugal,landing,arrivee,600,250.8,86.4,,,,
2026-05-16,07:51:22,UAL64,N91007,Boeing 787-10,United Airlines,landing,arrivee,625,253.9,90.4,,,,
2026-05-16,07:56:09,TAP8RL,CS-TNK,Airbus A320,TAP Air Portugal,cruise,,625,0.0,76.2,,,,
2026-05-16,07:59:20,TAP1939,CS-TVJ,Airbus A320neo,TAP Air Portugal,landing,arrivee,575,226.7,84.8,,,,
2026-05-16,08:02:14,4866ee,PH-YHB,Airbus A321neo,Transavia,landing,arrivee,625,220.8,90.5,,,,
2026-05-16,08:07:07,TAP575,CS-TNT,Airbus A320,TAP Air Portugal,landing,arrivee,575,233.9,86.1,,,,
2026-05-16,08:09:55,345314,EC-MOO,Airbus A321,Vueling,landing,arrivee,575,242.2,86.9,,,,
2026-05-16,08:13:00,4952cc,CS-TVL,Airbus A320,TAP Air Portugal,landing,arrivee,625,218.4,67.4,,,,
2026-05-16,08:15:37,896464,A6-BLF,Boeing 787-9,Etihad Airways,cruise,,575,259.3,94.9,,,,
2026-05-16,08:20:10,4951cd,CS-TNM,Airbus A320,TAP Air Portugal,landing,arrivee,575,241.5,92.2,,,,
2026-05-16,08:23:03,TAP53EI,CS-TVR,Airbus A320neo,TAP Air Portugal,landing,arrivee,600,244.8,89.2,,,,
2026-05-16,08:26:06,TAP244,CS-TUL,Airbus A330-900neo,TAP Air Portugal,landing,arrivee,625,255.9,89.2,,,,
2026-05-16,08:28:58,TAP9RH,CS-TJJ,Airbus A321neo,TAP Air Portugal,landing,arrivee,600,251.5,88.0,,,,
2026-05-16,08:31:56,TAP27UZ,CS-TPU,Embraer E190,TAP Air Portugal,landing,arrivee,575,226.7,94.0,,,,
2026-05-16,08:34:34,4952d1,CS-TVQ,Airbus A320neo,TAP Air Portugal,landing,arrivee,575,228.4,94.5,,,,
2026-05-16,08:36:15,4951d6,CS-TNV,Airbus A320,TAP Air Portugal,landing,arrivee,625,229.1,78.2,,,,
2026-05-16,08:38:11,AFR35VY,F-GKXR,Airbus A320,Air France,landing,arrivee,625,232.4,70.8,,,,
2026-05-16,08:41:38,AAL258,N825AA,Boeing 787-9,American Airlines,approach,arrivee,550,253.2,97.9,,,,
2026-05-16,08:49:20,c0582b,C-GHKC,Airbus A330-300,Air Canada,landing,arrivee,550,238.4,90.9,,,,
2026-05-16,08:53:14,TAP675,CS-TJM,Airbus A321neo,TAP Air Portugal,landing,arrivee,575,244.8,92.7,,,,
2026-05-16,08:55:57,TRA27L,PH-HZN,Boeing 737-800,Transavia,landing,arrivee,500,263.2,94.2,,,,
2026-05-16,08:58:41,RUK715,G-RUKM,Boeing 737-800,Ryanair UK,landing,arrivee,575,263.2,70.6,,,,
2026-05-16,09:01:20,4952cb,CS-TVK,Airbus A320neo,TAP Air Portugal,landing,arrivee,550,245.9,93.9,,,,
2026-05-16,09:05:05,BCS18K,D-AEAS,A300 B4-622RF,Lufthansa,landing,arrivee,600,218.2,89.0,,,,
2026-05-16,09:07:43,RYR85KH,SP-RSR,Boeing 737-800,Ryanair,landing,arrivee,550,258.9,90.1,,,,
2026-05-16,09:10:38,48c235,SP-RSZ,Boeing 737-800,Buzz,landing,arrivee,550,271.3,94.6,,,,
2026-05-16,09:15:06,49530c,CS-TXL,Airbus A321neo,TAP Air Portugal,landing,arrivee,600,258.9,90.7,,,,
2026-05-16,09:19:47,4cae9d,EI-IKW,Boeing 737 MAX 8,Ryanair,landing,arrivee,550,266.3,91.5,,,,
2026-05-16,09:29:57,TAP036,CS-TON,Airbus A330-200,TAP Air Portugal,landing,arrivee,625,252.2,88.0,,,,
2026-05-16,09:38:23,TAP210,CS-TUS,Airbus A330-900neo,TAP Air Portugal,landing,arrivee,550,258.9,97.8,,,,
2026-05-16,09:41:42,TAP1921,CS-TVP,Airbus A320neo,TAP Air Portugal,landing,arrivee,575,256.5,90.1,,,,
2026-05-16,09:46:14,495149,CS-TJI,Airbus A321neo,TAP Air Portugal,landing,arrivee,600,264.1,88.0,,,,
2026-05-16,09:49:59,TAP012,CS-TUK,Airbus A330-900neo,TAP Air Portugal,landing,arrivee,575,251.5,93.7,,,,
2026-05-16,09:52:50,47875c,LN-DYR,Boeing 737-800,Norwegian,landing,arrivee,550,263.2,90.8,,,,
2026-05-16,09:55:27,RYR24SE,EI-DPF,Boeing 737-800,Ryanair,landing,arrivee,550,264.7,82.3,,,,
2026-05-16,09:59:46,UAL942,N782UA,Boeing 777-200,United Airlines,landing,arrivee,550,246.7,95.0,,,,
2026-05-16,10:02:35,495305,CS-TXE,Airbus A321neo,TAP Air Portugal,cruise,,625,0.0,88.3,,,,
2026-05-16,10:05:06,440d10,OE-IBS,Airbus A320,easyJet Europe,landing,arrivee,600,244.3,86.0,,,,
2026-05-16,10:08:31,49530b,CS-TXK,Airbus A321,TAP Air Portugal,landing,arrivee,550,257.2,91.5,,,,
2026-05-16,10:11:27,AZU8900,CS-TSW,Boeing 777-200,Azul,landing,arrivee,600,240.8,94.0,,,,
2026-05-16,10:14:54,495304,CS-TXD,Airbus A321neo,TAP Air Portugal,landing,arrivee,550,253.2,90.9,,,,
2026-05-16,10:17:31,495217,CS-TPW,Embraer E190,TAP Air Portugal,landing,arrivee,525,219.1,88.3,,,,
2026-05-16,10:20:28,THY3WE,TC-LPA,Airbus A321,Turkish Airlines,landing,arrivee,550,234.3,97.6,,,,
2026-05-16,10:23:30,AEE2PT,SX-NEJ,Airbus A320,Aegean Airlines,landing,arrivee,500,256.3,99.1,,,,
2026-05-16,10:25:49,ACA810,C-FIUW,Boeing 777-300ER,Air Canada,landing,arrivee,550,258.9,87.6,,,,
2026-05-16,10:28:30,490d85,CS-CLE,CL60,NetJets,landing,arrivee,625,224.6,77.2,,,,
2026-05-16,10:31:08,AEA1153,EC-MQP,Boeing 737-800,Air Europa,landing,arrivee,575,255.6,79.7,,,,
2026-05-16,10:33:51,EIN82T,EI-DEM,Airbus A320,Aer Lingus,landing,arrivee,525,236.7,84.2,,,,
2026-05-16,10:36:33,49530d,CS-TXM,Airbus A321,TAP Air Portugal,landing,arrivee,575,258.0,87.5,,,,
2026-05-16,10:39:14,495150,CS-TJP,Airbus A321neo,TAP Air Portugal,landing,arrivee,575,253.2,95.1,,,,
2026-05-16,10:41:45,KLM1579,PH-AXN,Airbus A321neo,KLM,landing,arrivee,575,232.4,92.0,,,,
2026-05-16,10:44:57,TAP11SV,CS-TPT,Embraer E190,TAP Air Portugal,landing,arrivee,525,220.8,90.4,,,,
2026-05-16,10:47:42,DAL124,N439DX,Airbus A330-900neo,Delta Air Lines,landing,arrivee,525,239.8,84.7,,,,
2026-05-16,10:50:11,406442,G-EZGE,Airbus A319,easyJet,landing,arrivee,575,238.4,93.4,,,,
2026-05-16,10:52:42,495309,CS-TXI,Airbus A321neo,TAP Air Portugal,landing,arrivee,600,250.8,80.8,,,,
2026-05-16,10:55:32,495213,CS-TPS,Embraer E190,TAP Air Portugal,landing,arrivee,575,223.2,80.2,,,,
2026-05-16,10:58:04,4952c2,CS-TVB,Airbus A320neo,TAP Air Portugal,landing,arrivee,600,247.2,80.2,,,,
2026-05-16,11:00:38,BEL2DY,OO-SNN,Airbus A320,Brussels Airlines,landing,arrivee,525,247.6,95.1,,,,
2026-05-16,11:03:25,4952a6,CS-TUF,Airbus A330-900neo,TAP Air Portugal,landing,arrivee,600,254.8,82.3,,,,
2026-05-16,11:06:06,UNI110,D-CEXP,Learjet 35 A,Air Alliance Express GmbH,landing,arrivee,675,225.9,80.7,,,,
2026-05-16,11:08:35,49514c,CS-TJL,Airbus A321neo,TAP Air Portugal,landing,arrivee,575,254.8,86.2,,,,
2026-05-16,11:11:28,502d28,YL-AAX,A220 300,Air Baltic,landing,arrivee,600,222.2,81.0,,,,
2026-05-16,11:13:58,BAW50P,G-TNEJ,Airbus A321neo,British Airways,landing,arrivee,575,235.6,93.9,,,,
2026-05-16,11:16:47,EJU74EF,OE-LSF,Airbus A320neo,easyJet Europe,landing,arrivee,550,255.9,92.2,,,,
2026-05-16,11:22:04,39bdb9,F-HPNZ,Airbus A220-300,Air France,landing,arrivee,550,229.1,94.8,,,,
2026-05-16,11:26:48,RZO120,CS-TSM,Airbus A320,TAP Air Portugal,landing,arrivee,575,251.5,87.8,,,,
2026-05-16,11:29:53,TAP088,CS-TUE,Airbus A330-900neo,TAP Air Portugal,landing,arrivee,600,251.7,91.6,,,,
2026-05-16,11:37:18,RYR3WD,EI-GSG,Boeing 737-800,Ryanair,landing,arrivee,550,267.2,90.8,,,,
2026-05-16,11:40:31,TAP010,CS-TXG,Airbus A321neo,TAP Air Portugal,landing,arrivee,575,263.2,88.4,,,,
2026-05-16,11:42:29,3c64ad,D-AIEM,Airbus A321neo,Lufthansa,landing,arrivee,625,250.8,88.2,,,,
2026-05-16,11:44:29,440c38,OE-LSJ,Airbus A320neo,Vueling,landing,arrivee,575,243.2,80.5,,,,
2026-05-16,11:47:42,495298,CS-TTX,Embraer E195,TAP Air Portugal,landing,arrivee,575,260.8,97.9,,,,
2026-05-16,11:49:32,495297,CS-TTW,Embraer E195,TAP Air Portugal,landing,arrivee,575,228.4,89.2,,,,
2026-05-16,11:52:05,TAP1925,CS-TAY,Embraer E195,TAP Air Portugal,landing,arrivee,550,258.9,94.6,,,,
2026-05-16,11:54:22,3964e0,F-GZHA,Boeing 737-800,Transavia France,landing,arrivee,550,262.4,88.1,,,,
2026-05-16,12:07:42,4cad12,EI-HGZ,Boeing 737 MAX 8,Ryanair,landing,arrivee,525,264.1,97.4,,,,
2026-05-16,12:13:57,440cf8,OE-IBF,Airbus A320,easyJet Europe,landing,arrivee,600,246.7,68.2,,,,
2026-05-16,12:18:59,TAP9251,CS-TXH,Airbus A321neo,TAP Air Portugal,landing,arrivee,525,235.6,92.4,,,,
2026-05-16,12:21:54,3485c3,EC-ORZ,Airbus A321neo,,landing,arrivee,625,238.4,90.9,,,,
2026-05-16,12:24:50,e80468,CC-BGP,Boeing 787-9,LATAM Airlines,landing,arrivee,550,254.8,95.3,,,,
2026-05-16,12:27:30,440075,OE-LSV,Airbus A320neo,easyJet Europe,cruise,,625,0.0,80.8,,,,
2026-05-16,12:32:22,TAP143P,CS-TTS,Airbus A319,TAP Air Portugal,landing,arrivee,500,231.9,94.6,,,,
2026-05-16,12:34:58,4951cb,CS-TNK,Airbus A320,TAP Air Portugal,landing,arrivee,575,252.4,89.9,,,,
2026-05-16,12:38:06,440cbf,OE-LSO,Airbus A320,easyJet Europe,landing,arrivee,600,235.6,68.2,,,,
2026-05-16,12:40:44,TAP11WQ,CS-TNX,Airbus A320,TAP Air Portugal,landing,arrivee,500,241.5,95.9,,,,
2026-05-16,12:43:20,4952b2,CS-TUR,Airbus A330-900neo,TAP Air Portugal,landing,arrivee,525,254.8,96.5,,,,
2026-05-16,12:46:24,49529a,CS-TTZ,Embraer E195,TAP Air Portugal,landing,arrivee,525,249.1,99.1,,,,
2026-05-16,12:49:26,UAE3MV,A6-ENR,Boeing 777-300ER,Emirates,landing,arrivee,600,276.5,84.5,,,,
2026-05-16,12:52:10,RYR56BR,9H-QEJ,Boeing 737-800,Malta Air,landing,arrivee,525,264.8,91.1,,,,
2026-05-16,12:56:13,TAP1031,CS-TVN,Airbus A320neo,TAP Air Portugal,landing,arrivee,575,259.7,86.3,,,,
2026-05-16,12:58:44,EZY7702,G-EZWU,Airbus A320,easyJet,landing,arrivee,575,250.0,90.5,,,,
2026-05-16,13:01:21,RYR95SN,EI-ILN,Boeing 737 MAX 8,Ryanair,landing,arrivee,500,273.4,95.8,,,,
2026-05-16,13:09:03,TAP10VL,CS-TPZ,Embraer E190,TAP Air Portugal,landing,arrivee,525,230.8,99.9,,,,
2026-05-16,13:11:31,OKELD,OK-ELD,E55P,,landing,arrivee,600,234.3,88.7,,,,
2026-05-16,13:14:18,TAP1335,CS-TPO,Embraer E190,TAP Air Portugal,landing,arrivee,550,249.1,87.7,,,,
2026-05-16,13:16:50,RZO122,CS-TSF,Airbus A321neo,TAP Air Portugal,landing,arrivee,575,262.8,85.1,,,,
2026-05-16,13:23:29,TAP145W,CS-TPX,Embraer E190,TAP Air Portugal,landing,arrivee,525,253.2,96.8,,,,
2026-05-16,13:27:24,SWT131,EC-MAF,ATR 72 500F,Swiftair,landing,arrivee,575,178.3,85.6,,,,
2026-05-16,13:31:56,495038,CS-TAX,Embraer E195,TAP Air Portugal,landing,arrivee,550,238.9,92.4,,,,
2026-05-16,13:34:22,TAP86GM,CS-TNQ,Airbus A320,TAP Air Portugal,landing,arrivee,525,253.2,93.5,,,,
2026-05-16,13:37:03,DLH47T,D-AINT,Airbus A320neo,Lufthansa,landing,arrivee,600,264.1,92.3,,,,
2026-05-16,13:39:48,TAP43JD,CS-TJN,Airbus A321neo,TAP Air Portugal,landing,arrivee,625,263.9,85.0,,,,
2026-05-16,13:42:28,4400f3,OE-IDO,Airbus A320,easyJet Europe,landing,arrivee,625,254.1,94.6,,,,
2026-05-16,13:45:19,VLG8JM,EC-NLX,Airbus A321,Vueling,landing,arrivee,525,261.5,99.6,,,,
2026-05-16,13:47:50,4952c9,CS-TVI,Airbus A320neo,TAP Air Portugal,landing,arrivee,625,260.8,80.3,,,,
2026-05-16,13:50:40,495211,CS-TPQ,Embraer E190,TAP Air Portugal,landing,arrivee,575,247.2,98.9,,,,
2026-05-16,13:53:09,4951d2,CS-TNR,Airbus A320,TAP Air Portugal,landing,arrivee,550,252.4,90.2,,,,
2026-05-16,13:55:54,4951cc,CS-TNL,Airbus A320,TAP Air Portugal,landing,arrivee,600,236.7,85.5,,,,
2026-05-16,13:58:41,TCV606,D4-CCI,Boeing 737-700,Cabo Verde Airlines,landing,arrivee,525,237.1,88.9,,,,
2026-05-16,14:01:32,495279,CS-TSY,Airbus A320,TAP Air Portugal,landing,arrivee,625,245.6,85.6,,,,
2026-05-16,14:04:10,TAP1860,CS-TXA,Airbus A321neo,TAP Air Portugal,landing,arrivee,675,269.3,85.8,,,,
2026-05-16,14:07:11,495299,CS-TTY,Embraer E195,TAP Air Portugal,landing,arrivee,550,255.9,97.1,,,,
2026-05-16,14:09:47,LOT425,SP-LYC,Boeing 737 MAX 8,LOT Polish Airlines,landing,arrivee,550,255.6,93.7,,,,
2026-05-16,14:12:32,495212,CS-TPR,Embraer E190,TAP Air Portugal,landing,arrivee,550,248.4,96.6,,,,
2026-05-16,14:15:18,TAP11EG,CS-TPV,Embraer E190,TAP Air Portugal,landing,arrivee,550,240.8,90.7,,,,
2026-05-16,14:17:51,495037,CS-TAW,Embraer E195,TAP Air Portugal,landing,arrivee,550,253.2,99.1,,,,
2026-05-16,14:20:31,TAP88TM,CS-TNM,Airbus A320,TAP Air Portugal,landing,arrivee,525,252.4,99.2,,,,
2026-05-16,14:23:04,4ca4ec,EI-DPH,Boeing 737-800,Ryanair,landing,arrivee,500,263.2,94.7,,,,
2026-05-16,14:26:46,TAP110,CS-TOO,Airbus A330-200,TAP Air Portugal,landing,arrivee,575,234.3,94.4,,,,
2026-05-16,14:29:29,4867c0,PH-AXE,Airbus A321neo,KLM,landing,arrivee,575,263.2,93.7,,,,
2026-05-16,14:32:17,495274,CS-TST,767 34PER,TAP Air Portugal,landing,arrivee,600,243.9,85.1,,,,
2026-05-16,14:35:13,TAP869,CS-TVC,Airbus A320neo,TAP Air Portugal,landing,arrivee,525,218.4,98.3,,,,
2026-05-16,14:37:47,4951d3,CS-TNS,Airbus A320,TAP Air Portugal,landing,arrivee,575,242.2,89.7,,,,
2026-05-16,14:40:33,EZS79YP,HB-JZY,Airbus A320,Austrian Airlines,landing,arrivee,525,260.8,84.3,,,,
2026-05-16,14:43:20,49d13d,OK-TVL,Boeing 737-800,Eurowings,landing,arrivee,500,259.7,94.1,,,,
2026-05-16,14:51:24,TAP236,CS-TUH,Airbus A330-900neo,TAP Air Portugal,landing,arrivee,575,247.6,93.9,,,,
2026-05-16,14:55:56,EJU41HA,OE-LSQ,Airbus A320,easyJet Europe,landing,arrivee,550,252.4,91.2,,,,
2026-05-16,15:06:29,TAP1127,CS-TNT,Airbus A320,TAP Air Portugal,landing,arrivee,550,242.4,98.6,,,,
2026-05-16,15:10:05,SWR2BK,HB-JPG,Airbus A321neo,Swiss,landing,arrivee,575,253.9,96.2,,,,
2026-05-16,15:12:52,TAP931L,CS-TTP,Airbus A319,TAP Air Portugal,landing,arrivee,525,248.0,95.8,,,,
2026-05-16,15:15:34,40653d,G-EZGN,Airbus A319,easyJet,landing,arrivee,650,243.0,83.7,,,,
2026-05-16,15:18:17,AFR37EQ,F-HEPB,Airbus A320,Air France,landing,arrivee,650,249.8,91.7,,,,
2026-05-16,15:21:27,34750b,EC-OBK,Boeing 737-800,Air Europa,landing,arrivee,575,258.9,88.9,,,,
2026-05-16,15:27:24,407fcb,G-TNEC,Airbus A321neo,British Airways,landing,arrivee,575,231.9,86.8,,,,
2026-05-16,15:29:55,DLH03H,D-AIDE,Airbus A321,Lufthansa,landing,arrivee,550,269.7,88.8,,,,
2026-05-16,15:32:35,4ca263,EI-DHG,Boeing 737-800,Ryanair,landing,arrivee,575,252.4,71.6,,,,
2026-05-16,15:35:10,4952c8,CS-TVH,Airbus A320neo,TAP Air Portugal,landing,arrivee,575,244.8,85.1,,,,
2026-05-16,15:38:58,TAP1137,CS-TPS,Embraer E190,TAP Air Portugal,landing,arrivee,500,243.5,99.5,,,,
2026-05-16,15:41:33,BTI7FR,YL-AAQ,A220 300,Air Baltic,landing,arrivee,550,234.8,91.1,,,,
2026-05-16,15:43:51,THY4GH,TC-JOK,Airbus A330-300,Turkish Airlines,landing,arrivee,600,275.2,95.1,,,,
2026-05-16,15:48:28,TAP669,CS-TXF,Airbus A321neo,TAP Air Portugal,landing,arrivee,625,243.2,90.9,,,,
2026-05-16,15:51:29,4952cd,CS-TVM,Airbus A320neo,TAP Air Portugal,approach,arrivee,575,244.8,89.8,,,,
2026-05-16,15:54:26,TAP90EH,CS-TUG,Airbus A330-900neo,TAP Air Portugal,approach,arrivee,675,0.0,87.7,,,,
2026-05-16,15:56:26,3c54a2,D-AEEB,Airbus A321,Eurowings,landing,arrivee,625,245.6,89.3,,,,
2026-05-16,15:58:14,TAP553R,CS-TJO,Airbus A321neo,TAP Air Portugal,cruise,,625,0.0,81.7,,,,
2026-05-16,16:00:53,TAP1143,CS-TPT,Embraer E190,TAP Air Portugal,landing,arrivee,575,220.2,91.1,,,,
2026-05-16,16:03:29,TAP36GS,CS-TVG,Airbus A320neo,TAP Air Portugal,landing,arrivee,575,247.2,97.6,,,,
2026-05-16,16:06:05,TAP10NL,CS-TPU,Embraer E190,TAP Air Portugal,landing,arrivee,625,233.2,87.4,,,,
2026-05-16,16:08:38,461fa9,OH-LZT,Airbus A321,Finnair,landing,arrivee,550,265.6,99.7,,,,
2026-05-16,16:11:42,ANE91TE,EC-MLO,Bombardier CRJ-1000,Air Nostrum,landing,arrivee,625,253.2,83.3,,,,
2026-05-16,16:14:27,EJU15PC,OE-IBS,Airbus A320,easyJet Europe,landing,arrivee,525,252.4,98.9,,,,
2026-05-16,16:17:08,TAP71VE,CS-TNN,Airbus A320,TAP Air Portugal,landing,arrivee,550,258.9,93.9,,,,
2026-05-16,16:19:56,4952c6,CS-TVF,Airbus A320neo,TAP Air Portugal,landing,arrivee,625,236.7,82.7,,,,
2026-05-16,16:21:47,49514b,CS-TJK,Airbus A321neo,TAP Air Portugal,landing,arrivee,550,261.5,98.5,,,,
2026-05-16,16:23:45,TAP571,CS-TXJ,Airbus A321neo,TAP Air Portugal,landing,arrivee,575,250.4,88.7,,,,
2026-05-16,16:26:35,SWR58H,HB-JDF,Airbus A320neo,Swiss,landing,arrivee,550,240.8,93.1,,,,
2026-05-16,16:28:14,TAP120R,CS-TJH,Airbus A321,TAP Air Portugal,landing,arrivee,525,261.5,91.9,,,,
2026-05-16,16:31:07,TAP433,CS-TJJ,Airbus A321neo,TAP Air Portugal,landing,arrivee,525,238.4,99.1,,,,
2026-05-16,16:34:09,4952d1,CS-TVQ,Airbus A320neo,TAP Air Portugal,landing,arrivee,550,247.6,94.5,,,,
2026-05-16,16:35:46,495145,CS-TJE,Airbus A321,TAP Air Portugal,landing,arrivee,625,240.8,81.0,,,,
2026-05-16,16:37:50,4952c4,CS-TVD,Airbus A320neo,TAP Air Portugal,landing,arrivee,600,258.9,90.6,,,,
2026-05-16,16:39:34,TAP1929,CS-TXB,Airbus A321neo,TAP Air Portugal,landing,arrivee,600,259.7,76.7,,,,
2026-05-16,16:43:05,RYR9PX,9H-QEJ,Boeing 737-800,Malta Air,cruise,,550,0.0,88.4,,,,
2026-05-16,16:57:17,49514d,CS-TJM,Airbus A321neo,TAP Air Portugal,landing,arrivee,575,258.4,86.6,,,,
2026-05-16,17:00:06,EJU81TJ,OE-LSJ,Airbus A320neo,Vueling,landing,arrivee,600,257.1,78.0,,,,
2026-05-16,17:03:01,4951cb,CS-TNK,Airbus A320,TAP Air Portugal,landing,arrivee,625,255.6,67.0,,,,
2026-05-16,17:06:09,4cadf9,EI-IHO,Boeing 737 MAX 8,Ryanair,landing,arrivee,600,267.2,80.7,,,,
2026-05-16,17:10:41,3c6490,D-AIDP,Airbus A321,Eurowings,landing,arrivee,600,253.2,88.1,,,,
2026-05-16,17:13:06,3964eb,F-GZHL,Boeing 737-800,Transavia France,approach,arrivee,550,0.0,89.3,,,,
2026-05-16,17:19:24,440072,OE-LSF,Airbus A320neo,easyJet Europe,landing,arrivee,575,235.6,86.5,,,,
2026-05-16,17:24:04,4d2289,9H-QDE,Boeing 737-800,Malta Air,landing,arrivee,625,257.6,88.0,,,,
2026-05-16,17:31:34,0200ea,CN-RGG,Boeing 737-800,Royal Air Maroc,landing,arrivee,575,269.7,83.2,,,,
2026-05-16,17:38:02,VLG9QY,EC-OFU,Airbus A320,Vueling,landing,arrivee,550,244.8,98.1,,,,
2026-05-16,17:41:09,BAW506,G-NEOT,Airbus A321neo,British Airways,approach,arrivee,650,226.7,74.8,,,,
2026-05-16,17:43:57,39e693,F-HZUT,A220-300,Air France,landing,arrivee,600,245.4,93.4,,,,
2026-05-16,17:46:35,484c9b,PH-HXM,Boeing 737-800,Turkish Airlines,landing,arrivee,600,261.5,89.0,,,,
2026-05-16,17:49:20,RYR14SC,9H-QCS,Boeing 737-800,Malta Air,landing,arrivee,600,264.8,90.3,,,,
2026-05-16,17:52:31,RYR5KT,,,,unknown,,0,0.0,0.0,,,,
2026-05-16,17:55:38,RYR3RB,9H-QBX,Boeing 737-800,Malta Air,landing,arrivee,525,251.5,92.6,,,,
2026-05-16,17:58:29,TAP1558,CS-TVA,Airbus A320neo,TAP Air Portugal,landing,arrivee,625,251.5,92.8,,,,
2026-05-16,18:01:23,495218,CS-TPX,Embraer E190,TAP Air Portugal,landing,arrivee,525,241.5,86.0,,,,
2026-05-16,18:04:08,RYR55AR,EI-GSG,Boeing 737-800,Ryanair,landing,arrivee,600,258.0,93.6,,,,
2026-05-16,18:07:02,4951d6,CS-TNV,Airbus A320,TAP Air Portugal,landing,arrivee,600,258.9,80.0,,,,
2026-05-16,18:10:17,495211,CS-TPQ,Embraer E190,TAP Air Portugal,landing,arrivee,500,220.2,99.1,,,,
2026-05-16,18:12:42,EJU67HP,OE-LQQ,Airbus A319,easyJet Europe,landing,arrivee,525,237.6,85.2,,,,
2026-05-16,18:15:49,39de48,F-HXSI,Airbus A320neo,Transavia France,landing,arrivee,625,227.4,88.4,,,,
2026-05-16,18:18:48,VLG7PA,EC-NCS,Airbus A320neo,Vueling,landing,arrivee,650,247.2,85.2,,,,
2026-05-16,18:21:22,TAP282,CS-TUI,Airbus A330-900neo,TAP Air Portugal,landing,arrivee,600,257.6,89.2,,,,
2026-05-16,18:24:33,440075,OE-LSV,Airbus A320neo,easyJet Europe,landing,arrivee,575,252.2,87.8,,,,
2026-05-16,18:27:20,495171,CS-TKQ,Airbus A320,TAP Air Portugal,landing,arrivee,625,229.8,91.1,,,,
2026-05-16,18:30:03,4952ca,CS-TVJ,Airbus A320neo,TAP Air Portugal,landing,arrivee,600,253.2,91.8,,,,
2026-05-16,18:32:43,RZO124,CS-TSM,Airbus A320,TAP Air Portugal,landing,arrivee,550,249.8,92.5,,,,
2026-05-16,18:35:18,RYR67UV,9H-QDG,Boeing 737-800,Malta Air,landing,arrivee,550,270.0,93.5,,,,
2026-05-16,18:38:16,495293,CS-TTS,Airbus A319,TAP Air Portugal,landing,arrivee,575,211.9,86.0,,,,
2026-05-16,18:40:43,KLM71Y,PH-AXD,Airbus A321neo,KLM,landing,arrivee,600,250.8,78.5,,,,
2026-05-16,18:43:24,495153,CS-TJS,Airbus A321neo,TAP Air Portugal,landing,arrivee,575,249.1,84.8,,,,
2026-05-16,18:46:15,RZO9001,CS-TKQ,Airbus A320,TAP Air Portugal,landing,arrivee,600,233.2,86.4,,,,
2026-05-16,18:48:48,TAP781,EC-OCT,Airbus A321,TAP Air Portugal,landing,arrivee,575,251.5,92.1,,,,
2026-05-16,18:51:29,405b6a,G-EZDR,Airbus A319,easyJet,landing,arrivee,575,244.3,94.4,,,,
2026-05-16,18:54:20,BEL2DT,OO-SNL,Airbus A320,Brussels Airlines,landing,arrivee,550,243.2,97.5,,,,
2026-05-16,18:56:36,495297,CS-TTW,Embraer E195,TAP Air Portugal,landing,arrivee,550,221.9,95.9,,,,
2026-05-16,18:58:16,49d369,OK-TSI,Boeing 737-900,Smartwings,landing,arrivee,500,267.2,93.4,,,,
2026-05-16,19:01:27,TAP1906,CS-TTP,Airbus A319,TAP Air Portugal,landing,arrivee,550,222.6,94.6,,,,
2026-05-16,19:03:54,4952d0,CS-TVP,Airbus A320neo,TAP Air Portugal,landing,arrivee,600,251.5,85.6,,,,
2026-05-16,19:06:35,EJU19TV,OE-IBF,Airbus A320,easyJet Europe,landing,arrivee,600,254.8,94.6,,,,
2026-05-16,19:09:31,AEA1157,EC-NZR,Boeing 737-800,Air Europa,landing,arrivee,600,265.6,88.9,,,,
2026-05-16,19:12:32,49521a,CS-TPZ,Embraer E190,TAP Air Portugal,landing,arrivee,575,249.1,95.0,,,,
2026-05-16,19:24:29,4951d8,CS-TNX,Airbus A320,TAP Air Portugal,landing,arrivee,575,258.7,96.7,,,,
2026-05-16,19:27:39,TAP1478,CS-TVL,Airbus A320,TAP Air Portugal,landing,arrivee,575,246.7,99.3,,,,
2026-05-16,19:30:49,495219,CS-TPY,Embraer E190,TAP Air Portugal,landing,arrivee,525,212.8,90.1,,,,
2026-05-16,19:33:44,UAE5M,A6-ENS,Boeing 777-300ER,Emirates,landing,arrivee,575,263.2,96.1,,,,
2026-05-16,19:36:48,WZZ477,HA-LDF,Airbus A321neo,Wizz Air,landing,arrivee,525,237.4,94.9,,,,
2026-05-16,19:41:49,4d211c,9H-IRI,C56X,,approach,arrivee,475,80.9,79.8,,,,
2026-05-16,19:47:05,4d234b,9H-VUL,Boeing 737 MAX 8,Malta Air,landing,arrivee,550,260.0,91.0,,,,
2026-05-16,19:49:16,4ca226,EI-DCJ,Boeing 737-800,Ryanair,landing,arrivee,550,261.7,96.6,,,,
2026-05-16,19:51:44,TAP563,CS-TVB,Airbus A320neo,TAP Air Portugal,landing,arrivee,550,225.0,91.7,,,,
2026-05-16,19:54:08,495039,CS-TAY,Embraer E195,TAP Air Portugal,landing,arrivee,550,239.8,89.3,,,,
2026-05-16,19:55:56,TAP543W,CS-TTX,Embraer E195,TAP Air Portugal,landing,arrivee,600,262.8,93.8,,,,
2026-05-16,19:58:29,4952d2,CS-TVR,Airbus A320neo,TAP Air Portugal,landing,arrivee,600,245.9,80.3,,,,
2026-05-16,20:01:25,RYR7VL,9H-QDF,Boeing 737-800,Malta Air,landing,arrivee,450,262.2,93.0,,,,
2026-05-16,20:03:31,400e14,G-EZAV,Airbus A319,easyJet,cruise,,550,0.0,99.9,,,,
2026-05-16,20:05:53,49514c,CS-TJL,Airbus A321neo,TAP Air Portugal,landing,arrivee,625,258.9,71.8,,,,
2026-05-16,20:08:37,RYR5BP,EI-DLD,Boeing 737-800,Ryanair,landing,arrivee,550,274.5,90.3,,,,
2026-05-16,20:11:28,502ce3,YL-CSI,C Series 300,Swiss,landing,arrivee,575,244.8,89.7,,,,
2026-05-16,20:14:16,4d2492,9H-WDL,Airbus A321,Lauda Europe,landing,arrivee,600,252.4,80.7,,,,
2026-05-16,20:17:18,49529a,CS-TTZ,Embraer E195,TAP Air Portugal,landing,arrivee,525,255.6,93.8,,,,
2026-05-16,20:19:52,TAP53ED,CS-TJP,Airbus A321neo,TAP Air Portugal,landing,arrivee,550,265.8,94.7,,,,
2026-05-16,20:22:33,4952cf,CS-TVO,Airbus A320neo,TAP Air Portugal,landing,arrivee,550,247.2,90.7,,,,
2026-05-16,20:25:25,342582,EC-KDT,Airbus A320,Vueling,landing,arrivee,575,240.8,87.3,,,,
2026-05-16,20:28:17,TAP473H,CS-TAX,Embraer E195,TAP Air Portugal,landing,arrivee,550,232.4,83.7,,,,
2026-05-16,20:31:00,495299,CS-TTY,Embraer E195,TAP Air Portugal,landing,arrivee,550,244.8,97.9,,,,
2026-05-16,20:33:08,RYR9PA,9H-QBZ,Boeing 737-800,Malta Air,cruise,,550,0.0,95.3,,,,
2026-05-16,20:36:22,DTA652,D2-TEJ,Boeing 777-300ER,TAAG Angola Airlines,landing,arrivee,525,258.0,96.2,,,,
2026-05-16,20:39:10,4010ed,G-EZBY,Airbus A319,easyJet,landing,arrivee,625,241.5,84.2,,,,
2026-05-16,20:41:47,4cad12,EI-HGZ,Boeing 737 MAX 8,Ryanair,landing,arrivee,525,265.8,99.8,,,,
2026-05-16,20:44:35,348206,EC-OKG,Airbus A320,Vueling,landing,arrivee,600,233.2,82.7,,,,
2026-05-16,20:47:37,495308,CS-TXH,Airbus A321neo,TAP Air Portugal,landing,arrivee,625,245.6,77.5,,,,
2026-05-16,20:50:21,4951CC,,,,unknown,,0,0.0,0.0,,,,
2026-05-16,20:53:48,EJU36BG,OE-IDO,Airbus A320,easyJet Europe,landing,arrivee,525,240.8,99.4,,,,
2026-05-16,21:02:48,PGT1741,TC-NBP,Airbus A320neo,Pegasus,landing,arrivee,550,230.8,92.5,,,,
2026-05-16,21:05:06,WJA32,C-FZWS,Boeing 737-700,WestJet,landing,arrivee,475,275.8,96.5,,,,
2026-05-16,21:10:03,RZO142,CS-TSY,Airbus A320,TAP Air Portugal,landing,arrivee,575,234.6,93.1,,,,
2026-05-16,21:12:42,TAP57W,CS-TVI,Airbus A320neo,TAP Air Portugal,landing,arrivee,525,253.9,94.6,,,,
2026-05-16,21:15:20,4d21ea,9H-QAB,Boeing 737-800,Malta Air,landing,arrivee,575,266.5,90.4,,,,
2026-05-16,21:18:21,TAP877,CS-TPW,Embraer E190,TAP Air Portugal,landing,arrivee,575,226.7,76.5,,,,
2026-05-16,21:20:35,4ca61b,EI-DWM,Boeing 737-800,Ryanair,landing,arrivee,550,268.9,93.7,,,,
2026-05-16,21:23:32,TAP863Y,CS-TJI,Airbus A321neo,TAP Air Portugal,landing,arrivee,600,247.2,89.4,,,,
2026-05-16,21:26:15,4d2415,9H-EWC,Airbus A320,Eurowings,landing,arrivee,500,244.8,99.8,,,,
2026-05-16,21:28:38,TAP1692,CS-TNN,Airbus A320,TAP Air Portugal,landing,arrivee,625,240.8,84.3,,,,
2026-05-16,21:32:16,EJU71TK,OE-LSQ,Airbus A320,easyJet Europe,landing,arrivee,525,253.9,96.5,,,,
2026-05-16,21:34:55,TAP437X,CS-TNS,Airbus A320,TAP Air Portugal,landing,arrivee,575,229.8,90.3,,,,
2026-05-16,21:37:33,TAP5AS,CS-TNR,Airbus A320,TAP Air Portugal,landing,arrivee,525,252.4,99.9,,,,
2026-05-16,21:40:18,495037,CS-TAW,Embraer E195,TAP Air Portugal,landing,arrivee,550,244.8,78.8,,,,
2026-05-16,21:43:08,TAP67U,CS-TJN,Airbus A321neo,TAP Air Portugal,landing,arrivee,575,264.8,86.8,,,,
2026-05-16,21:45:11,4951cd,CS-TNM,Airbus A320,TAP Air Portugal,landing,arrivee,575,229.1,89.8,,,,
2026-05-16,21:47:16,EJU32GK,OE-LSO,Airbus A320,easyJet Europe,landing,arrivee,600,250.0,78.5,,,,
2026-05-16,21:50:08,3c664c,D-AIRL,Airbus A321,Lufthansa,landing,arrivee,550,274.1,89.6,,,,
2026-05-16,21:52:23,SAS2801,SE-RUE,Airbus A320neo,SAS Scandinavian,landing,arrivee,550,223.5,93.8,,,,
2026-05-16,21:54:21,4952ce,CS-TVN,Airbus A320neo,TAP Air Portugal,landing,arrivee,550,239.8,88.3,,,,
2026-05-16,21:57:28,TAP837,CS-TNQ,Airbus A320,TAP Air Portugal,landing,arrivee,525,239.1,91.3,,,,
2026-05-16,21:59:52,TAP885,CS-TPO,Embraer E190,TAP Air Portugal,landing,arrivee,500,220.8,93.1,,,,
2026-05-16,22:01:39,452124,LZ-ROM,A220-300,Bulgaria Air,landing,arrivee,600,248.4,85.6,,,,
2026-05-16,22:03:44,02a1b0,TS-INQ,Airbus A320,Nouvelair Tunisie,landing,arrivee,600,244.3,86.1,,,,
2026-05-16,22:06:30,4c01eb,YU-APL,Airbus A319,Air Serbia,landing,arrivee,600,228.2,89.6,,,,
2026-05-16,22:08:33,FIA5811,ER-00001,Airbus A321,Fly One,landing,arrivee,575,250.8,88.1,,,,
2026-05-16,22:10:43,495211,CS-TPQ,Embraer E190,TAP Air Portugal,cruise,,600,0.0,87.4,,,,
2026-05-16,22:12:26,440d10,OE-IBS,Airbus A320,easyJet Europe,landing,arrivee,575,250.8,88.5,,,,
2026-05-16,22:15:26,440c38,OE-LSJ,Airbus A320neo,Vueling,landing,arrivee,550,232.4,91.2,,,,
2026-05-16,22:17:51,392af1,F-GKXR,Airbus A320,Air France,landing,arrivee,625,258.0,90.9,,,,
2026-05-16,22:20:05,39d30d,F-HUYN,Boeing 737-800,Transavia France,landing,arrivee,500,258.9,97.6,,,,
2026-05-16,22:24:08,495267,CS-TSG,Airbus A321neo,TAP Air Portugal,landing,arrivee,625,246.7,74.6,,,,
2026-05-16,22:27:42,DLH64P,D-AIEJ,Airbus A321neo,Lufthansa,landing,arrivee,600,253.9,76.3,,,,
2026-05-16,22:35:26,440072,OE-LSF,Airbus A320neo,easyJet Europe,landing,arrivee,550,228.4,88.2,,,,
2026-05-16,22:39:22,49514f,CS-TJO,Airbus A321neo,TAP Air Portugal,landing,arrivee,600,221.5,78.8,,,,
2026-05-16,22:41:46,TVF47RH,F-GZHZ,Boeing 737-800,Transavia France,landing,arrivee,575,263.9,91.9,,,,
2026-05-16,22:44:07,TAP21MM,CS-TPU,Embraer E190,TAP Air Portugal,landing,arrivee,550,229.1,86.1,,,,
2026-05-16,22:46:01,4951d4,CS-TNT,Airbus A320,TAP Air Portugal,landing,arrivee,600,253.2,89.9,,,,
2026-05-16,22:48:06,TAP1369,CS-TVG,Airbus A320neo,TAP Air Portugal,landing,arrivee,575,246.7,93.4,,,,
2026-05-16,22:50:06,486651,PH-AXA,Airbus A321neo,KLM,landing,arrivee,550,234.8,96.9,,,,
2026-05-16,22:52:30,TAP555,CS-TVC,Airbus A320neo,TAP Air Portugal,landing,arrivee,525,216.7,99.1,,,,
2026-05-16,22:56:39,440daf,OE-IDU,Airbus A320,easyJet Europe,landing,arrivee,550,258.4,84.0,,,,
2026-05-16,22:59:38,346186,EC-NFH,Airbus A320neo,Iberia,landing,arrivee,550,231.5,92.0,,,,
2026-05-16,23:02:10,495145,CS-TJE,Airbus A321,TAP Air Portugal,landing,arrivee,525,250.0,91.5,,,,
2026-05-16,23:04:15,RYR98HW,EI-IKI,Boeing 737 MAX 8,Ryanair,landing,arrivee,525,274.8,90.8,,,,
2026-05-16,23:07:22,495216,CS-TPV,Embraer E190,TAP Air Portugal,landing,arrivee,525,229.1,87.4,,,,
2026-05-16,23:10:09,EJU7630,OE-LSV,Airbus A320neo,easyJet Europe,landing,arrivee,525,257.2,86.7,,,,
2026-05-16,23:12:30,BAW508,G-TNEB,Airbus A321neo,British Airways,landing,arrivee,575,258.9,87.6,,,,
2026-05-16,23:17:09,RYR384,EI-GSG,Boeing 737-800,Ryanair,landing,arrivee,575,271.3,83.8,,,,
2026-05-16,23:20:17,SWR755L,HB-JPF,Airbus A321neo,Swiss,landing,arrivee,550,249.1,93.6,,,,
2026-05-16,23:23:06,RYR67PW,9H-QEJ,Boeing 737-800,Malta Air,landing,arrivee,525,267.2,95.9,,,,
2026-05-16,23:27:07,DLH23C,D-AISR,Airbus A321,Lufthansa,landing,arrivee,550,264.8,87.9,,,,
2026-05-16,23:30:16,TAP94KM,CS-TPS,Embraer E190,TAP Air Portugal,landing,arrivee,525,239.8,86.7,,,,
2026-05-16,23:40:57,AEE7PT,SX-NEJ,Airbus A320,Aegean Airlines,landing,arrivee,500,258.4,95.5,,,,
2026-05-17,00:34:02,4d211c,9H-IRI,C56X,,approach,arrivee,450,52.2,89.8,,,,
2026-05-17,00:38:09,3475c9,EC-OCT,Airbus A321,TAP Air Portugal,cruise,,575,0.0,90.5,,,,
2026-05-17,00:56:17,RZO128,CS-TKP,Airbus A320,TAP Air Portugal,landing,arrivee,525,243.9,97.3,,,,
2026-05-17,01:59:49,4d211c,9H-IRI,C56X,,climb,depart,1000,190.9,94.9,,,,
2026-05-17,02:52:51,SWT133,EC-MAF,ATR 72 500F,Swiftair,landing,arrivee,575,186.7,81.2,,,,
2026-05-17,04:29:57,TAP074,CS-TUC,Airbus A330-900neo,TAP Air Portugal,landing,arrivee,575,256.5,94.1,,,,
2026-05-17,04:46:47,4952a1,CS-TUA,Airbus A330-900neo,TAP Air Portugal,landing,arrivee,650,248.4,86.1,,,,
2026-05-17,04:54:35,TAP202A,CS-TXL,Airbus A321neo,TAP Air Portugal,landing,arrivee,525,246.7,95.2,,,,
2026-05-17,05:02:10,49530b,CS-TXK,Airbus A321,TAP Air Portugal,landing,arrivee,650,265.6,81.8,,,,
2026-05-17,05:38:23,4952c2,CS-TVB,Airbus A320neo,TAP Air Portugal,landing,arrivee,650,227.4,82.5,,,,
2026-05-17,05:55:15,49514c,CS-TJL,Airbus A321neo,TAP Air Portugal,landing,arrivee,600,264.8,84.7,,,,
2026-05-17,06:02:04,4951d8,CS-TNX,Airbus A320,TAP Air Portugal,landing,arrivee,600,240.8,97.4,,,,
2026-05-17,06:05:10,495303,CS-TXC,Airbus A321neo,TAP Air Portugal,landing,arrivee,550,244.8,98.5,,,,
2026-05-17,06:07:44,TAP96AW,CS-TTS,Airbus A319,TAP Air Portugal,landing,arrivee,600,243.5,88.3,,,,
2026-05-17,06:10:43,4952d2,CS-TVR,Airbus A320neo,TAP Air Portugal,landing,arrivee,550,244.8,94.2,,,,
2026-05-17,06:14:15,4952aa,CS-TUJ,Airbus A330-900neo,TAP Air Portugal,landing,arrivee,600,256.5,91.9,,,,
2026-05-17,06:16:49,c06a88,CA-GOIX,Airbus A321,Air Transat,landing,arrivee,625,253.2,87.8,,,,
2026-05-17,06:21:28,495039,CS-TAY,Embraer E195,TAP Air Portugal,landing,arrivee,550,254.8,99.3,,,,
2026-05-17,06:27:28,495298,CS-TTX,Embraer E195,TAP Air Portugal,landing,arrivee,600,258.9,95.5,,,,
2026-05-17,06:34:36,RYR9PX,9H-QEN,Boeing 737-800,Malta Air,landing,arrivee,500,263.2,94.4,,,,
2026-05-17,06:37:20,TAM8146,PT-MUH,Boeing 777-300ER,LATAM Airlines,landing,arrivee,525,272.1,95.6,,,,
2026-05-17,06:40:26,34604d,EC-MUZ,Boeing 737-800,Air Europa,landing,arrivee,600,253.9,86.2,,,,
2026-05-17,06:42:55,TAP104,CS-TUQ,Airbus A330-900neo,TAP Air Portugal,landing,arrivee,650,254.8,90.3,,,,
2026-05-17,06:45:44,TAP1908,CS-TNR,Airbus A320,TAP Air Portugal,landing,arrivee,550,258.4,96.4,,,,
2026-05-17,06:48:38,TAP296,CS-TUE,Airbus A330-900neo,TAP Air Portugal,landing,arrivee,575,263.2,97.7,,,,
2026-05-17,06:51:35,TAP1023,CS-TVO,Airbus A320neo,TAP Air Portugal,landing,arrivee,575,245.6,94.4,,,,
2026-05-17,06:54:05,495149,CS-TJI,Airbus A321neo,TAP Air Portugal,landing,arrivee,600,266.5,88.0,,,,
2026-05-17,06:59:34,TAP1941,CS-TNT,Airbus A320,TAP Air Portugal,landing,arrivee,575,242.4,91.0,,,,
2026-05-17,07:03:40,TAP1139,CS-TPY,Embraer E190,TAP Air Portugal,landing,arrivee,575,244.8,95.2,,,,
2026-05-17,07:08:04,DTA650,D2-TEK,Boeing 777-300ER,TAAG Angola Airlines,landing,arrivee,525,263.2,95.9,,,,
2026-05-17,07:12:56,4951d1,CS-TNQ,Airbus A320,TAP Air Portugal,landing,arrivee,550,263.2,98.3,,,,
2026-05-17,07:15:51,49514e,CS-TJN,Airbus A321neo,TAP Air Portugal,landing,arrivee,600,268.7,83.5,,,,
2026-05-17,07:19:15,495217,CS-TPW,Embraer E190,TAP Air Portugal,approach,arrivee,600,228.2,85.2,,,,
2026-05-17,07:22:41,495218,CS-TPX,Embraer E190,TAP Air Portugal,landing,arrivee,550,232.4,98.6,,,,
2026-05-17,07:25:34,TAP441,CS-TVD,Airbus A320neo,TAP Air Portugal,landing,arrivee,525,241.5,97.4,,,,
2026-05-17,07:28:04,TAP475,CS-TAX,Embraer E195,TAP Air Portugal,landing,arrivee,525,244.8,98.7,,,,
2026-05-17,07:36:13,DAL272,N423DX,Airbus A330-900neo,Delta Air Lines,landing,arrivee,575,254.1,92.1,,,,
2026-05-17,07:39:15,4952d0,CS-TVP,Airbus A320neo,TAP Air Portugal,landing,arrivee,600,259.7,89.3,,,,
2026-05-17,07:42:08,TAP945,CS-TJS,Airbus A321neo,TAP Air Portugal,landing,arrivee,550,240.8,91.9,,,,
2026-05-17,07:44:42,TAP1939,CS-TNU,Airbus A320,TAP Air Portugal,landing,arrivee,575,228.9,89.6,,,,
2026-05-17,07:47:42,AZU8750,CS-TGD,Airbus A330-200,Azul,landing,arrivee,550,245.9,98.7,,,,
2026-05-17,07:50:50,4951cc,CS-TNL,Airbus A320,TAP Air Portugal,landing,arrivee,575,235.9,92.8,,,,
2026-05-17,07:54:04,495297,CS-TTW,Embraer E195,TAP Air Portugal,landing,arrivee,550,244.8,87.3,,,,
2026-05-17,07:56:53,a05629,N12006,Boeing 787-10,United Airlines,landing,arrivee,550,274.8,70.0,,,,
2026-05-17,07:59:43,49530d,CS-TXM,Airbus A321,TAP Air Portugal,landing,arrivee,550,268.2,88.1,,,,
2026-05-17,08:02:28,4951d6,CS-TNV,Airbus A320,TAP Air Portugal,landing,arrivee,575,249.1,87.5,,,,
2026-05-17,08:05:24,4951cb,CS-TNK,Airbus A320,TAP Air Portugal,landing,arrivee,575,235.2,95.2,,,,
2026-05-17,08:10:25,TAP557H,CS-TJJ,Airbus A321neo,TAP Air Portugal,landing,arrivee,525,230.0,95.4,,,,
2026-05-17,08:13:14,4952cb,CS-TVK,Airbus A320neo,TAP Air Portugal,landing,arrivee,550,231.5,97.3,,,,
2026-05-17,08:15:48,EZS79YP,HB-JXM,Airbus A320,Austrian Airlines,landing,arrivee,550,236.7,91.2,,,,
2026-05-17,08:18:39,TAP56DP,CS-TJK,Airbus A321neo,TAP Air Portugal,landing,arrivee,575,227.1,95.0,,,,
2026-05-17,08:21:25,VLG46AX,EC-MLM,Airbus A321,Vueling,landing,arrivee,500,253.5,98.5,,,,
2026-05-17,08:24:14,EWG66L,D-AENB,Airbus A320neo,Eurowings,landing,arrivee,650,245.6,68.2,,,,
2026-05-17,08:27:02,AAL258,N829AN,Boeing 787-9,American Airlines,landing,arrivee,550,264.1,99.4,,,,
2026-05-17,08:29:52,440065,OE-LQZ,Airbus A319,easyJet Europe,cruise,,625,0.0,79.3,,,,
2026-05-17,08:33:00,TAP63GL,CS-TVA,Airbus A320neo,TAP Air Portugal,landing,arrivee,575,229.8,90.6,,,,
2026-05-17,08:36:02,TAP244,CS-TUN,Airbus A330-900neo,TAP Air Portugal,landing,arrivee,550,251.5,98.9,,,,
2026-05-17,08:42:30,495148,CS-TJH,Airbus A321,TAP Air Portugal,landing,arrivee,625,252.2,75.7,,,,
2026-05-17,08:47:27,TVF55WH,F-HXSJ,Airbus A320neo,Transavia France,landing,arrivee,575,258.9,79.7,,,,
2026-05-17,08:50:09,c04fe4,C-GEGP,Airbus A330-300,Air Canada,landing,arrivee,550,254.1,99.5,,,,
2026-05-17,08:53:06,TAP1532,CS-TXG,Airbus A321neo,TAP Air Portugal,landing,arrivee,550,263.2,98.1,,,,
2026-05-17,08:56:05,TAP53EI,CS-TVM,Airbus A320neo,TAP Air Portugal,landing,arrivee,525,236.7,99.0,,,,
2026-05-17,08:59:03,8964bc,A6-BLL,Boeing 787-9,Etihad Airways,landing,arrivee,550,270.8,97.3,,,,
2026-05-17,09:01:59,49514d,CS-TJM,Airbus A321neo,TAP Air Portugal,landing,arrivee,575,231.5,86.6,,,,
2026-05-17,09:04:38,4ca645,EI-DYC,Boeing 737-800,Ryanair,landing,arrivee,550,268.0,95.8,,,,
2026-05-17,09:07:16,406752,G-EZWA,Airbus A320,easyJet,landing,arrivee,550,251.5,93.7,,,,
2026-05-17,09:10:14,TAP675,CS-TVF,Airbus A320neo,TAP Air Portugal,landing,arrivee,525,253.9,99.4,,,,
2026-05-17,09:13:07,495301,CS-TXA,Airbus A321neo,TAP Air Portugal,landing,arrivee,525,262.4,90.8,,,,
2026-05-17,09:15:06,EZY46AK,G-UZHB,Airbus A320neo,easyJet,landing,arrivee,575,239.1,93.6,,,,
2026-05-17,09:16:54,TAP27UZ,CS-TPR,Embraer E190,TAP Air Portugal,landing,arrivee,525,239.8,85.4,,,,
2026-05-17,09:19:36,NSZ3616,SE-NAC,Boeing 737 MAX 8,,landing,arrivee,500,268.9,94.8,,,,
2026-05-17,09:25:07,4952ad,CS-TUM,Airbus A330-900neo,TAP Air Portugal,landing,arrivee,500,271.3,96.8,,,,
2026-05-17,09:27:59,TSC480,C-GUBL,Airbus A330-200,Air Transat,landing,arrivee,600,246.7,85.2,,,,
2026-05-17,09:30:54,TAP66PD,CS-TJP,Airbus A321neo,TAP Air Portugal,landing,arrivee,550,250.0,86.6,,,,
2026-05-17,09:33:34,TAP3178,CS-TON,Airbus A330-200,TAP Air Portugal,landing,arrivee,450,255.6,95.1,,,,
2026-05-17,09:39:50,4d2503,9H-VVR,Boeing 737 MAX 8,Malta Air,landing,arrivee,575,276.3,78.8,,,,
2026-05-17,09:44:45,TAP036,CS-TUG,Airbus A330-900neo,TAP Air Portugal,landing,arrivee,550,258.9,95.6,,,,
2026-05-17,09:47:27,4952c8,CS-TVH,Airbus A320neo,TAP Air Portugal,cruise,,625,0.0,79.3,,,,
2026-05-17,09:50:06,TAP216L,CS-TXJ,Airbus A321neo,TAP Air Portugal,cruise,,600,266.7,81.2,,,,
2026-05-17,09:53:25,EIN82T,EI-LRD,Airbus A321neo,Aer Lingus,landing,arrivee,575,246.7,89.6,,,,
2026-05-17,10:01:27,TAP088,CS-TUL,Airbus A330-900neo,TAP Air Portugal,landing,arrivee,600,263.9,87.8,,,,
2026-05-17,10:04:29,EJU7690,OE-LSJ,Airbus A320neo,Vueling,landing,arrivee,550,258.4,99.5,,,,
2026-05-17,10:07:42,AZU8752,PR-AIW,Airbus A330-200,Azul,landing,arrivee,550,249.1,96.5,,,,
2026-05-17,10:10:00,495309,CS-TXI,Airbus A321neo,TAP Air Portugal,landing,arrivee,625,240.0,85.4,,,,
2026-05-17,10:12:06,ACA810,C-FIUV,Boeing 777-300ER,Air Canada,landing,arrivee,475,268.0,95.1,,,,
2026-05-17,10:14:50,DAL124,N415DX,Airbus A330-900neo,Delta Air Lines,landing,arrivee,575,263.2,88.7,,,,
2026-05-17,10:18:04,4cad12,EI-HGZ,Boeing 737 MAX 8,Ryanair,landing,arrivee,550,283.7,91.8,,,,
2026-05-17,10:20:35,4bb28d,TC-LTM,Airbus A321neo,Turkish Airlines,landing,arrivee,550,277.2,95.3,,,,
2026-05-17,10:25:23,4081bd,G-TTSD,Airbus A320neo,British Airways,landing,arrivee,575,244.8,89.5,,,,
2026-05-17,10:33:27,AEA1153,EC-LXV,Boeing 737-800,Air Europa,landing,arrivee,525,249.1,93.0,,,,
2026-05-17,10:36:12,TAP1923,CS-TVG,Airbus A320neo,TAP Air Portugal,landing,arrivee,525,261.5,89.0,,,,
2026-05-17,10:39:02,aa99b7,N782UA,Boeing 777-200,United Airlines,landing,arrivee,600,252.4,88.2,,,,
2026-05-17,10:41:52,495306,CS-TXF,Airbus A321neo,TAP Air Portugal,landing,arrivee,575,268.7,88.9,,,,
2026-05-17,10:44:23,4d223a,9H-QCG,Boeing 737-800,Malta Air,landing,arrivee,525,272.1,93.2,,,,
2026-05-17,10:47:31,TAP13LH,CS-TVQ,Airbus A320neo,TAP Air Portugal,landing,arrivee,525,246.7,99.6,,,,
2026-05-17,10:50:05,EZY79RV,G-EZDA,Airbus A319,easyJet,landing,arrivee,600,243.2,94.7,,,,
2026-05-17,10:52:51,TAP11MG,CS-TTY,Embraer E195,TAP Air Portugal,landing,arrivee,525,259.7,91.8,,,,
2026-05-17,10:55:39,495305,CS-TXE,Airbus A321neo,TAP Air Portugal,landing,arrivee,550,268.9,90.2,,,,
2026-05-17,10:58:46,TAP68JP,CS-TPZ,Embraer E190,TAP Air Portugal,landing,arrivee,500,258.9,99.3,,,,
2026-05-17,11:01:34,4867c1,PH-AXF,Airbus A321neo,KLM,landing,arrivee,550,271.3,91.6,,,,
2026-05-17,11:04:29,44ce77,OO-SSW,Airbus A319,Brussels Airlines,landing,arrivee,600,251.5,85.5,,,,
2026-05-17,11:07:32,AFR41GW,F-HPNL,Airbus A220-300,Air France,landing,arrivee,525,249.1,95.1,,,,
2026-05-17,11:10:32,SWR36K,YL-AAY,A220 300,Swiss,landing,arrivee,525,242.2,88.7,,,,
2026-05-17,11:15:54,TAP210,CS-TUH,Airbus A330-900neo,TAP Air Portugal,landing,arrivee,575,255.6,91.8,,,,
2026-05-17,11:18:57,TAP11WQ,CS-TPU,Embraer E190,TAP Air Portugal,landing,arrivee,525,247.2,98.7,,,,
2026-05-17,11:24:19,4952b3,CS-TUS,Airbus A330-900neo,TAP Air Portugal,landing,arrivee,550,277.2,89.2,,,,
2026-05-17,11:27:03,EZY31FV,G-UZMC,Airbus A321neo,easyJet,landing,arrivee,500,271.3,97.7,,,,
2026-05-17,11:29:51,440cf8,OE-IBF,Airbus A320,easyJet Europe,landing,arrivee,550,251.5,89.8,,,,
2026-05-17,11:32:37,4952a8,CS-TUH,Airbus A330-900neo,TAP Air Portugal,landing,arrivee,600,250.8,86.2,,,,
2026-05-17,11:35:18,4cae95,EI-IKI,Boeing 737 MAX 8,Ryanair,landing,arrivee,550,288.0,90.9,,,,
2026-05-17,11:38:24,WPT215P,EC-OND,Airbus A330-300,,landing,arrivee,500,255.9,95.4,,,,
2026-05-17,11:41:05,EJU32GK,OE-LSQ,Airbus A320,easyJet Europe,landing,arrivee,550,266.5,87.0,,,,
2026-05-17,11:43:55,3c64b1,D-AIEQ,Airbus A321,Lufthansa,landing,arrivee,575,261.5,90.9,,,,
2026-05-17,11:46:49,495213,CS-TPS,Embraer E190,TAP Air Portugal,landing,arrivee,550,253.2,90.5,,,,
2026-05-17,11:49:19,48e95a,SP-LYC,Boeing 737 MAX 8,LOT Polish Airlines,approach,arrivee,550,284.8,90.7,,,,
2026-05-17,11:52:09,495170,CS-TKP,Airbus A320,TAP Air Portugal,landing,arrivee,550,265.6,95.4,,,,
2026-05-17,11:54:51,EJU15UG,OE-LSF,Airbus A320neo,easyJet Europe,landing,arrivee,525,262.4,96.1,,,,
2026-05-17,11:59:06,4ca568,EI-DWC,Boeing 737-800,Ryanair,landing,arrivee,550,273.2,91.9,,,,
2026-05-17,12:02:02,3964f0,F-GZHQ,Boeing 737-800,Transavia France,landing,arrivee,525,279.5,95.2,,,,
2026-05-17,12:05:03,49514a,CS-TJJ,Airbus A321neo,TAP Air Portugal,landing,arrivee,500,268.9,92.7,,,,
2026-05-17,12:07:55,3420cc,EC-IZR,Airbus A320,Iberia,landing,arrivee,550,246.7,93.7,,,,
2026-05-17,12:10:41,4952c2,CS-TVB,Airbus A320neo,TAP Air Portugal,landing,arrivee,575,263.9,94.0,,,,
2026-05-17,12:13:27,TAP1123,CS-TPV,Embraer E190,TAP Air Portugal,landing,arrivee,500,239.1,98.1,,,,
2026-05-17,12:16:02,440cbf,OE-LSO,Airbus A320,easyJet Europe,cruise,,600,259.3,80.7,,,,
2026-05-17,12:18:52,EJU32WQ,OE-LSV,Airbus A320neo,easyJet Europe,landing,arrivee,525,263.2,97.5,,,,
2026-05-17,12:21:34,EWG37V,OK-TSD,Boeing 737-800,Eurowings,landing,arrivee,475,260.8,94.7,,,,
2026-05-17,12:24:23,4400f3,OE-IDO,Airbus A320,easyJet Europe,landing,arrivee,550,261.7,89.9,,,,
2026-05-17,12:27:32,UAE3MV,A6-EPF,Boeing 777-300ER,Emirates,landing,arrivee,475,288.9,94.8,,,,
2026-05-17,12:30:14,4952a4,CS-TUD,Airbus A330-900neo,TAP Air Portugal,landing,arrivee,525,256.3,88.7,,,,
2026-05-17,12:33:46,4d2106,,,,approach,arrivee,600,84.6,78.2,,,,
2026-05-17,12:39:25,RYR16GW,EI-GSG,Boeing 737-800,Ryanair,landing,arrivee,500,278.9,94.1,,,,
2026-05-17,12:45:44,495298,CS-TTX,Embraer E195,TAP Air Portugal,landing,arrivee,550,249.3,92.6,,,,
2026-05-17,12:48:21,TAP250,CS-TUD,Airbus A330-900neo,TAP Air Portugal,landing,arrivee,575,263.2,88.4,,,,
2026-05-17,12:51:44,495066,CS-TCF,Airbus A330-900neo,TAP Air Portugal,landing,arrivee,550,248.0,98.9,,,,
2026-05-17,12:56:08,495269,CS-TSI,Airbus A321neo,TAP Air Portugal,landing,arrivee,625,277.2,78.5,,,,
2026-05-17,12:59:44,4d2246,9H-QEJ,Boeing 737-800,Malta Air,landing,arrivee,575,274.5,83.7,,,,
2026-05-17,13:05:08,TAP145W,CS-TTZ,Embraer E195,TAP Air Portugal,landing,arrivee,550,274.8,95.6,,,,
2026-05-17,13:06:59,345041,EC-MHA,Airbus A321,Vueling,climb,depart,3400,373.7,83.5,,,,
2026-05-17,13:13:29,495290,CS-TTP,Airbus A319,TAP Air Portugal,landing,arrivee,525,236.3,98.7,,,,
2026-05-17,13:17:04,TAP91TL,CS-TPW,Embraer E190,TAP Air Portugal,landing,arrivee,500,233.2,95.5,,,,
2026-05-17,13:19:24,TAP10VL,CS-TPY,Embraer E190,TAP Air Portugal,landing,arrivee,475,249.3,99.9,,,,
2026-05-17,13:24:27,TAP43JD,CS-TJO,Airbus A321neo,TAP Air Portugal,landing,arrivee,600,255.6,94.6,,,,
2026-05-17,13:27:09,EJU52PB,OE-INE,Airbus A320,easyJet Europe,landing,arrivee,550,255.6,90.8,,,,
2026-05-17,13:29:49,TAP1736,CS-TNV,Airbus A320,TAP Air Portugal,landing,arrivee,575,261.5,86.1,,,,
2026-05-17,13:32:33,EJU38DF,OE-IBS,Airbus A320,easyJet Europe,landing,arrivee,525,268.9,90.1,,,,
2026-05-17,13:35:06,4951d7,CS-TNW,Airbus A320,TAP Air Portugal,landing,arrivee,575,249.1,78.5,,,,
2026-05-17,13:38:26,TAP641,CS-TVJ,Airbus A320neo,TAP Air Portugal,landing,arrivee,550,261.7,91.5,,,,
2026-05-17,13:41:09,TAP1031,CS-TNX,Airbus A320,TAP Air Portugal,landing,arrivee,550,261.7,95.0,,,,
2026-05-17,13:43:48,DLH47T,D-AIEJ,Airbus A321neo,Lufthansa,landing,arrivee,550,270.0,89.9,,,,
2026-05-17,13:46:32,TCV602,OK-SWH,Boeing 737 MAX 8,Smartwings,landing,arrivee,450,267.2,96.2,,,,
2026-05-17,13:49:02,440469,OE-ICR,Airbus A320,easyJet Europe,landing,arrivee,525,262.4,95.9,,,,
2026-05-17,13:51:36,4d2222,9H-QAP,Boeing 737-800,Malta Air,landing,arrivee,525,283.0,92.5,,,,
2026-05-17,13:54:39,495211,CS-TPQ,Embraer E190,TAP Air Portugal,landing,arrivee,550,244.3,95.9,,,,
2026-05-17,13:57:17,TAP1860,CS-TVC,Airbus A320neo,TAP Air Portugal,landing,arrivee,575,274.3,82.2,,,,
2026-05-17,14:00:05,SWR32F,HB-JCG,C Series 300,Swiss,landing,arrivee,575,254.8,86.7,,,,
2026-05-17,14:02:44,TAP8RT,CS-TPO,Embraer E190,TAP Air Portugal,landing,arrivee,525,257.6,92.1,,,,
2026-05-17,14:05:18,4952c9,CS-TVI,Airbus A320neo,TAP Air Portugal,landing,arrivee,550,232.4,87.4,,,,
2026-05-17,14:08:10,TAP471A,CS-TPX,Embraer E190,TAP Air Portugal,landing,arrivee,550,234.8,93.1,,,,
2026-05-17,14:10:49,TAP823,CS-TVL,Airbus A320,TAP Air Portugal,landing,arrivee,550,244.8,95.4,,,,
2026-05-17,14:13:27,495037,CS-TAW,Embraer E195,TAP Air Portugal,landing,arrivee,550,258.0,88.4,,,,
2026-05-17,14:16:06,TAP401P,CS-TAY,Embraer E195,TAP Air Portugal,landing,arrivee,525,254.8,88.3,,,,
2026-05-17,14:18:52,TAP36GS,CS-TVN,Airbus A320neo,TAP Air Portugal,landing,arrivee,525,269.7,93.5,,,,
2026-05-17,14:21:44,RZO140,CS-TKQ,Airbus A320,TAP Air Portugal,landing,arrivee,575,249.8,91.1,,,,
2026-05-17,14:24:19,4cc582,TF-ICJ,Boeing 737 MAX 8,Icelandair,landing,arrivee,525,285.9,96.2,,,,
2026-05-17,14:27:07,TAP88TM,CS-TNU,Airbus A320,TAP Air Portugal,landing,arrivee,550,268.9,99.3,,,,
2026-05-17,14:29:54,TAP23V,CS-TPT,Embraer E190,TAP Air Portugal,landing,arrivee,525,251.5,92.3,,,,
2026-05-17,14:32:31,KLM97N,PH-AXI,Airbus A321neo,KLM,landing,arrivee,525,273.9,98.5,,,,
2026-05-17,14:35:17,49530d,CS-TXM,Airbus A321,TAP Air Portugal,landing,arrivee,525,273.2,95.0,,,,
2026-05-17,14:37:56,TAP691P,CS-TNN,Airbus A320,TAP Air Portugal,landing,arrivee,550,256.3,94.9,,,,
2026-05-17,14:42:42,EJU74WP,OE-IZQ,Airbus A320,easyJet Europe,landing,arrivee,525,250.4,90.5,,,,
2026-05-17,14:47:21,SWR2BK,HB-JDI,Airbus A320neo,Swiss,landing,arrivee,575,267.2,90.3,,,,
2026-05-17,14:54:39,3985a4,F-HBNE,Airbus A320,Air France,landing,arrivee,575,248.4,95.0,,,,
2026-05-17,14:59:25,TAP941,CS-TJN,Airbus A321neo,TAP Air Portugal,landing,arrivee,650,272.1,81.0,,,,
2026-05-17,15:04:27,AEA12AT,EC-NUY,Boeing 737-800,Air Europa,landing,arrivee,475,267.6,97.7,,,,
2026-05-17,15:13:05,EJU81TJ,OE-LSJ,Airbus A320neo,Vueling,landing,arrivee,550,266.5,92.4,,,,
2026-05-17,15:15:39,RYR76ZW,9H-QDW,Boeing 737-800,Malta Air,landing,arrivee,525,283.0,96.8,,,,
2026-05-17,15:18:12,TAP23SL,CS-TUK,Airbus A330-900neo,TAP Air Portugal,landing,arrivee,625,264.8,85.2,,,,
2026-05-17,15:20:55,TAP541W,CS-TNS,Airbus A320,TAP Air Portugal,landing,arrivee,550,284.8,98.3,,,,
2026-05-17,15:23:35,4951d2,CS-TNR,Airbus A320,TAP Air Portugal,landing,arrivee,575,253.2,95.6,,,,
2026-05-17,15:26:06,4074b5,G-UZHE,Airbus A320neo,easyJet,landing,arrivee,550,265.6,98.9,,,,
2026-05-17,15:28:48,49514c,CS-TJL,Airbus A321neo,TAP Air Portugal,landing,arrivee,650,270.8,92.3,,,,
2026-05-17,15:31:32,DLH03H,D-AIDL,Airbus A321,Lufthansa,landing,arrivee,575,267.2,93.5,,,,
2026-05-17,15:34:09,4952c4,CS-TVD,Airbus A320neo,TAP Air Portugal,landing,arrivee,575,260.8,86.2,,,,
2026-05-17,15:36:43,461faa,OH-LZU,Airbus A321,Finnair,landing,arrivee,625,280.4,85.3,,,,
2026-05-17,15:39:37,4951d1,CS-TNQ,Airbus A320,TAP Air Portugal,landing,arrivee,525,249.3,93.5,,,,
2026-05-17,15:42:12,495299,CS-TTY,Embraer E195,TAP Air Portugal,landing,arrivee,575,263.2,89.5,,,,
2026-05-17,15:45:36,495308,CS-TXH,Airbus A321neo,TAP Air Portugal,landing,arrivee,575,266.5,90.5,,,,
2026-05-17,15:48:32,4952b2,CS-TUR,Airbus A330-900neo,TAP Air Portugal,landing,arrivee,600,248.4,84.8,,,,
2026-05-17,15:52:26,4bb203,TC-LPC,Airbus A321,Turkish Airlines,landing,arrivee,625,254.8,67.6,,,,
2026-05-17,15:57:02,4952cf,CS-TVO,Airbus A320neo,TAP Air Portugal,landing,arrivee,525,261.5,91.8,,,,
2026-05-17,15:59:42,TAP1143,CS-TTS,Airbus A319,TAP Air Portugal,landing,arrivee,525,250.8,91.7,,,,
2026-05-17,16:02:10,495307,CS-TXG,Airbus A321neo,TAP Air Portugal,landing,arrivee,575,264.1,95.9,,,,
2026-05-17,16:04:54,4951cb,CS-TNK,Airbus A320,TAP Air Portugal,landing,arrivee,575,249.1,85.9,,,,
2026-05-17,16:07:30,TAP571,CS-TXK,Airbus A321,TAP Air Portugal,landing,arrivee,575,263.2,92.1,,,,
2026-05-17,16:10:08,40822d,G-TTSH,Airbus A320neo,British Airways,landing,arrivee,625,257.1,87.4,,,,
2026-05-17,16:12:54,495038,CS-TAX,Embraer E195,TAP Air Portugal,landing,arrivee,550,260.8,94.2,,,,
2026-05-17,16:15:24,RYR8HG,EI-HGO,Boeing 737 MAX 8,Ryanair,landing,arrivee,550,281.7,96.5,,,,
2026-05-17,16:18:15,495149,CS-TJI,Airbus A321neo,TAP Air Portugal,landing,arrivee,550,264.8,99.1,,,,
2026-05-17,16:21:11,344195,EC-LOJ,Bombardier CRJ-1000,Air Nostrum,landing,arrivee,600,254.8,85.3,,,,
2026-05-17,16:23:49,RYR5KT,EI-HGZ,Boeing 737 MAX 8,Ryanair,landing,arrivee,550,276.5,92.0,,,,
2026-05-17,16:26:38,TAP1359,CS-TVA,Airbus A320neo,TAP Air Portugal,landing,arrivee,575,259.7,85.4,,,,
2026-05-17,16:29:16,TAP669,CS-TVP,Airbus A320neo,TAP Air Portugal,landing,arrivee,525,263.2,93.5,,,,
2026-05-17,16:32:20,495215,CS-TPU,Embraer E190,TAP Air Portugal,landing,arrivee,575,237.6,98.9,,,,
2026-05-17,16:34:49,495145,CS-TJE,Airbus A321,TAP Air Portugal,landing,arrivee,575,264.8,89.1,,,,
2026-05-17,16:37:43,TAP90EH,CS-TUG,Airbus A330-900neo,TAP Air Portugal,landing,arrivee,600,243.2,93.5,,,,
2026-05-17,16:40:19,4acb02,SE-RXB,Boeing 737-800,Norwegian Air Sweden,landing,arrivee,550,273.2,97.4,,,,
2026-05-17,16:42:59,EJU69VE,OE-IBF,Airbus A320,easyJet Europe,landing,arrivee,575,251.5,90.8,,,,
2026-05-17,16:45:51,48c2ac,SP-RZM,Boeing 737 MAX 8,Buzz,landing,arrivee,550,276.3,97.5,,,,
2026-05-17,16:48:43,TAP15NC,CS-TXF,Airbus A321neo,TAP Air Portugal,landing,arrivee,550,264.8,90.3,,,,
2026-05-17,16:52:38,TAP1929,CS-TXB,Airbus A321neo,TAP Air Portugal,landing,arrivee,550,273.2,92.8,,,,
2026-05-17,17:01:34,345249,EC-MMU,Airbus A321,Vueling,landing,arrivee,550,246.7,87.9,,,,
2026-05-17,17:09:54,RYR29TL,EI-DCK,Boeing 737-800,Ryanair,landing,arrivee,550,273.9,97.3,,,,
2026-05-17,17:13:13,TRA27L,PH-HSA,Boeing 737-800,Turkish Airlines,landing,arrivee,550,286.5,93.4,,,,
2026-05-17,17:16:15,495278,CS-TSX,Boeing 777-200,Azul,landing,arrivee,575,254.1,95.1,,,,
2026-05-17,17:19:01,3c6490,D-AIDP,Airbus A321,Eurowings,landing,arrivee,550,267.2,90.4,,,,
2026-05-17,17:22:06,TAP1824,CS-TVH,Airbus A320neo,TAP Air Portugal,landing,arrivee,475,264.8,97.5,,,,
2026-05-17,17:25:21,TAP763,EC-OCT,Airbus A321,TAP Air Portugal,landing,arrivee,575,245.6,82.2,,,,
2026-05-17,17:32:59,440cbf,OE-LSO,Airbus A320,easyJet Europe,landing,arrivee,575,263.2,98.5,,,,
2026-05-17,17:35:33,RYR36JX,EI-DLX,Boeing 737-800,Ryanair,landing,arrivee,550,268.9,94.2,,,,
2026-05-17,17:38:13,TRA9H,PH-HXC,Boeing 737-800,Transavia,landing,arrivee,525,270.4,92.5,,,,
2026-05-17,17:41:44,4d22b8,9H-LOM,Airbus A320,Lauda Europe,landing,arrivee,550,245.6,95.1,,,,
2026-05-17,17:44:26,02008b,CN-ROS,Boeing 737-800,Royal Air Maroc,landing,arrivee,500,271.3,95.8,,,,
2026-05-17,17:47:09,TAP643,CS-TNL,Airbus A320,TAP Air Portugal,landing,arrivee,525,244.8,97.9,,,,
2026-05-17,17:49:35,407536,G-TTNF,Airbus A320neo,British Airways,landing,arrivee,575,243.2,80.0,,,,
2026-05-17,17:52:06,406014,G-EZTJ,Airbus A320,easyJet,landing,arrivee,625,254.8,85.5,,,,
2026-05-17,17:55:20,4952d2,CS-TVR,Airbus A320neo,TAP Air Portugal,landing,arrivee,525,258.9,99.9,,,,
2026-05-17,17:58:03,4cae95,EI-IKI,Boeing 737 MAX 8,Ryanair,landing,arrivee,525,278.9,94.4,,,,
2026-05-17,18:01:07,4d00f2,LX-LBT,Boeing 737-700,Luxair,landing,arrivee,525,249.1,95.1,,,,
2026-05-17,18:04:08,AFR24MF,F-GTAY,Airbus A321,Air France,landing,arrivee,550,264.8,96.2,,,,
2026-05-17,18:07:17,49514b,CS-TJK,Airbus A321neo,TAP Air Portugal,landing,arrivee,650,264.8,91.2,,,,
2026-05-17,18:10:11,440075,OE-LSV,Airbus A320neo,easyJet Europe,landing,arrivee,550,240.8,93.0,,,,
2026-05-17,18:15:10,344417,EC-LUL,Airbus A320,Iberia,landing,arrivee,600,255.9,84.7,,,,
2026-05-17,18:18:46,49521a,CS-TPZ,Embraer E190,TAP Air Portugal,landing,arrivee,525,242.2,91.2,,,,
2026-05-17,18:21:35,3452c9,EC-MNZ,Airbus A320,Vueling,landing,arrivee,575,245.9,93.4,,,,
2026-05-17,18:24:37,49520f,CS-TPO,Embraer E190,TAP Air Portugal,landing,arrivee,500,228.2,98.2,,,,
2026-05-17,18:27:28,471db3,HA-LGL,Airbus A321neo,SAS Scandinavian,landing,arrivee,525,236.7,97.7,,,,
2026-05-17,18:30:06,TVF72AP,F-HUYN,Boeing 737-800,Transavia France,landing,arrivee,550,265.6,85.4,,,,
2026-05-17,18:32:55,TAP1542,CS-TJS,Airbus A321neo,TAP Air Portugal,landing,arrivee,550,262.4,90.2,,,,
2026-05-17,18:35:51,4952cd,CS-TVM,Airbus A320neo,TAP Air Portugal,landing,arrivee,575,252.2,92.7,,,,
2026-05-17,18:38:40,407e63,G-EJCR,Airbus A320,easyJet,landing,arrivee,600,245.9,78.3,,,,
2026-05-17,18:44:53,RZO124,CS-TKP,Airbus A320,TAP Air Portugal,landing,arrivee,575,249.1,88.7,,,,
2026-05-17,18:47:27,4951d3,CS-TNS,Airbus A320,TAP Air Portugal,landing,arrivee,575,257.2,73.8,,,,
2026-05-17,18:50:08,TAP1931,CS-TNR,Airbus A320,TAP Air Portugal,landing,arrivee,550,254.7,98.5,,,,
2026-05-17,18:53:14,TAP10EV,CS-TPQ,Embraer E190,TAP Air Portugal,landing,arrivee,525,230.8,85.8,,,,
2026-05-17,18:56:14,346082,EC-MVY,Boeing 737-800,Air Europa,landing,arrivee,575,249.1,86.8,,,,
2026-05-17,18:59:22,KLM71Y,PH-AXC,Airbus A321neo,KLM,landing,arrivee,575,235.9,91.6,,,,
2026-05-17,19:02:11,44cc47,OO-SBG,Airbus A320neo,Brussels Airlines,landing,arrivee,575,226.7,93.7,,,,
2026-05-17,19:04:48,TRA951N,PH-YHT,Airbus A321neo,Transavia,landing,arrivee,575,268.9,93.3,,,,
2026-05-17,19:15:52,WZZ477,9H-WNF,Airbus A321,Wizz Air,landing,arrivee,525,256.5,92.4,,,,
2026-05-17,19:21:07,TVF35GD,F-GZHE,Boeing 737-800,Transavia France,landing,arrivee,525,260.8,92.6,,,,
2026-05-17,19:25:11,TAP403Z,CS-TTW,Embraer E195,TAP Air Portugal,landing,arrivee,525,231.9,90.1,,,,
2026-05-17,19:28:10,RYR9654,EI-IGV,Boeing 737 MAX 8,Ryanair,landing,arrivee,525,266.5,96.0,,,,
2026-05-17,19:30:58,4ca27a,EI-DHN,Boeing 737-800,Ryanair,landing,arrivee,575,267.1,80.0,,,,
2026-05-17,19:34:00,TAP35BL,CS-TNV,Airbus A320,TAP Air Portugal,landing,arrivee,550,254.8,91.8,,,,
2026-05-17,19:37:16,UAE5M,A6-ENU,Boeing 777-300ER,Emirates,landing,arrivee,525,260.8,94.9,,,,
2026-05-17,19:40:11,440d6e,OE-LSQ,Airbus A320,easyJet Europe,cruise,,625,0.0,86.6,,,,
2026-05-17,19:43:10,TAP473H,CS-TPW,Embraer E190,TAP Air Portugal,landing,arrivee,550,228.4,94.0,,,,
2026-05-17,19:45:43,4952cb,CS-TVK,Airbus A320neo,TAP Air Portugal,landing,arrivee,525,257.2,96.0,,,,
2026-05-17,19:48:29,48c2b1,SP-RZS,Boeing 737 MAX 8,Buzz,landing,arrivee,550,273.2,85.9,,,,
2026-05-17,19:51:08,4952c6,CS-TVF,Airbus A320neo,TAP Air Portugal,landing,arrivee,575,247.2,86.9,,,,
2026-05-17,19:53:57,3964e8,F-GZHI,Boeing 737-800,Transavia France,landing,arrivee,550,264.8,93.4,,,,
2026-05-17,19:56:37,TAP825,CS-TJP,Airbus A321neo,TAP Air Portugal,landing,arrivee,550,250.0,90.7,,,,
2026-05-17,19:59:26,495212,CS-TPR,Embraer E190,TAP Air Portugal,landing,arrivee,575,246.3,92.6,,,,
2026-05-17,20:01:48,4ca6aa,EI-DYW,Boeing 737-800,Ryanair,landing,arrivee,525,260.8,92.5,,,,
2026-05-17,20:07:25,44061d,OE-LQQ,Airbus A319,easyJet Europe,landing,arrivee,550,237.6,89.3,,,,
2026-05-17,20:10:33,TAP4TL,CS-TTZ,Embraer E195,TAP Air Portugal,landing,arrivee,525,240.8,88.4,,,,
2026-05-17,20:13:29,ANE44TG,EC-MTO,Bombardier CRJ-1000,Air Nostrum,landing,arrivee,500,250.4,98.2,,,,
2026-05-17,20:16:17,TAP1455,CS-TJN,Airbus A321neo,TAP Air Portugal,landing,arrivee,525,250.0,93.8,,,,
2026-05-17,20:19:12,VLG8UE,EC-LAB,Airbus A320,Vueling,landing,arrivee,500,245.6,95.0,,,,
2026-05-17,20:22:08,495218,CS-TPX,Embraer E190,TAP Air Portugal,landing,arrivee,500,218.4,91.8,,,,
2026-05-17,20:24:50,TAP1065,CS-TAY,Embraer E195,TAP Air Portugal,landing,arrivee,525,259.7,96.4,,,,
2026-05-17,20:27:46,WMT537,9H-WDU,Airbus A321,Lauda Europe,landing,arrivee,550,234.8,94.9,,,,
2026-05-17,20:30:21,TAP94VA,CS-TJJ,Airbus A321neo,TAP Air Portugal,landing,arrivee,550,250.0,94.2,,,,
2026-05-17,20:33:17,TAP93ZS,CS-TNT,Airbus A320,TAP Air Portugal,landing,arrivee,525,249.1,85.8,,,,
2026-05-17,20:36:34,TAP835,CS-TVG,Airbus A320neo,TAP Air Portugal,landing,arrivee,525,256.5,98.7,,,,
2026-05-17,20:39:50,DTA652,D2-TEJ,Boeing 777-300ER,TAAG Angola Airlines,landing,arrivee,475,268.9,93.9,,,,
2026-05-17,20:42:55,TAP48M,CS-TTX,Embraer E195,TAP Air Portugal,landing,arrivee,575,252.4,96.5,,,,
2026-05-17,20:50:29,VLG14YF,EC-OKG,Airbus A320,Vueling,landing,arrivee,500,242.4,93.8,,,,
2026-05-17,20:55:06,RZO114,CS-TAW,Embraer E195,TAP Air Portugal,landing,arrivee,550,243.2,82.0,,,,
2026-05-17,20:58:03,4951d7,CS-TNW,Airbus A320,TAP Air Portugal,landing,arrivee,550,235.9,81.2,,,,
2026-05-17,21:01:10,EZY25BM,G-UZHH,Airbus A320neo,easyJet,landing,arrivee,525,243.2,96.0,,,,
2026-05-17,21:03:51,4ca292,EI-DEL,Airbus A320,Aer Lingus,landing,arrivee,525,250.4,88.4,,,,
2026-05-17,21:12:52,TAP1692,CS-TPT,Embraer E190,TAP Air Portugal,landing,arrivee,475,224.3,95.4,,,,
2026-05-17,21:17:32,RZO134,CS-TSY,Airbus A320,TAP Air Portugal,landing,arrivee,600,249.1,90.3,,,,
2026-05-17,21:19:59,4951d5,CS-TNU,Airbus A320,TAP Air Portugal,cruise,,575,0.0,77.7,,,,
2026-05-17,21:23:13,738068,4X-EKI,Boeing 737-800,El Al,landing,arrivee,500,282.4,92.2,,,,
2026-05-17,21:26:12,3465d9,EC-NNY,Airbus A320,Volotea,landing,arrivee,475,247.2,99.6,,,,
2026-05-17,21:29:08,TAP57W,CS-TVL,Airbus A320,TAP Air Portugal,landing,arrivee,525,250.8,99.3,,,,
2026-05-17,21:32:07,495216,CS-TPV,Embraer E190,TAP Air Portugal,landing,arrivee,500,229.8,97.6,,,,
2026-05-17,21:34:55,495299,CS-TTY,Embraer E195,TAP Air Portugal,landing,arrivee,475,258.4,99.0,,,,
2026-05-17,21:37:27,c04cf4,C-GDDR,Boeing 737 MAX 8,WestJet,approach,arrivee,500,0.0,88.4,,,,
2026-05-17,21:40:13,TAP67U,CS-TVB,Airbus A320neo,TAP Air Portugal,landing,arrivee,575,240.8,85.3,,,,
2026-05-17,21:42:58,TAP76EN,CS-TVQ,Airbus A320neo,TAP Air Portugal,landing,arrivee,550,244.8,90.5,,,,
2026-05-17,21:45:44,4952c9,CS-TVI,Airbus A320neo,TAP Air Portugal,landing,arrivee,500,229.1,86.3,,,,
2026-05-17,21:48:36,DLH34J,D-AIJD,Airbus A320neo,Lufthansa,landing,arrivee,475,220.8,95.1,,,,
2026-05-17,21:50:49,VLG4JP,EC-KDX,Airbus A320,Vueling,landing,arrivee,500,260.0,98.5,,,,
2026-05-17,21:53:32,RYR24SE,EI-GSG,Boeing 737-800,Ryanair,landing,arrivee,475,261.5,96.8,,,,
2026-05-17,21:56:08,TAP863Y,CS-TTP,Airbus A319,TAP Air Portugal,landing,arrivee,500,248.4,97.4,,,,
2026-05-17,21:58:15,TAP1243,CS-TJM,Airbus A321neo,TAP Air Portugal,landing,arrivee,525,259.7,92.8,,,,
2026-05-17,22:00:34,RZO152,CS-TKQ,Airbus A320,TAP Air Portugal,landing,arrivee,525,253.2,90.8,,,,
2026-05-17,22:02:58,TAP5AS,CS-TJO,Airbus A321neo,TAP Air Portugal,landing,arrivee,525,226.7,99.0,,,,
2026-05-17,22:05:17,4d2233,9H-QBY,Boeing 737-800,Malta Air,landing,arrivee,525,261.5,93.7,,,,
2026-05-17,22:07:39,3991e1,F-HEPB,Airbus A320,Air France,landing,arrivee,550,243.0,90.8,,,,
2026-05-17,22:10:50,495219,CS-TPY,Embraer E190,TAP Air Portugal,landing,arrivee,525,224.3,86.3,,,,
2026-05-17,22:12:42,440d10,OE-IBS,Airbus A320,easyJet Europe,landing,arrivee,475,250.8,98.0,,,,
2026-05-17,22:15:24,4952c3,CS-TVC,Airbus A320neo,TAP Air Portugal,landing,arrivee,500,266.3,98.3,,,,
2026-05-17,22:17:46,46a5e2,SX-IOB,Airbus A320neo,,landing,arrivee,525,238.2,89.3,,,,
2026-05-17,22:20:41,TVF34QV,F-HTVX,Boeing 737-800,Transavia France,landing,arrivee,500,268.2,85.8,,,,
2026-05-17,22:23:29,495213,CS-TPS,Embraer E190,TAP Air Portugal,landing,arrivee,525,231.1,83.0,,,,
2026-05-17,22:25:47,3c66ac,D-AIUL,Airbus A320,Lufthansa,landing,arrivee,575,244.8,83.8,,,,
2026-05-17,22:28:42,4cac85,EI-HGH,Boeing 737 MAX 8,Ryanair,landing,arrivee,500,270.8,94.4,,,,
2026-05-17,22:31:18,TAP1369,CS-TVN,Airbus A320neo,TAP Air Portugal,landing,arrivee,475,249.1,93.7,,,,
2026-05-17,22:33:48,TAP555,CS-TNX,Airbus A320,TAP Air Portugal,landing,arrivee,525,249.5,94.9,,,,
2026-05-17,22:36:19,RYR7P,9H-QEM,Boeing 737-800,Malta Air,landing,arrivee,500,270.4,95.5,,,,
2026-05-17,22:39:29,4952ca,CS-TVJ,Airbus A320neo,TAP Air Portugal,landing,arrivee,500,234.8,89.4,,,,
2026-05-17,22:42:16,TAP783,CS-TJH,Airbus A321,TAP Air Portugal,landing,arrivee,525,239.8,88.8,,,,
2026-05-17,22:45:07,495215,CS-TPU,Embraer E190,TAP Air Portugal,landing,arrivee,475,231.5,97.9,,,,
2026-05-17,22:47:59,TAP64M,CS-TVD,Airbus A320neo,TAP Air Portugal,landing,arrivee,500,230.8,96.1,,,,
2026-05-17,22:50:32,440c38,OE-LSJ,Airbus A320neo,Vueling,landing,arrivee,500,237.4,96.2,,,,
2026-05-17,22:53:08,EJU97VT,OE-IWW,Airbus A320,easyJet Europe,landing,arrivee,525,241.7,89.9,,,,
2026-05-17,22:55:22,EJU91TW,OE-INE,Airbus A320,easyJet Europe,landing,arrivee,525,253.2,87.8,,,,
2026-05-17,22:58:43,TVF47RH,F-HUYL,Boeing 737-800,Transavia France,landing,arrivee,450,262.4,95.1,,,,
2026-05-17,23:01:15,4080e9,G-TNED,Airbus A321neo,British Airways,landing,arrivee,475,240.8,97.2,,,,
2026-05-17,23:03:05,440cbf,OE-LSO,Airbus A320,easyJet Europe,cruise,,575,0.0,76.7,,,,
2026-05-17,23:05:06,4868bc,PH-AXN,Airbus A321neo,KLM,landing,arrivee,575,267.2,82.3,,,,
2026-05-17,23:08:09,440cf8,OE-IBF,Airbus A320,easyJet Europe,landing,arrivee,475,258.9,90.7,,,,
2026-05-17,23:10:55,SWR755L,HB-JDI,Airbus A320neo,Swiss,landing,arrivee,500,258.9,91.6,,,,
2026-05-17,23:13:34,IBE0539,EC-JRE,Airbus A321,Iberia,landing,arrivee,500,261.5,98.8,,,,
2026-05-17,23:16:18,440072,OE-LSF,Airbus A320neo,easyJet Europe,landing,arrivee,525,243.2,96.6,,,,
2026-05-17,23:18:08,DLH23C,D-AIDK,Airbus A321,Lufthansa,landing,arrivee,525,258.4,90.1,,,,
2026-05-17,23:20:32,4951ce,CS-TNN,Airbus A320,TAP Air Portugal,landing,arrivee,475,256.5,99.2,,,,
2026-05-17,23:23:13,EJU74EP,OE-LSV,Airbus A320neo,easyJet Europe,landing,arrivee,525,265.6,93.4,,,,
2026-05-17,23:24:54,RYR668T,EI-ILJ,Boeing 737 MAX 8,Ryanair,landing,arrivee,475,280.0,95.4,,,,
2026-05-17,23:26:59,4d2246,9H-QEJ,Boeing 737-800,Malta Air,landing,arrivee,475,270.8,96.5,,,,
2026-05-17,23:29:31,EJU36BG,OE-IDO,Airbus A320,easyJet Europe,landing,arrivee,550,248.0,89.8,,,,
2026-05-17,23:32:16,THY2ES,TC-JVO,Boeing 737-800,Turkish Airlines,landing,arrivee,475,275.6,92.7,,,,
2026-05-17,23:34:56,4cae95,EI-IKI,Boeing 737 MAX 8,Ryanair,landing,arrivee,475,259.7,99.9,,,,
2026-05-17,23:36:55,46b824,SX-NAD,Airbus A321neo,Aegean Airlines,landing,arrivee,475,241.5,99.9,,,,
2026-05-17,23:39:09,RYR63TC,EI-HGZ,Boeing 737 MAX 8,Ryanair,landing,arrivee,450,273.2,98.8,,,,
2026-05-17,23:41:46,4951cd,CS-TNM,Airbus A320,TAP Air Portugal,cruise,,550,0.0,90.3,,,,
2026-05-17,23:44:44,4951cb,CS-TNK,Airbus A320,TAP Air Portugal,landing,arrivee,500,247.2,94.2,,,,
2026-05-18,00:00:30,495307,CS-TXG,Airbus A321neo,TAP Air Portugal,landing,arrivee,575,255.6,91.6,,,,
2026-05-18,00:24:08,TAP43RY,EC-OCT,Airbus A321,TAP Air Portugal,landing,arrivee,475,260.0,96.6,,,,
2026-05-18,00:58:23,495037,CS-TAW,Embraer E195,TAP Air Portugal,landing,arrivee,500,232.4,97.8,,,,
2026-05-18,01:06:03,495170,CS-TKP,Airbus A320,TAP Air Portugal,landing,arrivee,525,246.7,84.0,,,,
2026-05-18,04:22:08,440d4d,OE-IXK,Boeing 737-800,Iberia,landing,arrivee,500,275.6,95.0,,,,
2026-05-18,04:29:14,4952a9,CS-TUI,Airbus A330-900neo,TAP Air Portugal,landing,arrivee,575,263.2,95.8,,,,
2026-05-18,04:47:21,4952a2,CS-TUB,Airbus A330-900neo,TAP Air Portugal,landing,arrivee,550,263.2,99.6,,,,
2026-05-18,05:16:04,TAP202A,CS-TXE,Airbus A321neo,TAP Air Portugal,landing,arrivee,475,268.9,98.9,,,,
2026-05-18,05:36:18,495301,CS-TXA,Airbus A321neo,TAP Air Portugal,landing,arrivee,575,249.8,84.2,,,,
2026-05-18,05:48:46,TAP1484,CS-TVK,Airbus A320neo,TAP Air Portugal,landing,arrivee,525,234.8,96.4,,,,
2026-05-18,05:50:59,TAP218,CS-TXL,Airbus A321neo,TAP Air Portugal,landing,arrivee,500,271.3,99.1,,,,
2026-05-18,05:54:05,3c5432,D-AEAR,A300 B4-622RF,Lufthansa,landing,arrivee,500,246.7,95.7,,,,
2026-05-18,05:56:19,TAP1937,CS-TNW,Airbus A320,TAP Air Portugal,landing,arrivee,525,245.6,92.8,,,,
2026-05-18,05:59:09,4952b1,CS-TUQ,Airbus A330-900neo,TAP Air Portugal,landing,arrivee,550,261.5,94.1,,,,
2026-05-18,06:03:39,4952c9,CS-TVI,Airbus A320neo,TAP Air Portugal,landing,arrivee,525,234.8,91.7,,,,
2026-05-18,06:06:41,TAP258,CS-TXC,Airbus A321neo,TAP Air Portugal,landing,arrivee,550,264.8,97.0,,,,
2026-05-18,06:13:45,TAP1550,CS-TJJ,Airbus A321neo,TAP Air Portugal,landing,arrivee,575,257.2,86.3,,,,
2026-05-18,06:17:05,TAP1097,CS-TPW,Embraer E190,TAP Air Portugal,landing,arrivee,475,239.1,86.4,,,,
2026-05-18,06:19:58,TAP1544,CS-TJK,Airbus A321neo,TAP Air Portugal,landing,arrivee,500,245.6,97.2,,,,
2026-05-18,06:22:44,495150,CS-TJP,Airbus A321neo,TAP Air Portugal,landing,arrivee,500,257.2,97.1,,,,
2026-05-18,06:25:50,TAP11VP,CS-TPT,Embraer E190,TAP Air Portugal,landing,arrivee,425,229.1,93.7,,,,
2026-05-18,06:30:09,c07a0f,C-GUFU,Airbus A330-200,Air Transat,landing,arrivee,500,244.8,99.4,,,,
2026-05-18,06:36:39,TAP104,CS-TUA,Airbus A330-900neo,TAP Air Portugal,landing,arrivee,500,262.4,99.0,,,,
2026-05-18,06:39:23,AZU8900,CS-TSW,Boeing 777-200,Azul,landing,arrivee,475,261.5,94.2,,,,
2026-05-18,06:42:25,34604d,EC-MUZ,Boeing 737-800,Air Europa,landing,arrivee,525,259.7,96.7,,,,
2026-05-18,06:45:36,495218,CS-TPX,Embraer E190,TAP Air Portugal,landing,arrivee,500,239.1,86.4,,,,
2026-05-18,06:48:38,495290,CS-TTP,Airbus A319,TAP Air Portugal,landing,arrivee,525,227.4,91.7,,,,
2026-05-18,06:51:38,SRR6646,OY-SRO,767 25EBDSF,Star Air,landing,arrivee,525,228.4,85.4,,,,
2026-05-18,07:03:39,TAP9021,CS-TNT,Airbus A320,TAP Air Portugal,landing,arrivee,500,245.6,98.6,,,,
2026-05-18,07:06:34,495211,CS-TPQ,Embraer E190,TAP Air Portugal,landing,arrivee,525,239.1,90.1,,,,
2026-05-18,07:09:52,495212,CS-TPR,Embraer E190,TAP Air Portugal,landing,arrivee,475,228.4,97.3,,,,
2026-05-18,07:12:35,TAP40MR,CS-TTW,Embraer E195,TAP Air Portugal,landing,arrivee,475,253.2,92.8,,,,
2026-05-18,07:16:39,4952cf,CS-TVO,Airbus A320neo,TAP Air Portugal,landing,arrivee,525,257.2,91.8,,,,
2026-05-18,07:19:51,TAP98CX,CS-TNU,Airbus A320,TAP Air Portugal,landing,arrivee,525,233.2,90.7,,,,
2026-05-18,07:23:01,IBE05TR,EC-NTQ,Airbus A320neo,Iberia,landing,arrivee,525,234.8,94.4,,,,
2026-05-18,07:25:51,4b1a24,HB-JXK,Airbus A320,Austrian Airlines,landing,arrivee,500,253.9,97.1,,,,
2026-05-18,07:28:49,495298,CS-TTX,Embraer E195,TAP Air Portugal,landing,arrivee,525,244.8,99.0,,,,
2026-05-18,07:31:24,a5325b,N434DX,Airbus A330-900neo,Delta Air Lines,cruise,,575,0.0,91.7,,,,
2026-05-18,07:34:17,4951d6,CS-TNV,Airbus A320,TAP Air Portugal,landing,arrivee,500,260.0,92.0,,,,
2026-05-18,07:37:13,TAM8146,PT-MUE,Boeing 777-300ER,LATAM Airlines,landing,arrivee,475,279.7,95.2,,,,
2026-05-18,07:40:01,TAP945,CS-TJS,Airbus A321neo,TAP Air Portugal,landing,arrivee,525,253.2,95.9,,,,
2026-05-18,07:42:50,TAP9ML,CS-TNS,Airbus A320,TAP Air Portugal,landing,arrivee,550,243.2,86.6,,,,
2026-05-18,07:45:40,TAP1939,CS-TNJ,Airbus A320,TAP Air Portugal,landing,arrivee,500,250.4,91.5,,,,
2026-05-18,07:48:48,49521a,CS-TPZ,Embraer E190,TAP Air Portugal,landing,arrivee,525,249.1,85.8,,,,
2026-05-18,07:51:35,49514e,CS-TJN,Airbus A321neo,TAP Air Portugal,landing,arrivee,500,255.2,94.4,,,,
2026-05-18,07:54:27,TAP9RH,CS-TNL,Airbus A320,TAP Air Portugal,landing,arrivee,525,252.4,87.2,,,,
2026-05-18,07:57:31,TAP27UZ,CS-TAY,Embraer E195,TAP Air Portugal,landing,arrivee,500,264.8,93.2,,,,
2026-05-18,08:00:16,TAP575,CS-TNQ,Airbus A320,TAP Air Portugal,landing,arrivee,450,258.9,98.4,,,,
2026-05-18,08:03:07,345207,EC-MLD,Airbus A321,Vueling,landing,arrivee,550,259.7,88.8,,,,
2026-05-18,08:07:10,UAL64,N91007,Boeing 787-10,United Airlines,landing,arrivee,500,275.2,93.9,,,,
2026-05-18,08:10:11,TAP557H,CS-TVP,Airbus A320neo,TAP Air Portugal,approach,arrivee,450,235.9,85.8,,,,
2026-05-18,08:12:37,TAP56DP,CS-TJE,Airbus A321,TAP Air Portugal,landing,arrivee,525,263.9,98.2,,,,
2026-05-18,08:17:13,TAP53EI,CS-TJI,Airbus A321neo,TAP Air Portugal,landing,arrivee,500,244.8,96.8,,,,
2026-05-18,08:20:37,TAP63GL,CS-TVA,Airbus A320neo,TAP Air Portugal,landing,arrivee,550,246.3,95.6,,,,
2026-05-18,08:23:22,4951d2,CS-TNR,Airbus A320,TAP Air Portugal,landing,arrivee,550,244.6,86.8,,,,
2026-05-18,08:27:23,ab349f,N821AN,Boeing 787-9,American Airlines,landing,arrivee,450,271.3,97.4,,,,
2026-05-18,08:30:06,3985a7,F-HBNH,Airbus A320,Air France,landing,arrivee,525,254.8,96.3,,,,
2026-05-18,08:32:26,RYR3RB,EI-DYV,Boeing 737-800,Ryanair,landing,arrivee,450,273.9,95.3,,,,
2026-05-18,08:37:08,RYR2078,EI-GXL,Boeing 737-800,Ryanair,landing,arrivee,450,284.1,95.5,,,,
2026-05-18,08:45:20,497cdf,,,,landing,arrivee,575,243.2,76.2,,,,
2026-05-18,08:51:00,4952ae,CS-TUN,Airbus A330-900neo,TAP Air Portugal,landing,arrivee,525,263.2,96.3,,,,
2026-05-18,08:53:50,RYR3WD,EI-HGN,Boeing 737 MAX 8,Ryanair,landing,arrivee,450,277.2,97.7,,,,
2026-05-18,08:56:37,RYR9PX,EI-ILJ,Boeing 737 MAX 8,Ryanair,landing,arrivee,450,280.6,98.0,,,,
2026-05-18,08:59:38,c0583a,C-GHKR,Airbus A330-300,Air Canada,landing,arrivee,425,253.2,97.6,,,,
2026-05-18,09:02:27,TAP443,CS-TVM,Airbus A320neo,TAP Air Portugal,landing,arrivee,450,238.2,95.3,,,,
2026-05-18,09:05:26,TVF55WH,F-GZHX,Boeing 737-800,Transavia France,landing,arrivee,500,273.9,94.5,,,,
2026-05-18,09:08:11,TAP675,CS-TJL,Airbus A321neo,TAP Air Portugal,landing,arrivee,475,245.9,84.0,,,,
2026-05-18,09:10:50,TSC480,C-GUBD,Airbus A330-200,Air Transat,landing,arrivee,475,251.7,93.9,,,,
2026-05-18,09:19:21,TRA27L,PH-HZW,Boeing 737-800,Transavia,landing,arrivee,500,277.2,90.6,,,,
2026-05-18,09:35:04,4952aa,CS-TUJ,Airbus A330-900neo,TAP Air Portugal,landing,arrivee,525,262.4,95.6,,,,
2026-05-18,09:38:03,4952c7,CS-TVG,Airbus A320neo,TAP Air Portugal,landing,arrivee,525,265.6,87.2,,,,
2026-05-18,09:40:41,THY3WE,TC-LSH,Airbus A321neo,Turkish Airlines,landing,arrivee,575,256.5,82.3,,,,
2026-05-18,09:43:19,40666a,G-EZUP,Airbus A320,easyJet,landing,arrivee,550,253.2,83.3,,,,
2026-05-18,09:46:04,40097c,G-EUUA,Airbus A320,British Airways,landing,arrivee,475,244.8,92.1,,,,
2026-05-18,09:48:43,4952a4,CS-TUD,Airbus A330-900neo,TAP Air Portugal,landing,arrivee,525,251.7,95.9,,,,
2026-05-18,09:58:24,TAP036,CS-TON,Airbus A330-200,TAP Air Portugal,landing,arrivee,475,253.2,98.7,,,,
2026-05-18,10:01:29,a2007c,N228UA,Boeing 777-200,United Airlines,landing,arrivee,500,263.2,96.2,,,,
2026-05-18,10:04:26,EJU97VT,OE-LSJ,Airbus A320neo,Vueling,landing,arrivee,525,236.7,90.7,,,,
2026-05-18,10:07:04,TAP012,CS-TUK,Airbus A330-900neo,TAP Air Portugal,landing,arrivee,525,255.4,95.3,,,,
2026-05-18,10:09:45,TAP254,CS-TXB,Airbus A321neo,TAP Air Portugal,landing,arrivee,500,264.8,98.5,,,,
2026-05-18,10:12:32,TAP1921,CS-TVF,Airbus A320neo,TAP Air Portugal,landing,arrivee,475,237.4,96.5,,,,
2026-05-18,10:17:29,TAP11SV,CS-TPY,Embraer E190,TAP Air Portugal,landing,arrivee,450,239.1,97.8,,,,
2026-05-18,10:20:36,49530a,CS-TXJ,Airbus A321neo,TAP Air Portugal,landing,arrivee,450,243.2,98.9,,,,
2026-05-18,10:23:11,TAP1826,CS-TTZ,Embraer E195,TAP Air Portugal,landing,arrivee,475,251.7,93.8,,,,
2026-05-18,10:25:08,4d00f2,LX-LBT,Boeing 737-700,Luxair,landing,arrivee,525,236.7,80.2,,,,
2026-05-18,10:28:05,4952d2,CS-TVR,Airbus A320neo,TAP Air Portugal,cruise,,500,0.0,95.1,,,,
2026-05-18,10:30:31,EIN82T,EI-DEP,Airbus A320,Aer Lingus,landing,arrivee,525,246.7,89.3,,,,
2026-05-18,10:33:26,49530d,CS-TXM,Airbus A321,TAP Air Portugal,landing,arrivee,525,258.9,88.7,,,,
2026-05-18,10:35:05,TAP216L,CS-TXF,Airbus A321neo,TAP Air Portugal,landing,arrivee,525,259.7,87.2,,,,
2026-05-18,10:37:52,346082,EC-MVY,Boeing 737-800,Air Europa,landing,arrivee,475,265.6,94.6,,,,
2026-05-18,10:40:25,a5237f,N430DX,Airbus A330-900neo,Delta Air Lines,landing,arrivee,450,251.5,94.0,,,,
2026-05-18,10:42:53,ACA810,CA-FITL,Boeing 777-300ER,Air Canada,landing,arrivee,500,267.2,87.7,,,,
2026-05-18,10:45:51,4950e4,CS-TGD,Airbus A330-200,Azul,landing,arrivee,500,257.2,92.0,,,,
2026-05-18,10:49:11,44cc46,OO-SBF,Airbus A320neo,Brussels Airlines,landing,arrivee,550,252.4,95.9,,,,
2026-05-18,10:50:44,KLM1579,PH-BCA,Boeing 737-800,KLM,landing,arrivee,500,276.5,92.7,,,,
2026-05-18,10:54:54,4952ca,CS-TVJ,Airbus A320neo,TAP Air Portugal,landing,arrivee,550,254.7,83.3,,,,
2026-05-18,10:56:48,TAP1923,CS-TPQ,Embraer E190,TAP Air Portugal,landing,arrivee,450,239.1,87.5,,,,
2026-05-18,10:59:13,49530b,CS-TXK,Airbus A321,TAP Air Portugal,landing,arrivee,500,271.3,82.3,,,,
2026-05-18,11:01:18,TAP11MG,CS-TPW,Embraer E190,TAP Air Portugal,landing,arrivee,450,238.4,90.5,,,,
2026-05-18,11:03:40,4b17f8,HB-JCA,C Series 300,Swiss,landing,arrivee,525,258.9,87.8,,,,
2026-05-18,11:05:29,JSD869,HA-SCU,Citation VI,Jet-Stream Ltd,landing,arrivee,450,233.9,86.0,,,,
2026-05-18,11:08:28,AFR41GW,F-HZUG,A220 300,Air France,landing,arrivee,525,247.2,92.7,,,,
2026-05-18,11:11:20,WPT2152,EC-OND,Airbus A330-300,,landing,arrivee,450,255.9,95.4,,,,
2026-05-18,11:13:13,4952a6,CS-TUF,Airbus A330-900neo,TAP Air Portugal,landing,arrivee,500,271.3,98.2,,,,
2026-05-18,11:16:00,TAP11WQ,CS-TTY,Embraer E195,TAP Air Portugal,landing,arrivee,500,255.6,95.1,,,,
2026-05-18,11:17:48,EJU14YR,OE-IWW,Airbus A320,easyJet Europe,landing,arrivee,500,268.9,86.2,,,,
2026-05-18,11:20:54,EJU74EF,OE-LSV,Airbus A320neo,easyJet Europe,landing,arrivee,475,244.3,92.8,,,,
2026-05-18,11:25:48,RZO120,CS-TKQ,Airbus A320,TAP Air Portugal,landing,arrivee,475,255.4,91.9,,,,
2026-05-18,11:27:52,EJU15UG,OE-LSO,Airbus A320,easyJet Europe,landing,arrivee,450,254.8,92.6,,,,
2026-05-18,11:30:54,440d10,OE-IBS,Airbus A320,easyJet Europe,landing,arrivee,475,241.5,92.1,,,,
2026-05-18,11:33:36,DLH39X,D-AIEQ,Airbus A321,Lufthansa,landing,arrivee,500,245.6,76.5,,,,
2026-05-18,11:36:21,IBE05FV,EC-NVS,Airbus A320,Iberia,landing,arrivee,525,236.7,64.2,,,,
2026-05-18,11:39:29,020057,CN-RNZ,Boeing 737-800,Royal Air Maroc,landing,arrivee,450,277.2,93.0,,,,
2026-05-18,11:47:48,495215,CS-TPU,Embraer E190,TAP Air Portugal,landing,arrivee,450,234.3,99.7,,,,
2026-05-18,11:53:47,TAP028,CS-TUM,Airbus A330-900neo,TAP Air Portugal,landing,arrivee,425,264.8,97.2,,,,
2026-05-18,11:56:49,495145,CS-TJE,Airbus A321,TAP Air Portugal,landing,arrivee,500,265.6,90.7,,,,
2026-05-18,12:05:59,4952a5,CS-TUE,Airbus A330-900neo,TAP Air Portugal,landing,arrivee,450,273.2,99.0,,,,
2026-05-18,12:09:16,495066,CS-TCF,Airbus A330-900neo,TAP Air Portugal,landing,arrivee,500,265.8,90.2,,,,
2026-05-18,12:14:02,TAP1925,CS-TJN,Airbus A321neo,TAP Air Portugal,landing,arrivee,475,269.7,93.9,,,,
2026-05-18,12:17:14,EJU64TB,OE-IBF,Airbus A320,easyJet Europe,landing,arrivee,475,251.5,89.5,,,,
2026-05-18,12:19:57,EJU32WQ,OE-IDO,Airbus A320,easyJet Europe,landing,arrivee,500,261.5,89.8,,,,
2026-05-18,12:22:38,4cac87,EI-IFP,Boeing 737 MAX 8,Ryanair,landing,arrivee,425,278.7,96.7,,,,
2026-05-18,12:25:14,4d2014,9H-EUM,Airbus A320,Lauda Europe,landing,arrivee,525,252.2,82.8,,,,
2026-05-18,12:29:38,8963db,A6-EPL,Boeing 777-300ER,Emirates,landing,arrivee,475,283.7,93.2,,,,
2026-05-18,12:32:39,TAP1031,CS-TJJ,Airbus A321neo,TAP Air Portugal,landing,arrivee,400,268.2,96.9,,,,
2026-05-18,12:35:10,TVF46JB,F-HTVX,Boeing 737-800,Transavia France,landing,arrivee,475,273.5,91.7,,,,
2026-05-18,12:39:23,RYR7GJ,9H-QEJ,Boeing 737-800,Malta Air,landing,arrivee,475,292.6,93.6,,,,
2026-05-18,12:46:07,TAP63CT,CS-TPR,Embraer E190,TAP Air Portugal,landing,arrivee,450,263.2,93.8,,,,
2026-05-18,12:48:41,EJU56VP,OE-LSQ,Airbus A320,easyJet Europe,landing,arrivee,500,270.8,98.8,,,,
2026-05-18,12:51:09,440072,OE-LSF,Airbus A320neo,easyJet Europe,landing,arrivee,550,278.2,62.2,,,,
2026-05-18,12:53:56,RZO122,CS-TSF,Airbus A321neo,TAP Air Portugal,landing,arrivee,500,289.7,92.2,,,,
2026-05-18,13:00:56,TAP1335,CS-TPS,Embraer E190,TAP Air Portugal,landing,arrivee,475,258.0,89.3,,,,
2026-05-18,13:04:34,TAP145W,CS-TPX,Embraer E190,TAP Air Portugal,landing,arrivee,500,252.2,96.1,,,,
2026-05-18,13:12:16,TAP10VL,CS-TAY,Embraer E195,TAP Air Portugal,landing,arrivee,475,264.8,93.8,,,,
2026-05-18,13:15:22,TAP831,CS-TVD,Airbus A320neo,TAP Air Portugal,landing,arrivee,500,263.2,95.8,,,,
2026-05-18,13:18:18,TAP43JD,CS-TVI,Airbus A320neo,TAP Air Portugal,landing,arrivee,525,270.8,89.7,,,,
2026-05-18,13:24:05,DLH47T,D-AIND,Airbus A320neo,Lufthansa,landing,arrivee,475,278.9,98.6,,,,
2026-05-18,13:27:01,49521a,CS-TPZ,Embraer E190,TAP Air Portugal,landing,arrivee,550,252.1,94.1,,,,
2026-05-18,13:29:42,34768f,EC-OFY,Airbus A320,Vueling,landing,arrivee,525,261.7,93.0,,,,
2026-05-18,13:32:26,SWR32F,HB-JCO,C Series 300,Swiss,landing,arrivee,475,258.9,97.6,,,,
2026-05-18,13:35:06,TAP91TL,CS-TTX,Embraer E195,TAP Air Portugal,landing,arrivee,500,269.7,93.7,,,,
2026-05-18,13:37:40,4951ef,CS-TOO,Airbus A330-200,TAP Air Portugal,landing,arrivee,525,246.7,91.5,,,,
2026-05-18,13:40:25,4952cc,CS-TVL,Airbus A320,TAP Air Portugal,landing,arrivee,450,268.9,93.3,,,,
2026-05-18,13:43:10,TAP1860,CS-TXC,Airbus A321neo,TAP Air Portugal,landing,arrivee,450,277.2,97.1,,,,
2026-05-18,13:46:06,TAP11EG,CS-TPV,Embraer E190,TAP Air Portugal,landing,arrivee,450,253.2,98.5,,,,
2026-05-18,13:48:17,48e95b,SP-LYD,Boeing 737 MAX 8,LOT Polish Airlines,landing,arrivee,550,292.2,96.1,,,,
2026-05-18,13:51:07,4951d8,CS-TNX,Airbus A320,TAP Air Portugal,landing,arrivee,525,256.5,89.2,,,,
2026-05-18,13:53:49,TAP1013,CS-TNR,Airbus A320,TAP Air Portugal,landing,arrivee,525,267.1,85.4,,,,
2026-05-18,13:56:29,TAP36GS,CS-TVC,Airbus A320neo,TAP Air Portugal,approach,arrivee,450,245.2,93.9,,,,
2026-05-18,13:59:21,RZO140,CS-TKP,Airbus A320,TAP Air Portugal,landing,arrivee,475,278.0,93.6,,,,
2026-05-18,14:01:53,EJU98EV,OE-ICR,Airbus A320,easyJet Europe,landing,arrivee,500,266.3,90.6,,,,
2026-05-18,14:04:41,4952d0,CS-TVP,Airbus A320neo,TAP Air Portugal,landing,arrivee,475,244.6,98.5,,,,
2026-05-18,14:07:15,4cae95,EI-IKI,Boeing 737 MAX 8,Ryanair,landing,arrivee,450,278.9,96.8,,,,
2026-05-18,14:09:47,TAP481,CS-TTW,Embraer E195,TAP Air Portugal,landing,arrivee,475,268.0,98.7,,,,
2026-05-18,14:14:12,TAP084,CS-TUS,Airbus A330-900neo,TAP Air Portugal,landing,arrivee,475,262.4,91.9,,,,
2026-05-18,14:16:44,TAP86GM,CS-TJM,Airbus A321neo,TAP Air Portugal,landing,arrivee,500,267.2,88.3,,,,
2026-05-18,14:19:46,TAP471A,CS-TPT,Embraer E190,TAP Air Portugal,landing,arrivee,500,241.7,94.9,,,,
2026-05-18,14:22:13,4867c3,PH-AXH,Airbus A321neo,KLM,landing,arrivee,550,258.9,83.5,,,,
2026-05-18,14:37:05,4952cf,CS-TVO,Airbus A320neo,TAP Air Portugal,landing,arrivee,475,267.6,95.6,,,,
2026-05-18,14:43:42,SWR2BK,HB-JPD,Airbus A321,Swiss,landing,arrivee,550,258.4,74.8,,,,
2026-05-18,14:46:26,3991e6,F-HEPG,Airbus A320,Air France,landing,arrivee,500,263.9,89.5,,,,
2026-05-18,14:49:20,4951cd,CS-TNM,Airbus A320,TAP Air Portugal,landing,arrivee,525,269.7,84.0,,,,
2026-05-18,14:52:09,4cafc3,EI-GXH,Boeing 737-800,Ryanair,landing,arrivee,450,272.8,98.5,,,,
2026-05-18,14:55:11,406d8e,G-EZOI,Airbus A320,easyJet,landing,arrivee,475,254.8,93.6,,,,
2026-05-18,15:00:25,502d89,YL-ABU,A220-300,Air Baltic,landing,arrivee,500,260.8,81.7,,,,
2026-05-18,15:03:47,440c38,OE-LSJ,Airbus A320neo,Vueling,landing,arrivee,550,249.1,85.1,,,,
2026-05-18,15:10:11,AEA12AT,EC-MPG,Boeing 737-800,Air Europa,landing,arrivee,400,274.1,93.8,,,,
2026-05-18,15:14:07,4bb20e,TC-LPN,Airbus A321neo,Turkish Airlines,landing,arrivee,525,257.2,83.8,,,,
2026-05-18,15:16:59,4951d5,CS-TNU,Airbus A320,TAP Air Portugal,landing,arrivee,525,253.2,89.4,,,,
2026-05-18,15:19:57,4951d4,CS-TNT,Airbus A320,TAP Air Portugal,landing,arrivee,525,252.4,92.7,,,,
2026-05-18,15:27:10,3c6662,D-AISB,Airbus A321,Lufthansa,landing,arrivee,450,277.2,96.6,,,,
2026-05-18,15:31:22,4951d7,CS-TNW,Airbus A320,TAP Air Portugal,landing,arrivee,500,259.7,93.1,,,,
2026-05-18,15:36:14,RYR85MR,9H-LMC,Airbus A320,Lauda Europe,landing,arrivee,450,252.2,84.7,,,,
2026-05-18,15:38:58,TAP83RS,CS-TNV,Airbus A320,TAP Air Portugal,landing,arrivee,525,256.5,89.8,,,,
2026-05-18,15:41:22,TAP31DB,CS-TNK,Airbus A320,TAP Air Portugal,landing,arrivee,500,265.8,92.5,,,,
2026-05-18,15:43:31,495308,CS-TXH,Airbus A321neo,TAP Air Portugal,landing,arrivee,575,254.8,87.8,,,,
2026-05-18,15:46:31,49520f,CS-TPO,Embraer E190,TAP Air Portugal,landing,arrivee,450,250.0,93.7,,,,
2026-05-18,15:48:12,4952aa,CS-TUJ,Airbus A330-900neo,TAP Air Portugal,landing,arrivee,550,254.8,92.7,,,,
2026-05-18,15:52:47,4952d1,CS-TVQ,Airbus A320neo,TAP Air Portugal,landing,arrivee,525,251.7,85.0,,,,
2026-05-18,15:55:05,4952c6,CS-TVF,Airbus A320neo,TAP Air Portugal,landing,arrivee,575,274.8,83.2,,,,
2026-05-18,15:57:28,495150,CS-TJP,Airbus A321neo,TAP Air Portugal,landing,arrivee,500,251.5,93.1,,,,
2026-05-18,16:00:10,3453d3,EC-MQQ,Bombardier CRJ-1000,Air Nostrum,landing,arrivee,550,259.7,87.9,,,,
2026-05-18,16:02:46,4caff7,EI-ILJ,Boeing 737 MAX 8,Ryanair,landing,arrivee,450,284.5,93.3,,,,
2026-05-18,16:06:07,49529a,CS-TTZ,Embraer E195,TAP Air Portugal,landing,arrivee,500,266.5,89.2,,,,
2026-05-18,16:08:45,TAP433,CS-TVA,Airbus A320neo,TAP Air Portugal,landing,arrivee,500,247.2,87.5,,,,
2026-05-18,16:11:20,4952ce,CS-TVN,Airbus A320neo,TAP Air Portugal,cruise,,525,0.0,91.0,,,,
2026-05-18,16:13:56,4951d3,CS-TNS,Airbus A320,TAP Air Portugal,landing,arrivee,550,245.9,74.4,,,,
2026-05-18,16:16:40,4cad3a,EI-HGN,Boeing 737 MAX 8,Ryanair,cruise,,500,277.8,91.0,,,,
2026-05-18,16:19:28,TAP763,EC-OCT,Airbus A321,TAP Air Portugal,landing,arrivee,450,275.8,96.6,,,,
2026-05-18,16:22:24,406250,G-EUYI,Airbus A320,British Airways,landing,arrivee,450,259.7,95.2,,,,
2026-05-18,16:25:05,EWG66L,9H-SWC,Airbus A320,Eurowings,landing,arrivee,475,251.5,96.9,,,,
2026-05-18,16:27:36,EJU95BR,OE-IWW,Airbus A320,easyJet Europe,landing,arrivee,500,244.8,84.2,,,,
2026-05-18,16:33:27,TAM8150,CC-BGU,Boeing 787-9,LATAM Airlines,landing,arrivee,450,288.9,94.5,,,,
2026-05-18,16:36:05,TAP1359,CS-TJI,Airbus A321neo,TAP Air Portugal,landing,arrivee,575,241.5,84.3,,,,
2026-05-18,16:38:27,RYR5KT,9H-QBE,Boeing 737-800,Malta Air,landing,arrivee,450,278.0,92.5,,,,
2026-05-18,16:41:50,440075,OE-LSV,Airbus A320neo,easyJet Europe,landing,arrivee,525,268.0,81.0,,,,
2026-05-18,16:44:14,RYR68VC,SP-RSD,Boeing 737-800,Buzz,landing,arrivee,500,277.2,88.7,,,,
2026-05-18,16:47:24,TAP1824,CS-TJL,Airbus A321neo,TAP Air Portugal,landing,arrivee,475,264.8,93.7,,,,
2026-05-18,16:50:48,TAP120R,CS-TJH,Airbus A321,TAP Air Portugal,landing,arrivee,450,269.3,86.7,,,,
2026-05-18,16:52:52,RYR98HW,EI-HGZ,Boeing 737 MAX 8,Ryanair,landing,arrivee,475,278.9,93.1,,,,
2026-05-18,16:55:55,TAP1929,CS-TTS,Airbus A319,TAP Air Portugal,approach,arrivee,475,249.8,89.4,,,,
2026-05-18,17:02:56,EWG8602,D-AENH,Airbus A320,Eurowings,landing,arrivee,575,253.2,80.8,,,,
2026-05-18,17:11:26,48520b,PH-HXC,Boeing 737-800,Transavia,landing,arrivee,450,280.6,95.6,,,,
2026-05-18,17:16:34,49530d,CS-TXM,Airbus A321,TAP Air Portugal,landing,arrivee,525,261.1,90.9,,,,
2026-05-18,17:25:36,NJE209R,CS-LTY,680A Citation Latitude,NetJets,landing,arrivee,500,197.8,81.2,,,,
2026-05-18,17:35:03,39cead,F-HTVN,Boeing 737-800,Transavia France,landing,arrivee,475,272.4,92.6,,,,
2026-05-18,17:37:51,BAW506,G-NEOU,Airbus A321neo,British Airways,landing,arrivee,500,245.9,88.8,,,,
2026-05-18,17:40:41,RAM982,CN-RHC,Boeing 737 MAX 8,Royal Air Maroc,landing,arrivee,425,276.5,94.5,,,,
2026-05-18,17:43:16,WMT6155,HA-LTK,Airbus A321,SAS Scandinavian,landing,arrivee,425,257.2,93.6,,,,
2026-05-18,17:45:48,4d2263,9H-QDZ,Boeing 737-800,Malta Air,landing,arrivee,450,272.1,94.6,,,,
2026-05-18,17:48:28,EJU7690,OE-IBS,Airbus A320,easyJet Europe,landing,arrivee,525,249.8,87.3,,,,
2026-05-18,17:51:14,440072,OE-LSF,Airbus A320neo,easyJet Europe,landing,arrivee,475,257.2,98.8,,,,
2026-05-18,17:53:57,AFR24MF,F-GKXN,Airbus A320,Air France,landing,arrivee,475,245.9,93.3,,,,
2026-05-18,17:56:35,4952c7,CS-TVG,Airbus A320neo,TAP Air Portugal,landing,arrivee,500,253.2,88.4,,,,
2026-05-18,17:59:18,4ca624,EI-DWX,Boeing 737-800,Ryanair,landing,arrivee,500,266.3,94.1,,,,
2026-05-18,18:01:56,VLG9QY,EC-OLF,Airbus A320,Vueling,landing,arrivee,475,262.2,94.4,,,,
2026-05-18,18:04:26,TAP298,CS-TUL,Airbus A330-900neo,TAP Air Portugal,landing,arrivee,550,259.7,89.2,,,,
2026-05-18,18:06:52,TAP781,CS-TJK,Airbus A321neo,TAP Air Portugal,landing,arrivee,550,261.5,78.0,,,,
2026-05-18,18:09:28,4952c2,CS-TVB,Airbus A320neo,TAP Air Portugal,landing,arrivee,500,259.7,90.1,,,,
2026-05-18,18:11:52,345614,EC-MUM,Airbus A320,Vueling,landing,arrivee,525,267.2,88.4,,,,
2026-05-18,18:14:18,TAP1542,CS-TJS,Airbus A321neo,TAP Air Portugal,landing,arrivee,500,270.8,97.9,,,,
2026-05-18,18:17:13,TAP435,CS-TVM,Airbus A320neo,TAP Air Portugal,landing,arrivee,475,260.8,97.9,,,,
2026-05-18,18:26:06,EZS62YX,HB-JZR,Airbus A320,Austrian Airlines,landing,arrivee,500,257.2,92.5,,,,
2026-05-18,18:31:31,RZO124,CS-TSM,Airbus A320,TAP Air Portugal,landing,arrivee,475,267.2,90.4,,,,
2026-05-18,18:34:30,495211,CS-TPQ,Embraer E190,TAP Air Portugal,landing,arrivee,475,224.3,91.2,,,,
2026-05-18,18:37:06,345659,EC-MUC,Airbus A319,Volotea,landing,arrivee,550,259.7,80.2,,,,
2026-05-18,18:40:21,TAP1017,CS-TNR,Airbus A320,TAP Air Portugal,landing,arrivee,425,244.3,97.3,,,,
2026-05-18,18:43:20,TAP35BL,CS-TVK,Airbus A320neo,TAP Air Portugal,landing,arrivee,475,242.4,93.8,,,,
2026-05-18,18:46:18,TAP1455,CS-TVL,Airbus A320,TAP Air Portugal,landing,arrivee,450,248.4,98.4,,,,
2026-05-18,18:48:49,4951d7,CS-TNW,Airbus A320,TAP Air Portugal,landing,arrivee,550,240.0,79.7,,,,
2026-05-18,18:51:24,BEL2DT,OO-SBD,Airbus A320neo,Brussels Airlines,landing,arrivee,500,244.3,98.6,,,,
2026-05-18,18:53:57,TAP1931,CS-TTW,Embraer E195,TAP Air Portugal,landing,arrivee,475,260.8,91.1,,,,
2026-05-18,18:56:44,TAP10EV,CS-TPV,Embraer E190,TAP Air Portugal,landing,arrivee,500,238.4,86.5,,,,
2026-05-18,18:59:21,486897,PH-AXL,Airbus A321neo,KLM,landing,arrivee,550,254.1,81.7,,,,
2026-05-18,19:02:14,4866df,PH-YHX,Airbus A321neo,Transavia,landing,arrivee,550,245.9,85.2,,,,
2026-05-18,19:04:40,3453c1,EC-MPS,Boeing 737-800,Air Europa,landing,arrivee,550,270.8,94.0,,,,
2026-05-18,19:07:33,TAY2MN,OE-IXK,Boeing 737-800,Iberia,landing,arrivee,425,247.2,96.3,,,,
2026-05-18,19:10:05,EJU67HP,OE-LQD,Airbus A319,easyJet Europe,cruise,,550,0.0,78.0,,,,
2026-05-18,19:12:49,4400f3,OE-IDO,Airbus A320,easyJet Europe,landing,arrivee,475,261.5,97.4,,,,
2026-05-18,19:15:23,TAP825,CS-TNJ,Airbus A320,TAP Air Portugal,landing,arrivee,550,250.8,83.8,,,,
2026-05-18,19:18:22,495299,CS-TTY,Embraer E195,TAP Air Portugal,landing,arrivee,475,258.0,93.2,,,,
2026-05-18,19:21:03,EJU71TK,OE-IVI,Airbus A320,easyJet Europe,landing,arrivee,550,259.7,72.8,,,,
2026-05-18,19:24:09,WZZ477,9H-WAG,Airbus A321neo,Wizz Air,landing,arrivee,475,243.2,96.7,,,,
2026-05-18,19:26:46,8963d3,A6-EPD,Boeing 777-300ER,Emirates,landing,arrivee,475,265.8,94.2,,,,
2026-05-18,19:29:39,TVF46GH,F-GZHP,Boeing 737-800,Transavia France,landing,arrivee,475,281.3,91.7,,,,
2026-05-18,19:33:34,495212,CS-TPR,Embraer E190,TAP Air Portugal,landing,arrivee,475,235.9,87.6,,,,
2026-05-18,19:36:13,SYB522,,,,landing,arrivee,475,239.1,89.0,,,,
2026-05-18,19:45:12,440daf,OE-IDU,Airbus A320,easyJet Europe,landing,arrivee,525,266.5,94.8,,,,
2026-05-18,19:48:30,495217,CS-TPW,Embraer E190,TAP Air Portugal,landing,arrivee,425,246.7,94.4,,,,
2026-05-18,19:51:01,TAP835,CS-TNL,Airbus A320,TAP Air Portugal,landing,arrivee,475,260.8,99.6,,,,
2026-05-18,19:53:53,406752,G-EZWA,Airbus A320,easyJet,landing,arrivee,550,253.9,83.0,,,,
2026-05-18,19:57:36,IBE0537,EC-NCM,Airbus A320neo,Iberia,landing,arrivee,525,238.4,86.9,,,,
2026-05-18,20:00:13,TAP473H,CS-TTX,Embraer E195,TAP Air Portugal,landing,arrivee,475,249.8,92.3,,,,
2026-05-18,20:02:32,4d2246,9H-QEJ,Boeing 737-800,Malta Air,landing,arrivee,400,272.4,97.2,,,,
2026-05-18,20:05:19,TAP93ZS,CS-TJN,Airbus A321neo,TAP Air Portugal,landing,arrivee,500,264.8,86.8,,,,
2026-05-18,20:08:28,EZY26YM,G-EJCR,Airbus A320,easyJet,landing,arrivee,425,254.8,96.6,,,,
2026-05-18,20:10:06,TAP94VA,CS-TVR,Airbus A320neo,TAP Air Portugal,landing,arrivee,500,246.3,91.1,,,,
2026-05-18,20:12:47,3451d3,EC-MKM,Airbus A320,Vueling,landing,arrivee,450,263.2,94.5,,,,
2026-05-18,20:15:38,495214,CS-TPT,Embraer E190,TAP Air Portugal,landing,arrivee,425,240.0,98.1,,,,
2026-05-18,20:18:17,DTA652,D2-TEJ,Boeing 777-300ER,TAAG Angola Airlines,landing,arrivee,450,261.5,95.4,,,,
2026-05-18,20:21:03,TAP48M,CS-TPU,Embraer E190,TAP Air Portugal,landing,arrivee,400,239.8,86.1,,,,
2026-05-18,20:23:32,49d2b7,OK-TVW,Boeing 737-800,Eurowings,landing,arrivee,425,271.3,93.7,,,,
2026-05-18,20:26:28,TAP877,CS-TPY,Embraer E190,TAP Air Portugal,landing,arrivee,400,248.4,86.0,,,,
2026-05-18,20:29:25,RYR14SC,EI-HEZ,Boeing 737 MAX 8,Ryanair,landing,arrivee,400,276.5,98.8,,,,
2026-05-18,20:35:22,4ca741,EI-EBZ,Boeing 737-800,Ryanair,landing,arrivee,450,275.6,88.4,,,,
2026-05-18,20:38:38,EZY15UP,G-UZEH,Airbus A320neo,easyJet,landing,arrivee,500,266.5,92.2,,,,
2026-05-18,20:43:50,TAP1313,CS-TAY,Embraer E195,TAP Air Portugal,landing,arrivee,450,260.8,89.8,,,,
2026-05-18,21:05:43,4952ca,CS-TVJ,Airbus A320neo,TAP Air Portugal,landing,arrivee,450,237.4,91.1,,,,
2026-05-18,21:07:47,RZO152,CS-TKP,Airbus A320,TAP Air Portugal,landing,arrivee,425,250.8,90.1,,,,
2026-05-18,21:10:26,TAP437X,CS-TJM,Airbus A321neo,TAP Air Portugal,landing,arrivee,500,250.8,84.0,,,,
2026-05-18,21:13:02,WJA32,C-GUWS,Boeing 737-700,WestJet,landing,arrivee,450,272.1,94.7,,,,
2026-05-18,21:15:46,TAP37CN,CS-TNM,Airbus A320,TAP Air Portugal,landing,arrivee,500,255.6,83.7,,,,
2026-05-18,21:18:16,TAP1692,CS-TNV,Airbus A320,TAP Air Portugal,landing,arrivee,525,249.8,82.7,,,,
2026-05-18,21:20:55,4951cb,CS-TNK,Airbus A320,TAP Air Portugal,cruise,,500,0.0,91.5,,,,
2026-05-18,21:23:33,73806f,4X-EKL,Boeing 737-800,El Al,landing,arrivee,475,266.5,93.0,,,,
2026-05-18,21:26:30,TAP863Y,CS-TJE,Airbus A321,TAP Air Portugal,landing,arrivee,500,263.2,87.4,,,,
2026-05-18,21:28:56,RYR4RL,EI-IHJ,Boeing 737 MAX 8,Ryanair,landing,arrivee,475,278.7,95.2,,,,
2026-05-18,21:32:10,452124,LZ-ROM,A220-300,Bulgaria Air,landing,arrivee,475,255.6,88.9,,,,
2026-05-18,21:34:48,407bdc,G-RUKB,Boeing 737-800,Ryanair UK,landing,arrivee,425,262.4,95.5,,,,
2026-05-18,21:38:17,PGT1561,TC-NCI,Airbus A320neo,Pegasus,landing,arrivee,450,231.9,93.5,,,,
2026-05-18,21:40:16,TAP67U,CS-TVI,Airbus A320neo,TAP Air Portugal,landing,arrivee,450,243.2,87.8,,,,
2026-05-18,21:43:16,TAP827V,CS-TVP,Airbus A320neo,TAP Air Portugal,landing,arrivee,425,239.1,97.1,,,,
2026-05-18,21:46:00,EJU91TW,OE-INE,Airbus A320,easyJet Europe,landing,arrivee,450,247.2,88.3,,,,
2026-05-18,21:48:57,4952c3,CS-TVC,Airbus A320neo,TAP Air Portugal,landing,arrivee,500,240.8,85.3,,,,
2026-05-18,21:51:38,TAP1243,CS-TJJ,Airbus A321neo,TAP Air Portugal,landing,arrivee,425,269.7,99.7,,,,
2026-05-18,21:53:23,4951d1,CS-TNQ,Airbus A320,TAP Air Portugal,landing,arrivee,450,266.3,89.2,,,,
2026-05-18,21:55:26,4d20c0,9H-WML,Airbus A321neo,Lauda Europe,landing,arrivee,500,276.5,80.5,,,,
2026-05-18,21:57:12,RYR4XW,EI-GSI,Boeing 737-800,Ryanair,landing,arrivee,425,277.2,94.5,,,,
2026-05-18,22:04:28,TAP837,CS-TNX,Airbus A320,TAP Air Portugal,landing,arrivee,425,250.0,98.1,,,,
2026-05-18,22:07:54,4952c4,CS-TVD,Airbus A320neo,TAP Air Portugal,landing,arrivee,500,244.5,89.8,,,,
2026-05-18,22:09:49,TAP1933,CS-TTP,Airbus A319,TAP Air Portugal,landing,arrivee,450,246.7,88.7,,,,
2026-05-18,22:12:39,TAP885,CS-TPS,Embraer E190,TAP Air Portugal,landing,arrivee,450,250.4,88.1,,,,
2026-05-18,22:14:37,4952c1,CS-TVA,Airbus A320neo,TAP Air Portugal,landing,arrivee,475,243.9,80.2,,,,
2026-05-18,22:16:12,RYR8AT,9H-QEB,Boeing 737-800,Malta Air,landing,arrivee,475,271.3,95.9,,,,
2026-05-18,22:18:24,DLH34J,D-AISZ,Airbus A321,Lufthansa,landing,arrivee,450,258.9,94.9,,,,
2026-05-18,22:20:04,EJU15PC,OE-IWW,Airbus A320,easyJet Europe,landing,arrivee,425,255.6,95.5,,,,
2026-05-18,22:22:42,DLH64P,D-AIDD,Airbus A321,Lufthansa,landing,arrivee,400,273.2,96.0,,,,
2026-05-18,22:25:19,TVF34QV,F-HUYY,Boeing 737-800,Transavia France,landing,arrivee,500,272.1,90.3,,,,
2026-05-18,22:27:45,RYR20EE,EI-EMO,Boeing 737-800,Ryanair,landing,arrivee,500,281.3,94.0,,,,
2026-05-18,22:30:47,TAP1369,CS-TVO,Airbus A320neo,TAP Air Portugal,landing,arrivee,425,254.8,84.3,,,,
2026-05-18,22:33:27,EJU87HG,OE-IBS,Airbus A320,easyJet Europe,landing,arrivee,450,255.6,93.9,,,,
2026-05-18,22:37:07,440cbf,OE-LSO,Airbus A320,easyJet Europe,landing,arrivee,425,246.7,93.6,,,,
2026-05-18,22:39:40,49520f,CS-TPO,Embraer E190,TAP Air Portugal,landing,arrivee,450,239.1,93.0,,,,
2026-05-18,22:41:31,4951d4,CS-TNT,Airbus A320,TAP Air Portugal,cruise,,525,0.0,85.1,,,,
2026-05-18,22:46:55,392af1,F-GKXR,Airbus A320,Air France,landing,arrivee,475,256.5,86.2,,,,
2026-05-18,22:49:49,KLM35W,PH-AXA,Airbus A321neo,KLM,landing,arrivee,475,244.3,89.6,,,,
2026-05-18,22:52:57,EJU74EP,OE-LSF,Airbus A320neo,easyJet Europe,landing,arrivee,475,263.2,89.0,,,,
2026-05-18,22:54:59,440c38,OE-LSJ,Airbus A320neo,Vueling,landing,arrivee,500,268.9,87.7,,,,
2026-05-18,22:56:47,4caff7,EI-ILJ,Boeing 737 MAX 8,Ryanair,landing,arrivee,425,284.5,90.3,,,,
2026-05-18,22:58:48,BAW508,G-TTSF,Airbus A320neo,British Airways,landing,arrivee,450,240.8,95.3,,,,
2026-05-18,23:01:42,495279,CS-TSY,Airbus A320,TAP Air Portugal,landing,arrivee,475,249.8,89.8,,,,
2026-05-18,23:05:10,RYR85KH,EI-IKI,Boeing 737 MAX 8,Ryanair,landing,arrivee,425,283.0,95.5,,,,
2026-05-18,23:08:53,EJU98XP,OE-LSQ,Airbus A320,easyJet Europe,landing,arrivee,500,263.2,85.9,,,,
2026-05-18,23:12:23,3475c9,EC-OCT,Airbus A321,TAP Air Portugal,landing,arrivee,450,255.6,99.5,,,,
2026-05-18,23:14:24,4b1618,HB-IJO,Airbus A320,Swiss,landing,arrivee,500,257.2,86.4,,,,
2026-05-18,23:17:13,34134d,EC-HUH,Airbus A321,Iberia,landing,arrivee,500,275.6,84.2,,,,
2026-05-18,23:19:23,3964ec,F-GZHM,Boeing 737-800,Transavia France,landing,arrivee,450,277.2,89.1,,,,
2026-05-18,23:21:20,TAP94KM,CS-TVG,Airbus A320neo,TAP Air Portugal,landing,arrivee,450,239.1,96.6,,,,
2026-05-18,23:23:38,THY2ES,TC-LTB,Airbus A321neo,Turkish Airlines,landing,arrivee,450,259.3,90.3,,,,
2026-05-18,23:26:31,EJU19TV,OE-LSV,Airbus A320neo,easyJet Europe,landing,arrivee,500,240.8,85.4,,,,
2026-05-18,23:29:03,46b824,SX-NAD,Airbus A321neo,Aegean Airlines,landing,arrivee,475,251.5,89.7,,,,
2026-05-18,23:32:01,TAP1325,CS-TPX,Embraer E190,TAP Air Portugal,landing,arrivee,450,243.2,96.7,,,,
2026-05-18,23:35:26,4952c8,CS-TVH,Airbus A320neo,TAP Air Portugal,landing,arrivee,500,240.8,75.3,,,,
2026-05-18,23:37:21,DLH23C,D-AIZR,Airbus A320,Lufthansa,landing,arrivee,400,270.4,87.0,,,,
2026-05-18,23:39:19,4cad12,EI-HGZ,Boeing 737 MAX 8,Ryanair,landing,arrivee,450,287.2,86.0,,,,
2026-05-18,23:47:03,495149,CS-TJI,Airbus A321neo,TAP Air Portugal,landing,arrivee,500,239.1,82.2,,,,
2026-05-18,23:49:53,WZZ84UJ,9H-WNC,Airbus A321,Wizz Air,landing,arrivee,450,249.1,92.2,,,,
2026-05-19,00:28:08,RZO127,CS-TSM,Airbus A320,TAP Air Portugal,landing,arrivee,475,248.0,88.1,,,,
2026-05-19,00:31:10,4cac24,EI-HGM,Boeing 737 MAX 8,Ryanair,landing,arrivee,450,274.8,88.0,,,,
2026-05-19,01:56:37,495171,CS-TKQ,Airbus A320,TAP Air Portugal,landing,arrivee,475,254.8,87.6,,,,
2026-05-19,02:26:36,GMD001,,,,approach,arrivee,525,42.6,89.4,,,,
2026-05-19,03:08:05,GMD001,,,,cruise,,750,128.3,65.4,,,,
2026-05-19,04:33:23,4952a3,CS-TUC,Airbus A330-900neo,TAP Air Portugal,landing,arrivee,525,260.8,84.5,,,,
2026-05-19,04:53:29,TAP202A,CS-TXF,Airbus A321neo,TAP Air Portugal,landing,arrivee,475,250.8,95.5,,,,
2026-05-19,05:04:19,4952b2,CS-TUR,Airbus A330-900neo,TAP Air Portugal,landing,arrivee,475,263.9,90.6,,,,
2026-05-19,05:24:32,TAP96AW,CS-TNV,Airbus A320,TAP Air Portugal,landing,arrivee,500,260.8,86.5,,,,
2026-05-19,05:26:27,49530a,CS-TXJ,Airbus A321neo,TAP Air Portugal,landing,arrivee,525,261.5,80.3,,,,
2026-05-19,05:37:05,495302,CS-TXB,Airbus A321neo,TAP Air Portugal,cruise,,525,277.8,89.0,,,,
2026-05-19,05:45:40,495153,CS-TJS,Airbus A321neo,TAP Air Portugal,landing,arrivee,525,258.9,87.3,,,,
2026-05-19,05:51:28,TAP1550,CS-TJH,Airbus A321,TAP Air Portugal,landing,arrivee,450,274.8,97.4,,,,
2026-05-19,05:56:06,TAP224,CS-TUA,Airbus A330-900neo,TAP Air Portugal,landing,arrivee,500,262.4,98.0,,,,
2026-05-19,06:04:38,4952a9,CS-TUI,Airbus A330-900neo,TAP Air Portugal,landing,arrivee,500,261.5,89.1,,,,
2026-05-19,06:15:02,TAP1937,CS-TNK,Airbus A320,TAP Air Portugal,landing,arrivee,425,251.5,98.6,,,,
2026-05-19,06:24:04,TSC680,C-GUFU,Airbus A330-200,Air Transat,landing,arrivee,400,252.4,95.9,,,,
2026-05-19,06:28:08,4952a7,CS-TUG,Airbus A330-900neo,TAP Air Portugal,landing,arrivee,500,260.8,91.7,,,,
2026-05-19,06:37:50,440af4,OE-IWB,Boeing 737-800,Iberia,landing,arrivee,475,273.9,91.1,,,,
2026-05-19,06:40:23,BLAST05,,,,landing,arrivee,525,260.0,88.4,,,,
2026-05-19,06:43:09,4951ca,CS-TNJ,Airbus A320,TAP Air Portugal,landing,arrivee,475,251.1,89.7,,,,
2026-05-19,06:46:13,e4910e,PR-AIW,Airbus A330-200,Azul,landing,arrivee,475,266.5,94.9,,,,
2026-05-19,06:48:55,495214,CS-TPT,Embraer E190,TAP Air Portugal,landing,arrivee,425,246.7,88.7,,,,
2026-05-19,06:51:35,AEA1159,EC-MUZ,Boeing 737-800,Air Europa,landing,arrivee,425,281.3,94.4,,,,
2026-05-19,06:53:54,0900f1,D2-TEK,Boeing 777-300ER,TAAG Angola Airlines,landing,arrivee,475,271.3,91.8,,,,
2026-05-19,06:57:18,TAM8146,PT-MUI,Boeing 777-300ER,LATAM Airlines,landing,arrivee,425,293.0,93.8,,,,
2026-05-19,07:02:52,45ce4f,OY-SRO,767 25EBDSF,Star Air,landing,arrivee,525,243.2,91.2,,,,
2026-05-19,07:05:54,4952ce,CS-TVN,Airbus A320neo,TAP Air Portugal,landing,arrivee,500,246.7,78.5,,,,
2026-05-19,07:13:28,TAP98CX,CS-TNT,Airbus A320,TAP Air Portugal,landing,arrivee,425,266.3,99.3,,,,
2026-05-19,07:24:12,BCS2FC,D-AEAR,A300 B4-622RF,Lufthansa,landing,arrivee,400,250.4,96.1,,,,
2026-05-19,07:29:04,TAP945,CS-TTS,Airbus A319,TAP Air Portugal,landing,arrivee,475,229.8,85.8,,,,
2026-05-19,07:31:06,IBE05TR,EC-NCM,Airbus A320neo,Iberia,landing,arrivee,475,243.2,86.4,,,,
2026-05-19,07:36:27,4951d7,CS-TNW,Airbus A320,TAP Air Portugal,landing,arrivee,450,258.0,82.3,,,,
2026-05-19,07:41:44,4952d2,CS-TVR,Airbus A320neo,TAP Air Portugal,cruise,,500,0.0,87.4,,,,
2026-05-19,07:44:30,495290,CS-TTP,Airbus A319,TAP Air Portugal,landing,arrivee,475,244.6,87.6,,,,
2026-05-19,07:49:40,TAP495Y,CS-TTW,Embraer E195,TAP Air Portugal,landing,arrivee,425,249.1,99.4,,,,
2026-05-19,07:52:05,UAL64,N12003,Boeing 787-10,United Airlines,landing,arrivee,500,278.9,86.2,,,,
2026-05-19,07:55:09,a52ea4,N433DX,Airbus A330-900neo,Delta Air Lines,landing,arrivee,450,260.8,91.5,,,,
2026-05-19,07:57:55,49514b,CS-TJK,Airbus A321neo,TAP Air Portugal,approach,arrivee,475,0.0,82.5,,,,
2026-05-19,08:01:30,a0de31,N155QS,Global 6000,NetJets,landing,arrivee,500,220.8,84.5,,,,
2026-05-19,08:03:59,WPT3154,EC-OND,Airbus A330-300,,landing,arrivee,425,267.2,91.1,,,,
2026-05-19,08:06:41,TAP575,CS-TJP,Airbus A321neo,TAP Air Portugal,landing,arrivee,475,249.8,89.5,,,,
2026-05-19,08:09:17,4b1a2c,HB-JXS,Airbus A320,Austrian Airlines,landing,arrivee,500,261.5,84.5,,,,
2026-05-19,08:14:22,4951cc,CS-TNL,Airbus A320,TAP Air Portugal,landing,arrivee,525,258.9,85.5,,,,
2026-05-19,08:17:36,4951d3,CS-TNS,Airbus A320,TAP Air Portugal,landing,arrivee,500,252.8,82.7,,,,
2026-05-19,08:22:00,T7SBH,T7-SBH,Embraer E190,National Legacy Aircraft Management,landing,arrivee,425,253.9,91.0,,,,
2026-05-19,08:27:39,48683f,PH-YHT,Airbus A321neo,Transavia,approach,arrivee,525,0.0,81.3,,,,
2026-05-19,08:30:31,4cade6,EI-IHA,Boeing 737 MAX 8,Ryanair,landing,arrivee,400,274.1,99.4,,,,
2026-05-19,08:33:27,4952c2,CS-TVB,Airbus A320neo,TAP Air Portugal,landing,arrivee,450,269.7,87.2,,,,
2026-05-19,08:36:03,TVF55WH,F-HTVQ,Boeing 737-800,Transavia France,landing,arrivee,450,276.3,88.5,,,,
2026-05-19,08:38:10,34535a,EC-MQB,Airbus A321,Vueling,landing,arrivee,450,267.2,88.5,,,,
2026-05-19,08:40:21,ab7613,N838AA,Boeing 787-9,American Airlines,landing,arrivee,450,285.6,93.9,,,,
2026-05-19,08:45:33,4952d1,CS-TVQ,Airbus A320neo,TAP Air Portugal,landing,arrivee,525,245.6,78.2,,,,
2026-05-19,08:48:25,4d2257,9H-QDA,Boeing 737-800,Malta Air,landing,arrivee,450,264.7,92.7,,,,
2026-05-19,08:51:37,RYR7GJ,EI-IKW,Boeing 737 MAX 8,Ryanair,landing,arrivee,375,288.9,94.8,,,,
2026-05-19,08:54:06,TRA27L,PH-HSC,Boeing 737-800,Turkish Airlines,landing,arrivee,375,279.7,95.8,,,,
2026-05-19,08:57:06,39e687,F-HZUH,A220 300,Air France,landing,arrivee,475,241.5,84.0,,,,
2026-05-19,08:59:46,49514c,CS-TJL,Airbus A321neo,TAP Air Portugal,landing,arrivee,450,251.5,97.6,,,,
2026-05-19,09:02:22,4d2272,9H-QDH,Boeing 737-800,Malta Air,landing,arrivee,425,274.8,94.2,,,,
2026-05-19,09:05:00,TAP3178,CS-TUD,Airbus A330-900neo,TAP Air Portugal,landing,arrivee,425,261.5,97.2,,,,
2026-05-19,09:08:00,ACA812,C-GOFW,Airbus A330-300,Air Canada,landing,arrivee,425,257.6,95.8,,,,
2026-05-19,09:10:50,EZY16AT,G-UZEE,Airbus A320neo,easyJet,landing,arrivee,475,240.8,89.3,,,,
2026-05-19,09:13:32,4952cd,CS-TVM,Airbus A320neo,TAP Air Portugal,landing,arrivee,450,245.6,85.5,,,,
2026-05-19,09:16:09,OBS852,CS-TCF,Airbus A330-900neo,TAP Air Portugal,landing,arrivee,425,263.9,98.4,,,,
2026-05-19,09:19:06,4951ef,CS-TOO,Airbus A330-200,TAP Air Portugal,cruise,,425,0.0,95.5,,,,
2026-05-19,09:31:57,TSC480,C-GUFZ,Airbus A330-200,Air Transat,landing,arrivee,400,242.4,92.8,,,,
2026-05-19,09:35:28,OCEAN32,,,,landing,arrivee,475,265.6,88.7,,,,
2026-05-19,09:38:01,4952a6,CS-TUF,Airbus A330-900neo,TAP Air Portugal,landing,arrivee,475,261.5,93.7,,,,
2026-05-19,09:40:51,495216,CS-TPV,Embraer E190,TAP Air Portugal,landing,arrivee,450,244.3,86.9,,,,
2026-05-19,09:43:31,4bb212,TC-LPR,Airbus A321neo,Turkish Airlines,landing,arrivee,450,254.8,89.9,,,,
2026-05-19,09:46:06,EZY79RV,G-EZGR,Airbus A319,easyJet,landing,arrivee,475,249.1,85.6,,,,
2026-05-19,09:48:43,EWG36AZ,LY-GYM,Airbus A320,Eurowings,landing,arrivee,450,248.4,87.7,,,,
2026-05-19,09:51:55,BAW50P,G-TTSA,Airbus A320neo,British Airways,landing,arrivee,450,239.1,90.5,,,,
2026-05-19,09:54:06,ETD7LG,A6-BLF,Boeing 787-9,Etihad Airways,landing,arrivee,350,289.7,97.6,,,,
2026-05-19,09:56:58,4952c6,CS-TVF,Airbus A320neo,TAP Air Portugal,landing,arrivee,500,254.8,85.9,,,,
2026-05-19,09:59:49,4952ae,CS-TUN,Airbus A330-900neo,TAP Air Portugal,landing,arrivee,450,261.5,93.9,,,,
2026-05-19,10:02:40,TAP254,CS-TXM,Airbus A321,TAP Air Portugal,landing,arrivee,500,243.2,81.5,,,,
2026-05-19,10:05:21,NJE633R,CS-PHF,Phenom 300,NetJets,landing,arrivee,425,235.6,86.2,,,,
2026-05-19,10:11:27,TAP088,CS-TUK,Airbus A330-900neo,TAP Air Portugal,landing,arrivee,425,270.8,99.8,,,,
2026-05-19,10:15:13,4d2246,9H-QEJ,Boeing 737-800,Malta Air,landing,arrivee,425,273.2,88.8,,,,
2026-05-19,10:21:47,TAP234Y,CS-TXL,Airbus A321neo,TAP Air Portugal,landing,arrivee,450,259.7,87.3,,,,
2026-05-19,10:24:19,4cad12,EI-HGZ,Boeing 737 MAX 8,Ryanair,landing,arrivee,400,278.9,99.0,,,,
2026-05-19,10:27:00,EJU97VT,OE-LSQ,Airbus A320,easyJet Europe,landing,arrivee,475,268.9,76.0,,,,
2026-05-19,10:29:38,TAP216L,CS-TXD,Airbus A321neo,TAP Air Portugal,landing,arrivee,425,270.8,96.7,,,,
2026-05-19,10:32:36,495277,CS-TSW,Boeing 777-200,Azul,landing,arrivee,450,268.0,92.8,,,,
2026-05-19,10:35:04,TAP204A,CS-TXC,Airbus A321neo,TAP Air Portugal,landing,arrivee,425,270.8,87.3,,,,
2026-05-19,10:37:52,49530b,CS-TXK,Airbus A321,TAP Air Portugal,landing,arrivee,475,251.5,88.8,,,,
2026-05-19,10:40:24,495266,CS-TSF,Airbus A321neo,TAP Air Portugal,landing,arrivee,500,274.8,84.0,,,,
2026-05-19,10:43:09,495301,CS-TXA,Airbus A321neo,TAP Air Portugal,landing,arrivee,500,249.8,75.5,,,,
2026-05-19,10:45:49,4d00f4,LX-LBA,Boeing 737-800,Luxair,landing,arrivee,400,268.0,93.3,,,,
2026-05-19,10:48:23,495298,CS-TTX,Embraer E195,TAP Air Portugal,cruise,,450,0.0,88.4,,,,
2026-05-19,10:51:04,AEA1153,EC-MPG,Boeing 737-800,Air Europa,landing,arrivee,400,274.8,90.8,,,,
2026-05-19,10:54:12,UAL942,N77014,Boeing 777-200,United Airlines,landing,arrivee,425,250.0,93.5,,,,
2026-05-19,10:56:16,4cad29,EI-HET,Boeing 737 MAX 8,Ryanair,landing,arrivee,450,284.8,86.2,,,,
2026-05-19,10:59:16,495212,CS-TPR,Embraer E190,TAP Air Portugal,landing,arrivee,375,237.4,91.1,,,,
2026-05-19,11:01:43,TAP1923,CS-TVI,Airbus A320neo,TAP Air Portugal,landing,arrivee,400,253.2,96.8,,,,
2026-05-19,11:03:59,4ca2ab,EI-DHX,Boeing 737-800,Ryanair,landing,arrivee,450,277.2,90.3,,,,
2026-05-19,11:07:19,495039,CS-TAY,Embraer E195,TAP Air Portugal,landing,arrivee,400,265.6,96.1,,,,
2026-05-19,11:09:27,c0174f,C-FIVM,Boeing 777-300ER,Air Canada,landing,arrivee,425,274.8,94.8,,,,
2026-05-19,11:11:40,KLM1579,PH-BGB,Boeing 737-800,KLM,landing,arrivee,425,273.2,87.6,,,,
2026-05-19,11:13:44,4952cc,CS-TVL,Airbus A320,TAP Air Portugal,landing,arrivee,475,243.2,84.0,,,,
2026-05-19,11:16:41,44d071,OO-TCQ,Airbus A320,Brussels Airlines,landing,arrivee,475,251.5,74.6,,,,
2026-05-19,11:19:30,EJU74EF,OE-IBF,Airbus A320,easyJet Europe,landing,arrivee,350,254.8,97.1,,,,
2026-05-19,11:22:34,TAP028,CS-TUE,Airbus A330-900neo,TAP Air Portugal,landing,arrivee,400,257.2,94.1,,,,
2026-05-19,11:25:05,392af4,F-GKXU,Airbus A320,Air France,landing,arrivee,475,255.6,74.2,,,,
2026-05-19,11:35:04,a4d838,N411DX,Airbus A330-900neo,Delta Air Lines,landing,arrivee,425,253.9,91.2,,,,
2026-05-19,11:37:46,RYR9654,EI-IHY,Boeing 737 MAX 8,Ryanair,landing,arrivee,325,277.8,93.5,,,,
2026-05-19,11:41:05,TAP429,CS-TPZ,Embraer E190,TAP Air Portugal,landing,arrivee,400,248.4,97.9,,,,
2026-05-19,11:43:59,TAP1902,CS-TNW,Airbus A320,TAP Air Portugal,landing,arrivee,425,243.5,90.5,,,,
2026-05-19,11:46:38,3c7e85,D-AOTE,E35L,,landing,arrivee,400,254.8,85.8,,,,
2026-05-19,11:49:52,TAP010,CS-TXG,Airbus A321neo,TAP Air Portugal,landing,arrivee,450,252.4,84.3,,,,
2026-05-19,11:53:00,TAP1925,CS-TPX,Embraer E190,TAP Air Portugal,landing,arrivee,400,237.4,86.8,,,,
2026-05-19,11:55:40,IBE05FV,EC-MXU,Airbus A320neo,Iberia,landing,arrivee,425,268.9,87.5,,,,
2026-05-19,12:05:04,4caff7,EI-ILJ,Boeing 737 MAX 8,Ryanair,landing,arrivee,450,275.6,84.8,,,,
2026-05-19,12:08:18,UNI110,D-CEXP,Learjet 35 A,Air Alliance Express GmbH,landing,arrivee,500,245.6,69.6,,,,
2026-05-19,12:11:55,DLH39X,D-AIEP,Airbus A321,Lufthansa,landing,arrivee,475,259.7,75.8,,,,
2026-05-19,12:15:09,440c38,OE-LSJ,Airbus A320neo,Vueling,landing,arrivee,450,266.5,79.8,,,,
2026-05-19,12:19:37,440d10,OE-IBS,Airbus A320,easyJet Europe,landing,arrivee,450,243.2,85.6,,,,
2026-05-19,12:22:24,49d327,OK-TSD,Boeing 737-800,Eurowings,landing,arrivee,375,278.9,92.8,,,,
2026-05-19,12:36:31,8963dc,A6-EPM,Boeing 777-300ER,Emirates,landing,arrivee,475,278.2,90.1,,,,
2026-05-19,12:39:26,407b8e,G-TTNR,Airbus A320neo,British Airways,landing,arrivee,450,255.6,98.5,,,,
2026-05-19,12:42:38,440b1e,OE-IWW,Airbus A320,easyJet Europe,landing,arrivee,450,260.0,86.9,,,,
2026-05-19,12:46:08,TAP11WQ,CS-TNK,Airbus A320,TAP Air Portugal,landing,arrivee,450,242.2,86.6,,,,
2026-05-19,12:59:26,e48df5,PT-MUJ,Boeing 777-300ER,LATAM Airlines,landing,arrivee,400,267.2,93.4,,,,
2026-05-19,13:03:20,TAP1335,CS-TVP,Airbus A320neo,TAP Air Portugal,landing,arrivee,425,244.8,79.0,,,,
2026-05-19,13:07:40,EJU94NF,OE-LSF,Airbus A320neo,easyJet Europe,landing,arrivee,475,263.2,82.7,,,,
2026-05-19,13:13:48,4951d1,CS-TNQ,Airbus A320,TAP Air Portugal,landing,arrivee,425,252.4,91.0,,,,
2026-05-19,13:20:27,39cea6,F-HTVG,Boeing 737-800,Transavia France,landing,arrivee,475,278.9,71.0,,,,
2026-05-19,13:23:58,TAP3961,CS-TXI,Airbus A321neo,TAP Air Portugal,landing,arrivee,450,271.3,80.2,,,,
2026-05-19,13:26:35,TAP43JD,CS-TJM,Airbus A321neo,TAP Air Portugal,landing,arrivee,425,251.5,88.5,,,,
2026-05-19,13:28:57,EJU14GP,OE-INE,Airbus A320,easyJet Europe,landing,arrivee,450,268.9,86.7,,,,
2026-05-19,13:31:20,440209,OE-IZH,Airbus A320,easyJet Europe,landing,arrivee,450,264.8,84.7,,,,
2026-05-19,13:33:56,LOT425,SP-LVM,Boeing 737 MAX 8,LOT Polish Airlines,landing,arrivee,375,282.4,90.6,,,,
2026-05-19,13:36:20,DLH47T,D-AINO,Airbus A320neo,Lufthansa,landing,arrivee,475,262.4,76.5,,,,
2026-05-19,13:38:51,440469,OE-ICR,Airbus A320,easyJet Europe,landing,arrivee,450,271.3,76.2,,,,
2026-05-19,13:41:21,346692,EC-NLY,Airbus A321,Vueling,landing,arrivee,450,283.7,84.8,,,,
2026-05-19,13:43:37,TAP86GM,CS-TVA,Airbus A320neo,TAP Air Portugal,landing,arrivee,475,258.4,86.2,,,,
2026-05-19,13:45:25,SWR32F,HB-JCH,C Series 300,Swiss,landing,arrivee,400,267.2,83.5,,,,
2026-05-19,13:47:19,4cae95,EI-IKI,Boeing 737 MAX 8,Ryanair,landing,arrivee,400,290.6,89.0,,,,
2026-05-19,13:49:47,RZO120,CS-TSK,Airbus A320,TAP Air Portugal,landing,arrivee,400,268.9,93.4,,,,
2026-05-19,13:51:44,TCV606,D4-CCI,Boeing 737-700,Cabo Verde Airlines,landing,arrivee,350,251.1,98.7,,,,
2026-05-19,13:53:13,49526a,CS-TSJ,Airbus A321neo,TAP Air Portugal,landing,arrivee,475,268.9,81.0,,,,
2026-05-19,13:56:01,EZS1465,HB-JYA,Airbus A320,easyJet Europe,landing,arrivee,450,257.2,88.7,,,,
2026-05-19,13:58:32,TAP110,CS-TON,Airbus A330-200,TAP Air Portugal,landing,arrivee,325,260.8,94.9,,,,
2026-05-19,14:01:24,TAP869,CS-TNU,Airbus A320,TAP Air Portugal,landing,arrivee,400,272.4,88.3,,,,
2026-05-19,14:04:21,495279,CS-TSY,Airbus A320,TAP Air Portugal,landing,arrivee,450,257.2,86.6,,,,
2026-05-19,14:07:37,SWT131,EC-MAF,ATR 72 500F,Swiftair,landing,arrivee,375,200.9,95.9,,,,
2026-05-19,14:10:13,TAP8RT,CS-TPO,Embraer E190,TAP Air Portugal,landing,arrivee,450,253.2,87.8,,,,
2026-05-19,14:12:56,TAP1013,CS-TXF,Airbus A321neo,TAP Air Portugal,landing,arrivee,500,268.9,82.7,,,,
2026-05-19,14:15:40,4952b3,CS-TUS,Airbus A330-900neo,TAP Air Portugal,landing,arrivee,400,283.0,98.4,,,,
2026-05-19,14:18:22,TAP641,CS-TJS,Airbus A321neo,TAP Air Portugal,landing,arrivee,500,261.7,83.8,,,,
2026-05-19,14:21:07,TAP823,CS-TVG,Airbus A320neo,TAP Air Portugal,landing,arrivee,475,251.5,71.2,,,,
2026-05-19,14:23:52,TAP88TM,CS-TTP,Airbus A319,TAP Air Portugal,landing,arrivee,450,256.5,81.5,,,,
2026-05-19,14:26:48,4952cf,CS-TVO,Airbus A320neo,TAP Air Portugal,landing,arrivee,425,290.4,87.6,,,,
2026-05-19,14:35:18,486742,PH-AXD,Airbus A321neo,KLM,landing,arrivee,475,285.6,86.4,,,,
2026-05-19,14:38:30,495211,CS-TPQ,Embraer E190,TAP Air Portugal,landing,arrivee,425,246.7,91.8,,,,
2026-05-19,14:41:20,TAP883,CS-TPS,Embraer E190,TAP Air Portugal,landing,arrivee,425,249.1,82.3,,,,
2026-05-19,14:43:58,440075,OE-LSV,Airbus A320neo,easyJet Europe,landing,arrivee,450,281.3,88.9,,,,
2026-05-19,14:46:45,NSZ3616,SE-RPT,Boeing 737-800,Norwegian Air Sweden,landing,arrivee,375,284.8,95.5,,,,
2026-05-19,14:49:31,SWR2BK,HB-JPF,Airbus A321neo,Swiss,landing,arrivee,425,290.4,92.1,,,,
2026-05-19,14:52:31,4952ce,CS-TVN,Airbus A320neo,TAP Air Portugal,landing,arrivee,450,250.8,74.8,,,,
2026-05-19,14:55:23,EZY35DC,G-EZGN,Airbus A319,easyJet,landing,arrivee,475,261.5,76.0,,,,
2026-05-19,14:58:01,AFR37EQ,F-GMZD,Airbus A321,Air France,landing,arrivee,375,278.0,99.4,,,,
2026-05-19,15:00:39,4d2246,9H-QEJ,Boeing 737-800,Malta Air,landing,arrivee,450,280.6,91.9,,,,
2026-05-19,15:08:05,EJU51EP,OE-LSO,Airbus A320,easyJet Europe,landing,arrivee,475,263.2,81.5,,,,
2026-05-19,15:11:41,502d5f,YL-ABN,A220-300,Air Baltic,landing,arrivee,425,259.7,88.2,,,,
2026-05-19,15:16:56,TAP1127,CS-TVQ,Airbus A320neo,TAP Air Portugal,landing,arrivee,425,233.2,96.3,,,,
2026-05-19,15:20:25,3453cc,EC-MQP,Boeing 737-800,Air Europa,landing,arrivee,425,278.9,90.5,,,,
2026-05-19,15:25:56,BTI8WF,YL-ABN,A220-300,Air Baltic,landing,arrivee,425,267.2,90.9,,,,
2026-05-19,15:28:27,THY4GH,TC-LSR,Airbus A321neo,Turkish Airlines,landing,arrivee,450,259.7,91.9,,,,
2026-05-19,15:31:15,4c01e7,YU-APH,Airbus A320,Air Serbia,landing,arrivee,475,264.7,70.8,,,,
2026-05-19,15:33:53,TAP931L,CS-TJI,Airbus A321neo,TAP Air Portugal,landing,arrivee,475,273.9,89.3,,,,
2026-05-19,15:36:30,4951d2,CS-TNR,Airbus A320,TAP Air Portugal,landing,arrivee,450,263.2,91.5,,,,
2026-05-19,15:39:02,TAP90EH,CS-TNJ,Airbus A320,TAP Air Portugal,landing,arrivee,450,267.2,90.2,,,,
2026-05-19,15:41:33,3444cc,EC-MAN,Airbus A320,Vueling,landing,arrivee,500,278.2,77.8,,,,
2026-05-19,15:44:53,BAW5DW,G-EUPP,Airbus A319,British Airways,approach,arrivee,400,245.9,94.1,,,,
2026-05-19,15:47:16,SAS2801,SE-ROB,Airbus A320neo,SAS Scandinavian,landing,arrivee,475,282.4,88.8,,,,
2026-05-19,15:49:53,461fa4,OH-LZO,Airbus A321,Finnair,landing,arrivee,450,283.0,89.9,,,,
2026-05-19,15:52:34,495298,CS-TTX,Embraer E195,TAP Air Portugal,landing,arrivee,450,258.4,90.1,,,,
2026-05-19,15:55:21,TAP17RA,CS-TPT,Embraer E190,TAP Air Portugal,landing,arrivee,375,239.1,99.3,,,,
2026-05-19,15:58:08,4952c4,CS-TVD,Airbus A320neo,TAP Air Portugal,landing,arrivee,500,273.2,86.5,,,,
2026-05-19,16:00:57,TAP553R,CS-TNT,Airbus A320,TAP Air Portugal,landing,arrivee,500,263.2,83.7,,,,
2026-05-19,16:03:45,3c6489,D-AIDI,Airbus A321,Lufthansa,landing,arrivee,450,287.2,89.5,,,,
2026-05-19,16:06:22,TAP10NL,CS-TTW,Embraer E195,TAP Air Portugal,landing,arrivee,400,276.5,93.3,,,,
2026-05-19,16:08:58,4952c3,CS-TVC,Airbus A320neo,TAP Air Portugal,landing,arrivee,425,248.4,86.5,,,,
2026-05-19,16:11:23,345687,EC-MTZ,Bombardier CRJ-1000,Air Nostrum,landing,arrivee,550,280.2,75.0,,,,
2026-05-19,16:14:07,TAP669,CS-TVR,Airbus A320neo,TAP Air Portugal,landing,arrivee,450,264.8,94.9,,,,
2026-05-19,16:16:38,4952cd,CS-TVM,Airbus A320neo,TAP Air Portugal,landing,arrivee,500,234.8,74.2,,,,
2026-05-19,16:19:04,AEE2PT,SX-NAJ,Airbus A321neo,Aegean Airlines,landing,arrivee,500,283.0,83.5,,,,
2026-05-19,16:21:45,RYR9PX,EI-ILJ,Boeing 737 MAX 8,Ryanair,landing,arrivee,425,283.0,91.8,,,,
2026-05-19,16:29:03,RYR59QQ,9H-QDH,Boeing 737-800,Malta Air,landing,arrivee,425,278.2,94.7,,,,
2026-05-19,16:32:42,EJU45HZ,OE-IBF,Airbus A320,easyJet Europe,landing,arrivee,450,254.8,86.3,,,,
2026-05-19,16:35:17,RYR67UV,EI-GXH,Boeing 737-800,Ryanair,landing,arrivee,425,261.5,94.1,,,,
2026-05-19,16:41:03,EZY46AK,G-UZHX,Airbus A320neo,easyJet,landing,arrivee,475,262.2,85.2,,,,
2026-05-19,16:43:41,TAM8150,PS-LAA,Boeing 787-9,LATAM Airlines,takeoff,depart,1450,301.3,91.5,,,,
2026-05-19,16:46:53,4ca61e,EI-DWR,Boeing 737-800,Ryanair,landing,arrivee,450,274.1,91.7,,,,
2026-05-19,16:49:17,RYR29TL,EI-EKT,Boeing 737-800,Ryanair,landing,arrivee,425,281.3,94.2,,,,
2026-05-19,16:52:31,495212,CS-TPR,Embraer E190,TAP Air Portugal,landing,arrivee,400,234.8,92.2,,,,
2026-05-19,16:54:53,TAP66PD,CS-TJP,Airbus A321neo,TAP Air Portugal,landing,arrivee,450,260.8,91.1,,,,
2026-05-19,17:00:47,342591,EC-KHN,Airbus A320,Vueling,landing,arrivee,450,247.2,85.2,,,,
2026-05-19,17:03:41,4951d3,CS-TNS,Airbus A320,TAP Air Portugal,landing,arrivee,475,252.4,83.7,,,,
2026-05-19,17:11:22,EWG25P,D-AEEA,Airbus A321neo,Eurowings,landing,arrivee,400,242.4,98.6,,,,
2026-05-19,17:13:53,TAP1359,CS-TVH,Airbus A320neo,TAP Air Portugal,landing,arrivee,475,260.8,84.2,,,,
2026-05-19,17:16:36,48c2ae,SP-RZO,Boeing 737 MAX 8,Buzz,landing,arrivee,375,276.5,90.4,,,,
2026-05-19,17:19:26,RYR5KT,EI-HGZ,Boeing 737 MAX 8,Ryanair,cruise,,450,0.0,92.6,,,,
2026-05-19,17:22:12,SWR36K,YL-AAS,A220 300,Swiss,landing,arrivee,500,253.2,82.3,,,,
2026-05-19,17:25:03,EJU95BR,OE-IBS,Airbus A320,easyJet Europe,landing,arrivee,400,244.8,97.0,,,,
2026-05-19,17:27:41,ELY371,4X-EKO,Boeing 737-800,El Al,landing,arrivee,400,280.6,94.1,,,,
2026-05-19,17:30:41,4d24e7,9H-SWC,Airbus A320,Eurowings,landing,arrivee,425,249.1,96.9,,,,
2026-05-19,17:35:49,EJU81TJ,OE-LSJ,Airbus A320neo,Vueling,landing,arrivee,425,254.8,96.2,,,,
2026-05-19,17:38:39,49514c,CS-TJL,Airbus A321neo,TAP Air Portugal,landing,arrivee,475,272.1,85.6,,,,
2026-05-19,17:41:25,TAP643,CS-TTS,Airbus A319,TAP Air Portugal,landing,arrivee,450,234.8,92.1,,,,
2026-05-19,17:44:05,020072,CN-ROL,Boeing 737-800,Royal Air Maroc,landing,arrivee,500,264.7,85.5,,,,
2026-05-19,17:50:25,39e680,F-HZUA,A220 300,Air France,landing,arrivee,475,226.7,87.0,,,,
2026-05-19,17:53:36,EJU14YR,OE-LQI,Airbus A319,easyJet Europe,landing,arrivee,400,237.4,93.0,,,,
2026-05-19,17:56:25,BLAST05,,,,landing,arrivee,500,225.8,86.0,,,,
2026-05-19,17:58:39,4952ac,CS-TUL,Airbus A330-900neo,TAP Air Portugal,landing,arrivee,400,258.9,97.2,,,,
2026-05-19,18:04:22,BAW506,G-TNEA,Airbus A321neo,British Airways,landing,arrivee,500,239.8,88.4,,,,
2026-05-19,18:12:46,39d308,F-HUYI,Boeing 737-800,Transavia France,landing,arrivee,400,260.8,93.3,,,,
2026-05-19,18:14:56,4952c6,CS-TVF,Airbus A320neo,TAP Air Portugal,takeoff,depart,1425,260.0,85.1,,,,
2026-05-19,18:18:54,RYR68VC,SP-RZV,Boeing 737 MAX 8,Ryanair,landing,arrivee,450,268.9,76.7,,,,
2026-05-19,18:22:44,49514b,CS-TJK,Airbus A321neo,TAP Air Portugal,landing,arrivee,450,237.4,94.1,,,,
2026-05-19,18:25:10,VLG4JP,EC-MLD,Airbus A321,Vueling,cruise,,500,0.0,82.2,,,,
2026-05-19,18:27:41,EZY25BM,,,,unknown,,0,0.0,0.0,,,,
2026-05-19,18:30:35,4952C6,,,,unknown,,0,0.0,0.0,,,,
2026-05-19,18:33:12,40643D,,,,unknown,,0,0.0,0.0,,,,
2026-05-19,18:36:01,4951CB,,,,unknown,,0,0.0,0.0,,,,
2026-05-19,18:39:09,TAP1455,,,,unknown,,0,0.0,0.0,,,,
2026-05-19,18:41:55,TAP1337,,,,unknown,,0,0.0,0.0,,,,
2026-05-19,18:44:45,BEL2DT,,,,unknown,,0,0.0,0.0,,,,
2026-05-19,18:47:31,KLM71Y,,,,unknown,,0,0.0,0.0,,,,
2026-05-19,18:50:18,4CAE9A,,,,unknown,,0,0.0,0.0,,,,
2026-05-19,18:54:32,TAP1478,,,,unknown,,0,0.0,0.0,,,,
2026-05-19,18:59:46,495213,,,,unknown,,0,0.0,0.0,,,,
2026-05-19,19:02:46,TAP10EV,,,,unknown,,0,0.0,0.0,,,,
2026-05-19,19:05:04,344297,,,,unknown,,0,0.0,0.0,,,,
2026-05-19,19:07:48,TAY2MN,,,,unknown,,0,0.0,0.0,,,,
2026-05-19,19:10:44,4868BA,,,,unknown,,0,0.0,0.0,,,,
2026-05-19,19:13:27,440057,,,,unknown,,0,0.0,0.0,,,,
2026-05-19,19:16:31,TAP825,,,,unknown,,0,0.0,0.0,,,,
2026-05-19,19:19:23,TAP1065,,,,unknown,,0,0.0,0.0,,,,
2026-05-19,19:21:49,39CEA2,,,,unknown,,0,0.0,0.0,,,,
2026-05-19,19:24:47,495153,,,,unknown,,0,0.0,0.0,,,,
2026-05-19,19:27:26,WZZ477,,,,unknown,,0,0.0,0.0,,,,
2026-05-19,19:34:20,TAP543W,,,,unknown,,0,0.0,0.0,,,,
2026-05-19,19:39:42,4D2385,,,,unknown,,0,0.0,0.0,,,,
2026-05-19,19:42:34,EZY26YM,,,,unknown,,0,0.0,0.0,,,,
2026-05-19,19:51:22,49514F,,,,unknown,,0,0.0,0.0,,,,
2026-05-19,19:55:02,34608E,,,,unknown,,0,0.0,0.0,,,,
2026-05-19,19:57:55,TAP94VA,,,,unknown,,0,0.0,0.0,,,,
2026-05-19,20:00:56,TAP835,,,,unknown,,0,0.0,0.0,,,,
2026-05-19,20:03:18,4952C2,,,,unknown,,0,0.0,0.0,,,,
2026-05-19,20:05:49,RYR65MU,,,,unknown,,0,0.0,0.0,,,,
2026-05-19,20:12:24,TAP1019,,,,unknown,,0,0.0,0.0,,,,
2026-05-19,20:15:19,344099,,,,unknown,,0,0.0,0.0,,,,
2026-05-19,20:22:18,495145,,,,unknown,,0,0.0,0.0,,,,
2026-05-19,20:24:49,4952C9,,,,unknown,,0,0.0,0.0,,,,
2026-05-19,20:27:58,OCEAN32,,,,unknown,,0,0.0,0.0,,,,
2026-05-19,20:30:09,UAE5M,,,,unknown,,0,0.0,0.0,,,,
2026-05-19,20:32:51,ELY375,,,,unknown,,0,0.0,0.0,,,,
2026-05-19,20:41:30,342581,,,,unknown,,0,0.0,0.0,,,,
2026-05-19,20:47:49,RYR647X,,,,unknown,,0,0.0,0.0,,,,
2026-05-19,20:51:38,4BB863,,,,unknown,,0,0.0,0.0,,,,
2026-05-19,20:54:17,RYR95SN,,,,unknown,,0,0.0,0.0,,,,
2026-05-19,20:56:44,4D2235,,,,unknown,,0,0.0,0.0,,,,
2026-05-19,21:06:59,TAP37CN,,,,unknown,,0,0.0,0.0,,,,
2026-05-19,21:09:44,4952C4,,,,unknown,,0,0.0,0.0,,,,
2026-05-20,06:03:33,495302,,,,unknown,,0,0.0,0.0,,,,
2026-05-20,06:05:52,4952A1,,,,unknown,,0,0.0,0.0,,,,
2026-05-20,06:12:36,4952A9,,,,unknown,,0,0.0,0.0,,,,
2026-05-20,06:15:43,TAP1550,,,,unknown,,0,0.0,0.0,,,,
2026-05-20,06:18:19,4CA9CC,,,,unknown,,0,0.0,0.0,,,,
2026-05-20,06:23:30,TAP11VP,,,,unknown,,0,0.0,0.0,,,,
2026-05-20,06:29:14,348342,,,,unknown,,0,0.0,0.0,,,,
2026-05-20,06:32:17,TAP218,,,,unknown,,0,0.0,0.0,,,,
2026-05-20,06:39:02,440AF4,,,,unknown,,0,0.0,0.0,,,,
2026-05-20,06:42:04,34745a,EC-NZN,Boeing 737-800,Air Europa,landing,arrivee,450,244.3,93.4,,,,
2026-05-20,06:44:40,4951cd,CS-TNM,Airbus A320,TAP Air Portugal,landing,arrivee,450,246.7,88.9,,,,
2026-05-20,06:47:41,4952ca,CS-TVJ,Airbus A320neo,TAP Air Portugal,landing,arrivee,450,244.8,87.6,,,,
2026-05-20,06:50:35,c06aab,C-GOKG,Airbus A321neo,Air Transat,landing,arrivee,475,234.8,84.2,,,,
2026-05-20,06:53:28,TAM8146,PT-MUD,Boeing 777-300ER,LATAM Airlines,landing,arrivee,375,266.5,93.3,,,,
2026-05-20,06:56:48,4950e4,CS-TGD,Airbus A330-200,Azul,landing,arrivee,400,247.6,97.6,,,,
2026-05-20,07:06:28,495301,CS-TXA,Airbus A321neo,TAP Air Portugal,landing,arrivee,475,263.2,80.7,,,,
2026-05-20,07:09:34,DTA650,D2-TEK,Boeing 777-300ER,TAAG Angola Airlines,landing,arrivee,450,257.2,94.4,,,,
2026-05-20,07:16:50,45ce4f,OY-SRO,767 25EBDSF,Star Air,landing,arrivee,425,228.2,99.4,,,,
2026-05-20,07:19:44,TAP441,CS-TJL,Airbus A321neo,TAP Air Portugal,landing,arrivee,450,239.1,99.8,,,,
2026-05-20,07:22:18,4952ce,CS-TVN,Airbus A320neo,TAP Air Portugal,landing,arrivee,425,254.1,90.3,,,,
2026-05-20,07:24:51,TAP98CX,CS-TNT,Airbus A320,TAP Air Portugal,landing,arrivee,475,234.8,71.6,,,,
2026-05-20,07:27:26,IBE05TR,EC-ORE,Airbus A321neo,Iberia,landing,arrivee,475,239.1,82.8,,,,
2026-05-20,07:30:03,EZS79YP,HB-JXM,Airbus A320,Austrian Airlines,landing,arrivee,475,245.6,85.5,,,,
2026-05-20,07:33:41,3c542e,D-AEAN,A300 B4-622RF,Lufthansa,landing,arrivee,450,243.2,97.4,,,,
2026-05-20,07:36:08,4952c6,CS-TVF,Airbus A320neo,TAP Air Portugal,landing,arrivee,500,243.2,67.8,,,,
2026-05-20,07:38:42,TAP9ML,CS-TNW,Airbus A320,TAP Air Portugal,landing,arrivee,475,245.6,79.7,,,,
2026-05-20,07:43:06,4951cb,CS-TNK,Airbus A320,TAP Air Portugal,landing,arrivee,500,236.7,86.3,,,,
2026-05-20,07:45:42,RYR63TC,9H-QEY,Boeing 737-800,Malta Air,landing,arrivee,400,268.2,96.1,,,,
2026-05-20,07:55:47,49529a,CS-TTZ,Embraer E195,TAP Air Portugal,landing,arrivee,400,253.2,94.1,,,,
2026-05-20,07:59:00,4952c9,CS-TVI,Airbus A320neo,TAP Air Portugal,landing,arrivee,475,261.5,82.8,,,,
2026-05-20,08:04:29,EJU15DB,OE-LSA,Airbus A320neo,easyJet Europe,landing,arrivee,500,225.8,86.7,,,,
2026-05-20,08:07:02,VLG46AX,EC-NLV,Airbus A321,Vueling,landing,arrivee,425,250.8,93.3,,,,
2026-05-20,08:09:43,4951d3,CS-TNS,Airbus A320,TAP Air Portugal,landing,arrivee,450,240.8,86.7,,,,
2026-05-20,08:12:06,EWG25P,D-AEEA,Airbus A321neo,Eurowings,landing,arrivee,500,243.2,84.8,,,,
2026-05-20,08:14:44,495290,CS-TTP,Airbus A319,TAP Air Portugal,landing,arrivee,475,233.2,85.6,,,,
2026-05-20,08:17:23,4952c3,CS-TVC,Airbus A320neo,TAP Air Portugal,landing,arrivee,500,256.5,84.7,,,,
2026-05-20,08:20:15,896488,A6-BLH,Boeing 787-9,Etihad Airways,landing,arrivee,450,278.0,93.3,,,,
2026-05-20,08:26:39,TAP63GL,CS-TJK,Airbus A321neo,TAP Air Portugal,landing,arrivee,500,239.1,85.9,,,,
2026-05-20,08:32:57,TVF55WH,F-HXSF,Airbus A320neo,Transavia France,landing,arrivee,525,233.2,92.2,,,,
2026-05-20,08:35:31,AFR35VY,F-GKXS,Airbus A320,Air France,landing,arrivee,475,229.1,86.9,,,,
2026-05-20,08:43:30,TAP006,CS-TXJ,Airbus A321neo,TAP Air Portugal,landing,arrivee,475,265.6,95.4,,,,
2026-05-20,08:49:27,4952d2,CS-TVR,Airbus A320neo,TAP Air Portugal,landing,arrivee,450,233.2,91.5,,,,
2026-05-20,08:51:42,AAL258,N822AN,Boeing 787-9,American Airlines,landing,arrivee,475,262.2,95.8,,,,
2026-05-20,08:54:15,RYR9654,EI-HMW,Boeing 737 MAX 8,Ryanair,landing,arrivee,375,273.2,97.5,,,,
2026-05-20,08:56:33,495150,CS-TJP,Airbus A321neo,TAP Air Portugal,landing,arrivee,500,249.1,80.2,,,,
2026-05-20,08:58:54,TRA9H,PH-HXM,Boeing 737-800,Turkish Airlines,landing,arrivee,475,283.7,87.6,,,,
2026-05-20,09:02:00,TAP072,CS-TUC,Airbus A330-900neo,TAP Air Portugal,landing,arrivee,475,253.2,93.3,,,,
2026-05-20,09:04:24,RYR4RL,9H-QEJ,Boeing 737-800,Malta Air,landing,arrivee,425,279.7,93.1,,,,
2026-05-20,09:17:49,UAL64,N16009,Boeing 787-10,United Airlines,landing,arrivee,425,275.6,98.0,,,,
2026-05-20,09:20:48,a519b8,N428DX,Airbus A330-900neo,Delta Air Lines,landing,arrivee,400,262.4,97.0,,,,
2026-05-20,09:23:53,ACA812,C-GFAJ,Airbus A330-300,Air Canada,landing,arrivee,425,249.1,99.1,,,,
2026-05-20,09:25:58,4ca6fc,EI-DYY,Boeing 737-800,Ryanair,landing,arrivee,475,278.9,87.3,,,,
2026-05-20,09:31:08,EZY79RV,G-EZGR,Airbus A319,easyJet,landing,arrivee,425,239.8,96.8,,,,
2026-05-20,09:33:42,THY3WE,TC-LSZ,Airbus A321neo,Turkish Airlines,landing,arrivee,475,251.5,95.6,,,,
2026-05-20,09:37:00,TRA27L,PH-HBJ,Boeing 737-800,,landing,arrivee,425,273.9,92.3,,,,
2026-05-20,09:40:12,BAW50P,G-TTNW,Airbus A320neo,British Airways,landing,arrivee,475,239.8,90.1,,,,
2026-05-20,09:46:32,TAP012,CS-TXK,Airbus A321,TAP Air Portugal,landing,arrivee,500,267.2,80.0,,,,
2026-05-20,09:49:22,4952c2,CS-TVB,Airbus A320neo,TAP Air Portugal,landing,arrivee,475,238.4,83.0,,,,
2026-05-20,09:52:08,TAP036,CS-TON,Airbus A330-200,TAP Air Portugal,landing,arrivee,375,269.7,97.8,,,,
2026-05-20,09:54:52,RYR24SE,EI-DWH,Boeing 737-800,Ryanair,landing,arrivee,350,278.9,96.1,,,,
2026-05-20,09:57:30,AEE2PT,SX-NAJ,Airbus A321neo,Aegean Airlines,landing,arrivee,500,271.3,64.6,,,,
2026-05-20,10:01:11,TAP1921,CS-TNN,Airbus A320,TAP Air Portugal,landing,arrivee,425,264.8,96.1,,,,
2026-05-20,10:03:38,495303,CS-TXC,Airbus A321neo,TAP Air Portugal,landing,arrivee,500,266.5,82.7,,,,
2026-05-20,10:07:20,EJU97VT,OE-LSV,Airbus A320neo,easyJet Europe,landing,arrivee,475,239.8,79.8,,,,
2026-05-20,10:10:16,495214,CS-TPT,Embraer E190,TAP Air Portugal,landing,arrivee,425,238.4,91.6,,,,
2026-05-20,10:16:48,440daf,OE-IDU,Airbus A320,easyJet Europe,landing,arrivee,425,252.4,84.7,,,,
2026-05-20,10:19:23,4cad12,EI-HGZ,Boeing 737 MAX 8,Ryanair,landing,arrivee,500,269.7,77.0,,,,
2026-05-20,10:22:23,TAP13LH,CS-TVM,Airbus A320neo,TAP Air Portugal,landing,arrivee,475,272.1,95.8,,,,
2026-05-20,10:24:55,4952b0,CS-TUP,Airbus A330-900neo,TAP Air Portugal,landing,arrivee,475,254.1,90.8,,,,
2026-05-20,10:27:36,a2007c,N228UA,Boeing 777-200,United Airlines,landing,arrivee,500,256.3,87.3,,,,
2026-05-20,10:36:26,TAP234Y,CS-TXF,Airbus A321neo,TAP Air Portugal,landing,arrivee,500,267.2,66.4,,,,
2026-05-20,10:38:54,c01755,C-FIVS,Boeing 777-300ER,Air Canada,landing,arrivee,500,266.5,94.2,,,,
2026-05-20,10:41:42,TAP210,CS-TUE,Airbus A330-900neo,TAP Air Portugal,landing,arrivee,450,254.8,97.2,,,,
2026-05-20,10:44:18,48455a,PH-BGC,Boeing 737-800,KLM,landing,arrivee,375,278.0,93.1,,,,
2026-05-20,10:47:16,4951cd,CS-TNM,Airbus A320,TAP Air Portugal,landing,arrivee,500,237.4,67.6,,,,
2026-05-20,10:52:38,495297,CS-TTW,Embraer E195,TAP Air Portugal,cruise,,425,0.0,87.2,,,,
2026-05-20,10:55:28,495308,CS-TXH,Airbus A321neo,TAP Air Portugal,landing,arrivee,425,263.2,96.0,,,,
2026-05-20,10:57:25,AEA1153,EC-NZN,Boeing 737-800,Air Europa,landing,arrivee,450,266.5,85.9,,,,
2026-05-20,11:00:04,44cc45,OO-SBE,Airbus A320neo,Brussels Airlines,landing,arrivee,450,255.6,89.6,,,,
2026-05-20,11:03:30,DAL124,N411DX,Airbus A330-900neo,Delta Air Lines,landing,arrivee,475,259.7,87.0,,,,
2026-05-20,11:05:50,SWR36K,YL-ABM,A220-300,Swiss,landing,arrivee,450,251.5,95.3,,,,
2026-05-20,11:08:40,AFR41GW,F-HZUS,BD-500-1A11,Air France,landing,arrivee,450,240.8,91.7,,,,
2026-05-20,11:10:59,440d10,OE-IBS,Airbus A320,easyJet Europe,landing,arrivee,450,252.4,87.5,,,,
2026-05-20,11:13:58,TAP11WQ,CS-TJE,Airbus A321,TAP Air Portugal,landing,arrivee,425,260.0,94.4,,,,
2026-05-20,11:29:15,TAP23SL,CS-TUG,Airbus A330-900neo,TAP Air Portugal,landing,arrivee,450,251.5,93.0,,,,
2026-05-20,11:31:10,TAP028,CS-TUF,Airbus A330-900neo,TAP Air Portugal,landing,arrivee,450,264.8,91.1,,,,
2026-05-20,11:34:07,4952b2,CS-TUR,Airbus A330-900neo,TAP Air Portugal,landing,arrivee,475,263.2,96.2,,,,
2026-05-20,11:36:45,RZO120,CS-TKP,Airbus A320,TAP Air Portugal,landing,arrivee,475,257.6,78.3,,,,
2026-05-20,11:40:16,AZU8900,CS-TSX,Boeing 777-200,Azul,landing,arrivee,475,251.5,93.6,,,,
2026-05-20,11:43:00,DLH39X,D-AIEK,Airbus A321neo,Lufthansa,landing,arrivee,450,245.6,93.0,,,,
2026-05-20,11:45:20,TAP429,CS-TTX,Embraer E195,TAP Air Portugal,landing,arrivee,475,258.9,87.2,,,,
2026-05-20,11:47:49,RYR21UN,SP-RNT,Boeing 737-800,Ryanair,landing,arrivee,425,280.6,90.4,,,,
2026-05-20,11:50:29,RYR59QQ,EI-ILJ,Boeing 737 MAX 8,Ryanair,landing,arrivee,425,273.2,92.0,,,,
2026-05-20,11:53:10,4951cb,CS-TNK,Airbus A320,TAP Air Portugal,landing,arrivee,525,242.4,82.0,,,,
2026-05-20,11:56:28,4952c9,CS-TVI,Airbus A320neo,TAP Air Portugal,landing,arrivee,475,253.2,89.3,,,,
2026-05-20,11:58:55,e80471,CC-BGV,Boeing 787-9,LATAM Airlines,landing,arrivee,450,279.7,93.6,,,,
2026-05-20,12:03:46,344449,EC-LVD,Airbus A320,Iberia,landing,arrivee,475,241.5,96.0,,,,
2026-05-20,12:06:04,45caa8,OY-RUH,Airbus A320,Luxair,landing,arrivee,475,243.2,94.0,,,,
2026-05-20,12:08:45,EZY25MD,G-EZBW,Airbus A319,easyJet,landing,arrivee,475,257.2,95.1,,,,
2026-05-20,12:11:08,EJU38DF,OE-LSJ,Airbus A320neo,Vueling,landing,arrivee,500,264.8,75.7,,,,
2026-05-20,12:13:51,UAE3MV,A6-ENS,Boeing 777-300ER,Emirates,landing,arrivee,475,274.1,94.8,,,,
2026-05-20,12:16:25,440cbf,OE-LSO,Airbus A320,easyJet Europe,landing,arrivee,500,258.9,74.8,,,,
2026-05-20,12:22:21,4d240c,9H-EUU,Airbus A320,Eurowings,cruise,,475,0.0,87.7,,,,
2026-05-20,12:36:14,40756b,G-UZHL,Airbus A320neo,easyJet,landing,arrivee,500,246.7,93.4,,,,
2026-05-20,12:41:32,48af0b,SP-LVL,Boeing 737 MAX 8,LOT Polish Airlines,landing,arrivee,425,283.7,95.1,,,,
2026-05-20,12:44:11,440b1e,OE-IWW,Airbus A320,easyJet Europe,landing,arrivee,525,268.9,91.6,,,,
2026-05-20,12:47:28,TAP63CT,CS-TTZ,Embraer E195,TAP Air Portugal,landing,arrivee,475,261.7,92.8,,,,
2026-05-20,12:50:16,VJT405,9H-VCK,Challenger 350,VistaJet,landing,arrivee,475,226.7,77.3,,,,
2026-05-20,12:53:49,EJU56VP,OE-IDO,Airbus A320,easyJet Europe,landing,arrivee,475,267.2,87.2,,,,
2026-05-20,12:57:25,NJE084B,CS-LTX,680A Citation Latitude,NetJets,landing,arrivee,500,200.2,80.0,,,,
2026-05-20,13:01:32,TAP10VL,CS-TAW,Embraer E195,TAP Air Portugal,landing,arrivee,450,253.2,97.6,,,,
2026-05-20,13:05:33,VLG8JM,EC-MMH,Airbus A321,Vueling,landing,arrivee,475,266.5,81.7,,,,
2026-05-20,13:08:28,4952ce,CS-TVN,Airbus A320neo,TAP Air Portugal,landing,arrivee,425,239.1,93.7,,,,
2026-05-20,13:11:01,RZO122,CS-TSJ,Airbus A321neo,TAP Air Portugal,landing,arrivee,425,270.8,92.7,,,,
2026-05-20,13:13:19,39cea4,F-HTVE,Boeing 737-800,Transavia France,landing,arrivee,475,287.2,87.3,,,,
2026-05-20,13:18:23,4d2247,9H-QDF,Boeing 737-800,Malta Air,landing,arrivee,425,283.0,95.4,,,,
2026-05-20,13:20:47,4952cb,CS-TVK,Airbus A320neo,TAP Air Portugal,landing,arrivee,500,273.2,84.3,,,,
2026-05-20,13:23:38,TAP1335,CS-TAY,Embraer E195,TAP Air Portugal,landing,arrivee,425,268.9,92.4,,,,
2026-05-20,13:27:34,4951ca,CS-TNJ,Airbus A320,TAP Air Portugal,landing,arrivee,500,255.6,81.7,,,,
2026-05-20,13:29:58,TAP1031,CS-TNQ,Airbus A320,TAP Air Portugal,landing,arrivee,500,265.6,80.5,,,,
2026-05-20,13:32:32,SWR32F,HB-JCF,C Series 300,Swiss,landing,arrivee,400,261.5,96.4,,,,
2026-05-20,13:34:56,440488,OE-INJ,Airbus A320,easyJet Europe,landing,arrivee,500,267.2,76.3,,,,
2026-05-20,13:37:25,TAP23V,CS-TPO,Embraer E190,TAP Air Portugal,approach,arrivee,450,252.4,93.1,,,,
2026-05-20,13:39:45,3c64a9,D-AIEI,Airbus A321neo,Lufthansa,landing,arrivee,500,265.6,90.1,,,,
2026-05-20,13:43:23,TAP86GM,CS-TVG,Airbus A320neo,TAP Air Portugal,landing,arrivee,475,244.8,87.5,,,,
2026-05-20,13:47:27,TAP1860,CS-TJI,Airbus A321neo,TAP Air Portugal,landing,arrivee,525,288.9,77.8,,,,
2026-05-20,13:50:06,TCV606,OK-SWH,Boeing 737 MAX 8,Smartwings,landing,arrivee,450,272.8,99.4,,,,
2026-05-20,13:52:40,TAP11EG,CS-TPY,Embraer E190,TAP Air Portugal,landing,arrivee,400,254.1,92.2,,,,
2026-05-20,13:55:31,495216,CS-TPV,Embraer E190,TAP Air Portugal,landing,arrivee,475,261.5,88.4,,,,
2026-05-20,13:58:16,4952c8,CS-TVH,Airbus A320neo,TAP Air Portugal,landing,arrivee,500,251.5,91.8,,,,
2026-05-20,14:00:45,TAP401P,CS-TPQ,Embraer E190,TAP Air Portugal,landing,arrivee,475,250.8,87.5,,,,
2026-05-20,14:03:32,TAP8RT,CS-TPR,Embraer E190,TAP Air Portugal,landing,arrivee,400,251.5,98.8,,,,
2026-05-20,14:06:05,4952d1,CS-TVQ,Airbus A320neo,TAP Air Portugal,landing,arrivee,475,253.2,78.3,,,,
2026-05-20,14:08:48,495290,CS-TTP,Airbus A319,TAP Air Portugal,landing,arrivee,525,255.6,86.4,,,,
2026-05-20,14:11:23,4951d7,CS-TNW,Airbus A320,TAP Air Portugal,landing,arrivee,500,258.7,91.5,,,,
2026-05-20,14:14:16,RZO140,CS-TSY,Airbus A320,TAP Air Portugal,landing,arrivee,425,262.4,99.7,,,,
2026-05-20,14:20:01,SWT131,EC-MAF,ATR 72 500F,Swiftair,landing,arrivee,450,203.0,84.3,,,,
2026-05-20,14:23:06,TAP118,CS-TUK,Airbus A330-900neo,TAP Air Portugal,landing,arrivee,475,274.1,92.0,,,,
2026-05-20,14:25:28,49521a,CS-TPZ,Embraer E190,TAP Air Portugal,landing,arrivee,475,258.4,91.5,,,,
2026-05-20,14:28:14,TAP823,CS-TNV,Airbus A320,TAP Air Portugal,landing,arrivee,425,282.1,97.6,,,,
2026-05-20,14:30:57,49d0c6,OK-SLN,Legacy 600,ABS Jets,approach,arrivee,450,253.9,96.5,,,,
2026-05-20,14:33:44,EJU98XP,OE-LSQ,Airbus A320,easyJet Europe,landing,arrivee,550,263.2,69.4,,,,
2026-05-20,14:36:36,KLM97N,PH-AXC,Airbus A321neo,KLM,landing,arrivee,475,274.8,92.2,,,,
2026-05-20,14:38:50,4b194c,HB-JPC,Airbus A321,Swiss,landing,arrivee,500,288.0,87.6,,,,
2026-05-20,14:41:21,4cafb5,EI-GSI,Boeing 737-800,Ryanair,landing,arrivee,450,295.4,93.7,,,,
2026-05-20,14:43:46,7061f6,KAF327,KC-130J Hercules,Kuwait Air Force,climb,depart,1775,326.1,85.1,,,,
2026-05-20,14:46:21,EZY35DC,G-EZGK,Airbus A319,easyJet,landing,arrivee,475,273.9,91.5,,,,
2026-05-20,14:53:00,TAP883,CS-TPS,Embraer E190,TAP Air Portugal,landing,arrivee,475,264.8,90.8,,,,
2026-05-20,14:57:14,EJU81TJ,OE-LSV,Airbus A320neo,easyJet Europe,landing,arrivee,450,258.9,91.9,,,,
2026-05-20,14:59:34,RYR32KG,9H-QFB,Boeing 737-800,Malta Air,landing,arrivee,425,281.3,94.1,,,,
2026-05-20,15:04:09,AFR37EQ,F-GTAU,Airbus A321,Air France,landing,arrivee,500,282.1,90.1,,,,
2026-05-20,15:09:05,RYR55AR,9H-QEJ,Boeing 737-800,Malta Air,landing,arrivee,400,286.5,94.9,,,,
2026-05-20,15:12:15,4076cd,G-TTNJ,Airbus A320neo,British Airways,landing,arrivee,475,251.5,94.9,,,,
2026-05-20,15:14:49,EJU41HA,OE-LSF,Airbus A320neo,easyJet Europe,landing,arrivee,525,258.9,75.8,,,,
2026-05-20,15:21:12,4951d4,CS-TNT,Airbus A320,TAP Air Portugal,landing,arrivee,525,276.5,82.8,,,,
2026-05-20,15:24:22,THY4GH,TC-LSY,Airbus A321neo,Turkish Airlines,landing,arrivee,525,280.4,84.2,,,,
2026-05-20,15:27:33,4ac9ef,SE-ROO,Airbus A320neo,SAS Scandinavian,landing,arrivee,550,263.2,84.2,,,,
2026-05-20,15:30:17,3453cc,EC-MQP,Boeing 737-800,Air Europa,landing,arrivee,450,300.6,96.4,,,,
2026-05-20,15:33:35,3c65c2,D-AINB,Airbus A320neo,Lufthansa,landing,arrivee,500,278.9,91.0,,,,
2026-05-20,15:36:56,FIN96W,OH-LZU,Airbus A321,Finnair,landing,arrivee,450,287.2,97.5,,,,
2026-05-20,15:39:46,495307,CS-TXG,Airbus A321neo,TAP Air Portugal,landing,arrivee,550,268.9,83.2,,,,
2026-05-20,15:43:02,TAP931L,CS-TJH,Airbus A321,TAP Air Portugal,landing,arrivee,475,279.7,90.7,,,,
2026-05-20,15:45:48,TAP10NL,CS-TTS,Airbus A319,TAP Air Portugal,landing,arrivee,550,251.5,89.9,,,,
2026-05-20,15:48:31,49514c,CS-TJL,Airbus A321neo,TAP Air Portugal,landing,arrivee,500,291.3,94.4,,,,
2026-05-20,15:51:35,TAP90EH,CS-TUA,Airbus A330-900neo,TAP Air Portugal,landing,arrivee,450,266.5,96.6,,,,
2026-05-20,15:53:57,4952d0,CS-TVP,Airbus A320neo,TAP Air Portugal,landing,arrivee,500,260.4,88.1,,,,
2026-05-20,15:57:05,49514a,CS-TJJ,Airbus A321neo,TAP Air Portugal,landing,arrivee,550,293.7,80.2,,,,
2026-05-20,16:00:01,TAP83RS,CS-TJS,Airbus A321neo,TAP Air Portugal,landing,arrivee,450,293.0,97.2,,,,
2026-05-20,16:02:43,TAP71VE,CS-TVJ,Airbus A320neo,TAP Air Portugal,landing,arrivee,525,266.5,84.2,,,,
2026-05-20,16:05:29,EZY46AK,G-UZLY,Airbus A320neo,easyJet,landing,arrivee,475,263.2,90.7,,,,
2026-05-20,16:07:41,49514f,CS-TJO,Airbus A321neo,TAP Air Portugal,landing,arrivee,500,262.2,96.7,,,,
2026-05-20,16:09:55,TAP1137,CS-TTW,Embraer E195,TAP Air Portugal,landing,arrivee,500,274.8,96.6,,,,
2026-05-20,16:12:18,TAP016,CS-TXE,Airbus A321neo,TAP Air Portugal,landing,arrivee,525,288.9,94.5,,,,
2026-05-20,16:15:07,ANE91TE,EC-MLO,Bombardier CRJ-1000,Air Nostrum,landing,arrivee,575,275.2,82.2,,,,
2026-05-20,16:17:59,4cac7f,EI-HMS,Boeing 737 MAX 8,Ryanair,approach,arrivee,500,0.0,91.2,,,,
2026-05-20,16:20:46,EWG66L,D-AEWQ,Airbus A320,Eurowings,landing,arrivee,525,273.2,90.1,,,,
2026-05-20,16:23:24,RYR68VC,SP-RZC,Boeing 737 MAX 8,Ryanair,landing,arrivee,450,298.2,94.7,,,,
2026-05-20,16:25:46,TAP56DT,CS-TVA,Airbus A320neo,TAP Air Portugal,landing,arrivee,500,261.1,84.0,,,,
2026-05-20,16:28:16,4952d2,CS-TVR,Airbus A320neo,TAP Air Portugal,cruise,,525,0.0,81.8,,,,
2026-05-20,16:30:43,4d2288,9H-QBK,Boeing 737-800,Malta Air,landing,arrivee,475,274.8,97.2,,,,
2026-05-20,16:32:57,TAP1359,CS-TVC,Airbus A320neo,TAP Air Portugal,landing,arrivee,450,277.2,98.7,,,,
2026-05-20,16:36:59,TAP75CH,CS-TVO,Airbus A320neo,TAP Air Portugal,landing,arrivee,525,268.9,96.4,,,,
2026-05-20,16:40:41,TAP15NC,CS-TNK,Airbus A320,TAP Air Portugal,landing,arrivee,550,267.2,85.2,,,,
2026-05-20,16:45:03,RYR67UV,9H-QBA,Boeing 737-800,Malta Air,landing,arrivee,500,274.8,92.7,,,,
2026-05-20,16:52:09,346047,EC-MXP,Airbus A320,Vueling,landing,arrivee,525,270.8,81.5,,,,
2026-05-20,16:56:41,TAP1824,CS-TJN,Airbus A321neo,TAP Air Portugal,landing,arrivee,550,286.5,77.3,,,,
2026-05-20,17:05:24,RYR7P,EI-EST,Boeing 737-800,Ryanair,landing,arrivee,500,268.9,84.0,,,,
2026-05-20,17:18:42,440daf,OE-IDU,Airbus A320,easyJet Europe,landing,arrivee,550,280.4,87.2,,,,
2026-05-20,17:20:33,4ca73e,EI-EBW,Boeing 737-800,Ryanair,landing,arrivee,525,297.2,86.3,,,,
2026-05-20,17:22:34,48c1a1,SP-RNB,Boeing 737-800,Buzz,landing,arrivee,475,293.7,97.0,,,,
2026-05-20,17:26:52,WMT6155,9H-WDY,Airbus A321,Lauda Europe,landing,arrivee,475,273.2,93.7,,,,
2026-05-20,17:30:13,0201a2,CN-RHE,Boeing 737 MAX 8,Royal Air Maroc,landing,arrivee,525,305.4,83.0,,,,
2026-05-20,17:45:14,TAP643,CS-TNN,Airbus A320,TAP Air Portugal,landing,arrivee,500,282.4,97.0,,,,
2026-05-20,17:47:45,NOZ6GA,LN-NII,Boeing 737-800,Norwegian,landing,arrivee,525,302.1,89.9,,,,
2026-05-20,17:50:35,39bb22,F-HOZC,Airbus A220-300,,landing,arrivee,575,264.8,86.2,,,,
2026-05-20,17:56:05,EJU45HZ,OE-LSJ,Airbus A320neo,Vueling,landing,arrivee,525,262.4,92.5,,,,
2026-05-20,18:00:12,EWG36AZ,D-AEEB,Airbus A321,Eurowings,landing,arrivee,550,279.7,89.3,,,,
2026-05-20,18:02:59,TAP1017,CS-TPO,Embraer E190,TAP Air Portugal,landing,arrivee,450,261.5,98.6,,,,
2026-05-20,18:05:38,345043,EC-MHS,Airbus A321,Vueling,landing,arrivee,525,282.4,82.5,,,,
2026-05-20,18:08:10,TAP781,EC-OCT,Airbus A321,TAP Air Portugal,landing,arrivee,550,295.8,86.4,,,,
2026-05-20,18:11:01,4952c6,CS-TVF,Airbus A320neo,TAP Air Portugal,landing,arrivee,525,264.8,87.7,,,,
2026-05-20,18:13:36,TVF72AP,F-GZHQ,Boeing 737-800,Transavia France,landing,arrivee,475,296.5,95.6,,,,
2026-05-20,18:16:15,3445d4,EC-MCS,Airbus A320,Iberia,landing,arrivee,525,277.2,88.7,,,,
2026-05-20,18:19:10,4952cd,CS-TVM,Airbus A320neo,TAP Air Portugal,landing,arrivee,525,259.7,95.2,,,,
2026-05-20,18:21:47,TRA951N,PH-YHS,Airbus A321neo,Transavia,landing,arrivee,500,289.7,99.4,,,,
2026-05-20,18:25:36,495150,CS-TJP,Airbus A321neo,TAP Air Portugal,landing,arrivee,500,287.2,91.5,,,,
2026-05-20,18:28:13,RYR668T,EI-EKX,Boeing 737-800,Ryanair,landing,arrivee,450,293.0,94.1,,,,
2026-05-20,18:30:58,TAP1455,CS-TAW,Embraer E195,TAP Air Portugal,landing,arrivee,425,274.8,96.9,,,,
2026-05-20,18:33:47,TAP282,CS-TUN,Airbus A330-900neo,TAP Air Portugal,landing,arrivee,450,268.9,95.8,,,,
2026-05-20,18:36:37,49529a,CS-TTZ,Embraer E195,TAP Air Portugal,landing,arrivee,475,257.2,96.1,,,,
2026-05-20,18:39:28,TAP1439,CS-TPY,Embraer E190,TAP Air Portugal,landing,arrivee,500,270.4,89.3,,,,
2026-05-20,18:41:47,RYR40MN,9H-QBH,Boeing 737-800,Malta Air,landing,arrivee,500,295.4,95.2,,,,
2026-05-20,18:45:01,TAP1906,CS-TPZ,Embraer E190,TAP Air Portugal,landing,arrivee,475,253.2,94.7,,,,
2026-05-20,18:47:48,440af4,OE-IWB,Boeing 737-800,Iberia,landing,arrivee,550,268.9,75.2,,,,
2026-05-20,18:53:02,TAP1931,CS-TPV,Embraer E190,TAP Air Portugal,landing,arrivee,450,260.8,99.4,,,,
2026-05-20,18:57:34,44cdcc,OO-SNL,Airbus A320,Brussels Airlines,landing,arrivee,525,262.4,95.1,,,,
2026-05-20,19:00:13,440d10,OE-IBS,Airbus A320,easyJet Europe,landing,arrivee,525,260.8,83.5,,,,
2026-05-20,19:03:15,34604d,EC-MUZ,Boeing 737-800,Air Europa,landing,arrivee,525,273.9,92.6,,,,
2026-05-20,19:05:51,44061d,OE-LQQ,Airbus A319,easyJet Europe,cruise,,575,0.0,86.5,,,,
2026-05-20,19:10:23,4867c3,PH-AXH,Airbus A321neo,KLM,landing,arrivee,550,264.8,92.6,,,,
2026-05-20,19:13:17,NJE244R,CS-LTZ,680A Citation Latitude,NetJets,landing,arrivee,525,214.3,86.8,,,,
2026-05-20,19:16:23,TAP825,CS-TNS,Airbus A320,TAP Air Portugal,landing,arrivee,475,260.0,98.5,,,,
2026-05-20,19:19:01,RZO124,CS-TKP,Airbus A320,TAP Air Portugal,landing,arrivee,525,277.2,86.5,,,,
2026-05-20,19:21:41,495214,CS-TPT,Embraer E190,TAP Air Portugal,landing,arrivee,400,252.4,97.8,,,,
2026-05-20,19:24:23,WZZ477,HA-LDG,Airbus A321neo,Wizz Air,landing,arrivee,450,254.8,95.3,,,,
2026-05-20,19:27:35,440080,OE-IVI,Airbus A320,easyJet Europe,landing,arrivee,550,275.6,80.0,,,,
2026-05-20,19:32:08,TAP4TL,CS-TAY,Embraer E195,TAP Air Portugal,landing,arrivee,500,252.2,93.3,,,,
2026-05-20,19:34:36,UAE5M,A6-EPK,Boeing 777-300ER,Emirates,landing,arrivee,425,283.0,92.4,,,,
2026-05-20,19:37:05,RYR14SC,9H-QEY,Boeing 737-800,Malta Air,landing,arrivee,525,266.5,92.2,,,,
2026-05-20,19:39:55,NJE249H,CS-CLF,CL60,NetJets,landing,arrivee,500,244.6,91.3,,,,
2026-05-20,19:43:19,TAP835,CS-TJE,Airbus A321,TAP Air Portugal,landing,arrivee,475,265.6,89.7,,,,
2026-05-20,19:47:33,495211,CS-TPQ,Embraer E190,TAP Air Portugal,landing,arrivee,500,258.9,93.0,,,,
2026-05-20,19:49:57,RYR7RX,EI-EBP,Boeing 737-800,Ryanair,landing,arrivee,475,300.6,92.1,,,,
2026-05-20,19:53:31,495298,CS-TTX,Embraer E195,TAP Air Portugal,landing,arrivee,525,262.4,92.0,,,,
2026-05-20,20:01:09,TAP69UX,CS-TVB,Airbus A320neo,TAP Air Portugal,landing,arrivee,550,277.2,90.1,,,,
2026-05-20,20:03:46,3424d1,EC-JYX,Airbus A320,Vueling,landing,arrivee,450,264.8,97.7,,,,
2026-05-20,20:06:34,TAP563,CS-TNM,Airbus A320,TAP Air Portugal,landing,arrivee,525,256.5,91.3,,,,
2026-05-20,20:09:04,KAL921,HL8082,Boeing 787-9,Korean Air,landing,arrivee,450,275.6,98.4,,,,
2026-05-20,20:11:10,RYR4ZF,9H-QCY,Boeing 737-800,Malta Air,landing,arrivee,475,282.8,91.8,,,,
2026-05-20,20:13:59,TAP53ED,CS-TVL,Airbus A320,TAP Air Portugal,landing,arrivee,575,249.1,94.8,,,,
2026-05-20,20:17:26,RYR384,EI-HGN,Boeing 737 MAX 8,Ryanair,landing,arrivee,425,283.7,95.9,,,,
2026-05-20,20:20:04,TAP1019,CS-TPS,Embraer E190,TAP Air Portugal,landing,arrivee,500,253.2,82.7,,,,
2026-05-20,20:22:28,4951d1,CS-TNQ,Airbus A320,TAP Air Portugal,landing,arrivee,525,253.2,86.8,,,,
2026-05-20,20:24:54,4d225b,9H-QCU,Boeing 737-800,Malta Air,landing,arrivee,525,283.7,90.4,,,,
2026-05-20,20:27:41,34608f,EC-NAZ,Airbus A320neo,Iberia,landing,arrivee,525,243.9,92.1,,,,
2026-05-20,20:32:42,TAP1207,CS-TJK,Airbus A321neo,TAP Air Portugal,landing,arrivee,500,251.5,89.2,,,,
2026-05-20,20:40:12,TAP93ZS,CS-TVI,Airbus A320neo,TAP Air Portugal,landing,arrivee,475,264.8,85.3,,,,
2026-05-20,20:47:13,406016,G-EZTM,Airbus A320,easyJet,landing,arrivee,525,253.2,88.1,,,,
2026-05-20,20:49:06,4d2246,9H-QEJ,Boeing 737-800,Malta Air,landing,arrivee,475,283.0,94.0,,,,
2026-05-20,20:51:54,DTA652,D2-TEG,Boeing 777-300ER,TAAG Angola Airlines,landing,arrivee,500,269.7,92.5,,,,
2026-05-20,20:57:01,4d2222,9H-QAP,Boeing 737-800,Malta Air,landing,arrivee,500,283.7,91.0,,,,
2026-05-20,20:59:25,TAP37CN,CS-TPR,Embraer E190,TAP Air Portugal,landing,arrivee,450,251.5,98.7,,,,
2026-05-20,21:01:20,WMT537,9H-WML,Airbus A321neo,Lauda Europe,landing,arrivee,500,250.8,89.7,,,,
2026-05-20,21:03:21,TAP1692,CS-TTW,Embraer E195,TAP Air Portugal,landing,arrivee,450,274.8,85.1,,,,
2026-05-20,21:05:32,49526d,CS-TSM,Airbus A320,TAP Air Portugal,landing,arrivee,500,278.2,91.9,,,,
2026-05-20,21:07:29,TAP437X,CS-TNV,Airbus A320,TAP Air Portugal,landing,arrivee,475,246.7,95.8,,,,
2026-05-20,21:09:42,ELY375,4X-EKI,Boeing 737-800,El Al,landing,arrivee,425,283.7,97.1,,,,
2026-05-20,21:12:04,4952c7,CS-TVG,Airbus A320neo,TAP Air Portugal,landing,arrivee,550,246.7,79.0,,,,
2026-05-20,21:14:50,TAP863Y,CS-TVK,Airbus A320neo,TAP Air Portugal,landing,arrivee,500,226.7,96.5,,,,
2026-05-20,21:17:20,EIN4PT,EI-DVM,Airbus A320,Aer Lingus,landing,arrivee,500,261.5,89.2,,,,
2026-05-20,21:20:03,TAP827V,CS-TNW,Airbus A320,TAP Air Portugal,landing,arrivee,475,258.7,92.3,,,,
2026-05-20,21:30:57,RZO9184,CS-TSK,Airbus A320,TAP Air Portugal,landing,arrivee,500,225.0,86.4,,,,
2026-05-20,21:33:39,TAP67U,CS-TVN,Airbus A320neo,TAP Air Portugal,landing,arrivee,425,239.1,99.4,,,,
2026-05-20,21:36:06,495279,CS-TSY,Airbus A320,TAP Air Portugal,landing,arrivee,500,247.2,93.1,,,,
2026-05-20,21:39:10,RYR2JL,EI-ILJ,Boeing 737 MAX 8,Ryanair,landing,arrivee,400,269.7,94.5,,,,
2026-05-20,21:41:54,WJA32,C-FXWJ,Boeing 737 MAX 8,WestJet,landing,arrivee,475,267.2,91.5,,,,
2026-05-20,21:44:45,VOE54GD,EC-NQM,Airbus A320,Volotea,landing,arrivee,500,239.1,90.4,,,,
2026-05-20,21:47:23,452124,LZ-ROM,A220-300,Bulgaria Air,landing,arrivee,525,254.8,78.5,,,,
2026-05-20,21:49:18,TAP5AS,CS-TNJ,Airbus A320,TAP Air Portugal,landing,arrivee,425,250.0,86.6,,,,
2026-05-20,21:51:52,TAP76EN,CS-TVD,Airbus A320neo,TAP Air Portugal,landing,arrivee,500,230.8,85.6,,,,
2026-05-20,21:53:51,4952c8,CS-TVH,Airbus A320neo,TAP Air Portugal,landing,arrivee,500,240.8,85.9,,,,
2026-05-20,21:56:03,3c65c9,D-AINI,Airbus A320neo,Lufthansa,landing,arrivee,450,252.4,95.0,,,,
2026-05-20,21:58:04,46d0a3,SX-TEC,Airbus A320neo,Swiss,cruise,,525,0.0,81.2,,,,
2026-05-20,22:01:25,TAP1933,CS-TPY,Embraer E190,TAP Air Portugal,landing,arrivee,475,230.8,93.5,,,,
2026-05-20,22:05:10,TAP555,CS-TJI,Airbus A321neo,TAP Air Portugal,landing,arrivee,500,258.9,86.0,,,,
2026-05-20,22:07:43,4400f3,OE-IDO,Airbus A320,easyJet Europe,landing,arrivee,450,264.1,95.3,,,,
2026-05-20,22:09:50,3991ea,F-HEPK,Airbus A320,Air France,landing,arrivee,475,254.8,89.9,,,,
2026-05-20,22:14:55,EJU36BG,OE-LSQ,Airbus A320,easyJet Europe,landing,arrivee,450,242.1,91.5,,,,
2026-05-20,22:18:46,TVF34QV,F-HUYT,Boeing 737-800,Transavia France,landing,arrivee,475,277.6,89.5,,,,
2026-05-20,22:21:06,3c64a9,D-AIEI,Airbus A321neo,Lufthansa,landing,arrivee,525,254.8,84.5,,,,
2026-05-20,22:24:50,46b82d,SX-NAM,Airbus A321,Aegean Airlines,landing,arrivee,525,246.7,83.8,,,,
2026-05-20,22:27:14,EJU95BR,OE-IWW,Airbus A320,easyJet Europe,landing,arrivee,500,257.2,85.1,,,,
2026-05-20,22:39:50,EJU74EP,OE-LSJ,Airbus A320neo,Vueling,landing,arrivee,475,258.9,95.0,,,,
2026-05-20,22:42:29,TAP64M,CS-TJO,Airbus A321neo,TAP Air Portugal,landing,arrivee,500,255.6,93.3,,,,
2026-05-20,22:44:26,TAP21MM,CS-TNT,Airbus A320,TAP Air Portugal,landing,arrivee,450,236.7,94.5,,,,
2026-05-20,22:46:04,400a0e,G-EUUO,Airbus A320,British Airways,landing,arrivee,450,254.8,94.7,,,,
2026-05-20,22:48:39,TAP43RY,CS-TJS,Airbus A321neo,TAP Air Portugal,landing,arrivee,525,248.0,66.6,,,,
2026-05-20,22:51:27,4bb853,TC-NBS,Airbus A320neo,Turkish Airlines,landing,arrivee,500,237.4,84.2,,,,
2026-05-20,22:53:33,EJU74LC,OE-IBF,Airbus A320,easyJet Europe,landing,arrivee,475,254.8,85.2,,,,
2026-05-20,22:56:34,THY2ES,TC-LPT,Airbus A321neo,Turkish Airlines,landing,arrivee,500,251.5,86.6,,,,
2026-05-20,22:59:08,EJU7690,OE-IDU,Airbus A320,easyJet Europe,landing,arrivee,475,250.8,87.5,,,,
2026-05-20,23:00:42,4867c2,PH-AXG,Airbus A321neo,KLM,landing,arrivee,525,268.0,85.3,,,,
2026-05-20,23:04:39,39ceac,F-HTVM,Boeing 737-800,Transavia France,landing,arrivee,475,284.8,94.5,,,,
2026-05-20,23:06:32,3423c3,EC-JQZ,Airbus A321,Iberia,landing,arrivee,500,257.2,88.5,,,,
2026-05-20,23:08:27,RYR65MU,9H-QAO,Boeing 737-800,Malta Air,landing,arrivee,475,262.2,89.2,,,,
2026-05-20,23:11:41,TAP645,CS-TTP,Airbus A319,TAP Air Portugal,landing,arrivee,450,241.5,91.1,,,,
2026-05-20,23:14:07,RYR67PW,EI-HMS,Boeing 737 MAX 8,Ryanair,landing,arrivee,425,288.9,98.9,,,,
2026-05-20,23:19:21,3c648a,D-AIDJ,Airbus A321,Lufthansa,landing,arrivee,450,275.6,98.4,,,,
2026-05-20,23:22:05,TAP35MT,CS-TNR,Airbus A320,TAP Air Portugal,landing,arrivee,450,237.4,97.6,,,,
2026-05-20,23:24:49,TAP94KM,CS-TVA,Airbus A320neo,TAP Air Portugal,landing,arrivee,525,261.5,88.1,,,,
2026-05-20,23:26:52,SWR755L,HB-JPC,Airbus A321,Swiss,landing,arrivee,475,273.2,87.6,,,,
2026-05-20,23:28:52,4952d1,CS-TVQ,Airbus A320neo,TAP Air Portugal,landing,arrivee,475,243.2,98.5,,,,
2026-05-20,23:30:58,440072,OE-LSF,Airbus A320neo,easyJet Europe,landing,arrivee,525,243.2,85.3,,,,
2026-05-20,23:39:35,EJU49AN,OE-LSO,Airbus A320,easyJet Europe,landing,arrivee,500,265.6,84.5,,,,
2026-05-20,23:58:45,3475c9,EC-OCT,Airbus A321,TAP Air Portugal,landing,arrivee,475,252.2,92.4,,,,
2026-05-21,01:18:26,RZO128,CS-TSI,Airbus A321neo,TAP Air Portugal,landing,arrivee,550,256.5,83.8,,,,
2026-05-21,04:03:51,SWT133,EC-MAF,ATR 72 500F,Swiftair,landing,arrivee,475,190.2,92.2,,,,
2026-05-21,04:36:53,4952ac,CS-TUL,Airbus A330-900neo,TAP Air Portugal,landing,arrivee,525,263.9,89.9,,,,
2026-05-21,04:39:13,TAP082,CS-TUS,Airbus A330-900neo,TAP Air Portugal,landing,arrivee,450,267.2,96.5,,,,
2026-05-21,04:46:55,495302,CS-TXB,Airbus A321neo,TAP Air Portugal,cruise,,625,0.0,75.0,,,,
2026-05-21,05:05:06,TAP258,CS-TXL,Airbus A321neo,TAP Air Portugal,landing,arrivee,475,247.2,88.4,,,,
2026-05-21,05:17:38,4952c9,CS-TVI,Airbus A320neo,TAP Air Portugal,landing,arrivee,550,237.4,86.2,,,,
2026-05-21,05:25:13,49530a,CS-TXJ,Airbus A321neo,TAP Air Portugal,cruise,,550,0.0,90.5,,,,
2026-05-21,05:42:50,TAP1550,CS-TVB,Airbus A320neo,TAP Air Portugal,landing,arrivee,525,253.2,85.1,,,,
2026-05-21,05:51:50,495148,CS-TJH,Airbus A321,TAP Air Portugal,landing,arrivee,500,256.3,98.8,,,,
2026-05-21,06:00:45,TAP1937,CS-TTR,Airbus A319,TAP Air Portugal,landing,arrivee,475,247.2,95.1,,,,
2026-05-21,06:09:32,TAP104,CS-TUI,Airbus A330-900neo,TAP Air Portugal,landing,arrivee,525,273.2,93.6,,,,
2026-05-21,06:27:42,TAP11VP,CS-TTW,Embraer E195,TAP Air Portugal,landing,arrivee,475,240.8,99.2,,,,
2026-05-21,06:30:30,TSC680,C-GOKF,Airbus A321neo,Air Transat,landing,arrivee,525,253.9,98.5,,,,
2026-05-21,06:33:17,49529a,CS-TTZ,Embraer E195,TAP Air Portugal,landing,arrivee,500,269.7,93.6,,,,
2026-05-21,06:35:48,TAP1544,CS-TVL,Airbus A320,TAP Air Portugal,landing,arrivee,475,244.3,99.3,,,,
2026-05-21,06:38:00,440af4,OE-IWB,Boeing 737-800,Iberia,landing,arrivee,525,263.9,89.7,,,,
2026-05-21,06:40:54,495214,CS-TPT,Embraer E190,TAP Air Portugal,landing,arrivee,525,243.9,95.0,,,,
2026-05-21,06:43:26,DTA650,D2-TEK,Boeing 777-300ER,TAAG Angola Airlines,landing,arrivee,500,265.6,95.2,,,,
2026-05-21,06:46:10,4952a2,CS-TUB,Airbus A330-900neo,TAP Air Portugal,landing,arrivee,575,257.2,97.7,,,,
2026-05-21,06:48:56,4952cb,CS-TVK,Airbus A320neo,TAP Air Portugal,landing,arrivee,550,243.2,89.0,,,,
2026-05-21,06:51:43,TAP41SN,CS-TNV,Airbus A320,TAP Air Portugal,landing,arrivee,500,253.0,94.0,,,,
2026-05-21,06:55:24,TAP058,CS-TUQ,Airbus A330-900neo,TAP Air Portugal,landing,arrivee,550,261.5,90.8,,,,
2026-05-21,06:59:26,AEA1159,EC-OBK,Boeing 737-800,Air Europa,landing,arrivee,450,278.0,94.4,,,,
2026-05-21,07:02:07,e48baa,PT-MUH,Boeing 777-300ER,LATAM Airlines,landing,arrivee,525,273.2,95.3,,,,
2026-05-21,07:08:55,495145,CS-TJE,Airbus A321,TAP Air Portugal,landing,arrivee,500,264.8,90.3,,,,
2026-05-21,07:12:37,45ce4d,OY-SRM,767 25EBDSF,Star Air,landing,arrivee,550,237.4,90.7,,,,
2026-05-21,07:19:34,49530b,CS-TXK,Airbus A321,TAP Air Portugal,landing,arrivee,525,275.6,86.1,,,,
2026-05-21,07:22:07,4952cd,CS-TVM,Airbus A320neo,TAP Air Portugal,landing,arrivee,550,276.3,87.7,,,,
2026-05-21,07:26:15,IBE05TR,EC-NFH,Airbus A320neo,Iberia,landing,arrivee,575,247.2,87.7,,,,
2026-05-21,07:28:55,TAP244,CS-TUP,Airbus A330-900neo,TAP Air Portugal,landing,arrivee,475,268.2,96.8,,,,
2026-05-21,07:31:26,4952c3,CS-TVC,Airbus A320neo,TAP Air Portugal,landing,arrivee,525,263.9,80.3,,,,
2026-05-21,07:34:11,TAP9ML,CS-TNQ,Airbus A320,TAP Air Portugal,landing,arrivee,500,285.6,85.9,,,,
2026-05-21,07:37:37,3c542d,D-AEAM,A300 B4-622RF,Lufthansa,landing,arrivee,475,247.2,98.5,,,,
2026-05-21,07:43:37,AZU8750,CS-TGD,Airbus A330-200,Azul,landing,arrivee,500,265.6,97.8,,,,
2026-05-21,07:45:49,TAP1939,CS-TPS,Embraer E190,TAP Air Portugal,landing,arrivee,475,251.5,87.7,,,,
2026-05-21,07:49:43,TAP8RL,CS-TJP,Airbus A321neo,TAP Air Portugal,landing,arrivee,500,268.9,88.7,,,,
2026-05-21,07:52:19,4951cb,CS-TNK,Airbus A320,TAP Air Portugal,landing,arrivee,550,254.8,90.2,,,,
2026-05-21,07:55:23,TAP1023,CS-TNM,Airbus A320,TAP Air Portugal,landing,arrivee,450,251.5,91.2,,,,
2026-05-21,07:57:36,VLG7PA,EC-KRH,Airbus A320,Vueling,landing,arrivee,475,244.3,92.1,,,,
2026-05-21,07:59:45,4952ca,CS-TVJ,Airbus A320neo,TAP Air Portugal,landing,arrivee,550,251.5,87.9,,,,
2026-05-21,08:02:54,RYR24SE,9H-QDM,Boeing 737-800,Malta Air,landing,arrivee,475,287.2,94.8,,,,
2026-05-21,08:06:38,TAP557H,CS-TVR,Airbus A320neo,TAP Air Portugal,landing,arrivee,450,268.9,99.2,,,,
2026-05-21,08:16:37,VLG46AX,EC-MOO,Airbus A321,Vueling,landing,arrivee,500,268.9,86.6,,,,
2026-05-21,08:19:48,4951ce,CS-TNN,Airbus A320,TAP Air Portugal,landing,arrivee,525,269.7,83.8,,,,
2026-05-21,08:27:33,TAP63GL,CS-TVF,Airbus A320neo,TAP Air Portugal,landing,arrivee,475,252.4,95.8,,,,
2026-05-21,08:30:30,TAP53EI,CS-TVP,Airbus A320neo,TAP Air Portugal,landing,arrivee,500,255.2,93.6,,,,
2026-05-21,08:39:03,TVF55WH,F-HUYJ,Boeing 737-800,Transavia France,landing,arrivee,450,284.8,94.4,,,,
2026-05-21,08:43:58,AFR35VY,F-HEPG,Airbus A320,Air France,landing,arrivee,550,268.9,88.3,,,,
2026-05-21,08:45:59,RYR4XW,EI-EMJ,Boeing 737-800,Ryanair,landing,arrivee,475,293.7,94.8,,,,
2026-05-21,08:48:58,4952cf,CS-TVO,Airbus A320neo,TAP Air Portugal,landing,arrivee,550,274.5,80.5,,,,
2026-05-21,08:51:10,49520f,CS-TPO,Embraer E190,TAP Air Portugal,landing,arrivee,450,252.4,96.5,,,,
2026-05-21,08:57:35,TAP443,CS-TJN,Airbus A321neo,TAP Air Portugal,landing,arrivee,475,263.9,95.7,,,,
2026-05-21,08:59:49,49d1c6,OK-TVT,Boeing 737-800,Eurowings,landing,arrivee,450,276.5,91.3,,,,
2026-05-21,09:04:18,RYR98HW,EI-HET,Boeing 737 MAX 8,Ryanair,landing,arrivee,425,284.1,96.4,,,,
2026-05-21,09:07:22,407959,G-UZLK,Airbus A320neo,easyJet,landing,arrivee,525,256.3,80.2,,,,
2026-05-21,09:10:16,c0582b,C-GHKC,Airbus A330-300,Air Canada,landing,arrivee,450,262.4,95.5,,,,
2026-05-21,09:12:39,ab79ca,N839AA,Boeing 787-9,American Airlines,landing,arrivee,500,285.6,81.7,,,,
2026-05-21,09:17:31,TAP052,CS-TXM,Airbus A321,TAP Air Portugal,landing,arrivee,475,280.6,94.5,,,,
2026-05-21,09:19:56,TRA97Q,PH-YHV,Airbus A321neo,Transavia,landing,arrivee,550,282.4,82.3,,,,
2026-05-21,09:22:51,TAP036,CS-TUJ,Airbus A330-900neo,TAP Air Portugal,landing,arrivee,400,278.9,97.6,,,,
2026-05-21,09:25:16,TAP675,CS-TJJ,Airbus A321neo,TAP Air Portugal,landing,arrivee,500,288.9,91.0,,,,
2026-05-21,09:28:07,TSC480,C-GUBL,Airbus A330-200,Air Transat,landing,arrivee,400,257.2,98.7,,,,
2026-05-21,09:31:11,4074b5,G-UZHE,Airbus A320neo,easyJet,landing,arrivee,450,273.2,98.7,,,,
2026-05-21,09:34:10,TAP66PD,CS-TJK,Airbus A321neo,TAP Air Portugal,landing,arrivee,475,283.0,91.8,,,,
2026-05-21,09:42:45,TAP202A,CS-TXF,Airbus A321neo,TAP Air Portugal,landing,arrivee,550,288.0,83.2,,,,
2026-05-21,09:45:10,4ab821,SE-NAA,Boeing 737 MAX 8,,landing,arrivee,450,289.7,99.6,,,,
2026-05-21,09:47:33,TAP254,CS-TXH,Airbus A321neo,TAP Air Portugal,landing,arrivee,525,279.7,83.5,,,,
2026-05-21,09:51:00,TAP088,CS-TUC,Airbus A330-900neo,TAP Air Portugal,landing,arrivee,425,270.8,94.8,,,,
2026-05-21,09:53:44,TAP1921,CS-TXG,Airbus A321neo,TAP Air Portugal,landing,arrivee,475,271.3,81.3,,,,
2026-05-21,09:56:03,DAL272,N428DX,Airbus A330-900neo,Delta Air Lines,landing,arrivee,375,276.3,94.6,,,,
2026-05-21,09:58:36,THY3WE,TC-LTD,Airbus A321neo,Turkish Airlines,landing,arrivee,450,265.6,90.4,,,,
2026-05-21,10:01:35,EJU97VT,OE-IBS,Airbus A320,easyJet Europe,landing,arrivee,450,268.9,89.5,,,,
2026-05-21,10:04:34,BAW50P,G-TTNW,Airbus A320neo,British Airways,landing,arrivee,525,258.9,74.8,,,,
2026-05-21,10:07:28,AEE2PT,SX-NAM,Airbus A321,Aegean Airlines,landing,arrivee,400,262.4,97.9,,,,
2026-05-21,10:09:52,4952ad,CS-TUM,Airbus A330-900neo,TAP Air Portugal,landing,arrivee,450,284.8,96.1,,,,
2026-05-21,10:19:38,AME4557,T.18-1,Falcon 900,Spanish Air Force,landing,arrivee,400,244.3,93.8,,,,
2026-05-21,10:22:00,TAP11SV,CS-TPU,Embraer E190,TAP Air Portugal,landing,arrivee,425,249.1,93.0,,,,
2026-05-21,10:30:41,AZU8752,PR-AIZ,Airbus A330-200,Azul,landing,arrivee,450,256.5,96.6,,,,
2026-05-21,10:33:34,KAY57,D-ANEO,A319 153NSL,K5-Aviation GmbH,landing,arrivee,525,248.4,90.4,,,,
2026-05-21,10:36:01,RYR3WD,EI-HMS,Boeing 737 MAX 8,Ryanair,landing,arrivee,450,290.6,95.0,,,,
2026-05-21,10:38:40,DAL124,N425DX,Airbus A330-900neo,Delta Air Lines,landing,arrivee,475,272.1,94.0,,,,
2026-05-21,10:40:32,346082,EC-MVY,Boeing 737-800,Air Europa,landing,arrivee,475,288.9,89.0,,,,
2026-05-21,10:42:55,495309,CS-TXI,Airbus A321neo,TAP Air Portugal,landing,arrivee,500,278.0,90.7,,,,
2026-05-21,10:45:11,495305,CS-TXE,Airbus A321neo,TAP Air Portugal,landing,arrivee,500,278.9,93.3,,,,
2026-05-21,10:47:17,EJU71TK,HB-AYR,Airbus A320neo,easyJet Europe,landing,arrivee,525,252.4,75.5,,,,
2026-05-21,10:49:20,495292,CS-TTR,Airbus A319,TAP Air Portugal,landing,arrivee,450,249.8,92.3,,,,
2026-05-21,10:51:26,495212,CS-TPR,Embraer E190,TAP Air Portugal,landing,arrivee,450,254.8,96.6,,,,
2026-05-21,10:54:02,LGL51P,LX-LBR,Boeing 737-700,Luxair,landing,arrivee,400,267.6,94.4,,,,
2026-05-21,10:56:46,TAP13LH,CS-TJL,Airbus A321neo,TAP Air Portugal,landing,arrivee,500,261.7,83.7,,,,
2026-05-21,10:59:29,ACA810,CA-FITL,Boeing 777-300ER,Air Canada,landing,arrivee,450,275.8,94.0,,,,
2026-05-21,11:02:03,EJU74EF,OE-IWW,Airbus A320,easyJet Europe,landing,arrivee,400,275.6,99.0,,,,
2026-05-21,11:04:43,UAL64,N14016,Boeing 787-10,United Airlines,landing,arrivee,450,285.6,90.9,,,,
2026-05-21,11:07:21,39bdb7,F-HPNX,Airbus A220-300,Air France,landing,arrivee,525,247.2,70.4,,,,
2026-05-21,11:10:17,4ca2c9,EI-DEP,Airbus A320,Aer Lingus,landing,arrivee,525,276.5,78.2,,,,
2026-05-21,11:13:10,4952ab,CS-TUK,Airbus A330-900neo,TAP Air Portugal,landing,arrivee,500,266.5,90.7,,,,
2026-05-21,11:15:54,BEL2DY,OO-SBG,Airbus A320neo,Brussels Airlines,landing,arrivee,500,265.6,85.6,,,,
2026-05-21,11:18:50,KLM1579,PH-AXF,Airbus A321neo,KLM,landing,arrivee,500,263.9,87.6,,,,
2026-05-21,11:21:19,4402db,OE-ICT,Airbus A320,easyJet Europe,landing,arrivee,525,268.9,81.7,,,,
2026-05-21,11:23:29,TAP028,CS-TUG,Airbus A330-900neo,TAP Air Portugal,landing,arrivee,475,277.2,92.5,,,,
2026-05-21,11:25:52,495171,CS-TKQ,Airbus A320,TAP Air Portugal,landing,arrivee,450,270.8,95.5,,,,
2026-05-21,11:32:10,4080e0,G-TTNW,Airbus A320neo,British Airways,takeoff,depart,1575,299.8,91.6,,,,
2026-05-21,11:35:16,4951cb,CS-TNK,Airbus A320,TAP Air Portugal,takeoff,depart,1325,280.9,93.8,,,,
2026-05-21,11:38:20,TAP23PN,CS-TJN,Airbus A321neo,TAP Air Portugal,takeoff,depart,1300,354.1,97.3,,,,
2026-05-21,11:40:48,46b82d,SX-NAM,Airbus A321,Aegean Airlines,takeoff,depart,1200,306.1,94.2,,,,
2026-05-21,11:43:55,RYR72ZY,EI-HMS,Boeing 737 MAX 8,Ryanair,takeoff,depart,975,311.9,92.2,,,,
2026-05-21,11:47:27,ab79ca,N839AA,Boeing 787-9,American Airlines,takeoff,depart,1500,339.8,92.1,,,,
2026-05-21,11:50:34,4bb284,TC-LTD,Airbus A321neo,Turkish Airlines,takeoff,depart,1325,326.1,92.1,,,,
2026-05-21,11:53:29,495307,CS-TXG,Airbus A321neo,TAP Air Portugal,takeoff,depart,1200,313.9,91.6,,,,
2026-05-21,11:55:32,341390,T.18-1,Falcon 900,Spanish Air Force,takeoff,depart,1525,285.6,92.5,,,,
2026-05-21,11:58:29,4952aa,CS-TUJ,Airbus A330-900neo,TAP Air Portugal,takeoff,depart,1450,321.7,91.9,,,,
2026-05-21,12:02:43,EJU73LY,HB-AYR,Airbus A320neo,easyJet Europe,takeoff,depart,1525,318.5,92.2,,,,
2026-05-21,12:04:46,AEA41RG,EC-MVY,Boeing 737-800,Air Europa,climb,depart,1725,341.5,88.2,,,,
2026-05-21,12:06:16,KAY57,D-ANEO,A319 153NSL,K5-Aviation GmbH,climb,depart,3150,329.8,86.9,,,,
2026-05-21,12:11:18,c0582b,C-GHKC,Airbus A330-300,Air Canada,takeoff,depart,1675,286.9,91.7,,,,
2026-05-21,12:14:26,495306,CS-TXF,Airbus A321neo,TAP Air Portugal,takeoff,depart,1475,348.0,93.0,,,,
2026-05-21,12:17:36,4d00f1,LX-LBR,Boeing 737-700,Luxair,takeoff,depart,1100,303.4,92.6,,,,
2026-05-21,12:19:45,DAL273,N428DX,Airbus A330-900neo,Delta Air Lines,takeoff,depart,2175,298.5,86.1,,,,
2026-05-21,12:22:45,c0799e,C-GUBL,Airbus A330-200,Air Transat,takeoff,depart,1450,314.5,90.2,,,,
2026-05-21,12:25:26,495308,CS-TXH,Airbus A321neo,TAP Air Portugal,takeoff,depart,1425,330.6,96.3,,,,
2026-05-21,12:28:28,4ca2c9,EI-DEP,Airbus A320,Aer Lingus,takeoff,depart,1275,307.1,90.3,,,,
2026-05-21,12:34:32,4952cc,CS-TVL,Airbus A320,TAP Air Portugal,takeoff,depart,1425,289.8,96.1,,,,
2026-05-21,12:36:34,4952d0,CS-TVP,Airbus A320neo,TAP Air Portugal,takeoff,depart,1750,333.0,91.0,,,,
2026-05-21,12:40:37,TAP201,CS-TXE,Airbus A321neo,TAP Air Portugal,takeoff,depart,1600,344.7,89.7,,,,
2026-05-21,12:42:51,44cc47,OO-SBG,Airbus A320neo,Brussels Airlines,takeoff,depart,1450,280.6,93.0,,,,
2026-05-21,12:46:04,4952b1,CS-TUQ,Airbus A330-900neo,TAP Air Portugal,takeoff,depart,1450,329.3,92.7,,,,
2026-05-21,12:49:07,440b1e,OE-IWW,Airbus A320,easyJet Europe,takeoff,depart,1375,302.8,94.9,,,,
2026-05-21,12:52:27,TAP754A,CS-TVO,Airbus A320neo,TAP Air Portugal,takeoff,depart,1325,302.2,92.3,,,,
2026-05-21,12:55:00,495309,CS-TXI,Airbus A321neo,TAP Air Portugal,takeoff,depart,1475,345.0,90.5,,,,
2026-05-21,12:58:33,TAP1851,CS-TVD,Airbus A320neo,TAP Air Portugal,takeoff,depart,1375,295.2,92.5,,,,
2026-05-21,13:01:11,IBE05PL,EC-NDN,Airbus A320neo,Iberia,takeoff,depart,1500,296.5,90.6,,,,
2026-05-21,13:03:59,TAP782,CS-TVF,Airbus A320neo,TAP Air Portugal,takeoff,depart,1425,289.3,92.4,,,,
2026-05-21,13:06:33,DLH35M,D-AIEP,Airbus A321,Lufthansa,takeoff,depart,1250,322.1,94.4,,,,
2026-05-21,13:09:22,49526d,CS-TSM,Airbus A320,TAP Air Portugal,takeoff,depart,1600,289.3,91.5,,,,
2026-05-21,13:12:26,a50e93,N425DX,Airbus A330-900neo,Delta Air Lines,takeoff,depart,1600,310.2,93.9,,,,
2026-05-21,13:15:16,49514c,CS-TJL,Airbus A321neo,TAP Air Portugal,takeoff,depart,1250,294.1,95.8,,,,
2026-05-21,13:17:53,020104,CN-RGM,Boeing 737-800,Royal Air Maroc,takeoff,depart,1150,317.1,92.4,,,,
2026-05-21,13:20:19,TAP1136,CS-TAY,Embraer E195,TAP Air Portugal,takeoff,depart,1200,277.6,94.0,,,,
2026-05-21,13:23:32,4952ca,CS-TVJ,Airbus A320neo,TAP Air Portugal,takeoff,depart,1350,290.9,92.8,,,,
2026-05-21,13:26:16,4867c1,PH-AXF,Airbus A321neo,KLM,takeoff,depart,1225,307.8,96.4,,,,
2026-05-21,13:29:09,TAP83K,CS-TJM,Airbus A321neo,TAP Air Portugal,takeoff,depart,1550,343.0,89.9,,,,
2026-05-21,13:31:55,TAP089,CS-TUP,Airbus A330-900neo,TAP Air Portugal,takeoff,depart,1450,335.4,90.7,,,,
2026-05-21,13:36:55,495215,CS-TPU,Embraer E190,TAP Air Portugal,takeoff,depart,1300,280.4,94.6,,,,
2026-05-21,13:39:36,c0171a,CA-FITL,Boeing 777-300ER,Air Canada,takeoff,depart,1325,358.0,89.8,,,,
2026-05-21,13:42:37,TAP1104,CS-TTX,Embraer E195,TAP Air Portugal,takeoff,depart,1100,284.5,93.7,,,,
2026-05-21,13:44:50,TAP14NC,CS-TNN,Airbus A320,TAP Air Portugal,takeoff,depart,1725,325.4,89.1,,,,
2026-05-21,13:46:53,EWG66L,D-AENG,Airbus A320neo,Eurowings,takeoff,depart,2450,364.1,69.8,,,,
2026-05-21,13:51:31,4951cd,CS-TNM,Airbus A320,TAP Air Portugal,takeoff,depart,1350,284.1,92.6,,,,
2026-05-21,13:55:12,a0a54a,N14016,Boeing 787-10,United Airlines,takeoff,depart,1400,330.8,94.7,,,,
2026-05-21,13:57:42,e4904c,PR-AIZ,Airbus A330-200,Azul,takeoff,depart,1325,319.5,91.6,,,,
2026-05-21,14:00:58,EJU54WH,OE-IDU,Airbus A320,easyJet Europe,takeoff,depart,1475,313.4,91.3,,,,
2026-05-21,14:03:29,4952d2,CS-TVR,Airbus A320neo,TAP Air Portugal,takeoff,depart,1425,311.3,92.3,,,,
2026-05-21,14:05:33,RYR51DR,EI-ILJ,Boeing 737 MAX 8,Ryanair,takeoff,depart,1150,318.5,93.0,,,,
2026-05-21,14:09:48,EJU7581,OE-LSF,Airbus A320neo,easyJet Europe,takeoff,depart,1300,312.8,92.8,,,,
2026-05-21,14:12:34,TAP117,CS-TUN,Airbus A330-900neo,TAP Air Portugal,takeoff,depart,1325,357.3,91.2,,,,
2026-05-21,14:16:05,497cdd,26902,E390,,takeoff,depart,1300,325.8,92.4,,,,
2026-05-21,14:17:43,TAP3831,CS-TPR,Embraer E190,TAP Air Portugal,takeoff,depart,1225,289.3,92.0,,,,
2026-05-21,14:19:35,39bdb7,F-HPNX,Airbus A220-300,Air France,takeoff,depart,1400,270.9,92.8,,,,
2026-05-21,14:21:22,495297,CS-TTW,Embraer E195,TAP Air Portugal,takeoff,depart,1175,0.0,93.9,,,,
2026-05-21,14:24:43,495299,CS-TTY,Embraer E195,TAP Air Portugal,takeoff,depart,1200,284.5,92.0,,,,
2026-05-21,14:27:31,TAP42LV,CS-TXC,Airbus A321neo,TAP Air Portugal,takeoff,depart,1725,346.3,89.9,,,,
2026-05-21,14:29:52,TAP876,CS-TPX,Embraer E190,TAP Air Portugal,takeoff,depart,1450,312.1,93.3,,,,
2026-05-21,14:33:02,4952c1,CS-TVA,Airbus A320neo,TAP Air Portugal,takeoff,depart,1450,298.2,90.7,,,,
2026-05-21,14:35:00,495211,CS-TPQ,Embraer E190,TAP Air Portugal,takeoff,depart,1325,314.7,94.1,,,,
2026-05-21,14:37:28,EJU86ZG,OE-LQT,Airbus A319,easyJet Europe,takeoff,depart,1350,296.9,93.1,,,,
2026-05-21,14:40:35,RZO125,CS-TSI,Airbus A321neo,TAP Air Portugal,takeoff,depart,1175,301.7,96.1,,,,
2026-05-21,14:44:18,aa92fa,N78003,Boeing 777-200,United Airlines,takeoff,depart,1450,347.4,91.9,,,,
2026-05-21,14:46:27,4951ca,CS-TNJ,Airbus A320,TAP Air Portugal,takeoff,depart,1325,339.8,95.0,,,,
2026-05-21,14:51:36,4d2214,9H-QEF,Boeing 737-800,Malta Air,takeoff,depart,1050,310.6,92.1,,,,
2026-05-21,14:59:46,VLG6LF,EC-NLV,Airbus A321,Vueling,takeoff,depart,1225,299.8,91.0,,,,
2026-05-21,15:01:18,EJU62BF,OE-IJU,Airbus A320,easyJet Europe,takeoff,depart,1775,338.5,85.6,,,,
2026-05-21,15:03:20,3964f8,F-GZHY,Boeing 737-800,Transavia France,takeoff,depart,1000,322.1,94.7,,,,
2026-05-21,15:06:59,495292,CS-TTR,Airbus A319,TAP Air Portugal,takeoff,depart,1100,305.2,97.8,,,,
2026-05-21,15:10:43,EJU32UQ,OE-INJ,Airbus A320,easyJet Europe,takeoff,depart,1200,297.8,93.8,,,,
2026-05-21,15:12:22,4951d3,CS-TNS,Airbus A320,TAP Air Portugal,takeoff,depart,1350,289.8,92.0,,,,
2026-05-21,15:14:09,495149,CS-TJI,Airbus A321neo,TAP Air Portugal,takeoff,depart,1450,333.5,92.7,,,,
2026-05-21,15:16:43,TAP472C,CS-TPV,Embraer E190,TAP Air Portugal,takeoff,depart,1550,294.5,91.7,,,,
2026-05-21,15:18:21,495213,CS-TPS,Embraer E190,TAP Air Portugal,takeoff,depart,1075,286.1,95.3,,,,
2026-05-21,15:21:25,e80468,CC-BGP,Boeing 787-9,LATAM Airlines,takeoff,depart,700,369.5,97.1,,,,
2026-05-21,15:25:03,3c64a8,D-AIEH,Airbus A321neo,Lufthansa,takeoff,depart,1625,325.4,95.5,,,,
2026-05-21,15:27:42,4b17fc,HB-JCE,C Series 300,Swiss,takeoff,depart,1200,283.7,97.8,,,,
2026-05-21,15:30:45,TAP492,CS-TPO,Embraer E190,TAP Air Portugal,takeoff,depart,1600,290.9,95.0,,,,
2026-05-21,15:33:03,BAW59Z,G-NEOY,Airbus A321neo,British Airways,takeoff,depart,1200,318.2,93.6,,,,
2026-05-21,15:36:04,TAP67AM,CS-TVQ,Airbus A320neo,TAP Air Portugal,takeoff,depart,1275,302.2,91.9,,,,
2026-05-21,15:48:24,461faa,OH-LZU,Airbus A321,Finnair,landing,arrivee,475,284.8,91.0,,,,
2026-05-21,15:51:30,4ba9cc,TC-JNL,Airbus A330-300,Turkish Airlines,landing,arrivee,475,283.7,97.4,,,,
2026-05-21,15:54:02,495145,CS-TJE,Airbus A321,TAP Air Portugal,landing,arrivee,525,280.6,84.7,,,,
2026-05-21,15:56:44,4ca9d0,EI-EVH,Boeing 737-800,Ryanair,landing,arrivee,425,291.3,96.8,,,,
2026-05-21,15:59:52,TAP90EH,CS-TUJ,Airbus A330-900neo,TAP Air Portugal,landing,arrivee,500,270.4,98.5,,,,
2026-05-21,16:02:33,TAP120R,CS-TVN,Airbus A320neo,TAP Air Portugal,landing,arrivee,525,259.7,87.7,,,,
2026-05-21,16:04:51,TAP763,EC-OCT,Airbus A321,TAP Air Portugal,landing,arrivee,500,279.7,88.8,,,,
2026-05-21,16:07:54,TAP1105,CS-TTX,Embraer E195,TAP Air Portugal,landing,arrivee,425,270.0,95.7,,,,
2026-05-21,16:10:54,ANE91TE,EC-MOX,Bombardier CRJ-1000,Air Nostrum,landing,arrivee,525,270.8,85.4,,,,
2026-05-21,16:13:39,RYR85MR,9H-LAX,Airbus A320,Lauda Europe,landing,arrivee,475,260.8,89.0,,,,
2026-05-21,16:16:18,495153,CS-TJS,Airbus A321neo,TAP Air Portugal,landing,arrivee,500,268.0,89.0,,,,
2026-05-21,16:19:06,TAP1137,CS-TAY,Embraer E195,TAP Air Portugal,landing,arrivee,500,248.4,95.6,,,,
2026-05-21,16:21:55,4952c7,CS-TVG,Airbus A320neo,TAP Air Portugal,landing,arrivee,475,260.8,88.9,,,,
2026-05-21,16:24:21,TAP433,CS-TJK,Airbus A321neo,TAP Air Portugal,landing,arrivee,500,255.9,86.1,,,,
2026-05-21,16:26:55,407689,G-UZHU,Airbus A320neo,easyJet,landing,arrivee,500,246.7,92.2,,,,
2026-05-21,16:29:31,RYR32KG,EI-DHA,Boeing 737-800,Ryanair,landing,arrivee,475,286.5,94.8,,,,
2026-05-21,16:31:06,3c54a1,D-AEEA,Airbus A321neo,Eurowings,landing,arrivee,550,269.7,88.4,,,,
2026-05-21,16:33:50,TAP1359,CS-TXJ,Airbus A321neo,TAP Air Portugal,landing,arrivee,525,282.4,85.4,,,,
2026-05-21,16:36:44,EJU95BR,OE-IWW,Airbus A320,easyJet Europe,landing,arrivee,500,253.2,92.0,,,,
2026-05-21,16:46:31,RYR55AR,EI-HMS,Boeing 737 MAX 8,Ryanair,landing,arrivee,475,293.7,90.2,,,,
2026-05-21,16:51:38,TAP1929,CS-TVA,Airbus A320neo,TAP Air Portugal,landing,arrivee,525,249.8,82.0,,,,
2026-05-21,16:54:06,TVF72AP,F-HUYM,Boeing 737-800,Transavia France,landing,arrivee,500,290.6,84.3,,,,
2026-05-21,16:57:02,471f8e,HA-LYS,Airbus A320,SAS Scandinavian,landing,arrivee,500,265.6,95.4,,,,
2026-05-21,16:59:30,TAP226,CS-TUA,Airbus A330-900neo,TAP Air Portugal,landing,arrivee,500,269.7,97.7,,,,
2026-05-21,17:03:57,RYR9654,EI-IHZ,Boeing 737 MAX 8,Ryanair,landing,arrivee,475,295.4,97.3,,,,
2026-05-21,17:07:51,VLG9QY,EC-MEA,Airbus A320,Vueling,landing,arrivee,475,276.5,93.4,,,,
2026-05-21,17:15:55,TAP1824,CS-TJN,Airbus A321neo,TAP Air Portugal,landing,arrivee,500,287.2,89.8,,,,
2026-05-21,17:17:49,TAP15NC,CS-TNN,Airbus A320,TAP Air Portugal,landing,arrivee,550,264.1,88.8,,,,
2026-05-21,17:20:35,RYR9QJ,EI-EBL,Boeing 737-800,Ryanair,landing,arrivee,575,295.4,84.5,,,,
2026-05-21,17:24:27,RAM982,CN-RHM,Boeing 737 MAX 8,Royal Air Maroc,landing,arrivee,500,288.9,83.3,,,,
2026-05-21,17:30:52,TRA27L,PH-HSJ,Boeing 737-800,Transavia,landing,arrivee,475,295.8,93.0,,,,
2026-05-21,17:36:06,EJU45HZ,OE-IDU,Airbus A320,easyJet Europe,landing,arrivee,525,278.9,86.4,,,,
2026-05-21,17:39:37,BAW506,G-EUYS,Airbus A320,British Airways,landing,arrivee,525,263.2,93.9,,,,
2026-05-21,17:42:36,AFR24MF,F-HZUY,BD-500-1A11,Air France,landing,arrivee,475,256.5,99.9,,,,
2026-05-21,17:45:38,TAP1558,CS-TVB,Airbus A320neo,TAP Air Portugal,landing,arrivee,500,278.9,89.0,,,,
2026-05-21,17:48:05,4854cd,PH-HBM,Boeing 737-800,Transavia,landing,arrivee,525,293.0,87.6,,,,
2026-05-21,17:50:58,4952c3,CS-TVC,Airbus A320neo,TAP Air Portugal,landing,arrivee,500,283.0,89.2,,,,
2026-05-21,17:54:16,TAP643,CS-TXG,Airbus A321neo,TAP Air Portugal,landing,arrivee,525,267.2,91.6,,,,
2026-05-21,17:56:43,RYR7GJ,EI-GXG,Boeing 737-800,Ryanair,landing,arrivee,500,304.5,93.1,,,,
2026-05-21,17:59:28,TAP298,CS-TUF,Airbus A330-900neo,TAP Air Portugal,landing,arrivee,550,284.8,83.5,,,,
2026-05-21,18:03:46,39d30f,F-HUYP,Boeing 737-800,Transavia France,landing,arrivee,525,291.3,91.1,,,,
2026-05-21,18:06:25,4951cb,CS-TNK,Airbus A320,TAP Air Portugal,landing,arrivee,550,263.9,87.2,,,,
2026-05-21,18:13:45,4952c4,CS-TVD,Airbus A320neo,TAP Air Portugal,landing,arrivee,525,241.5,92.5,,,,
2026-05-21,18:23:59,RYR647X,EI-ENO,Boeing 737-800,Ryanair,landing,arrivee,500,289.7,93.6,,,,
2026-05-21,18:30:35,495213,CS-TPS,Embraer E190,TAP Air Portugal,landing,arrivee,500,253.2,94.2,,,,
2026-05-21,18:33:21,3424d5,EC-KDG,Airbus A320,Vueling,landing,arrivee,425,271.7,96.2,,,,
2026-05-21,18:36:02,495170,CS-TKP,Airbus A320,TAP Air Portugal,landing,arrivee,500,278.0,91.1,,,,
2026-05-21,18:38:32,NSZ2WK,SE-RTG,Boeing 737 MAX 8,Norwegian Air Sweden AOC,landing,arrivee,500,290.4,94.7,,,,
2026-05-21,18:41:34,EJU92TK,OE-LQI,Airbus A319,easyJet Europe,landing,arrivee,500,258.4,98.0,,,,
2026-05-21,18:44:17,4853d0,PH-HXF,Boeing 737-800,Transavia,landing,arrivee,525,287.2,95.6,,,,
2026-05-21,18:47:43,TAP1906,CS-TPY,Embraer E190,TAP Air Portugal,landing,arrivee,450,246.7,99.2,,,,
2026-05-21,18:50:25,BEL2DT,OO-SNF,Airbus A320,Brussels Airlines,landing,arrivee,475,258.4,98.2,,,,
2026-05-21,18:53:21,4951cc,CS-TNL,Airbus A320,TAP Air Portugal,landing,arrivee,550,237.4,78.3,,,,
2026-05-21,18:55:44,AEA1157,EC-MUZ,Boeing 737-800,Air Europa,landing,arrivee,500,282.1,93.4,,,,
2026-05-21,19:03:50,495299,CS-TTY,Embraer E195,TAP Air Portugal,landing,arrivee,475,271.3,92.2,,,,
2026-05-21,19:05:49,TAY2MN,OE-IWB,Boeing 737-800,Iberia,landing,arrivee,550,258.9,86.1,,,,
2026-05-21,19:08:43,4952cb,CS-TVK,Airbus A320neo,TAP Air Portugal,landing,arrivee,525,243.2,87.7,,,,
2026-05-21,19:10:31,RYR5KT,EI-DHR,Boeing 737-800,Ryanair,landing,arrivee,425,286.5,94.4,,,,
2026-05-21,19:13:11,4951d7,CS-TNW,Airbus A320,TAP Air Portugal,landing,arrivee,525,259.7,86.2,,,,
2026-05-21,19:18:30,4d241e,9H-WAI,Airbus A321,Lauda Europe,landing,arrivee,525,255.6,90.6,,,,
2026-05-21,19:21:17,8963d9,A6-EPJ,Boeing 777-300ER,Emirates,landing,arrivee,525,281.3,90.8,,,,
2026-05-21,19:23:44,GOLDN61,26902,E390,,landing,arrivee,625,255.6,80.5,,,,
2026-05-21,19:26:12,VOE2728,EC-NOS,Airbus A320,Volotea,landing,arrivee,525,264.8,86.7,,,,
2026-05-21,19:29:16,49514c,CS-TJL,Airbus A321neo,TAP Air Portugal,landing,arrivee,550,265.6,86.5,,,,
2026-05-21,19:31:56,TVF90KW,F-HTVH,Boeing 737-800,Transavia France,landing,arrivee,500,266.3,90.2,,,,
2026-05-21,19:34:39,TAP1361,CS-TVJ,Airbus A320neo,TAP Air Portugal,landing,arrivee,550,275.6,80.5,,,,
2026-05-21,19:49:07,49514d,CS-TJM,Airbus A321neo,TAP Air Portugal,landing,arrivee,550,257.6,87.3,,,,
2026-05-21,19:54:28,IBE0537,EC-LXQ,Airbus A320,Iberia,landing,arrivee,500,263.2,92.7,,,,
2026-05-21,19:57:23,4952d0,CS-TVP,Airbus A320neo,TAP Air Portugal,landing,arrivee,525,257.2,88.2,,,,
2026-05-21,20:00:47,49520f,CS-TPO,Embraer E190,TAP Air Portugal,landing,arrivee,500,249.1,96.1,,,,
2026-05-21,20:03:28,495297,CS-TTW,Embraer E195,TAP Air Portugal,landing,arrivee,475,244.8,94.8,,,,
2026-05-21,20:05:33,TAP94VA,CS-TXC,Airbus A321neo,TAP Air Portugal,landing,arrivee,550,278.9,88.9,,,,
2026-05-21,20:09:06,495215,CS-TPU,Embraer E190,TAP Air Portugal,landing,arrivee,500,250.8,91.2,,,,
2026-05-21,20:11:40,4951cd,CS-TNM,Airbus A320,TAP Air Portugal,landing,arrivee,550,250.0,86.0,,,,
2026-05-21,20:14:23,4caff7,EI-ILJ,Boeing 737 MAX 8,Ryanair,landing,arrivee,500,285.6,98.5,,,,
2026-05-21,20:17:07,EZY26YM,G-UZMB,Airbus A321neo,easyJet,landing,arrivee,525,277.2,86.7,,,,
2026-05-21,20:19:40,495304,CS-TXD,Airbus A321neo,TAP Air Portugal,landing,arrivee,575,273.9,78.8,,,,
2026-05-21,20:22:10,EZY25BM,G-EZGK,Airbus A319,easyJet,landing,arrivee,525,258.4,82.2,,,,
2026-05-21,20:24:42,49514a,CS-TJJ,Airbus A321neo,TAP Air Portugal,landing,arrivee,550,270.8,83.8,,,,
2026-05-21,20:27:15,4952cc,CS-TVL,Airbus A320,TAP Air Portugal,cruise,,525,0.0,89.5,,,,
2026-05-21,20:29:32,RYR384,EI-IKK,Boeing 737 MAX 8,Ryanair,landing,arrivee,525,285.6,88.7,,,,
2026-05-21,20:32:24,PGT1741,TC-NBV,Airbus A320neo,Pegasus,landing,arrivee,500,244.8,95.2,,,,
2026-05-21,20:34:59,TAP473H,CS-TPV,Embraer E190,TAP Air Portugal,landing,arrivee,525,242.4,90.8,,,,
2026-05-21,20:37:31,VLG8UE,EC-NCF,Airbus A320neo,Vueling,landing,arrivee,550,247.2,82.0,,,,
2026-05-21,20:40:03,EWG6TR,9H-EUT,Airbus A320,Eurowings,landing,arrivee,500,257.2,99.5,,,,
2026-05-21,20:42:41,RYR59QQ,9H-QBI,Boeing 737-800,Malta Air,landing,arrivee,500,292.1,97.0,,,,
2026-05-21,20:45:18,WMT537,HA-LZK,Airbus A321neo,SAS Scandinavian,landing,arrivee,500,277.2,95.1,,,,
2026-05-21,20:47:50,VLG14YF,EC-KDX,Airbus A320,Vueling,landing,arrivee,500,261.5,95.7,,,,
2026-05-21,20:59:18,4952cf,CS-TVO,Airbus A320neo,TAP Air Portugal,landing,arrivee,450,270.8,99.4,,,,
2026-05-21,21:02:22,495211,CS-TPQ,Embraer E190,TAP Air Portugal,landing,arrivee,475,254.8,86.3,,,,
2026-05-21,21:04:16,TAP1692,CS-TTX,Embraer E195,TAP Air Portugal,landing,arrivee,450,268.2,97.1,,,,
2026-05-21,21:06:26,0a0076,7T-VKF,Boeing 737-800,Air Algerie,landing,arrivee,500,275.6,96.8,,,,
2026-05-21,21:10:46,4cc2a6,TF-FIO,757 208/W,Icelandair,landing,arrivee,500,271.3,97.9,,,,
2026-05-21,21:14:15,0900bb,D2-TEG,Boeing 777-300ER,TAAG Angola Airlines,landing,arrivee,525,273.9,86.2,,,,
2026-05-21,21:16:59,49529a,CS-TTZ,Embraer E195,TAP Air Portugal,landing,arrivee,500,242.4,87.8,,,,
2026-05-21,21:25:24,4ca703,EI-EBF,Boeing 737-800,Ryanair,landing,arrivee,525,268.0,91.5,,,,
2026-05-21,21:30:17,TAP863Y,CS-TNS,Airbus A320,TAP Air Portugal,landing,arrivee,550,267.2,78.2,,,,
2026-05-21,21:40:37,49514f,CS-TJO,Airbus A321neo,TAP Air Portugal,landing,arrivee,550,261.5,86.4,,,,
2026-05-21,21:43:15,49521a,CS-TPZ,Embraer E190,TAP Air Portugal,landing,arrivee,525,250.8,86.3,,,,
2026-05-21,21:45:51,TAP827V,CS-TNQ,Airbus A320,TAP Air Portugal,landing,arrivee,525,265.8,85.0,,,,
2026-05-21,21:48:54,TAP93ZS,CS-TTP,Airbus A319,TAP Air Portugal,landing,arrivee,525,257.2,87.7,,,,
2026-05-21,21:51:26,4951ca,CS-TNJ,Airbus A320,TAP Air Portugal,landing,arrivee,550,257.2,86.5,,,,
2026-05-21,21:54:12,440c38,OE-LSJ,Airbus A320neo,Vueling,landing,arrivee,500,277.2,91.0,,,,
2026-05-21,21:56:45,RZO134,CS-TKQ,Airbus A320,TAP Air Portugal,landing,arrivee,525,261.5,92.1,,,,
2026-05-21,21:59:09,RYR8AT,EI-EME,Boeing 737-800,Ryanair,landing,arrivee,500,278.0,96.8,,,,
2026-05-21,22:01:38,4952d1,CS-TVQ,Airbus A320neo,TAP Air Portugal,cruise,,550,251.9,86.3,,,,
2026-05-21,22:04:24,TAP435,CS-TVI,Airbus A320neo,TAP Air Portugal,landing,arrivee,525,244.8,80.0,,,,
2026-05-21,22:06:52,3c6650,D-AIRP,Airbus A321,Lufthansa,landing,arrivee,525,288.9,80.7,,,,
2026-05-21,22:09:42,RYR8HG,EI-IFS,Boeing 737 MAX 8,Ryanair,landing,arrivee,475,291.3,91.0,,,,
2026-05-21,22:12:14,495214,CS-TPT,Embraer E190,TAP Air Portugal,landing,arrivee,500,244.8,84.7,,,,
2026-05-21,22:14:45,495218,CS-TPX,Embraer E190,TAP Air Portugal,landing,arrivee,500,254.8,88.4,,,,
2026-05-21,22:17:17,495213,CS-TPS,Embraer E190,TAP Air Portugal,landing,arrivee,500,243.2,88.2,,,,
2026-05-21,22:19:33,TAP783,CS-TVF,Airbus A320neo,TAP Air Portugal,landing,arrivee,525,262.4,92.0,,,,
2026-05-21,22:21:20,495292,CS-TTR,Airbus A319,TAP Air Portugal,landing,arrivee,525,259.7,88.1,,,,
2026-05-21,22:23:35,4400f3,OE-IDO,Airbus A320,easyJet Europe,landing,arrivee,500,255.6,89.1,,,,
2026-05-21,22:26:20,TAP837,CS-TVH,Airbus A320neo,TAP Air Portugal,landing,arrivee,500,243.2,95.2,,,,
2026-05-21,22:32:22,495149,CS-TJI,Airbus A321neo,TAP Air Portugal,landing,arrivee,550,282.4,84.0,,,,
2026-05-21,22:34:06,DLH64P,D-AIDN,Airbus A321,Lufthansa,landing,arrivee,525,283.0,84.2,,,,
2026-05-21,22:37:05,EJU93ZB,OE-LSF,Airbus A320neo,easyJet Europe,landing,arrivee,500,243.2,86.9,,,,
2026-05-21,22:39:20,4c01e2,YU-APC,Airbus A319,Air Serbia,landing,arrivee,500,267.2,97.1,,,,
2026-05-21,22:42:12,TAP437X,CS-TJE,Airbus A321,TAP Air Portugal,landing,arrivee,525,278.0,85.1,,,,
2026-05-21,22:44:14,TAP1369,CS-TVM,Airbus A320neo,TAP Air Portugal,landing,arrivee,500,268.9,91.5,,,,
2026-05-21,22:46:05,39e4ac,F-HZFM,Airbus A320,Air France,landing,arrivee,550,268.9,76.8,,,,
2026-05-21,22:48:19,RYR7VL,EI-EVK,Boeing 737-800,Ryanair,landing,arrivee,500,280.6,81.3,,,,
2026-05-21,22:51:54,EJU32GK,OE-LSV,Airbus A320neo,easyJet Europe,landing,arrivee,525,265.6,86.5,,,,
2026-05-21,22:54:52,495150,CS-TJP,Airbus A321neo,TAP Air Portugal,landing,arrivee,550,280.6,90.6,,,,
2026-05-21,22:58:07,EJU7690,OE-IBF,Airbus A320,easyJet Europe,landing,arrivee,525,262.4,85.6,,,,
2026-05-21,23:01:06,49514b,CS-TJK,Airbus A321neo,TAP Air Portugal,landing,arrivee,550,280.6,87.6,,,,
2026-05-21,23:03:00,440cbf,OE-LSO,Airbus A320,easyJet Europe,landing,arrivee,500,274.8,81.5,,,,
2026-05-21,23:05:13,4868f7,PH-AXP,Airbus A321neo,KLM,landing,arrivee,575,258.9,81.8,,,,
2026-05-21,23:08:55,4951d6,CS-TNV,Airbus A320,TAP Air Portugal,landing,arrivee,550,263.9,83.5,,,,
2026-05-21,23:11:51,4080e3,G-TTNY,Airbus A320neo,British Airways,landing,arrivee,575,253.2,78.0,,,,
2026-05-21,23:14:09,THY2ES,TC-LCS,Boeing 737 MAX 8,Turkish Airlines,landing,arrivee,475,287.2,98.0,,,,
2026-05-21,23:16:57,4d2262,9H-QAY,Boeing 737-800,Malta Air,landing,arrivee,500,285.6,98.4,,,,
2026-05-21,23:19:33,DLH23C,D-AISP,Airbus A321,Lufthansa,landing,arrivee,525,280.6,91.1,,,,
2026-05-21,23:21:56,TAP35MT,CS-TNR,Airbus A320,TAP Air Portugal,landing,arrivee,475,239.1,86.3,,,,
2026-05-21,23:23:28,IBE0539,EC-JQZ,Airbus A321,Iberia,landing,arrivee,475,269.7,88.1,,,,
2026-05-21,23:26:55,SWR755L,HB-JPC,Airbus A321,Swiss,landing,arrivee,500,251.5,91.9,,,,
2026-05-21,23:29:22,4952cb,CS-TVK,Airbus A320neo,TAP Air Portugal,landing,arrivee,525,239.1,89.8,,,,
2026-05-21,23:32:16,TAP1478,CS-TVR,Airbus A320neo,TAP Air Portugal,landing,arrivee,425,264.8,99.6,,,,
2026-05-21,23:34:36,3475c9,EC-OCT,Airbus A321,TAP Air Portugal,landing,arrivee,525,275.6,87.2,,,,
2026-05-21,23:36:21,4caff7,EI-ILJ,Boeing 737 MAX 8,Ryanair,landing,arrivee,475,269.7,96.7,,,,
2026-05-21,23:38:31,495212,CS-TPR,Embraer E190,TAP Air Portugal,landing,arrivee,500,237.4,88.0,,,,
2026-05-21,23:41:23,495039,CS-TAY,Embraer E195,TAP Air Portugal,landing,arrivee,500,242.4,87.5,,,,
2026-05-21,23:42:59,440daf,OE-IDU,Airbus A320,easyJet Europe,landing,arrivee,525,271.3,81.5,,,,
2026-05-21,23:46:00,TVF47RH,F-HTVN,Boeing 737-800,Transavia France,landing,arrivee,475,281.3,94.8,,,,
2026-05-21,23:49:05,EJU19TV,OE-LSQ,Airbus A320,easyJet Europe,landing,arrivee,500,241.5,83.7,,,,
2026-05-21,23:52:17,TVF34QV,F-HUYF,Boeing 737-800,Transavia France,landing,arrivee,475,281.3,98.6,,,,
2026-05-22,00:00:41,4cac7f,EI-HMS,Boeing 737 MAX 8,Ryanair,landing,arrivee,475,276.5,95.9,,,,
2026-05-22,00:04:35,EJU36BG,OE-IBS,Airbus A320,easyJet Europe,landing,arrivee,500,268.9,89.6,,,,
2026-05-22,00:59:05,MMZ660P,CS-TST,767 34PER,TAP Air Portugal,landing,arrivee,525,239.1,89.6,,,,
2026-05-22,01:01:00,RZO128,CS-TKP,Airbus A320,TAP Air Portugal,landing,arrivee,525,255.2,80.2,,,,
2026-05-22,01:03:38,46b832,SX-NAR,Airbus A321neo,Aegean Airlines,landing,arrivee,600,248.0,89.4,,,,
2026-05-22,04:36:03,TAP074,CS-TUO,Airbus A330-900neo,TAP Air Portugal,landing,arrivee,600,282.4,89.1,,,,
2026-05-22,04:40:29,4952a8,CS-TUH,Airbus A330-900neo,TAP Air Portugal,landing,arrivee,550,273.9,98.4,,,,
2026-05-22,05:01:55,TAP258,CS-TXM,Airbus A321,TAP Air Portugal,landing,arrivee,575,260.8,87.4,,,,
2026-05-22,05:16:59,495309,CS-TXI,Airbus A321neo,TAP Air Portugal,landing,arrivee,575,283.0,88.3,,,,
2026-05-22,05:18:39,4952ac,CS-TUL,Airbus A330-900neo,TAP Air Portugal,landing,arrivee,575,274.1,88.2,,,,
2026-05-22,05:27:43,495306,CS-TXF,Airbus A321neo,TAP Air Portugal,landing,arrivee,550,285.6,88.0,,,,
2026-05-22,05:35:43,495305,CS-TXE,Airbus A321neo,TAP Air Portugal,landing,arrivee,550,260.8,89.9,,,,
2026-05-22,05:46:07,TAP1550,CS-TVP,Airbus A320neo,TAP Air Portugal,landing,arrivee,575,270.8,82.5,,,,
2026-05-22,05:52:03,TAP058,CS-TUB,Airbus A330-900neo,TAP Air Portugal,landing,arrivee,575,268.9,90.9,,,,
2026-05-22,06:00:35,4952c9,CS-TVI,Airbus A320neo,TAP Air Portugal,landing,arrivee,525,241.5,89.3,,,,
2026-05-22,06:11:37,4952ca,CS-TVJ,Airbus A320neo,TAP Air Portugal,landing,arrivee,575,254.8,80.0,,,,
2026-05-22,06:19:19,TAP104,CS-TUI,Airbus A330-900neo,TAP Air Portugal,landing,arrivee,550,265.8,91.7,,,,
2026-05-22,06:22:06,TAP11VP,CS-TTZ,Embraer E195,TAP Air Portugal,landing,arrivee,500,256.5,98.3,,,,
2026-05-22,06:24:41,TAP1097,CS-TPY,Embraer E190,TAP Air Portugal,landing,arrivee,450,231.9,99.2,,,,
2026-05-22,06:27:19,4952cc,CS-TVL,Airbus A320,TAP Air Portugal,landing,arrivee,525,243.9,94.8,,,,
2026-05-22,06:35:41,TAY1MN,OE-IXN,Boeing 737-800,Iberia,landing,arrivee,525,273.2,95.7,,,,
2026-05-22,06:40:37,495297,CS-TTW,Embraer E195,TAP Air Portugal,landing,arrivee,500,264.1,91.2,,,,
2026-05-22,06:42:59,DTA650,D2-TEK,Boeing 777-300ER,TAAG Angola Airlines,landing,arrivee,525,277.2,93.3,,,,
2026-05-22,06:45:47,AEA1159,EC-MQP,Boeing 737-800,Air Europa,landing,arrivee,475,248.4,96.5,,,,
2026-05-22,06:48:08,TAP1908,CS-TNS,Airbus A320,TAP Air Portugal,landing,arrivee,525,257.2,90.6,,,,
2026-05-22,06:51:04,495145,CS-TJE,Airbus A321,TAP Air Portugal,landing,arrivee,525,274.8,85.3,,,,
2026-05-22,06:59:35,495307,CS-TXG,Airbus A321neo,TAP Air Portugal,landing,arrivee,575,283.7,81.8,,,,
2026-05-22,07:04:46,SRR6646,OY-SRM,767 25EBDSF,Star Air,landing,arrivee,500,246.7,99.7,,,,
2026-05-22,07:08:31,495215,CS-TPU,Embraer E190,TAP Air Portugal,landing,arrivee,500,239.1,94.1,,,,
2026-05-22,07:11:07,TAP1139,CS-TTX,Embraer E195,TAP Air Portugal,landing,arrivee,475,258.4,99.7,,,,
2026-05-22,07:14:41,TAP98CX,CS-TNJ,Airbus A320,TAP Air Portugal,landing,arrivee,500,259.7,96.9,,,,
2026-05-22,07:17:29,4951ce,CS-TNN,Airbus A320,TAP Air Portugal,landing,arrivee,500,264.8,98.4,,,,
2026-05-22,07:20:04,RYR7VL,9H-QDM,Boeing 737-800,Malta Air,landing,arrivee,500,273.9,91.6,,,,
2026-05-22,07:24:12,495037,CS-TAW,Embraer E195,TAP Air Portugal,landing,arrivee,500,260.8,94.0,,,,
2026-05-22,07:26:59,49520f,CS-TPO,Embraer E190,TAP Air Portugal,landing,arrivee,550,241.5,86.4,,,,
2026-05-22,07:29:50,DAL272,N423DX,Airbus A330-900neo,Delta Air Lines,landing,arrivee,525,263.2,95.1,,,,
2026-05-22,07:32:34,TAP9ML,CS-TNM,Airbus A320,TAP Air Portugal,landing,arrivee,525,249.8,93.0,,,,
2026-05-22,07:35:27,IBE05TR,EC-MXY,Airbus A320neo,Iberia,landing,arrivee,550,248.4,87.5,,,,
2026-05-22,07:38:11,3c5428,D-AEAH,A300 B4-622RF,Lufthansa,landing,arrivee,550,249.8,94.6,,,,
2026-05-22,07:40:31,AZU8900,CS-TSX,Boeing 777-200,Azul,landing,arrivee,525,268.0,95.8,,,,
2026-05-22,07:43:12,TAP8RL,CS-TNW,Airbus A320,TAP Air Portugal,landing,arrivee,575,263.2,80.3,,,,
2026-05-22,07:46:11,TAP1023,CS-TVO,Airbus A320neo,TAP Air Portugal,landing,arrivee,525,268.9,92.3,,,,
2026-05-22,07:50:26,TAP945,CS-TVD,Airbus A320neo,TAP Air Portugal,landing,arrivee,475,267.2,98.2,,,,
2026-05-22,07:52:46,e48ba8,PT-MUE,Boeing 777-300ER,LATAM Airlines,landing,arrivee,525,275.6,95.8,,,,
2026-05-22,07:55:36,4952c2,CS-TVB,Airbus A320neo,TAP Air Portugal,landing,arrivee,575,271.3,86.9,,,,
2026-05-22,07:58:34,4951cc,CS-TNL,Airbus A320,TAP Air Portugal,landing,arrivee,550,258.9,89.0,,,,
2026-05-22,08:01:34,TAP1939,CS-TPQ,Embraer E190,TAP Air Portugal,landing,arrivee,475,249.8,99.5,,,,
2026-05-22,08:08:13,VLG14YF,EC-OGC,Airbus A320,Vueling,landing,arrivee,550,252.4,83.0,,,,
2026-05-22,08:11:37,408181,G-UZEF,Airbus A320neo,easyJet,landing,arrivee,550,261.5,87.4,,,,
2026-05-22,08:15:45,495153,CS-TJS,Airbus A321neo,TAP Air Portugal,landing,arrivee,575,275.6,79.8,,,,
2026-05-22,08:18:41,495216,CS-TPV,Embraer E190,TAP Air Portugal,landing,arrivee,475,264.8,91.8,,,,
2026-05-22,08:21:11,3475d9,EC-ODL,Airbus A320,,landing,arrivee,525,253.2,90.4,,,,
2026-05-22,08:23:37,RYR384,EI-HGN,Boeing 737 MAX 8,Ryanair,landing,arrivee,500,280.4,91.2,,,,
2026-05-22,08:31:19,ACA812,C-GOFW,Airbus A330-300,Air Canada,landing,arrivee,450,251.5,99.5,,,,
2026-05-22,08:33:43,RYR4XW,EI-DYX,Boeing 737-800,Ryanair,landing,arrivee,500,280.4,97.0,,,,
2026-05-22,08:36:44,TAP53EI,CS-TVN,Airbus A320neo,TAP Air Portugal,landing,arrivee,525,277.2,90.1,,,,
2026-05-22,08:39:11,49514e,CS-TJN,Airbus A321neo,TAP Air Portugal,landing,arrivee,525,276.5,91.6,,,,
2026-05-22,08:42:33,TAP63GL,CS-TJL,Airbus A321neo,TAP Air Portugal,landing,arrivee,525,257.2,84.2,,,,
2026-05-22,08:45:09,495308,CS-TXH,Airbus A321neo,TAP Air Portugal,landing,arrivee,475,271.3,93.9,,,,
2026-05-22,08:47:27,AAL258,N841AN,Boeing 787-9,American Airlines,landing,arrivee,475,293.0,95.2,,,,
2026-05-22,08:50:07,TAP56DP,CS-TVG,Airbus A320neo,TAP Air Portugal,landing,arrivee,500,249.1,95.6,,,,
2026-05-22,08:52:47,TVF55WH,F-HXSU,Airbus A320neo,Transavia France,landing,arrivee,525,240.8,90.3,,,,
2026-05-22,08:56:14,RYR14SC,EI-IJX,Boeing 737 MAX 8,Ryanair,landing,arrivee,425,275.8,95.9,,,,
2026-05-22,09:02:28,TSC480,C-GUBC,Airbus A330-200,Air Transat,landing,arrivee,425,282.1,95.9,,,,
2026-05-22,09:05:32,4952c1,CS-TVA,Airbus A320neo,TAP Air Portugal,landing,arrivee,500,251.5,96.1,,,,
2026-05-22,09:12:09,4caa5c,EI-EVX,Boeing 737-800,Ryanair,cruise,,500,0.0,91.8,,,,
2026-05-22,09:17:30,EZY47LC,G-UZLK,Airbus A320neo,easyJet,landing,arrivee,500,246.7,88.1,,,,
2026-05-22,09:20:43,TAP072,CS-TUS,Airbus A330-900neo,TAP Air Portugal,landing,arrivee,450,269.7,97.8,,,,
2026-05-22,09:23:23,THY3WE,TC-LPD,Airbus A321neo,Turkish Airlines,landing,arrivee,500,276.5,87.6,,,,
2026-05-22,09:25:57,3e5241,D-IWIR,Citation CJ2,Excellent Air,landing,arrivee,600,219.1,76.7,,,,
2026-05-22,09:41:59,UAL64,N16008,Boeing 787-10,United Airlines,landing,arrivee,425,287.2,98.8,,,,
2026-05-22,09:44:31,TAP036,CS-TUG,Airbus A330-900neo,TAP Air Portugal,landing,arrivee,500,274.8,92.4,,,,
2026-05-22,09:47:11,4951cb,CS-TNK,Airbus A320,TAP Air Portugal,landing,arrivee,500,251.5,82.8,,,,
2026-05-22,09:51:48,495266,CS-TSF,Airbus A321neo,TAP Air Portugal,landing,arrivee,525,257.2,88.8,,,,
2026-05-22,09:54:18,407568,G-UZHI,Airbus A320neo,easyJet,landing,arrivee,550,249.1,84.5,,,,
2026-05-22,09:56:52,BAW50P,G-TNEI,Airbus A321neo,British Airways,landing,arrivee,475,274.1,99.7,,,,
2026-05-22,09:59:00,440daf,OE-IDU,Airbus A320,easyJet Europe,landing,arrivee,500,269.7,89.5,,,,
2026-05-22,10:03:28,49530b,CS-TXK,Airbus A321,TAP Air Portugal,landing,arrivee,525,254.8,88.8,,,,
2026-05-22,10:07:34,RZO328,CS-TSJ,Airbus A321neo,TAP Air Portugal,landing,arrivee,475,274.8,88.5,,,,
2026-05-22,10:10:04,TAP11SV,CS-TTZ,Embraer E195,TAP Air Portugal,landing,arrivee,450,268.9,97.0,,,,
2026-05-22,10:12:58,49514a,CS-TJJ,Airbus A321neo,TAP Air Portugal,landing,arrivee,475,277.2,88.5,,,,
2026-05-22,10:16:08,a1f1a0,N224UA,Boeing 777-200,United Airlines,landing,arrivee,500,258.7,92.4,,,,
2026-05-22,10:18:36,TAP012,CS-TXB,Airbus A321neo,TAP Air Portugal,landing,arrivee,500,274.5,99.0,,,,
2026-05-22,10:21:15,TAP216L,CS-TXJ,Airbus A321neo,TAP Air Portugal,landing,arrivee,550,254.8,82.7,,,,
2026-05-22,10:25:03,TAP1826,CS-TTY,Embraer E195,TAP Air Portugal,landing,arrivee,500,266.3,88.2,,,,
2026-05-22,10:27:00,TAP204A,CS-TUJ,Airbus A330-900neo,TAP Air Portugal,landing,arrivee,500,267.2,93.6,,,,
2026-05-22,10:30:00,DAL124,N431DX,Airbus A330-900neo,Delta Air Lines,landing,arrivee,475,264.8,99.9,,,,
2026-05-22,10:32:39,4952a4,CS-TUD,Airbus A330-900neo,TAP Air Portugal,landing,arrivee,500,272.4,98.6,,,,
2026-05-22,10:35:31,c0173f,C-FIUW,Boeing 777-300ER,Air Canada,landing,arrivee,525,283.0,91.0,,,,
2026-05-22,10:38:09,4ca9d3,EI-EVK,Boeing 737-800,Ryanair,landing,arrivee,475,288.9,86.2,,,,
2026-05-22,10:40:43,4952c8,CS-TVH,Airbus A320neo,TAP Air Portugal,landing,arrivee,450,250.8,99.1,,,,
2026-05-22,10:42:57,34604d,EC-MUZ,Boeing 737-800,Air Europa,landing,arrivee,525,269.7,86.3,,,,
2026-05-22,10:45:40,495305,CS-TXE,Airbus A321neo,TAP Air Portugal,landing,arrivee,500,275.6,93.2,,,,
2026-05-22,10:48:16,495214,CS-TPT,Embraer E190,TAP Air Portugal,landing,arrivee,500,247.2,86.3,,,,
2026-05-22,10:50:48,AZU8752,CS-TGD,Airbus A330-200,Azul,landing,arrivee,525,262.4,95.1,,,,
2026-05-22,10:53:41,RYR668T,EI-IKN,Boeing 737 MAX 8,Ryanair,landing,arrivee,475,287.2,97.9,,,,
2026-05-22,10:55:59,49530c,CS-TXL,Airbus A321neo,TAP Air Portugal,landing,arrivee,500,272.4,85.2,,,,
2026-05-22,10:57:46,4ca27c,EI-DHO,Boeing 737-800,Ryanair,landing,arrivee,525,277.2,88.5,,,,
2026-05-22,11:00:09,4d00f3,LX-LBB,Boeing 737-800,Luxair,landing,arrivee,425,277.2,98.2,,,,
2026-05-22,11:01:59,4952c3,CS-TVC,Airbus A320neo,TAP Air Portugal,landing,arrivee,550,243.9,79.2,,,,
2026-05-22,11:04:34,RZO322,CS-TSI,Airbus A321neo,TAP Air Portugal,landing,arrivee,525,275.6,79.8,,,,
2026-05-22,11:07:02,4ca2c0,EI-DLC,Boeing 737-800,Ryanair,landing,arrivee,500,283.7,89.0,,,,
2026-05-22,11:09:59,4867c1,PH-AXF,Airbus A321neo,KLM,landing,arrivee,500,249.1,83.3,,,,
2026-05-22,11:12:17,440072,OE-LSF,Airbus A320neo,easyJet Europe,landing,arrivee,550,264.8,79.7,,,,
2026-05-22,11:14:49,495307,CS-TXG,Airbus A321neo,TAP Air Portugal,landing,arrivee,525,271.3,84.8,,,,
2026-05-22,11:17:24,BEL2DY,OO-SBE,Airbus A320neo,Brussels Airlines,landing,arrivee,550,249.1,85.5,,,,
2026-05-22,11:20:34,AFR41GW,F-HPNG,BD-500-1A11,Air France,landing,arrivee,500,239.1,78.0,,,,
2026-05-22,11:22:54,4952cd,CS-TVM,Airbus A320neo,TAP Air Portugal,landing,arrivee,550,278.0,65.4,,,,
2026-05-22,11:26:18,4952ab,CS-TUK,Airbus A330-900neo,TAP Air Portugal,landing,arrivee,525,274.8,90.5,,,,
2026-05-22,11:28:48,440d10,OE-IBS,Airbus A320,easyJet Europe,landing,arrivee,550,271.3,86.7,,,,
2026-05-22,11:31:28,4868ba,PH-YHR,Airbus A321neo,Transavia,landing,arrivee,525,250.0,83.7,,,,
2026-05-22,11:34:32,TAP429,CS-TAY,Embraer E195,TAP Air Portugal,landing,arrivee,500,261.5,82.3,,,,
2026-05-22,11:37:34,TAP210,CS-TUR,Airbus A330-900neo,TAP Air Portugal,landing,arrivee,500,263.2,86.5,,,,
2026-05-22,11:40:29,EJU14YR,OE-IDO,Airbus A320,easyJet Europe,landing,arrivee,450,268.2,99.3,,,,
2026-05-22,11:43:42,3420cb,EC-IZH,Airbus A320,Iberia,landing,arrivee,525,263.2,75.8,,,,
2026-05-22,11:52:02,440c38,OE-LSJ,Airbus A320neo,Vueling,landing,arrivee,575,269.7,80.3,,,,
2026-05-22,12:00:50,4952c2,CS-TVB,Airbus A320neo,TAP Air Portugal,landing,arrivee,550,249.1,93.3,,,,
2026-05-22,12:03:10,EWG8602,D-AENA,Airbus A320neo,Eurowings,landing,arrivee,550,250.8,75.5,,,,
2026-05-22,12:08:54,DLH39X,D-AIEN,Airbus A321neo,Lufthansa,landing,arrivee,525,261.5,87.0,,,,
2026-05-22,12:13:54,8963d7,A6-EPH,Boeing 777-300ER,Emirates,landing,arrivee,550,287.2,89.9,,,,
2026-05-22,12:16:41,4d24e7,9H-SWC,Airbus A320,Eurowings,landing,arrivee,525,259.7,87.6,,,,
2026-05-22,12:19:42,495150,CS-TJP,Airbus A321neo,TAP Air Portugal,landing,arrivee,525,258.9,81.3,,,,
2026-05-22,12:21:44,EJU56VP,OE-IBF,Airbus A320,easyJet Europe,landing,arrivee,525,269.7,89.6,,,,
2026-05-22,12:25:30,TAM8148,PT-MUC,Boeing 777-300ER,LATAM Airlines,landing,arrivee,500,287.2,91.6,,,,
2026-05-22,12:36:32,39d313,F-HUYT,Boeing 737-800,Transavia France,landing,arrivee,525,288.9,80.2,,,,
2026-05-22,12:40:40,EJU38DF,OE-LSQ,Airbus A320,easyJet Europe,landing,arrivee,550,262.4,70.4,,,,
2026-05-22,12:44:23,495211,CS-TPQ,Embraer E190,TAP Air Portugal,landing,arrivee,475,241.5,92.5,,,,
2026-05-22,12:47:23,40815b,G-UZED,Airbus A320neo,easyJet,landing,arrivee,575,283.0,81.0,,,,
2026-05-22,12:50:13,4d2262,9H-QAY,Boeing 737-800,Malta Air,landing,arrivee,525,293.0,85.3,,,,
2026-05-22,13:02:30,VLG8JM,EC-MPV,Airbus A321,Vueling,landing,arrivee,450,284.5,90.5,,,,
2026-05-22,13:07:28,TAP118,CS-TUN,Airbus A330-900neo,TAP Air Portugal,landing,arrivee,500,283.0,95.1,,,,
2026-05-22,13:10:57,495215,CS-TPU,Embraer E190,TAP Air Portugal,landing,arrivee,500,266.3,87.5,,,,
2026-05-22,13:15:21,495213,CS-TPS,Embraer E190,TAP Air Portugal,landing,arrivee,550,254.8,84.0,,,,
2026-05-22,13:19:21,495298,CS-TTX,Embraer E195,TAP Air Portugal,landing,arrivee,500,283.0,88.7,,,,
2026-05-22,13:21:31,48af19,SP-LVQ,Boeing 737 MAX 8,LOT Polish Airlines,landing,arrivee,500,302.1,94.4,,,,
2026-05-22,13:24:15,440209,OE-IZH,Airbus A320,easyJet Europe,landing,arrivee,550,280.4,88.0,,,,
2026-05-22,13:26:55,4952c9,CS-TVI,Airbus A320neo,TAP Air Portugal,landing,arrivee,525,283.0,78.3,,,,
2026-05-22,13:29:26,3c64a5,D-AIEE,Airbus A321neo,Lufthansa,landing,arrivee,575,274.1,85.1,,,,
2026-05-22,13:32:18,TAP43JD,CS-TJK,Airbus A321neo,TAP Air Portugal,landing,arrivee,550,267.2,76.8,,,,
2026-05-22,13:34:50,4951d2,CS-TNR,Airbus A320,TAP Air Portugal,landing,arrivee,525,273.2,86.9,,,,
2026-05-22,13:37:24,TAP831,CS-TJM,Airbus A321neo,TAP Air Portugal,landing,arrivee,550,288.0,87.8,,,,
2026-05-22,13:40:20,TAP10VL,CS-TPV,Embraer E190,TAP Air Portugal,landing,arrivee,525,265.6,92.4,,,,
2026-05-22,13:43:14,4b17f8,HB-JCA,C Series 300,Swiss,landing,arrivee,550,279.7,76.0,,,,
2026-05-22,13:45:44,4caff7,EI-ILJ,Boeing 737 MAX 8,Ryanair,landing,arrivee,500,298.0,85.4,,,,
2026-05-22,13:48:54,TAP8RT,CS-TPR,Embraer E190,TAP Air Portugal,landing,arrivee,500,263.2,81.7,,,,
2026-05-22,13:51:51,SWT131,EC-MAF,ATR 72 500F,Swiftair,landing,arrivee,525,207.1,85.0,,,,
2026-05-22,13:54:49,RZO121,CS-TSY,Airbus A320,TAP Air Portugal,approach,arrivee,525,260.0,91.1,,,,
2026-05-22,13:57:07,TAP145W,CS-TVO,Airbus A320neo,TAP Air Portugal,landing,arrivee,475,258.9,94.8,,,,
2026-05-22,13:59:55,4952d1,CS-TVQ,Airbus A320neo,TAP Air Portugal,landing,arrivee,550,265.6,83.2,,,,
2026-05-22,14:02:35,TAP27PS,CS-TTY,Embraer E195,TAP Air Portugal,landing,arrivee,450,290.6,98.3,,,,
2026-05-22,14:05:21,TAP88TM,CS-TJL,Airbus A321neo,TAP Air Portugal,landing,arrivee,500,293.0,91.8,,,,
2026-05-22,14:08:09,TAP481,CS-TTW,Embraer E195,TAP Air Portugal,landing,arrivee,450,287.2,99.6,,,,
2026-05-22,14:10:33,TAP1013,CS-TNW,Airbus A320,TAP Air Portugal,landing,arrivee,500,269.7,96.9,,,,
2026-05-22,14:13:29,TAP084,CS-TUE,Airbus A330-900neo,TAP Air Portugal,landing,arrivee,475,276.5,92.2,,,,
2026-05-22,14:16:07,4952b1,CS-TUQ,Airbus A330-900neo,TAP Air Portugal,landing,arrivee,550,267.2,92.1,,,,
2026-05-22,14:19:15,TCV612,D4-CCI,Boeing 737-700,Cabo Verde Airlines,cruise,,500,0.0,87.7,,,,
2026-05-22,14:22:06,TAP401P,CS-TPO,Embraer E190,TAP Air Portugal,landing,arrivee,450,253.2,99.2,,,,
2026-05-22,14:24:47,TAP11EG,CS-TVJ,Airbus A320neo,TAP Air Portugal,landing,arrivee,525,284.8,90.5,,,,
2026-05-22,14:30:35,495149,CS-TJI,Airbus A321neo,TAP Air Portugal,landing,arrivee,525,270.8,95.5,,,,
2026-05-22,14:37:34,486898,PH-AXM,Airbus A321neo,KLM,landing,arrivee,550,285.6,89.7,,,,
2026-05-22,14:41:05,TAP1143,CS-TPX,Embraer E190,TAP Air Portugal,landing,arrivee,450,260.0,98.6,,,,
2026-05-22,15:46:30,VLG7PA,EC-LVV,Airbus A320,Vueling,landing,arrivee,500,250.8,89.3,,,,
2026-05-22,15:49:10,RYR9PX,EI-HGG,Boeing 737 MAX 8,Ryanair,landing,arrivee,475,267.2,92.4,,,,
2026-05-22,15:51:34,4952cc,CS-TVL,Airbus A320,TAP Air Portugal,landing,arrivee,525,253.2,89.5,,,,
2026-05-22,15:53:08,TAP83RS,CS-TNN,Airbus A320,TAP Air Portugal,landing,arrivee,500,262.4,79.3,,,,
2026-05-22,15:57:14,TAP10NL,CS-TTZ,Embraer E195,TAP Air Portugal,landing,arrivee,475,269.7,86.1,,,,
2026-05-22,15:59:51,TAP016,CS-TXC,Airbus A321neo,TAP Air Portugal,landing,arrivee,525,247.6,92.4,,,,
2026-05-22,16:01:34,FIN96W,OH-LZO,Airbus A321,Finnair,landing,arrivee,475,274.5,94.7,,,,
2026-05-22,16:04:04,TAP931L,CS-TNM,Airbus A320,TAP Air Portugal,landing,arrivee,525,249.8,84.8,,,,
2026-05-22,16:06:05,TAP1105,CS-TPT,Embraer E190,TAP Air Portugal,landing,arrivee,475,241.7,98.9,,,,
2026-05-22,16:09:31,4951d3,CS-TNS,Airbus A320,TAP Air Portugal,landing,arrivee,500,254.8,83.3,,,,
2026-05-22,16:11:11,TAP17RA,CS-TVN,Airbus A320neo,TAP Air Portugal,landing,arrivee,450,262.4,95.2,,,,
2026-05-22,16:13:56,TAP669,CS-TVP,Airbus A320neo,TAP Air Portugal,landing,arrivee,525,276.5,99.4,,,,
2026-05-22,16:16:34,49514f,CS-TJO,Airbus A321neo,TAP Air Portugal,landing,arrivee,525,253.9,90.9,,,,
2026-05-22,16:19:10,RYR12SN,EI-IJJ,Boeing 737 MAX 8,Ryanair,landing,arrivee,475,285.6,94.8,,,,
2026-05-22,16:22:13,344213,EC-LPG,Bombardier CRJ-1000,Air Nostrum,landing,arrivee,550,255.6,82.5,,,,
2026-05-22,16:23:49,BTI7FR,YL-BTF,Airbus A220-300,Air Baltic,landing,arrivee,500,258.0,92.8,,,,
2026-05-22,16:25:37,RYR5KT,EI-EVK,Boeing 737-800,Ryanair,landing,arrivee,475,283.7,90.1,,,,
2026-05-22,16:27:53,4951cc,CS-TNL,Airbus A320,TAP Air Portugal,landing,arrivee,500,259.7,94.8,,,,
2026-05-22,16:30:30,4951d1,CS-TNQ,Airbus A320,TAP Air Portugal,landing,arrivee,475,263.9,97.3,,,,
2026-05-22,16:32:58,EJU45HZ,OE-IBS,Airbus A320,easyJet Europe,landing,arrivee,475,263.2,99.9,,,,
2026-05-22,16:35:36,TAP298,CS-TUA,Airbus A330-900neo,TAP Air Portugal,landing,arrivee,525,265.6,96.4,,,,
2026-05-22,16:38:17,TAP1241,CS-TJE,Airbus A321,TAP Air Portugal,landing,arrivee,500,269.7,91.8,,,,
2026-05-22,16:40:54,TAP1359,CS-TJN,Airbus A321neo,TAP Air Portugal,landing,arrivee,550,252.2,92.6,,,,
2026-05-22,16:43:42,TAP15NC,CS-TXJ,Airbus A321neo,TAP Air Portugal,landing,arrivee,475,268.9,94.4,,,,
2026-05-22,16:47:41,49530b,CS-TXK,Airbus A321,TAP Air Portugal,landing,arrivee,525,274.1,86.5,,,,
2026-05-22,16:57:14,49514a,CS-TJJ,Airbus A321neo,TAP Air Portugal,landing,arrivee,500,271.3,87.8,,,,
2026-05-22,16:58:49,49530c,CS-TXL,Airbus A321neo,TAP Air Portugal,landing,arrivee,550,258.0,77.8,,,,
2026-05-22,17:03:47,4cad3b,EI-HGS,Boeing 737 MAX 8,Ryanair,landing,arrivee,475,274.1,94.8,,,,
2026-05-22,17:09:30,EWG25P,D-AEEE,Airbus A321,Eurowings,landing,arrivee,525,259.7,86.5,,,,
2026-05-22,17:14:16,RYR55AR,EI-EBX,Boeing 737-800,Ryanair,landing,arrivee,500,285.6,96.0,,,,
2026-05-22,17:16:46,4400f3,OE-IDO,Airbus A320,easyJet Europe,landing,arrivee,500,264.8,82.7,,,,
2026-05-22,17:19:32,RYR98HW,EI-IJY,Boeing 737 MAX 8,Ryanair,cruise,,500,0.0,89.2,,,,
2026-05-22,17:25:10,4ca645,EI-DYC,Boeing 737-800,Ryanair,landing,arrivee,500,278.9,89.5,,,,
2026-05-22,17:28:48,4b17fa,HB-JCC,C Series 300,Austrian Airlines,landing,arrivee,525,253.2,91.0,,,,
2026-05-22,17:32:09,485061,PH-HSJ,Boeing 737-800,Transavia,landing,arrivee,475,283.7,94.5,,,,
2026-05-22,17:44:13,EJU69VE,OE-IWW,Airbus A320,easyJet Europe,landing,arrivee,500,267.2,88.7,,,,
2026-05-22,17:46:39,RAM982,CN-RHC,Boeing 737 MAX 8,Royal Air Maroc,landing,arrivee,500,283.0,92.8,,,,
2026-05-22,17:49:45,4952c1,CS-TVA,Airbus A320neo,TAP Air Portugal,landing,arrivee,550,266.5,90.1,,,,
2026-05-22,17:52:57,WMT6155,HA-LTG,Airbus A321,SAS Scandinavian,landing,arrivee,450,262.4,98.3,,,,
2026-05-22,17:56:37,TAP781,EC-OCT,Airbus A321,TAP Air Portugal,landing,arrivee,500,270.8,86.3,,,,
2026-05-22,17:59:21,4952c8,CS-TVH,Airbus A320neo,TAP Air Portugal,landing,arrivee,550,245.9,85.4,,,,
2026-05-22,18:01:47,3985a9,F-HBNJ,Airbus A320,Air France,landing,arrivee,550,258.9,84.3,,,,
2026-05-22,18:04:37,TAP1558,CS-TVR,Airbus A320neo,TAP Air Portugal,landing,arrivee,550,240.0,91.6,,,,
2026-05-22,18:07:01,3964ea,F-GZHK,Boeing 737-800,Transavia France,landing,arrivee,475,280.6,93.7,,,,
2026-05-22,18:10:13,495213,CS-TPS,Embraer E190,TAP Air Portugal,landing,arrivee,500,234.8,95.7,,,,
2026-05-22,18:12:39,IBE05RP,EC-LXQ,Airbus A320,Iberia,landing,arrivee,525,247.2,90.5,,,,
2026-05-22,18:15:55,346091,EC-NCF,Airbus A320neo,Vueling,landing,arrivee,500,264.8,91.6,,,,
2026-05-22,18:18:55,TAP1542,CS-TVD,Airbus A320neo,TAP Air Portugal,landing,arrivee,500,263.2,95.4,,,,
2026-05-22,18:23:03,TAP15CV,CS-TJS,Airbus A321neo,TAP Air Portugal,landing,arrivee,525,268.9,94.0,,,,
2026-05-22,18:26:20,495039,CS-TAY,Embraer E195,TAP Air Portugal,landing,arrivee,500,259.7,96.3,,,,
2026-05-22,18:29:20,407eb2,G-TTNU,Airbus A320neo,British Airways,landing,arrivee,525,247.2,86.9,,,,
2026-05-22,18:41:42,EJU4763,OE-INP,Airbus A320,easyJet Europe,landing,arrivee,500,253.9,92.7,,,,
2026-05-22,18:46:50,49521a,CS-TPZ,Embraer E190,TAP Air Portugal,landing,arrivee,500,245.6,85.9,,,,
2026-05-22,18:49:18,VLG9QY,EC-LOP,Airbus A320,Vueling,landing,arrivee,500,256.5,87.5,,,,
2026-05-22,18:51:42,TAP1906,CS-TTW,Embraer E195,TAP Air Portugal,landing,arrivee,525,258.9,86.5,,,,
2026-05-22,18:54:08,TAP1455,CS-TTX,Embraer E195,TAP Air Portugal,landing,arrivee,475,258.9,99.3,,,,
2026-05-22,18:56:48,TVF90KW,F-HUYU,Boeing 737-800,Transavia France,landing,arrivee,500,280.6,97.0,,,,
2026-05-22,19:01:18,EZS62YX,HB-JXP,Airbus A320,Austrian Airlines,landing,arrivee,475,258.4,99.0,,,,
2026-05-22,19:03:51,RZO124,CS-TKQ,Airbus A320,TAP Air Portugal,landing,arrivee,450,268.2,97.8,,,,
2026-05-22,19:06:24,EJU67HP,OE-LQI,Airbus A319,easyJet Europe,landing,arrivee,500,253.5,99.0,,,,
2026-05-22,19:08:53,8964a0,A6-EQH,Boeing 777-300ER,Emirates,landing,arrivee,525,277.2,89.1,,,,
2026-05-22,19:11:31,KLM71Y,PH-AXD,Airbus A321neo,KLM,landing,arrivee,500,272.4,97.3,,,,
2026-05-22,19:13:57,48c229,SP-RSK,Boeing 737-800,Buzz,landing,arrivee,525,266.5,91.6,,,,
2026-05-22,19:16:52,4402f0,OE-INO,Airbus A320,easyJet Europe,landing,arrivee,575,254.1,88.1,,,,
2026-05-22,19:19:33,34604d,EC-MUZ,Boeing 737-800,Air Europa,landing,arrivee,525,271.3,94.0,,,,
2026-05-22,19:22:10,BEL2DT,OO-SNK,Airbus A320,Brussels Airlines,landing,arrivee,500,255.6,97.8,,,,
2026-05-22,19:24:46,TAY2MN,OE-IXN,Boeing 737-800,Iberia,landing,arrivee,550,250.8,89.8,,,,
2026-05-22,19:27:34,WZZ477,HA-LDK,Airbus A321neo,Wizz Air,landing,arrivee,475,242.4,98.7,,,,
2026-05-22,19:29:50,495150,CS-TJP,Airbus A321neo,TAP Air Portugal,landing,arrivee,525,278.2,93.2,,,,
2026-05-22,19:36:43,RYR95SN,9H-QCV,Boeing 737-800,Malta Air,landing,arrivee,450,270.8,89.6,,,,
2026-05-22,19:39:43,486840,PH-YHS,Airbus A321neo,Transavia,landing,arrivee,575,253.9,85.1,,,,
2026-05-22,19:46:47,TAP835,CS-TVM,Airbus A320neo,TAP Air Portugal,landing,arrivee,525,263.9,92.3,,,,
2026-05-22,19:49:31,RYR32KG,EI-EML,Boeing 737-800,Ryanair,landing,arrivee,450,276.5,94.2,,,,
2026-05-22,19:52:19,49d3d4,OK-SWA,Boeing 737 MAX 8,Smartwings,landing,arrivee,450,278.2,95.6,,,,
2026-05-22,19:55:21,495211,CS-TPQ,Embraer E190,TAP Air Portugal,landing,arrivee,475,243.2,84.8,,,,
2026-05-22,19:58:51,IBE0537,EC-NJY,Airbus A320neo,Iberia,landing,arrivee,450,263.2,94.5,,,,
2026-05-22,20:03:25,KAL921,HL7206,Boeing 787-9,Korean Air,landing,arrivee,500,268.9,99.1,,,,
2026-05-22,20:06:30,4952c3,CS-TVC,Airbus A320neo,TAP Air Portugal,landing,arrivee,525,265.6,87.9,,,,
2026-05-22,20:10:05,4952c9,CS-TVI,Airbus A320neo,TAP Air Portugal,cruise,,550,0.0,78.7,,,,
2026-05-22,20:12:43,WMT537,9H-WDH,Airbus A321,Lauda Europe,landing,arrivee,575,265.8,96.7,,,,
2026-05-22,20:15:15,348207,EC-OKH,Airbus A320,Vueling,landing,arrivee,525,267.2,98.7,,,,
2026-05-22,20:18:03,TAP543W,CS-TVB,Airbus A320neo,TAP Air Portugal,landing,arrivee,525,243.2,89.0,,,,
2026-05-22,20:20:35,406c71,G-EZOA,Airbus A320,easyJet,landing,arrivee,525,253.2,93.0,,,,
2026-05-22,20:23:39,TAP1019,CS-TTZ,Embraer E195,TAP Air Portugal,landing,arrivee,450,260.8,97.2,,,,
2026-05-22,20:26:11,3c49cb,D-ABNK,Airbus A320,Lufthansa,landing,arrivee,525,264.8,92.3,,,,
2026-05-22,20:29:39,495274,CS-TST,767 34PER,TAP Air Portugal,landing,arrivee,500,274.8,94.9,,,,
2026-05-22,20:40:13,TAP877,CS-TPW,Embraer E190,TAP Air Portugal,landing,arrivee,500,235.6,91.7,,,,
2026-05-22,20:43:50,40772f,G-UZHZ,Airbus A320neo,easyJet,landing,arrivee,575,261.5,85.3,,,,
2026-05-22,20:56:32,0900bb,D2-TEG,Boeing 777-300ER,TAAG Angola Airlines,landing,arrivee,500,271.3,91.9,,,,
2026-05-22,20:59:00,RYR76WW,EI-IKI,Boeing 737 MAX 8,Ryanair,landing,arrivee,425,274.1,94.2,,,,
2026-05-22,21:01:42,VLG4JP,EC-MLD,Airbus A321,Vueling,landing,arrivee,425,257.2,98.2,,,,
2026-05-22,21:04:18,406e69,G-EZOX,Airbus A320,easyJet,landing,arrivee,500,240.8,89.4,,,,
2026-05-22,21:06:38,4951ca,CS-TNJ,Airbus A320,TAP Air Portugal,landing,arrivee,525,253.2,82.5,,,,
2026-05-22,21:09:06,TAP93ZS,CS-TJK,Airbus A321neo,TAP Air Portugal,landing,arrivee,500,247.2,93.9,,,,
2026-05-22,21:12:34,RYR24SE,9H-QAY,Boeing 737-800,Malta Air,landing,arrivee,450,273.2,98.4,,,,
2026-05-22,21:17:06,PGT1561,TC-NBG,Airbus A320neo,Pegasus,landing,arrivee,525,231.5,86.2,,,,
2026-05-22,21:19:39,495279,CS-TSY,Airbus A320,TAP Air Portugal,landing,arrivee,550,245.2,87.0,,,,
2026-05-22,21:24:01,TAP1207,CS-TNK,Airbus A320,TAP Air Portugal,landing,arrivee,500,241.5,89.6,,,,
2026-05-22,21:26:37,4952cf,CS-TVO,Airbus A320neo,TAP Air Portugal,landing,arrivee,525,248.0,92.4,,,,
2026-05-22,21:31:55,4d211c,9H-IRI,C56X,,approach,arrivee,450,57.6,86.3,,,,
2026-05-22,21:34:44,346612,EC-NOQ,Airbus A320,Volotea,landing,arrivee,475,246.7,96.8,,,,
2026-05-22,21:37:17,EIN4PT,EI-DEK,Airbus A320,Aer Lingus,landing,arrivee,500,249.1,89.6,,,,
2026-05-22,21:39:54,4951cd,CS-TNM,Airbus A320,TAP Air Portugal,landing,arrivee,525,258.0,93.6,,,,
2026-05-22,21:41:40,RYR4RL,EI-DYO,Boeing 737-800,Ryanair,landing,arrivee,500,271.3,90.1,,,,
2026-05-22,21:44:28,TAP1325,CS-TPU,Embraer E190,TAP Air Portugal,landing,arrivee,500,242.4,91.7,,,,
2026-05-22,21:46:59,RZO134,CS-TKP,Airbus A320,TAP Air Portugal,landing,arrivee,425,249.1,94.0,,,,
2026-05-22,21:56:06,9HGME,9H-IRI,C56X,,climb,depart,1100,189.1,62.6,,,,
2026-05-22,22:00:10,495149,CS-TJI,Airbus A321neo,TAP Air Portugal,landing,arrivee,525,258.9,87.2,,,,
2026-05-22,22:02:14,469e45,SX-GRE,Airbus A320neo,Sky Express Greece,landing,arrivee,525,229.1,87.6,,,,
2026-05-22,22:03:54,440d6e,OE-LSQ,Airbus A320,easyJet Europe,landing,arrivee,500,230.0,91.1,,,,
2026-05-22,22:05:38,4951d2,CS-TNR,Airbus A320,TAP Air Portugal,landing,arrivee,525,242.2,67.4,,,,
2026-05-22,22:07:59,TAP1933,CS-TPO,Embraer E190,TAP Air Portugal,landing,arrivee,450,233.2,99.7,,,,
2026-05-22,22:13:09,TAP5AS,CS-TNW,Airbus A320,TAP Air Portugal,landing,arrivee,525,250.8,76.3,,,,
2026-05-22,22:14:53,46b838,SX-NAX,Airbus A321neo,Aegean Airlines,landing,arrivee,500,249.8,91.5,,,,
2026-05-22,22:17:56,495307,CS-TXG,Airbus A321neo,TAP Air Portugal,landing,arrivee,525,264.8,93.8,,,,
2026-05-22,22:20:04,WJA32,C-FXWJ,Boeing 737 MAX 8,WestJet,landing,arrivee,450,273.2,97.6,,,,
2026-05-22,22:21:58,4952c7,CS-TVG,Airbus A320neo,TAP Air Portugal,landing,arrivee,525,260.8,83.5,,,,
2026-05-22,22:25:12,4952ca,CS-TVJ,Airbus A320neo,TAP Air Portugal,landing,arrivee,525,234.8,85.1,,,,
2026-05-22,22:27:31,3950cc,F-GUGM,A318 111,Air France,landing,arrivee,525,227.4,90.6,,,,
2026-05-22,22:29:56,3c666b,D-AISK,Airbus A321,Lufthansa,landing,arrivee,500,261.5,89.7,,,,
2026-05-22,22:32:33,EJU7690,OE-IWW,Airbus A320,easyJet Europe,landing,arrivee,475,258.9,85.5,,,,
2026-05-22,22:36:47,RYR7GJ,EI-EKH,Boeing 737-800,Ryanair,landing,arrivee,475,276.5,95.2,,,,
2026-05-22,22:39:31,DLH34J,D-AINB,Airbus A320neo,Lufthansa,landing,arrivee,500,267.2,90.2,,,,
2026-05-22,22:43:19,RYR68VC,EI-ILJ,Boeing 737 MAX 8,Ryanair,landing,arrivee,475,271.3,97.0,,,,
2026-05-22,22:46:06,49514c,CS-TJL,Airbus A321neo,TAP Air Portugal,landing,arrivee,500,261.5,88.1,,,,
2026-05-22,22:49:08,TAP645,CS-TTP,Airbus A319,TAP Air Portugal,landing,arrivee,450,240.0,95.9,,,,
2026-05-22,22:51:57,4952d1,CS-TVQ,Airbus A320neo,TAP Air Portugal,landing,arrivee,525,258.9,88.9,,,,
2026-05-22,22:54:53,EJU32GK,OE-LSJ,Airbus A320neo,Vueling,landing,arrivee,450,258.9,99.9,,,,
2026-05-22,22:57:44,4bb292,TC-LTR,Airbus A321,Turkish Airlines,landing,arrivee,525,243.2,86.4,,,,
2026-05-22,23:00:33,440cbf,OE-LSO,Airbus A320,easyJet Europe,landing,arrivee,525,244.8,81.2,,,,
2026-05-22,23:03:22,TAP21MM,CS-TTY,Embraer E195,TAP Air Portugal,landing,arrivee,450,233.9,95.3,,,,
2026-05-22,23:05:03,440072,OE-LSF,Airbus A320neo,easyJet Europe,landing,arrivee,550,258.0,85.6,,,,
2026-05-22,23:06:54,TAP1243,CS-TJM,Airbus A321neo,TAP Air Portugal,landing,arrivee,525,260.8,84.5,,,,
2026-05-22,23:09:09,TAP43RY,CS-TVF,Airbus A320neo,TAP Air Portugal,landing,arrivee,500,230.8,91.1,,,,
2026-05-22,23:11:33,EJU95BR,OE-IDO,Airbus A320,easyJet Europe,landing,arrivee,500,246.7,90.9,,,,
2026-05-22,23:14:13,3423c3,EC-JQZ,Airbus A321,Iberia,cruise,,525,251.9,86.8,,,,
2026-05-22,23:16:54,EJU15UG,OE-IBS,Airbus A320,easyJet Europe,landing,arrivee,425,242.4,95.7,,,,
2026-05-22,23:18:50,BAW508,G-TNEG,Airbus A321neo,British Airways,landing,arrivee,525,233.2,79.3,,,,
2026-05-22,23:20:31,EJU64TB,OE-IBF,Airbus A320,easyJet Europe,landing,arrivee,450,238.4,91.3,,,,
2026-05-22,23:22:30,KLM35W,PH-AXC,Airbus A321neo,KLM,landing,arrivee,500,254.8,80.2,,,,
2026-05-22,23:25:18,3964eb,F-GZHL,Boeing 737-800,Transavia France,landing,arrivee,425,266.5,96.2,,,,
2026-05-22,23:27:46,RYR63TC,EI-IJJ,Boeing 737 MAX 8,Ryanair,landing,arrivee,425,272.4,95.8,,,,
2026-05-22,23:32:00,TAP437X,CS-TJH,Airbus A321,TAP Air Portugal,landing,arrivee,525,258.4,88.2,,,,
2026-05-22,23:35:05,39ceb4,F-HTVU,Boeing 737-800,Transavia France,landing,arrivee,475,267.2,92.8,,,,
2026-05-22,23:37:55,TAP35MT,CS-TNV,Airbus A320,TAP Air Portugal,landing,arrivee,400,246.7,95.2,,,,
2026-05-22,23:40:15,TAP827V,CS-TVK,Airbus A320neo,TAP Air Portugal,landing,arrivee,400,262.4,89.8,,,,
2026-05-22,23:42:37,4b194d,HB-JPD,Airbus A321,Swiss,landing,arrivee,475,257.2,94.2,,,,
2026-05-22,23:45:02,EJU36BG,OE-LSV,Airbus A320neo,easyJet Europe,landing,arrivee,425,260.8,98.1,,,,
2026-05-22,23:48:47,3c64a7,D-AIEG,Airbus A321neo,Lufthansa,landing,arrivee,475,264.8,93.1,,,,
2026-05-22,23:55:28,4d252a,9H-WND,Airbus A321neo,Lauda Europe,landing,arrivee,500,257.2,89.6,,,,
2026-05-23,00:05:47,4951cc,CS-TNL,Airbus A320,TAP Air Portugal,landing,arrivee,525,241.5,87.3,,,,
2026-05-23,00:14:19,TAP39PT,EC-OCT,Airbus A321,TAP Air Portugal,landing,arrivee,500,258.9,89.8,,,,
2026-05-23,00:29:12,RZO125,CS-TSJ,Airbus A321neo,TAP Air Portugal,landing,arrivee,475,246.7,98.9,,,,
2026-05-23,00:36:16,RZO123,CS-TSI,Airbus A321neo,TAP Air Portugal,landing,arrivee,525,265.6,90.1,,,,
2026-05-23,00:54:29,4ca849,EI-EMA,Boeing 737-800,Ryanair,landing,arrivee,475,285.6,93.9,,,,
2026-05-23,01:17:14,4cadbd,EI-IGK,Boeing 737 MAX 8,Ryanair,landing,arrivee,500,283.0,88.4,,,,
2026-05-23,04:35:21,TAP232Y,CS-TXH,Airbus A321neo,TAP Air Portugal,landing,arrivee,425,244.8,93.0,,,,
2026-05-23,04:45:11,TAP1528,CS-TXI,Airbus A321neo,TAP Air Portugal,landing,arrivee,500,257.6,93.5,,,,
2026-05-23,04:54:21,4952a6,CS-TUF,Airbus A330-900neo,TAP Air Portugal,landing,arrivee,525,250.8,96.5,,,,
2026-05-23,05:06:30,TAP202A,CS-TXE,Airbus A321neo,TAP Air Portugal,landing,arrivee,475,264.8,98.6,,,,
2026-05-23,05:10:00,495302,CS-TXB,Airbus A321neo,TAP Air Portugal,landing,arrivee,525,268.9,73.2,,,,
2026-05-23,05:46:44,TAP224,CS-TUH,Airbus A330-900neo,TAP Air Portugal,landing,arrivee,500,275.6,97.0,,,,
2026-05-23,05:51:56,TAP1937,CS-TNU,Airbus A320,TAP Air Portugal,landing,arrivee,500,250.8,91.6,,,,
2026-05-23,05:55:10,TAP1550,CS-TVM,Airbus A320neo,TAP Air Portugal,landing,arrivee,475,232.4,95.1,,,,
2026-05-23,06:01:41,TAP96AW,CS-TPQ,Embraer E190,TAP Air Portugal,landing,arrivee,475,243.2,94.0,,,,
2026-05-23,06:04:36,TAP1544,CS-TVL,Airbus A320,TAP Air Portugal,landing,arrivee,525,254.8,88.9,,,,
2026-05-23,06:08:18,TAP1484,CS-TJP,Airbus A321neo,TAP Air Portugal,landing,arrivee,500,255.6,88.8,,,,
2026-05-23,06:13:13,TSC680,C-GUFU,Airbus A330-200,Air Transat,landing,arrivee,450,244.8,96.0,,,,
2026-05-23,06:18:37,495218,CS-TPX,Embraer E190,TAP Air Portugal,landing,arrivee,475,244.3,93.3,,,,
2026-05-23,06:21:48,TAP11VP,CS-TPW,Embraer E190,TAP Air Portugal,landing,arrivee,475,239.1,99.6,,,,
2026-05-23,06:27:01,TAP104,CS-TUL,Airbus A330-900neo,TAP Air Portugal,landing,arrivee,500,265.6,97.8,,,,
2026-05-23,06:33:55,4952aa,CS-TUJ,Airbus A330-900neo,TAP Air Portugal,landing,arrivee,500,255.6,92.1,,,,
2026-05-23,06:43:46,TAP1908,CS-TNR,Airbus A320,TAP Air Portugal,landing,arrivee,450,254.1,98.6,,,,
2026-05-23,06:49:13,TAM8146,PT-MUH,Boeing 777-300ER,LATAM Airlines,landing,arrivee,450,266.5,95.8,,,,
2026-05-23,06:52:08,4952a9,CS-TUI,Airbus A330-900neo,TAP Air Portugal,landing,arrivee,475,248.4,97.8,,,,
2026-05-23,06:57:23,346082,EC-MVY,Boeing 737-800,Air Europa,landing,arrivee,475,262.4,91.2,,,,
2026-05-23,07:00:12,4952cf,CS-TVO,Airbus A320neo,TAP Air Portugal,landing,arrivee,475,251.5,89.9,,,,
2026-05-23,07:02:50,TAP1023,CS-TVB,Airbus A320neo,TAP Air Portugal,landing,arrivee,450,244.8,98.5,,,,
2026-05-23,07:05:15,TAP1139,CS-TPY,Embraer E190,TAP Air Portugal,landing,arrivee,475,239.8,95.6,,,,
2026-05-23,07:08:46,DTA650,D2-TEK,Boeing 777-300ER,TAAG Angola Airlines,landing,arrivee,450,263.2,93.5,,,,
2026-05-23,07:12:33,a4eacb,N416DX,Airbus A330-900neo,Delta Air Lines,landing,arrivee,475,258.9,97.5,,,,
2026-05-23,07:15:29,AZU8750,PR-AIW,Airbus A330-200,Azul,landing,arrivee,475,252.8,97.6,,,,
2026-05-23,07:20:32,TAP98CX,CS-TVG,Airbus A320neo,TAP Air Portugal,landing,arrivee,500,234.8,95.8,,,,
2026-05-23,07:23:23,TAP40MR,CS-TTW,Embraer E195,TAP Air Portugal,landing,arrivee,400,264.1,98.3,,,,
2026-05-23,07:26:08,TAP85CE,CS-TPS,Embraer E190,TAP Air Portugal,landing,arrivee,475,249.1,99.9,,,,
2026-05-23,07:28:47,TAP475,CS-TAY,Embraer E195,TAP Air Portugal,landing,arrivee,500,246.7,85.4,,,,
2026-05-23,07:31:31,TAP441,CS-TVR,Airbus A320neo,TAP Air Portugal,landing,arrivee,450,233.2,98.5,,,,
2026-05-23,07:34:28,78131e,B-1043,Airbus A330-200,Capital Airlines,landing,arrivee,475,238.4,93.8,,,,
2026-05-23,07:37:30,TAP244,CS-TUS,Airbus A330-900neo,TAP Air Portugal,landing,arrivee,475,249.1,95.4,,,,
2026-05-23,07:40:11,34608e,EC-NAY,Airbus A320neo,Iberia,landing,arrivee,500,249.1,87.4,,,,
2026-05-23,07:43:12,TAP945,CS-TVI,Airbus A320neo,TAP Air Portugal,landing,arrivee,500,252.4,86.6,,,,
2026-05-23,07:46:23,495216,CS-TPV,Embraer E190,TAP Air Portugal,landing,arrivee,450,229.8,96.1,,,,
2026-05-23,07:51:54,4951d4,CS-TNT,Airbus A320,TAP Air Portugal,cruise,,525,0.0,83.5,,,,
2026-05-23,07:55:06,4952c3,CS-TVC,Airbus A320neo,TAP Air Portugal,landing,arrivee,500,261.5,92.0,,,,
2026-05-23,07:57:42,a0f427,N16008,Boeing 787-10,United Airlines,landing,arrivee,450,277.2,91.9,,,,
2026-05-23,08:00:29,TAP9ML,CS-TNK,Airbus A320,TAP Air Portugal,landing,arrivee,475,253.2,93.9,,,,
2026-05-23,08:03:08,ETD7LG,A6-BLH,Boeing 787-9,Etihad Airways,landing,arrivee,475,280.6,85.8,,,,
2026-05-23,08:05:53,4866df,PH-YHX,Airbus A321neo,Transavia,landing,arrivee,475,268.2,88.3,,,,
2026-05-23,08:08:51,4951d1,CS-TNQ,Airbus A320,TAP Air Portugal,landing,arrivee,525,249.1,82.3,,,,
2026-05-23,08:11:46,34535a,EC-MQB,Airbus A321,Vueling,landing,arrivee,500,254.8,82.3,,,,
2026-05-23,08:14:38,TAP1939,CS-TNJ,Airbus A320,TAP Air Portugal,landing,arrivee,500,261.5,91.2,,,,
2026-05-23,08:17:38,TAP27UZ,CS-TPT,Embraer E190,TAP Air Portugal,landing,arrivee,425,229.8,94.8,,,,
2026-05-23,08:20:22,TAP9RH,CS-TJE,Airbus A321,TAP Air Portugal,landing,arrivee,450,261.5,91.0,,,,
2026-05-23,08:23:14,TAP557H,CS-TJN,Airbus A321neo,TAP Air Portugal,landing,arrivee,475,258.9,91.3,,,,
2026-05-23,08:28:08,TAP53EI,CS-TNS,Airbus A320,TAP Air Portugal,landing,arrivee,425,248.4,93.4,,,,
2026-05-23,08:37:35,4951ce,CS-TNN,Airbus A320,TAP Air Portugal,landing,arrivee,500,243.2,80.3,,,,
2026-05-23,08:40:13,TAP63GL,CS-TJO,Airbus A321neo,TAP Air Portugal,landing,arrivee,450,274.8,96.3,,,,
2026-05-23,08:42:58,ACA812,C-GKUH,Airbus A330-300,Air Canada,landing,arrivee,425,256.5,98.7,,,,
2026-05-23,08:46:05,TAP757P,CS-TJJ,Airbus A321neo,TAP Air Portugal,landing,arrivee,500,249.1,89.9,,,,
2026-05-23,09:00:43,AAL258,N840AN,Boeing 787-9,American Airlines,landing,arrivee,450,263.2,96.7,,,,
2026-05-23,09:03:50,TAP675,CS-TVA,Airbus A320neo,TAP Air Portugal,landing,arrivee,500,240.8,89.3,,,,
2026-05-23,09:06:23,4ca621,EI-DWT,Boeing 737-800,Ryanair,landing,arrivee,425,266.5,92.7,,,,
2026-05-23,09:09:12,4952d0,CS-TVP,Airbus A320neo,TAP Air Portugal,landing,arrivee,500,247.2,87.8,,,,
2026-05-23,09:12:44,3c542f,D-AEAO,A300 B4-622RF,Lufthansa,landing,arrivee,450,226.7,95.9,,,,
2026-05-23,09:15:26,39bda0,F-HPNA,BD-500-1A11,Air France,cruise,,500,0.0,74.4,,,,
2026-05-23,09:18:10,N918LB,N918LB,Falcon 900 B,Unknown US,landing,arrivee,475,231.5,83.5,,,,
2026-05-23,09:20:29,RYR2JL,SP-RSI,Boeing 737-800,Ryanair,landing,arrivee,450,267.2,95.2,,,,
2026-05-23,09:23:14,407cb0,G-RUKD,Boeing 737-800,Ryanair UK,landing,arrivee,425,275.6,93.2,,,,
2026-05-23,09:29:21,495303,CS-TXC,Airbus A321neo,TAP Air Portugal,cruise,,450,0.0,85.5,,,,
2026-05-23,09:32:45,THY3WE,TC-LPP,Airbus A321neo,Turkish Airlines,landing,arrivee,475,243.9,84.5,,,,
2026-05-23,09:35:17,48c224,SP-RSE,Boeing 737-800,Buzz,landing,arrivee,450,271.3,89.9,,,,
2026-05-23,09:38:08,TAP036,CS-TUE,Airbus A330-900neo,TAP Air Portugal,landing,arrivee,425,258.9,86.2,,,,
2026-05-23,09:40:57,3c089f,,,Condor,cruise,,475,0.0,76.2,,,,
2026-05-23,09:43:41,4952a4,CS-TUD,Airbus A330-900neo,TAP Air Portugal,landing,arrivee,425,261.5,99.8,,,,
2026-05-23,09:46:20,4952ae,CS-TUN,Airbus A330-900neo,TAP Air Portugal,landing,arrivee,450,262.4,96.9,,,,
2026-05-23,09:49:16,AEE2PT,SX-NEM,Airbus A320,Aegean Airlines,landing,arrivee,450,250.8,89.8,,,,
2026-05-23,09:55:06,c01734,C-FIUL,Boeing 777-300ER,Air Canada,landing,arrivee,425,273.9,93.3,,,,
2026-05-23,09:57:22,4841a9,PH-HZW,Boeing 737-800,Transavia,landing,arrivee,450,291.7,95.4,,,,
2026-05-23,10:00:07,TAP1921,CS-TVN,Airbus A320neo,TAP Air Portugal,landing,arrivee,425,273.9,96.3,,,,
2026-05-23,10:02:45,49530b,CS-TXK,Airbus A321,TAP Air Portugal,landing,arrivee,475,272.1,88.5,,,,
2026-05-23,10:05:20,NOZ1824,LN-ENS,Boeing 737-800,Norwegian,landing,arrivee,425,278.9,97.7,,,,
2026-05-23,10:08:12,TAP254,CS-TXL,Airbus A321neo,TAP Air Portugal,landing,arrivee,475,247.2,87.7,,,,
2026-05-23,10:11:06,DAL124,N402DX,Airbus A330-900neo,Delta Air Lines,landing,arrivee,425,258.4,95.0,,,,
2026-05-23,10:14:04,4400f3,OE-IDO,Airbus A320,easyJet Europe,landing,arrivee,450,249.1,86.1,,,,
2026-05-23,10:16:52,BAW50P,G-TNEA,Airbus A321neo,British Airways,landing,arrivee,475,255.6,92.1,,,,
2026-05-23,10:19:48,EIN82T,EI-DEN,Airbus A320,Aer Lingus,landing,arrivee,450,257.2,88.7,,,,
2026-05-23,10:22:23,TAP204A,CS-TXJ,Airbus A321neo,TAP Air Portugal,landing,arrivee,475,277.2,86.0,,,,
2026-05-23,10:25:16,aac4ed,N793UA,Boeing 777-200,United Airlines,landing,arrivee,500,264.8,91.2,,,,
2026-05-23,10:28:06,495298,CS-TTX,Embraer E195,TAP Air Portugal,landing,arrivee,425,263.2,98.0,,,,
2026-05-23,10:30:38,495306,CS-TXF,Airbus A321neo,TAP Air Portugal,landing,arrivee,475,260.8,93.2,,,,
2026-05-23,10:33:19,34604d,EC-MUZ,Boeing 737-800,Air Europa,cruise,,450,263.0,94.4,,,,
2026-05-23,10:35:54,4952ab,CS-TUK,Airbus A330-900neo,TAP Air Portugal,landing,arrivee,425,263.2,90.5,,,,
2026-05-23,10:39:28,495277,CS-TSW,Boeing 777-200,Azul,landing,arrivee,475,260.0,93.8,,,,
2026-05-23,10:42:10,TAP262M,CS-TXM,Airbus A321,TAP Air Portugal,landing,arrivee,475,278.2,84.3,,,,
2026-05-23,10:45:19,EZY79RV,G-EZDJ,Airbus A319,easyJet,landing,arrivee,450,250.8,94.1,,,,
2026-05-23,10:48:14,TAP11SV,CS-TPW,Embraer E190,TAP Air Portugal,landing,arrivee,425,239.1,95.0,,,,
2026-05-23,10:51:05,486897,PH-AXL,Airbus A321neo,KLM,landing,arrivee,500,253.2,87.6,,,,
2026-05-23,10:53:43,TAP11MG,CS-TTZ,Embraer E195,TAP Air Portugal,landing,arrivee,425,258.9,97.8,,,,
2026-05-23,10:56:39,TAP1923,CS-TVB,Airbus A320neo,TAP Air Portugal,landing,arrivee,500,240.8,86.1,,,,
2026-05-23,10:59:30,TAP68JP,CS-TVF,Airbus A320neo,TAP Air Portugal,landing,arrivee,400,244.8,99.0,,,,
2026-05-23,11:02:38,495153,CS-TJS,Airbus A321neo,TAP Air Portugal,landing,arrivee,450,273.2,99.3,,,,
2026-05-23,11:05:21,SWR36K,HB-JPF,Airbus A321neo,Swiss,landing,arrivee,425,273.9,89.5,,,,
2026-05-23,11:08:03,BEL2DY,OO-SSY,Airbus A319,Brussels Airlines,landing,arrivee,450,257.2,85.9,,,,
2026-05-23,11:11:35,TAP248,CS-TUO,Airbus A330-900neo,TAP Air Portugal,landing,arrivee,400,258.9,95.4,,,,
2026-05-23,11:14:50,EJU74EF,OE-IBS,Airbus A320,easyJet Europe,landing,arrivee,425,264.8,98.2,,,,
2026-05-23,11:24:07,3c6671,D-AISQ,Airbus A321,Lufthansa,landing,arrivee,450,273.9,92.8,,,,
2026-05-23,11:40:30,RYR3WD,EI-IGK,Boeing 737 MAX 8,Ryanair,landing,arrivee,425,283.0,93.4,,,,
2026-05-23,11:43:39,495148,CS-TJH,Airbus A321,TAP Air Portugal,landing,arrivee,500,265.6,87.9,,,,
2026-05-23,11:45:16,IBE05FV,EC-LVD,Airbus A320,Iberia,landing,arrivee,450,271.3,92.6,,,,
2026-05-23,11:50:52,TAP1123,CS-TPU,Embraer E190,TAP Air Portugal,landing,arrivee,425,234.8,91.7,,,,
2026-05-23,11:53:27,TAP1925,CS-TTP,Airbus A319,TAP Air Portugal,approach,arrivee,475,260.8,91.0,,,,
2026-05-23,11:56:11,440cf8,OE-IBF,Airbus A320,easyJet Europe,landing,arrivee,450,265.6,85.9,,,,
2026-05-23,11:59:17,8963d8,A6-EPI,Boeing 777-300ER,Emirates,landing,arrivee,475,280.6,88.1,,,,
2026-05-23,12:01:57,3964ef,F-GZHP,Boeing 737-800,Transavia France,landing,arrivee,450,277.2,94.1,,,,
2026-05-23,12:07:49,495290,CS-TTP,Airbus A319,TAP Air Portugal,landing,arrivee,475,254.8,84.8,,,,
2026-05-23,12:16:44,EJU74LC,OE-LSQ,Airbus A320,easyJet Europe,landing,arrivee,475,268.9,93.7,,,,
2026-05-23,12:19:43,RYR95SN,EI-IJJ,Boeing 737 MAX 8,Ryanair,landing,arrivee,375,278.2,94.7,,,,
2026-05-23,12:23:07,TAP11WQ,CS-TTY,Embraer E195,TAP Air Portugal,landing,arrivee,375,266.5,97.1,,,,
2026-05-23,12:25:42,440b1e,OE-IWW,Airbus A320,easyJet Europe,landing,arrivee,450,263.2,91.3,,,,
2026-05-23,12:28:21,4ca95e,EI-HAW,Boeing 737 MAX 8,Ryanair,landing,arrivee,450,280.6,91.0,,,,
2026-05-23,12:31:34,TAP1902,CS-TNN,Airbus A320,TAP Air Portugal,landing,arrivee,475,267.2,87.8,,,,
2026-05-23,12:36:35,e80445,CC-BGD,Boeing 787-9,LATAM Airlines,landing,arrivee,450,281.3,87.7,,,,
2026-05-23,12:47:00,TAP1031,CS-TPX,Embraer E190,TAP Air Portugal,landing,arrivee,425,246.7,93.5,,,,
2026-05-23,12:49:46,EJU14GP,OE-LSV,Airbus A320neo,easyJet Europe,landing,arrivee,475,278.0,90.3,,,,
2026-05-23,12:56:51,4d2262,9H-QAY,Boeing 737-800,Malta Air,landing,arrivee,450,278.9,95.3,,,,
2026-05-23,12:59:45,EJU69GW,OE-LSJ,Airbus A320neo,Vueling,landing,arrivee,450,271.3,93.2,,,,
2026-05-23,13:04:33,TAP143P,CS-TNQ,Airbus A320,TAP Air Portugal,landing,arrivee,375,242.4,96.5,,,,
2026-05-23,13:06:57,AFR41GW,F-HZUN,BD-500-1A11,Air France,landing,arrivee,475,250.0,86.7,,,,
2026-05-23,13:10:01,TAP91TL,CS-TPS,Embraer E190,TAP Air Portugal,landing,arrivee,400,242.4,95.1,,,,
2026-05-23,13:12:35,TAP226,CS-TUR,Airbus A330-900neo,TAP Air Portugal,landing,arrivee,425,270.9,95.2,,,,
2026-05-23,13:15:12,4951ca,CS-TNJ,Airbus A320,TAP Air Portugal,landing,arrivee,475,274.5,92.4,,,,
2026-05-23,13:17:58,3453c3,EC-MRF,Airbus A321,Vueling,landing,arrivee,425,260.8,96.3,,,,
2026-05-23,13:20:31,LOT425,SP-LVG,Boeing 737 MAX 8,LOT Polish Airlines,landing,arrivee,375,283.7,92.5,,,,
2026-05-23,13:24:01,EJU94NF,OE-LUE,Airbus A320neo,easyJet Europe,landing,arrivee,475,252.4,75.2,,,,
2026-05-23,13:25:49,TAP145W,CS-TPT,Embraer E190,TAP Air Portugal,landing,arrivee,400,247.6,95.3,,,,
2026-05-23,13:28:58,DLH47T,D-AIEH,Airbus A321neo,Lufthansa,approach,arrivee,475,253.5,89.3,,,,
2026-05-23,13:35:34,TAP10VL,CS-TAY,Embraer E195,TAP Air Portugal,landing,arrivee,425,247.6,97.5,,,,
2026-05-23,13:40:44,495149,CS-TJI,Airbus A321neo,TAP Air Portugal,landing,arrivee,475,278.9,86.2,,,,
2026-05-23,13:43:18,TAP43JD,CS-TNL,Airbus A320,TAP Air Portugal,landing,arrivee,500,258.9,88.1,,,,
2026-05-23,13:50:20,9HGME,9H-IRI,C56X,,approach,arrivee,375,67.8,79.7,,,,
2026-05-23,13:54:18,TAP1335,CS-TVM,Airbus A320neo,TAP Air Portugal,landing,arrivee,450,239.8,94.2,,,,
2026-05-23,13:56:52,TAP1151,CS-TPV,Embraer E190,TAP Air Portugal,landing,arrivee,375,257.2,96.7,,,,
2026-05-23,13:59:20,49514c,CS-TJL,Airbus A321neo,TAP Air Portugal,landing,arrivee,475,273.2,92.8,,,,
2026-05-23,14:02:16,TAP86GM,CS-TPO,Embraer E190,TAP Air Portugal,landing,arrivee,425,244.8,98.6,,,,
2026-05-23,14:03:58,RYR65MU,9H-QAO,Boeing 737-800,Malta Air,landing,arrivee,450,279.7,94.0,,,,
2026-05-23,14:06:36,RZO150,CS-TKP,Airbus A320,TAP Air Portugal,landing,arrivee,425,256.5,95.6,,,,
2026-05-23,14:08:32,49514f,CS-TJO,Airbus A321neo,TAP Air Portugal,landing,arrivee,475,274.8,91.7,,,,
2026-05-23,14:11:32,TCV606,D4-CCI,Boeing 737-700,Cabo Verde Airlines,landing,arrivee,400,256.5,95.7,,,,
2026-05-23,14:14:10,TAP23V,CS-TPQ,Embraer E190,TAP Air Portugal,landing,arrivee,450,259.7,91.9,,,,
2026-05-23,14:16:30,TAP401P,CS-TTW,Embraer E195,TAP Air Portugal,landing,arrivee,450,264.8,98.8,,,,
2026-05-23,14:18:52,TAP869,CS-TPZ,Embraer E190,TAP Air Portugal,landing,arrivee,450,237.4,90.2,,,,
2026-05-23,14:21:13,TAP88TM,CS-TJJ,Airbus A321neo,TAP Air Portugal,landing,arrivee,425,270.8,98.1,,,,
2026-05-23,14:24:18,4952d1,CS-TVQ,Airbus A320neo,TAP Air Portugal,landing,arrivee,450,243.2,91.1,,,,
2026-05-23,14:27:08,TAP8RT,CS-TPR,Embraer E190,TAP Air Portugal,landing,arrivee,450,255.6,89.0,,,,
2026-05-23,14:29:44,KLM97N,PH-AXD,Airbus A321neo,KLM,landing,arrivee,450,273.2,98.6,,,,
2026-05-23,14:32:28,TAP36GS,CS-TXE,Airbus A321neo,TAP Air Portugal,landing,arrivee,475,263.2,88.1,,,,
2026-05-23,14:35:34,4951ee,CS-TON,Airbus A330-200,TAP Air Portugal,landing,arrivee,425,260.0,98.5,,,,
2026-05-23,14:37:29,344545,EC-MAF,ATR 72 500F,Swiftair,climb,depart,3325,327.2,68.4,,,,
2026-05-23,14:40:56,EWG37V,OK-TVW,Boeing 737-800,Eurowings,landing,arrivee,375,271.7,93.5,,,,
2026-05-23,14:43:41,495274,CS-TST,767 34PER,TAP Air Portugal,landing,arrivee,475,257.2,92.3,,,,
2026-05-23,14:46:29,EJU41HA,OE-LSF,Airbus A320neo,easyJet Europe,landing,arrivee,475,258.9,86.8,,,,
2026-05-23,14:49:53,SWT131,EC-MAF,ATR 72 500F,Swiftair,approach,arrivee,475,204.3,82.0,,,,
2026-05-23,14:52:14,4951d4,CS-TNT,Airbus A320,TAP Air Portugal,landing,arrivee,425,261.5,93.7,,,,
2026-05-23,14:55:16,EZS79YP,HB-JXN,Airbus A320,Austrian Airlines,landing,arrivee,450,251.5,89.9,,,,
2026-05-23,14:58:02,4951d6,CS-TNV,Airbus A320,TAP Air Portugal,landing,arrivee,450,248.4,86.4,,,,
2026-05-23,15:00:30,4d21f2,9H-QAJ,Boeing 737-800,Malta Air,landing,arrivee,450,273.2,97.7,,,,
2026-05-23,15:03:03,SWR2BK,HB-JPB,Airbus A321neo,Swiss,landing,arrivee,500,254.1,95.5,,,,
2026-05-23,15:05:45,392aee,F-GKXO,Airbus A320,Air France,landing,arrivee,475,257.1,83.5,,,,
2026-05-23,15:13:51,4bb0f2,TC-LGR,Airbus A350-900,Turkish Airlines,landing,arrivee,475,263.9,97.4,,,,
2026-05-23,15:16:10,344459,EC-LVR,Boeing 737-800,Air Europa,landing,arrivee,425,265.6,93.1,,,,
2026-05-23,15:18:50,TAP1127,CS-TPY,Embraer E190,TAP Air Portugal,landing,arrivee,375,250.8,95.8,,,,
2026-05-23,15:22:22,TAP883,CS-TTR,Airbus A319,TAP Air Portugal,landing,arrivee,450,237.4,99.1,,,,
2026-05-23,15:45:06,3c664e,D-AIRN,Airbus A321,Lufthansa,landing,arrivee,475,273.9,87.8,,,,
2026-05-23,15:48:14,4952a7,CS-TUG,Airbus A330-900neo,TAP Air Portugal,landing,arrivee,475,262.2,98.1,,,,
2026-05-23,15:50:50,502dae,YL-BTD,Airbus A220-300,,landing,arrivee,475,254.8,97.5,,,,
2026-05-23,15:53:34,TAP553R,CS-TJP,Airbus A321neo,TAP Air Portugal,landing,arrivee,450,278.0,99.3,,,,
2026-05-23,15:56:28,TAP931L,CS-TVO,Airbus A320neo,TAP Air Portugal,landing,arrivee,450,270.0,93.5,,,,
2026-05-23,15:59:22,TAP1137,CS-TTZ,Embraer E195,TAP Air Portugal,landing,arrivee,425,267.2,84.7,,,,
2026-05-23,16:01:59,FIN96W,OH-LZL,Airbus A321,Finnair,landing,arrivee,475,291.3,91.1,,,,
2026-05-23,16:04:50,TAP571,CS-TXI,Airbus A321neo,TAP Air Portugal,landing,arrivee,400,274.1,96.8,,,,
2026-05-23,16:07:14,3c54a1,D-AEEA,Airbus A321neo,Eurowings,landing,arrivee,500,253.2,91.8,,,,
2026-05-23,16:10:28,TAP83RS,CS-TVR,Airbus A320neo,TAP Air Portugal,landing,arrivee,475,243.2,96.0,,,,
2026-05-23,16:16:09,9HGME,9H-IRI,C56X,,approach,arrivee,600,175.8,98.5,,,,
2026-05-23,16:21:28,TAP763,CS-TVK,Airbus A320neo,TAP Air Portugal,landing,arrivee,500,256.5,86.4,,,,
2026-05-23,16:23:25,TAP669,CS-TVG,Airbus A320neo,TAP Air Portugal,landing,arrivee,475,265.6,89.6,,,,
2026-05-23,16:26:05,TAP56DT,CS-TNR,Airbus A320,TAP Air Portugal,landing,arrivee,450,255.6,94.8,,,,
2026-05-23,16:28:04,4952a8,CS-TUH,Airbus A330-900neo,TAP Air Portugal,landing,arrivee,500,254.8,89.1,,,,
2026-05-23,16:30:54,TAP1241,CS-TJK,Airbus A321neo,TAP Air Portugal,landing,arrivee,450,248.4,98.9,,,,
2026-05-23,16:32:37,TAP120R,CS-TVJ,Airbus A320neo,TAP Air Portugal,landing,arrivee,475,266.5,87.0,,,,
2026-05-23,16:35:50,495217,CS-TPW,Embraer E190,TAP Air Portugal,landing,arrivee,450,249.1,96.1,,,,
2026-05-23,16:37:27,49514d,CS-TJM,Airbus A321neo,TAP Air Portugal,landing,arrivee,525,275.6,90.1,,,,
2026-05-23,16:40:12,EJU15PC,OE-IDO,Airbus A320,easyJet Europe,landing,arrivee,450,260.8,92.5,,,,
2026-05-23,16:41:45,TAP75CH,CS-TNW,Airbus A320,TAP Air Portugal,landing,arrivee,475,247.2,88.8,,,,
2026-05-23,16:44:45,345688,EC-MUG,Bombardier CRJ-1000,Air Nostrum,landing,arrivee,475,258.4,93.8,,,,
2026-05-23,16:46:45,4951d3,CS-TNS,Airbus A320,TAP Air Portugal,landing,arrivee,475,258.9,85.3,,,,
2026-05-23,16:49:15,4ca73a,EI-EBR,Boeing 737-800,Ryanair,landing,arrivee,425,277.2,93.7,,,,
2026-05-23,16:51:00,RYR9PX,9H-QAY,Boeing 737-800,Malta Air,landing,arrivee,450,273.2,96.1,,,,
2026-05-23,16:53:08,SWR58H,HB-JCQ,A220 300,Swiss,landing,arrivee,475,253.2,86.2,,,,
2026-05-23,16:55:13,49530a,CS-TXJ,Airbus A321neo,TAP Air Portugal,landing,arrivee,475,266.5,91.6,,,,
2026-05-23,16:57:03,TAP15NC,CS-TAW,Embraer E195,TAP Air Portugal,landing,arrivee,450,260.8,86.2,,,,
2026-05-23,16:59:27,400dae,G-EZAJ,Airbus A319,easyJet,landing,arrivee,475,234.8,96.7,,,,
2026-05-23,17:01:48,4952c4,CS-TVD,Airbus A320neo,TAP Air Portugal,landing,arrivee,475,244.8,96.7,,,,
2026-05-23,17:03:56,4075ff,G-NEOR,Airbus A321neo,British Airways,landing,arrivee,475,247.2,90.7,,,,
2026-05-23,17:08:20,440daf,OE-IDU,Airbus A320,easyJet Europe,landing,arrivee,500,225.0,88.5,,,,
2026-05-23,17:10:54,3475d9,EC-ODL,Airbus A320,,landing,arrivee,475,261.5,91.8,,,,
2026-05-23,17:13:44,TAP1359,CS-TVH,Airbus A320neo,TAP Air Portugal,landing,arrivee,450,257.2,96.7,,,,
2026-05-23,17:16:34,440d6e,OE-LSQ,Airbus A320,easyJet Europe,landing,arrivee,500,264.8,94.8,,,,
2026-05-23,17:19:19,EWG25P,D-AIDU,Airbus A321,Eurowings,landing,arrivee,475,271.3,89.6,,,,
2026-05-23,17:22:23,TAP71VE,CS-TUF,Airbus A330-900neo,TAP Air Portugal,landing,arrivee,475,254.8,89.1,,,,
2026-05-23,17:25:01,3964f1,F-GZHR,Boeing 737-800,Transavia France,approach,arrivee,450,0.0,95.0,,,,
2026-05-23,17:28:10,EJU45HZ,OE-IBF,Airbus A320,easyJet Europe,landing,arrivee,500,250.8,91.5,,,,
2026-05-23,17:31:02,RYR409,9H-QDD,Boeing 737-800,Malta Air,landing,arrivee,500,247.6,84.5,,,,
2026-05-23,17:34:54,RAM982,CN-RGJ,Boeing 737-800,Royal Air Maroc,takeoff,depart,625,289.8,93.5,,,,
2026-05-23,17:37:05,TRA9H,PH-HXO,Boeing 737-800,Transavia,takeoff,depart,2375,331.1,91.7,,,,
2026-05-23,17:40:53,39e680,F-HZUA,A220 300,Air France,landing,arrivee,525,236.7,89.5,,,,
2026-05-23,17:43:27,3475c9,EC-OCT,Airbus A321,TAP Air Portugal,landing,arrivee,475,272.1,94.4,,,,
2026-05-23,17:45:13,4d211c,9H-IRI,C56X,,takeoff,depart,1125,137.0,87.9,,,,
2026-05-23,17:49:10,0200f8,CN-RGJ,Boeing 737-800,Royal Air Maroc,landing,arrivee,475,278.9,96.8,,,,
2026-05-23,17:51:55,48597e,PH-HXO,Boeing 737-800,Transavia,landing,arrivee,450,277.2,91.5,,,,
2026-05-23,17:55:59,RYR55AR,EI-IGK,Boeing 737 MAX 8,Ryanair,landing,arrivee,475,272.1,96.2,,,,
2026-05-23,17:58:49,RYR3RB,EI-EST,Boeing 737-800,Ryanair,landing,arrivee,450,274.8,93.8,,,,
2026-05-23,18:01:33,TAP643,CS-TJN,Airbus A321neo,TAP Air Portugal,landing,arrivee,475,271.3,93.0,,,,
2026-05-23,18:04:10,4cac24,EI-HGM,Boeing 737 MAX 8,Ryanair,landing,arrivee,475,274.8,95.0,,,,
2026-05-23,18:07:05,4ca856,EI-EMN,Boeing 737-800,Ryanair,landing,arrivee,475,280.6,91.0,,,,
2026-05-23,18:10:04,495298,CS-TTX,Embraer E195,TAP Air Portugal,landing,arrivee,500,263.2,98.8,,,,
2026-05-23,18:12:36,TAP435,CS-TVF,Airbus A320neo,TAP Air Portugal,landing,arrivee,475,268.9,99.2,,,,
2026-05-23,18:16:56,3452c9,EC-MNZ,Airbus A320,Vueling,landing,arrivee,450,249.1,98.3,,,,
2026-05-23,18:19:32,4ca9d2,EI-EVJ,Boeing 737-800,Ryanair,landing,arrivee,475,278.2,94.6,,,,
2026-05-23,18:22:26,4952c9,CS-TVI,Airbus A320neo,TAP Air Portugal,landing,arrivee,500,260.0,86.3,,,,
2026-05-23,18:26:34,TAP1017,CS-TNL,Airbus A320,TAP Air Portugal,landing,arrivee,525,252.4,95.7,,,,
2026-05-23,18:29:10,TAP1558,CS-TVL,Airbus A320,TAP Air Portugal,landing,arrivee,475,263.2,99.9,,,,
2026-05-23,18:33:10,4952a1,CS-TUA,Airbus A330-900neo,TAP Air Portugal,landing,arrivee,475,265.8,93.7,,,,
2026-05-23,18:38:38,440d10,OE-IBS,Airbus A320,easyJet Europe,landing,arrivee,500,254.8,92.1,,,,
2026-05-23,18:41:22,KLM71Y,PH-AXK,Airbus A321neo,KLM,landing,arrivee,450,252.4,92.6,,,,
2026-05-23,18:44:03,39de41,F-HXSB,Airbus A320neo,Transavia France,landing,arrivee,475,238.2,97.4,,,,
2026-05-23,18:47:21,TAP1439,CS-TPO,Embraer E190,TAP Air Portugal,landing,arrivee,450,228.4,98.8,,,,
2026-05-23,18:49:54,495145,CS-TJE,Airbus A321,TAP Air Portugal,landing,arrivee,525,258.9,95.1,,,,
2026-05-23,18:52:49,RYR59QQ,9H-QDV,Boeing 737-800,Malta Air,landing,arrivee,475,276.3,93.8,,,,
2026-05-23,18:55:25,345042,EC-MHB,Airbus A321,Vueling,landing,arrivee,500,258.9,93.7,,,,
2026-05-23,18:58:19,BEL2DT,OO-SSY,Airbus A319,Brussels Airlines,landing,arrivee,475,242.4,99.5,,,,
2026-05-23,19:05:19,4d200f,9H-WNO,Airbus A321neo,Lauda Europe,landing,arrivee,525,247.2,96.9,,,,
2026-05-23,19:08:43,TAP10EV,CS-TPV,Embraer E190,TAP Air Portugal,landing,arrivee,525,234.8,92.1,,,,
2026-05-23,19:11:06,UAE5M,A6-ENU,Boeing 777-300ER,Emirates,landing,arrivee,500,278.9,88.3,,,,
2026-05-23,19:14:00,AEA1157,EC-MUZ,Boeing 737-800,Air Europa,landing,arrivee,450,271.3,96.3,,,,
2026-05-23,19:16:33,44061d,OE-LQQ,Airbus A319,easyJet Europe,landing,arrivee,500,255.2,89.9,,,,
2026-05-23,19:19:09,4952c3,CS-TVC,Airbus A320neo,TAP Air Portugal,landing,arrivee,475,258.9,90.8,,,,
2026-05-23,19:21:43,TAP35BL,CS-TNQ,Airbus A320,TAP Air Portugal,landing,arrivee,500,256.5,94.8,,,,
2026-05-23,19:24:29,44cc42,OO-SBB,Airbus A320,Brussels Airlines,landing,arrivee,525,236.7,91.7,,,,
2026-05-23,19:27:23,TAP1065,CS-TPQ,Embraer E190,TAP Air Portugal,landing,arrivee,500,247.2,85.4,,,,
2026-05-23,19:30:02,49529a,CS-TTZ,Embraer E195,TAP Air Portugal,landing,arrivee,500,252.4,91.7,,,,
2026-05-23,19:32:44,495213,CS-TPS,Embraer E190,TAP Air Portugal,landing,arrivee,525,248.4,90.7,,,,
2026-05-23,19:35:28,440075,OE-LSV,Airbus A320neo,easyJet Europe,landing,arrivee,475,247.6,99.9,,,,
2026-05-23,19:46:01,TAP4TL,CS-TAY,Embraer E195,TAP Air Portugal,landing,arrivee,500,250.8,92.5,,,,
2026-05-23,19:47:57,4951cb,CS-TNK,Airbus A320,TAP Air Portugal,landing,arrivee,525,252.4,93.8,,,,
2026-05-23,19:50:26,EJU15DB,OE-7120,EuroFox,easyJet Europe,landing,arrivee,475,269.7,99.1,,,,
2026-05-23,19:52:52,TAP543W,CS-TTY,Embraer E195,TAP Air Portugal,landing,arrivee,500,264.1,95.7,,,,
2026-05-23,19:55:12,RYR40MN,9H-QAG,Boeing 737-800,Malta Air,landing,arrivee,475,282.4,95.4,,,,
2026-05-23,19:58:00,4951ce,CS-TNN,Airbus A320,TAP Air Portugal,landing,arrivee,500,249.8,90.3,,,,
2026-05-23,20:01:06,495153,CS-TJS,Airbus A321neo,TAP Air Portugal,cruise,,550,0.0,90.3,,,,
2026-05-23,20:04:15,502ce3,YL-CSI,C Series 300,Swiss,landing,arrivee,525,253.2,85.3,,,,
2026-05-23,20:06:35,RYR7VL,9H-QCF,Boeing 737-800,Malta Air,landing,arrivee,500,273.9,96.4,,,,
2026-05-23,20:09:39,495290,CS-TTP,Airbus A319,TAP Air Portugal,landing,arrivee,525,253.2,95.0,,,,
2026-05-23,20:12:42,TAP48M,CS-TPX,Embraer E190,TAP Air Portugal,landing,arrivee,450,254.8,96.2,,,,
2026-05-23,20:15:34,4952c2,CS-TVB,Airbus A320neo,TAP Air Portugal,landing,arrivee,525,263.2,89.8,,,,
2026-05-23,20:18:19,4952ce,CS-TVN,Airbus A320neo,TAP Air Portugal,landing,arrivee,500,265.6,94.4,,,,
2026-05-23,20:21:16,406133,G-EZFR,Airbus A319,easyJet,landing,arrivee,525,239.1,94.8,,,,
2026-05-23,20:24:32,VLG8UE,EC-KHN,Airbus A320,Vueling,landing,arrivee,450,258.9,99.9,,,,
2026-05-23,20:27:41,0900bb,D2-TEG,Boeing 777-300ER,TAAG Angola Airlines,landing,arrivee,500,264.1,98.2,,,,
2026-05-23,20:30:03,471f02,HA-LTI,Airbus A321,SAS Scandinavian,landing,arrivee,525,269.7,89.1,,,,
2026-05-23,20:32:49,495148,CS-TJH,Airbus A321,TAP Air Portugal,landing,arrivee,500,256.5,91.8,,,,
2026-05-23,20:35:59,4bb862,TC-NCB,Airbus A320neo,Turkish Airlines,landing,arrivee,500,239.1,95.7,,,,
2026-05-23,20:41:20,4ca95e,EI-HAW,Boeing 737 MAX 8,Ryanair,landing,arrivee,450,278.9,82.2,,,,
2026-05-23,20:44:30,EZY25BM,G-EZDJ,Airbus A319,easyJet,landing,arrivee,500,251.5,89.4,,,,
2026-05-23,20:47:18,TAP1019,CS-TPY,Embraer E190,TAP Air Portugal,landing,arrivee,475,243.2,96.5,,,,
2026-05-23,20:49:42,4ca911,EI-EPC,Boeing 737-800,Ryanair,landing,arrivee,475,275.6,91.6,,,,
2026-05-23,20:52:21,4cac23,EI-HGL,Boeing 737 MAX 8,Ryanair,landing,arrivee,500,272.1,93.2,,,,
2026-05-23,20:55:14,45cab9,OY-RUY,Airbus A320,Luxair,landing,arrivee,550,250.8,93.9,,,,
2026-05-23,20:58:00,EZY26YM,G-EZTC,Airbus A320,easyJet,landing,arrivee,500,240.8,98.3,,,,
2026-05-23,21:00:42,EWG6TR,9H-EUT,Airbus A320,Eurowings,landing,arrivee,525,241.5,94.8,,,,
2026-05-23,21:04:10,TAP877,CS-TPU,Embraer E190,TAP Air Portugal,landing,arrivee,475,226.7,99.4,,,,
2026-05-23,21:06:50,VLG14YF,EC-OKJ,Airbus A320,Vueling,landing,arrivee,525,247.2,91.3,,,,
2026-05-23,21:10:08,CNKAS,CN-KAS,Global 5000,Azali Jet,landing,arrivee,475,215.9,93.9,,,,
2026-05-23,21:16:48,49521a,CS-TPZ,Embraer E190,TAP Air Portugal,cruise,,500,0.0,90.6,,,,
2026-05-23,21:19:40,4951d4,CS-TNT,Airbus A320,TAP Air Portugal,landing,arrivee,525,236.7,92.6,,,,
2026-05-23,21:25:03,LBT6148,TS-ING,Airbus A320,Nouvelair Tunisie,landing,arrivee,500,245.6,95.9,,,,
2026-05-23,21:28:47,440115,OE-LUE,Airbus A320neo,easyJet Europe,landing,arrivee,525,241.5,94.5,,,,
2026-05-23,21:34:11,RZO134,CS-TSY,Airbus A320,TAP Air Portugal,landing,arrivee,525,246.3,92.3,,,,
2026-05-23,21:36:12,c06cda,CA-GPFT,Boeing 737 MAX 8,WestJet,landing,arrivee,500,269.7,95.1,,,,
2026-05-23,21:39:19,TAP67U,CS-TVM,Airbus A320neo,TAP Air Portugal,landing,arrivee,500,251.5,89.2,,,,
2026-05-23,21:42:29,EJU71TK,OE-IWW,Airbus A320,easyJet Europe,landing,arrivee,500,243.2,92.2,,,,
2026-05-23,21:45:22,TAP863Y,CS-TJI,Airbus A321neo,TAP Air Portugal,landing,arrivee,525,261.5,94.0,,,,
2026-05-23,21:47:53,495170,CS-TKP,Airbus A320,TAP Air Portugal,landing,arrivee,525,257.2,86.3,,,,
2026-05-23,21:50:45,4952c1,CS-TVA,Airbus A320neo,TAP Air Portugal,landing,arrivee,525,254.1,86.2,,,,
2026-05-23,21:53:14,TAP5AS,CS-TNJ,Airbus A320,TAP Air Portugal,landing,arrivee,450,252.4,99.0,,,,
2026-05-23,21:56:23,452124,LZ-ROM,A220-300,Bulgaria Air,landing,arrivee,500,239.1,88.9,,,,
2026-05-23,21:58:42,504e84,ER-00001,Airbus A321,Fly One,landing,arrivee,475,257.2,94.2,,,,
2026-05-23,22:01:26,EJU32GK,OE-LSJ,Airbus A320neo,Vueling,landing,arrivee,475,261.5,90.1,,,,
2026-05-23,22:04:27,JLG806,N806GJ,125 800XP,Unknown US,landing,arrivee,500,243.5,97.8,,,,
2026-05-23,22:07:47,SAS2801,LN-RGM,Airbus A320neo,SAS Scandinavian,landing,arrivee,500,225.8,95.8,,,,
2026-05-23,22:09:55,3c6669,D-AISI,Airbus A321,Lufthansa,landing,arrivee,500,260.8,91.6,,,,
2026-05-23,22:13:12,ASL41G,YU-APE,Airbus A319,Air Serbia,landing,arrivee,475,233.9,93.3,,,,
2026-05-23,22:15:52,495306,CS-TXF,Airbus A321neo,TAP Air Portugal,landing,arrivee,525,263.9,94.1,,,,
2026-05-23,22:18:48,TAP837,CS-TJL,Airbus A321neo,TAP Air Portugal,landing,arrivee,475,256.5,94.4,,,,
2026-05-23,22:21:03,AFR64PQ,F-HEPE,Airbus A320,Air France,landing,arrivee,475,258.9,99.8,,,,
2026-05-23,22:23:06,RYR9QJ,EI-EMA,Boeing 737-800,Ryanair,landing,arrivee,425,268.9,94.8,,,,
2026-05-23,22:24:56,TAP555,CS-TJO,Airbus A321neo,TAP Air Portugal,landing,arrivee,475,241.5,86.4,,,,
2026-05-23,22:27:40,4951d6,CS-TNV,Airbus A320,TAP Air Portugal,landing,arrivee,475,246.7,89.5,,,,
2026-05-23,22:29:32,TAP885,CS-TPT,Embraer E190,TAP Air Portugal,landing,arrivee,475,241.5,93.5,,,,
2026-05-23,22:31:36,3964e4,F-GZHE,Boeing 737-800,Transavia France,landing,arrivee,500,278.9,89.3,,,,
2026-05-23,22:34:12,EJU97HA,OE-IDO,Airbus A320,easyJet Europe,landing,arrivee,450,248.4,94.5,,,,
2026-05-23,22:37:19,3c64a3,D-AIEC,Airbus A321neo,Lufthansa,landing,arrivee,525,252.2,91.3,,,,
2026-05-23,22:40:11,4cae5a,EI-IJJ,Boeing 737 MAX 8,Ryanair,landing,arrivee,400,274.1,96.3,,,,
2026-05-23,22:42:29,495292,CS-TTR,Airbus A319,TAP Air Portugal,cruise,,525,0.0,92.3,,,,
2026-05-23,22:45:30,TAP21MM,CS-TAW,Embraer E195,TAP Air Portugal,landing,arrivee,450,261.5,96.7,,,,
2026-05-23,22:50:40,EJU69VE,OE-IBF,Airbus A320,easyJet Europe,landing,arrivee,450,247.2,97.8,,,,
2026-05-23,22:53:05,TAP57W,CS-TVO,Airbus A320neo,TAP Air Portugal,landing,arrivee,450,267.2,89.8,,,,
2026-05-23,22:56:01,EJU74EP,OE-LSQ,Airbus A320,easyJet Europe,landing,arrivee,500,240.8,98.8,,,,
2026-05-23,22:58:43,BAW508,G-TNEB,Airbus A321neo,British Airways,landing,arrivee,450,247.2,96.9,,,,
2026-05-23,23:02:03,4867c2,PH-AXG,Airbus A321neo,KLM,landing,arrivee,450,253.2,99.4,,,,
2026-05-23,23:08:24,46b8aa,SX-NEJ,Airbus A320,Aegean Airlines,landing,arrivee,500,268.0,84.2,,,,
2026-05-23,23:10:38,440072,OE-LSF,Airbus A320neo,easyJet Europe,landing,arrivee,475,265.6,94.7,,,,
2026-05-23,23:13:44,IBE0539,EC-NCM,Airbus A320neo,Iberia,landing,arrivee,475,242.4,92.2,,,,
2026-05-23,23:16:58,EJU95BR,OE-IBS,Airbus A320,easyJet Europe,landing,arrivee,425,258.9,99.3,,,,
2026-05-23,23:20:22,SWR755L,HB-JPE,Airbus A321neo,Swiss,landing,arrivee,500,276.5,88.2,,,,
2026-05-23,23:23:44,TAP1369,CS-TJJ,Airbus A321neo,TAP Air Portugal,landing,arrivee,475,274.8,96.0,,,,
2026-05-23,23:25:58,4d2262,9H-QAY,Boeing 737-800,Malta Air,landing,arrivee,500,278.0,90.2,,,,
2026-05-23,23:29:07,4952d2,CS-TVR,Airbus A320neo,TAP Air Portugal,landing,arrivee,525,252.2,85.9,,,,
2026-05-23,23:31:03,495298,CS-TTX,Embraer E195,TAP Air Portugal,landing,arrivee,500,265.6,89.5,,,,
2026-05-23,23:33:07,RYR384,EI-IGK,Boeing 737 MAX 8,Ryanair,landing,arrivee,450,278.0,87.3,,,,
2026-05-23,23:36:25,DLH23C,D-AIEF,Airbus A321neo,Lufthansa,landing,arrivee,525,258.0,87.8,,,,
2026-05-23,23:42:47,TVF47RH,F-HUYJ,Boeing 737-800,Transavia France,landing,arrivee,400,282.4,94.1,,,,
2026-05-24,00:06:24,RZO3126,CS-TSG,Airbus A321neo,TAP Air Portugal,landing,arrivee,525,264.8,86.8,,,,
2026-05-24,00:11:59,4951cc,CS-TNL,Airbus A320,TAP Air Portugal,landing,arrivee,500,261.5,90.4,,,,
2026-05-24,00:14:45,4d225c,9H-QDD,Boeing 737-800,Malta Air,landing,arrivee,500,283.7,93.6,,,,
2026-05-24,00:20:13,4952ca,CS-TVJ,Airbus A320neo,TAP Air Portugal,landing,arrivee,525,266.3,87.9,,,,
2026-05-24,00:29:53,3475c9,EC-OCT,Airbus A321,TAP Air Portugal,landing,arrivee,500,267.2,88.2,,,,
2026-05-24,04:37:14,TAP082,CS-TUM,Airbus A330-900neo,TAP Air Portugal,landing,arrivee,475,263.2,96.0,,,,
2026-05-24,04:42:36,4952b1,CS-TUQ,Airbus A330-900neo,TAP Air Portugal,landing,arrivee,475,263.9,99.4,,,,
2026-05-24,05:07:51,TAP218,CS-TXB,Airbus A321neo,TAP Air Portugal,landing,arrivee,525,268.9,98.0,,,,
2026-05-24,05:11:38,TAP202A,CS-TXK,Airbus A321,TAP Air Portugal,landing,arrivee,500,268.9,94.8,,,,
2026-05-24,05:18:58,TAP224,CS-TUS,Airbus A330-900neo,TAP Air Portugal,landing,arrivee,475,266.5,97.6,,,,
2026-05-24,05:24:40,495308,CS-TXH,Airbus A321neo,TAP Air Portugal,landing,arrivee,525,261.5,93.8,,,,
2026-05-24,05:50:27,TAP1484,CS-TJP,Airbus A321neo,TAP Air Portugal,landing,arrivee,425,258.0,94.4,,,,
2026-05-24,05:53:07,TAP1544,CS-TVP,Airbus A320neo,TAP Air Portugal,landing,arrivee,525,243.2,89.7,,,,
2026-05-24,05:55:45,4952a9,CS-TUI,Airbus A330-900neo,TAP Air Portugal,landing,arrivee,500,264.1,99.0,,,,
2026-05-24,05:58:57,TAP1937,CS-TPT,Embraer E190,TAP Air Portugal,landing,arrivee,475,236.7,98.5,,,,
2026-05-24,06:01:25,495290,CS-TTP,Airbus A319,TAP Air Portugal,landing,arrivee,525,239.1,87.8,,,,
2026-05-24,06:13:49,4952aa,CS-TUJ,Airbus A330-900neo,TAP Air Portugal,landing,arrivee,475,254.8,99.8,,,,
2026-05-24,06:20:02,RYR9PX,9H-QCQ,Boeing 737-800,Malta Air,landing,arrivee,475,267.2,94.0,,,,
2026-05-24,06:23:26,495212,CS-TPR,Embraer E190,TAP Air Portugal,landing,arrivee,500,228.5,81.3,,,,
2026-05-24,06:34:07,c06a75,C-GOIE,Airbus A321neo,Air Transat,landing,arrivee,450,244.8,93.7,,,,
2026-05-24,06:40:16,347307,EC-NUZ,Boeing 737-800,Air Europa,landing,arrivee,475,254.8,95.6,,,,
2026-05-24,06:42:42,AZU8750,CS-TGD,Airbus A330-200,Azul,landing,arrivee,450,244.8,96.3,,,,
2026-05-24,06:45:40,4951d4,CS-TNT,Airbus A320,TAP Air Portugal,landing,arrivee,525,257.2,86.2,,,,
2026-05-24,06:48:34,0900f1,D2-TEK,Boeing 777-300ER,TAAG Angola Airlines,landing,arrivee,475,263.2,95.2,,,,
2026-05-24,06:51:25,4951d1,CS-TNQ,Airbus A320,TAP Air Portugal,cruise,,500,0.0,96.2,,,,
2026-05-24,06:53:51,4952cd,CS-TVM,Airbus A320neo,TAP Air Portugal,landing,arrivee,525,261.5,88.0,,,,
2026-05-24,06:56:51,TAP1550,CS-TJS,Airbus A321neo,TAP Air Portugal,landing,arrivee,450,263.2,99.6,,,,
2026-05-24,06:59:33,TAP9004,CS-TVC,Airbus A320neo,TAP Air Portugal,landing,arrivee,425,234.8,85.3,,,,
2026-05-24,07:03:02,TAP1139,CS-TPQ,Embraer E190,TAP Air Portugal,landing,arrivee,475,240.8,89.4,,,,
2026-05-24,07:14:10,TAP98CX,CS-TVA,Airbus A320neo,TAP Air Portugal,landing,arrivee,525,253.2,83.0,,,,
2026-05-24,07:16:36,TAP441,CS-TJN,Airbus A321neo,TAP Air Portugal,landing,arrivee,500,258.4,89.7,,,,
2026-05-24,07:19:14,495299,CS-TTY,Embraer E195,TAP Air Portugal,landing,arrivee,475,250.0,99.4,,,,
2026-05-24,07:21:42,4951d2,CS-TNR,Airbus A320,TAP Air Portugal,landing,arrivee,475,237.4,89.1,,,,
2026-05-24,07:24:10,TAM8146,PT-MUG,Boeing 777-300ER,LATAM Airlines,landing,arrivee,425,274.8,95.9,,,,
2026-05-24,07:26:50,4952c2,CS-TVB,Airbus A320neo,TAP Air Portugal,landing,arrivee,500,241.5,87.9,,,,
2026-05-24,07:29:18,TAP945,CS-TVF,Airbus A320neo,TAP Air Portugal,landing,arrivee,500,236.7,88.9,,,,
2026-05-24,07:33:31,ETD7LG,A6-BLQ,Boeing 787-9,Etihad Airways,landing,arrivee,425,272.4,94.4,,,,
2026-05-24,07:36:35,TAP8RL,CS-TJE,Airbus A321,TAP Air Portugal,landing,arrivee,400,254.8,97.0,,,,
2026-05-24,07:38:55,4951ce,CS-TNN,Airbus A320,TAP Air Portugal,landing,arrivee,500,242.4,89.4,,,,
2026-05-24,07:43:59,TAP495Y,CS-TPO,Embraer E190,TAP Air Portugal,landing,arrivee,500,226.7,86.4,,,,
2026-05-24,07:49:17,4952c7,CS-TVG,Airbus A320neo,TAP Air Portugal,landing,arrivee,500,260.8,97.6,,,,
2026-05-24,07:52:09,TAP244,CS-TUE,Airbus A330-900neo,TAP Air Portugal,landing,arrivee,500,254.8,98.0,,,,
2026-05-24,07:56:10,a05628,N12005,Boeing 787-10,United Airlines,landing,arrivee,475,287.2,98.9,,,,
2026-05-24,07:59:32,DAL272,N428DX,Airbus A330-900neo,Delta Air Lines,landing,arrivee,450,257.2,99.2,,,,
2026-05-24,08:01:58,4952cc,CS-TVL,Airbus A320,TAP Air Portugal,landing,arrivee,525,249.1,91.7,,,,
2026-05-24,08:04:41,TAP006,CS-TXC,Airbus A321neo,TAP Air Portugal,landing,arrivee,475,263.2,95.5,,,,
2026-05-24,08:07:13,EJU64TB,OE-LQR,Airbus A319,easyJet Europe,landing,arrivee,500,240.8,92.4,,,,
2026-05-24,08:09:36,49514d,CS-TJM,Airbus A321neo,TAP Air Portugal,landing,arrivee,550,262.4,75.2,,,,
2026-05-24,08:12:10,TAP9RH,CS-TVK,Airbus A320neo,TAP Air Portugal,landing,arrivee,450,254.8,99.2,,,,
2026-05-24,08:14:44,4951d7,CS-TNW,Airbus A320,TAP Air Portugal,landing,arrivee,525,243.2,78.5,,,,
2026-05-24,08:17:32,TAP27UZ,CS-TTZ,Embraer E195,TAP Air Portugal,landing,arrivee,450,257.2,91.9,,,,
2026-05-24,08:19:18,4b1a1d,HB-JXD,Airbus A320,Austrian Airlines,landing,arrivee,525,251.5,80.5,,,,
2026-05-24,08:22:17,VLG46AX,EC-NYC,Airbus A321,Vueling,landing,arrivee,475,244.3,97.4,,,,
2026-05-24,08:23:49,EWG66L,D-AEWK,Airbus A320,Eurowings,landing,arrivee,450,260.8,88.0,,,,
2026-05-24,08:25:58,N114QS,N114QS,Global 5000,NetJets,landing,arrivee,475,212.6,92.7,,,,
2026-05-24,08:27:45,4951d3,CS-TNS,Airbus A320,TAP Air Portugal,landing,arrivee,525,244.8,87.7,,,,
2026-05-24,08:30:19,TAP757P,CS-TJK,Airbus A321neo,TAP Air Portugal,landing,arrivee,500,253.2,96.3,,,,
2026-05-24,08:32:49,AFR35VY,F-GUGP,A318 111,Air France,landing,arrivee,550,225.0,80.2,,,,
2026-05-24,08:35:24,TAP63GL,CS-TVH,Airbus A320neo,TAP Air Portugal,landing,arrivee,500,258.9,88.5,,,,
2026-05-24,08:38:15,39de51,F-HXSR,Airbus A320neo,,landing,arrivee,525,241.5,88.0,,,,
2026-05-24,08:40:53,ab4e94,N828AA,Boeing 787-9,American Airlines,cruise,,500,0.0,94.7,,,,
2026-05-24,09:04:48,4952c4,CS-TVD,Airbus A320neo,TAP Air Portugal,landing,arrivee,525,240.8,78.2,,,,
2026-05-24,09:09:52,EZY46AK,G-UZEF,Airbus A320neo,easyJet,landing,arrivee,450,263.2,99.6,,,,
2026-05-24,09:12:17,RYR8AT,EI-DLX,Boeing 737-800,Ryanair,landing,arrivee,500,285.6,85.5,,,,
2026-05-24,09:15:07,4951ef,CS-TOO,Airbus A330-200,TAP Air Portugal,landing,arrivee,450,251.5,98.1,,,,
2026-05-24,09:17:50,ACA812,C-GFAJ,Airbus A330-300,Air Canada,landing,arrivee,475,249.8,93.8,,,,
2026-05-24,09:20:30,EZY25MD,G-EZUL,Airbus A320,easyJet,landing,arrivee,400,257.2,95.3,,,,
2026-05-24,09:23:00,RYR4ZF,EI-ILR,Boeing 737 MAX 8,Ryanair,landing,arrivee,450,274.1,90.1,,,,
2026-05-24,09:25:41,THY3WE,TC-LSB,Airbus A321neo,Turkish Airlines,landing,arrivee,500,251.5,97.3,,,,
2026-05-24,09:28:15,TAP072,CS-TUN,Airbus A330-900neo,TAP Air Portugal,landing,arrivee,475,259.7,93.8,,,,
2026-05-24,09:30:37,NSZ3616,SE-NAA,Boeing 737 MAX 8,,landing,arrivee,450,270.0,90.4,,,,
2026-05-24,09:33:32,TSC480,C-GUBL,Airbus A330-200,Air Transat,landing,arrivee,450,257.2,97.8,,,,
2026-05-24,09:36:10,TAP66PD,CS-TJI,Airbus A321neo,TAP Air Portugal,landing,arrivee,475,273.2,96.6,,,,
2026-05-24,09:44:57,BAW50P,G-TTSD,Airbus A320neo,British Airways,landing,arrivee,475,247.6,97.5,,,,
2026-05-24,09:51:37,49530a,CS-TXJ,Airbus A321neo,TAP Air Portugal,landing,arrivee,525,252.4,89.0,,,,
2026-05-24,09:55:40,TAP1921,CS-TNM,Airbus A320,TAP Air Portugal,landing,arrivee,475,249.1,92.8,,,,
2026-05-24,09:58:06,TAP036,CS-TUH,Airbus A330-900neo,TAP Air Portugal,landing,arrivee,475,267.2,95.1,,,,
2026-05-24,10:00:53,EIN82T,EI-NSE,Airbus A320neo,Aer Lingus,landing,arrivee,525,255.6,87.9,,,,
2026-05-24,10:04:56,440daf,OE-IDU,Airbus A320,easyJet Europe,landing,arrivee,500,256.5,89.5,,,,
2026-05-24,10:09:52,4952ab,CS-TUK,Airbus A330-900neo,TAP Air Portugal,landing,arrivee,500,261.5,93.2,,,,
2026-05-24,10:12:34,40653d,G-EZGN,Airbus A319,easyJet,landing,arrivee,525,254.8,88.4,,,,
2026-05-24,10:15:46,e4910e,PR-AIW,Airbus A330-200,Azul,landing,arrivee,475,249.1,93.0,,,,
2026-05-24,10:17:51,RYR3WD,EI-IGK,Boeing 737 MAX 8,Ryanair,landing,arrivee,475,280.6,87.0,,,,
2026-05-24,10:21:05,DAL124,N414DZ,Airbus A330-900neo,Delta Air Lines,landing,arrivee,450,260.0,98.9,,,,
2026-05-24,10:26:32,TAP210,CS-TUR,Airbus A330-900neo,TAP Air Portugal,landing,arrivee,500,258.9,98.4,,,,
2026-05-24,10:29:25,TAP234Y,CS-TXL,Airbus A321neo,TAP Air Portugal,landing,arrivee,475,251.5,96.0,,,,
2026-05-24,10:32:28,TAP13LH,CS-TVI,Airbus A320neo,TAP Air Portugal,landing,arrivee,475,239.8,92.7,,,,
2026-05-24,10:36:20,34604d,EC-MUZ,Boeing 737-800,Air Europa,landing,arrivee,500,271.3,87.4,,,,
2026-05-24,10:40:27,TAP68JP,CS-TPS,Embraer E190,TAP Air Portugal,landing,arrivee,450,247.6,86.2,,,,
2026-05-24,10:43:35,348342,EC-OND,Airbus A330-300,,landing,arrivee,450,250.0,87.0,,,,
2026-05-24,10:46:04,49530d,CS-TXM,Airbus A321,TAP Air Portugal,landing,arrivee,500,260.4,93.9,,,,
2026-05-24,10:49:03,TAP11MG,CS-TPR,Embraer E190,TAP Air Portugal,landing,arrivee,450,244.8,95.2,,,,
2026-05-24,10:53:15,UAL942,N227UA,Boeing 777-200,United Airlines,landing,arrivee,400,280.6,91.3,,,,
2026-05-24,10:55:49,TAP048,CS-TXI,Airbus A321neo,TAP Air Portugal,landing,arrivee,500,250.8,94.7,,,,
2026-05-24,10:58:08,c02cf1,C-FRAM,Boeing 777-300ER,Air Canada,landing,arrivee,475,275.6,98.6,,,,
2026-05-24,11:01:05,TAP2542,CS-TUC,Airbus A330-900neo,TAP Air Portugal,landing,arrivee,475,254.8,95.7,,,,
2026-05-24,11:04:01,4867c0,PH-AXE,Airbus A321neo,KLM,landing,arrivee,500,260.8,86.4,,,,
2026-05-24,11:06:37,4952cf,CS-TVO,Airbus A320neo,TAP Air Portugal,landing,arrivee,500,242.4,89.6,,,,
2026-05-24,11:09:08,BEL2DY,OO-SSR,Airbus A319,Brussels Airlines,landing,arrivee,475,260.8,97.8,,,,
2026-05-24,11:11:28,502d5a,YL-ABI,A220 300,Air Baltic,landing,arrivee,475,264.8,87.6,,,,
2026-05-24,11:14:02,4d207d,9H-QFJ,Boeing 737-800,Malta Air,landing,arrivee,500,284.8,84.8,,,,
2026-05-24,11:16:34,40643b,G-EZTY,Airbus A320,easyJet,landing,arrivee,500,267.2,88.2,,,,
2026-05-24,11:19:03,EJU15UG,OE-LSV,Airbus A320neo,easyJet Europe,landing,arrivee,450,273.2,95.7,,,,
2026-05-24,11:21:28,39e699,F-HZUZ,A220-300,Air France,landing,arrivee,500,244.8,89.6,,,,
2026-05-24,11:24:04,TAP11WQ,CS-TJH,Airbus A321,TAP Air Portugal,landing,arrivee,450,274.8,99.6,,,,
2026-05-24,11:26:38,4952ac,CS-TUL,Airbus A330-900neo,TAP Air Portugal,landing,arrivee,500,273.2,93.9,,,,
2026-05-24,11:35:14,DLH39X,D-AIED,Airbus A321neo,Lufthansa,landing,arrivee,500,277.2,88.9,,,,
2026-05-24,11:37:48,TVF32VF,F-HTVL,Boeing 737-800,Transavia France,landing,arrivee,425,285.6,94.1,,,,
2026-05-24,11:39:43,EJU74EF,OE-IBS,Airbus A320,easyJet Europe,landing,arrivee,425,271.3,99.3,,,,
2026-05-24,11:42:15,EJU32GK,OE-LSF,Airbus A320neo,easyJet Europe,landing,arrivee,450,275.6,99.2,,,,
2026-05-24,11:45:36,RYR59QQ,EI-DWC,Boeing 737-800,Ryanair,landing,arrivee,475,290.6,96.0,,,,
2026-05-24,11:49:38,IBE05FV,EC-KHM,Airbus A319,Iberia,landing,arrivee,475,258.9,89.5,,,,
2026-05-24,11:52:53,RYR7GJ,EI-EMI,Boeing 737-800,Ryanair,landing,arrivee,450,290.6,93.6,,,,
2026-05-24,11:55:59,4952c1,CS-TVA,Airbus A320neo,TAP Air Portugal,landing,arrivee,500,251.5,88.1,,,,
2026-05-24,11:59:44,4952d1,CS-TVQ,Airbus A320neo,TAP Air Portugal,landing,arrivee,475,249.1,97.6,,,,
2026-05-24,12:02:19,TAP028,CS-TON,Airbus A330-200,TAP Air Portugal,landing,arrivee,400,263.9,93.8,,,,
2026-05-24,12:05:07,TAP1123,CS-TPU,Embraer E190,TAP Air Portugal,landing,arrivee,425,232.4,98.9,,,,
2026-05-24,12:07:54,8963d2,A6-EPC,Boeing 777-300ER,Emirates,landing,arrivee,450,288.9,95.2,,,,
2026-05-24,12:10:50,49d287,OK-TVV,Boeing 737-800,Eurowings,landing,arrivee,450,270.8,97.1,,,,
2026-05-24,12:13:51,TAP1925,CS-TNN,Airbus A320,TAP Air Portugal,landing,arrivee,475,250.8,89.6,,,,
2026-05-24,12:16:21,EJU32WQ,OE-LSQ,Airbus A320,easyJet Europe,landing,arrivee,525,273.2,88.2,,,,
2026-05-24,12:19:19,EJU92TK,OE-LUE,Airbus A320neo,easyJet Europe,landing,arrivee,500,254.8,83.0,,,,
2026-05-24,12:22:30,EJU52PB,OE-IWW,Airbus A320,easyJet Europe,landing,arrivee,475,268.9,92.2,,,,
2026-05-24,12:24:58,4d2262,9H-QAY,Boeing 737-800,Malta Air,landing,arrivee,450,288.9,88.1,,,,
2026-05-24,12:27:53,EJU69GW,OE-IBF,Airbus A320,easyJet Europe,landing,arrivee,475,253.2,90.6,,,,
2026-05-24,12:31:12,495037,CS-TAW,Embraer E195,TAP Air Portugal,landing,arrivee,475,239.1,97.2,,,,
2026-05-24,12:33:25,RYR16GW,EI-HAW,Boeing 737 MAX 8,Ryanair,landing,arrivee,450,281.3,98.9,,,,
2026-05-24,12:39:11,49526d,CS-TSM,Airbus A320,TAP Air Portugal,landing,arrivee,525,251.5,88.5,,,,
2026-05-24,12:42:14,495214,CS-TPT,Embraer E190,TAP Air Portugal,landing,arrivee,450,255.6,91.0,,,,
2026-05-24,12:53:25,TAP1151,CS-TNR,Airbus A320,TAP Air Portugal,landing,arrivee,450,258.9,98.9,,,,
2026-05-24,12:57:00,495066,CS-TCF,Airbus A330-900neo,TAP Air Portugal,landing,arrivee,475,252.4,97.0,,,,
2026-05-24,13:02:35,4952ca,CS-TVJ,Airbus A320neo,TAP Air Portugal,landing,arrivee,500,254.1,87.5,,,,
2026-05-24,13:05:21,344557,EC-MCU,Airbus A320,Vueling,landing,arrivee,500,272.1,77.8,,,,
2026-05-24,13:08:28,EJU38DF,OE-LSJ,Airbus A320neo,Vueling,approach,arrivee,450,257.2,95.3,,,,
2026-05-24,13:10:40,DLH47T,D-AINT,Airbus A320neo,Lufthansa,landing,arrivee,500,286.5,86.3,,,,
2026-05-24,13:13:08,4952c2,CS-TVB,Airbus A320neo,TAP Air Portugal,landing,arrivee,525,270.0,78.7,,,,
2026-05-24,13:15:51,4951cb,CS-TNK,Airbus A320,TAP Air Portugal,landing,arrivee,500,268.0,95.2,,,,
2026-05-24,13:18:39,495307,CS-TXG,Airbus A321neo,TAP Air Portugal,landing,arrivee,475,283.0,95.0,,,,
2026-05-24,13:21:22,495211,CS-TPQ,Embraer E190,TAP Air Portugal,landing,arrivee,475,251.5,95.4,,,,
2026-05-24,13:23:42,440195,OE-IZG,Airbus A320,easyJet Europe,landing,arrivee,475,271.3,95.5,,,,
2026-05-24,13:26:04,TAP43JD,CS-TJL,Airbus A321neo,TAP Air Portugal,landing,arrivee,500,273.9,87.4,,,,
2026-05-24,13:28:48,495292,CS-TTR,Airbus A319,TAP Air Portugal,landing,arrivee,475,269.3,91.7,,,,
2026-05-24,13:31:19,TAP1736,CS-TNQ,Airbus A320,TAP Air Portugal,landing,arrivee,450,260.4,98.3,,,,
2026-05-24,13:34:05,49520f,CS-TPO,Embraer E190,TAP Air Portugal,landing,arrivee,425,252.4,98.1,,,,
2026-05-24,13:36:28,SWR32F,HB-JCF,C Series 300,Swiss,landing,arrivee,450,270.8,99.3,,,,
2026-05-24,13:39:10,495150,CS-TJP,Airbus A321neo,TAP Air Portugal,landing,arrivee,525,283.0,94.4,,,,
2026-05-24,13:43:00,RZO122,CS-TSI,Airbus A321neo,TAP Air Portugal,landing,arrivee,500,268.9,86.4,,,,
2026-05-24,13:45:35,TAP86GM,CS-TJO,Airbus A321neo,TAP Air Portugal,landing,arrivee,450,261.5,96.5,,,,
2026-05-24,13:48:12,RYR55AR,EI-EBX,Boeing 737-800,Ryanair,landing,arrivee,475,274.8,93.3,,,,
2026-05-24,13:50:48,TAP481,CS-TPZ,Embraer E190,TAP Air Portugal,landing,arrivee,475,256.5,91.5,,,,
2026-05-24,13:54:45,4952d0,CS-TVP,Airbus A320neo,TAP Air Portugal,landing,arrivee,500,267.2,85.5,,,,
2026-05-24,13:57:27,TCV602,OK-SWH,Boeing 737 MAX 8,Smartwings,landing,arrivee,475,266.3,96.0,,,,
2026-05-24,14:00:56,TAP471A,CS-TAY,Embraer E195,TAP Air Portugal,landing,arrivee,450,272.1,99.0,,,,
2026-05-24,14:03:20,495218,CS-TPX,Embraer E190,TAP Air Portugal,landing,arrivee,475,276.5,90.1,,,,
2026-05-24,14:05:46,495290,CS-TTP,Airbus A319,TAP Air Portugal,landing,arrivee,500,263.2,86.0,,,,
2026-05-24,14:10:38,495299,CS-TTY,Embraer E195,TAP Air Portugal,landing,arrivee,450,278.9,99.1,,,,
2026-05-24,14:14:29,4951d7,CS-TNW,Airbus A320,TAP Air Portugal,landing,arrivee,550,272.1,95.0,,,,
2026-05-24,14:17:09,TAP401P,CS-TPY,Embraer E190,TAP Air Portugal,landing,arrivee,475,260.8,89.2,,,,
2026-05-24,14:23:31,49526d,CS-TSM,Airbus A320,TAP Air Portugal,takeoff,depart,1500,263.7,93.1,,,,
2026-05-24,14:27:43,TAP876,CS-TPU,Embraer E190,TAP Air Portugal,takeoff,depart,1100,291.3,96.1,,,,
2026-05-24,14:31:05,495214,CS-TPT,Embraer E190,TAP Air Portugal,takeoff,depart,1375,306.9,93.6,,,,
2026-05-24,14:33:48,TAP1242,CS-TNR,Airbus A320,TAP Air Portugal,takeoff,depart,1300,294.8,92.8,,,,
2026-05-24,14:37:38,440195,OE-IZG,Airbus A320,easyJet Europe,takeoff,depart,1450,311.3,90.4,,,,
2026-05-24,14:42:32,TAP82LN,CS-TAW,Embraer E195,TAP Air Portugal,takeoff,depart,1175,304.7,94.1,,,,
2026-05-24,14:45:43,TAP42LV,CS-TNK,Airbus A320,TAP Air Portugal,takeoff,depart,1700,323.0,92.7,,,,
2026-05-24,14:47:58,UAE192,A6-EPC,Boeing 777-300ER,Emirates,takeoff,depart,1250,363.4,91.3,,,,
2026-05-24,14:53:21,4952ca,CS-TVJ,Airbus A320neo,TAP Air Portugal,takeoff,depart,1350,274.3,96.8,,,,
2026-05-24,14:57:08,WPT2151,EC-OND,Airbus A330-300,,climb,depart,1450,329.8,89.2,,,,
2026-05-24,15:00:00,TAP1928,CS-TVB,Airbus A320neo,TAP Air Portugal,takeoff,depart,1375,294.5,94.1,,,,
2026-05-24,15:02:04,TAP10AD,CS-TPQ,Embraer E190,TAP Air Portugal,takeoff,depart,2050,340.4,87.9,,,,
2026-05-24,15:04:20,4b17fd,HB-JCF,C Series 300,Swiss,takeoff,depart,1350,268.2,92.4,,,,
2026-05-24,15:06:22,DLH01A,D-AINT,Airbus A320neo,Lufthansa,takeoff,depart,1575,287.4,95.7,,,,
2026-05-24,15:08:24,TAP1272,CS-TTR,Airbus A319,TAP Air Portugal,takeoff,depart,1625,318.9,88.8,,,,
2026-05-24,15:11:39,49520f,CS-TPO,Embraer E190,TAP Air Portugal,takeoff,depart,1550,277.1,93.9,,,,
2026-05-24,15:14:46,RYR72ZY,EI-EBX,Boeing 737-800,Ryanair,takeoff,depart,1300,306.1,90.9,,,,
2026-05-24,15:18:16,495269,CS-TSI,Airbus A321neo,TAP Air Portugal,takeoff,depart,1175,298.9,93.6,,,,
2026-05-24,15:20:47,49521a,CS-TPZ,Embraer E190,TAP Air Portugal,takeoff,depart,1175,278.0,95.3,,,,
2026-05-24,15:23:31,TAP1034,CS-TXG,Airbus A321neo,TAP Air Portugal,takeoff,depart,1400,305.8,92.6,,,,
2026-05-24,15:25:32,TAP94EV,CS-TAY,Embraer E195,TAP Air Portugal,climb,depart,1600,325.4,88.4,,,,
2026-05-24,15:28:05,TAP72LP,CS-TVP,Airbus A320neo,TAP Air Portugal,takeoff,depart,1900,334.3,88.8,,,,
2026-05-24,15:29:32,4951d1,CS-TNQ,Airbus A320,TAP Air Portugal,takeoff,depart,1400,296.9,95.1,,,,
2026-05-24,15:32:34,RYR5HE,EI-EMI,Boeing 737-800,Ryanair,takeoff,depart,1225,305.0,92.6,,,,
2026-05-24,15:34:52,TAP554M,CS-TJL,Airbus A321neo,TAP Air Portugal,takeoff,depart,1300,289.7,95.6,,,,
2026-05-24,15:38:14,495150,CS-TJP,Airbus A321neo,TAP Air Portugal,takeoff,depart,1275,316.3,94.1,,,,
2026-05-24,15:40:39,49514f,CS-TJO,Airbus A321neo,TAP Air Portugal,takeoff,depart,1325,318.5,94.7,,,,
2026-05-24,15:43:54,440c38,OE-LSJ,Airbus A320neo,Vueling,takeoff,depart,1450,299.7,92.6,,,,
2026-05-24,15:46:48,TAP13DU,CS-TTY,Embraer E195,TAP Air Portugal,takeoff,depart,1125,298.9,94.7,,,,
2026-05-24,15:52:09,495219,CS-TPY,Embraer E190,TAP Air Portugal,takeoff,depart,1175,279.7,93.0,,,,
2026-05-24,15:55:14,495066,CS-TCF,Airbus A330-900neo,TAP Air Portugal,takeoff,depart,1525,321.0,89.9,,,,
2026-05-24,15:58:03,TAP836A,CS-TNW,Airbus A320,TAP Air Portugal,takeoff,depart,1350,303.7,91.8,,,,
2026-05-24,16:00:26,4caa5f,EI-EXD,Boeing 737-800,Ryanair,takeoff,depart,1400,299.8,91.5,,,,
2026-05-24,16:02:46,TAP826,CS-TJS,Airbus A321neo,TAP Air Portugal,takeoff,depart,1225,322.1,91.5,,,,
2026-05-24,16:06:06,49d414,OK-SWH,Boeing 737 MAX 8,Smartwings,takeoff,depart,1100,318.9,91.7,,,,
2026-05-24,16:08:44,495170,CS-TKP,Airbus A320,TAP Air Portugal,takeoff,depart,1325,284.5,91.8,,,,
2026-05-24,16:11:21,4951ca,CS-TNJ,Airbus A320,TAP Air Portugal,takeoff,depart,1650,318.9,91.8,,,,
2026-05-24,16:13:55,LOT7KU,SP-LVP,Boeing 737 MAX 8,LOT Polish Airlines,takeoff,depart,1050,322.1,93.1,,,,
2026-05-24,16:16:51,4868f8,PH-AXR,Airbus A321neo,KLM,takeoff,depart,1600,302.2,92.5,,,,
2026-05-24,16:18:56,440031,OE-IVC,Airbus A320,Iberia,takeoff,depart,1350,296.1,96.6,,,,
2026-05-24,16:21:15,4b194d,HB-JPD,Airbus A321,Swiss,takeoff,depart,1325,336.3,96.7,,,,
2026-05-24,16:24:14,346082,EC-MVY,Boeing 737-800,Air Europa,takeoff,depart,1025,303.4,91.9,,,,
2026-05-24,16:34:24,RYR47GU,SP-RZI,Boeing 737 MAX 8,Buzz,takeoff,depart,1175,318.5,93.5,,,,
2026-05-24,16:38:31,461fa7,OH-LZR,Airbus A321,Finnair,takeoff,depart,1350,307.1,93.9,,,,
2026-05-24,16:41:09,3985a7,F-HBNH,Airbus A320,Air France,takeoff,depart,1500,280.6,91.7,,,,
2026-05-24,16:43:42,4952ce,CS-TVN,Airbus A320neo,TAP Air Portugal,takeoff,depart,1525,277.6,93.0,,,,
2026-05-24,16:46:28,4951d3,CS-TNS,Airbus A320,TAP Air Portugal,takeoff,depart,1475,276.5,95.8,,,,
2026-05-24,16:49:02,TAP1036,CS-TPX,Embraer E190,TAP Air Portugal,takeoff,depart,1625,286.1,95.2,,,,
2026-05-24,16:52:16,EJU75NR,OE-IDU,Airbus A320,easyJet Europe,takeoff,depart,1300,302.2,93.2,,,,
2026-05-24,16:57:15,3c65e2,D-AIOB,Airbus A321neo,Lufthansa,takeoff,depart,1700,323.7,93.3,,,,
2026-05-24,17:02:59,4bb213,TC-LPS,Airbus A321neo,Turkish Airlines,takeoff,depart,1375,298.5,94.4,,,,
2026-05-24,17:05:06,TAP91SR,CS-TJN,Airbus A321neo,TAP Air Portugal,takeoff,depart,2350,366.0,74.6,,,,
2026-05-24,17:06:13,495290,CS-TTP,Airbus A319,TAP Air Portugal,takeoff,depart,1425,283.7,90.6,,,,
2026-05-24,17:08:21,406755,G-EZWD,Airbus A320,easyJet,takeoff,depart,1375,291.3,96.6,,,,
2026-05-24,17:16:15,344197,EC-LOV,Bombardier CRJ-1000,Air Nostrum,takeoff,depart,1000,286.9,97.1,,,,
2026-05-24,17:20:20,4d2262,9H-QAY,Boeing 737-800,Malta Air,takeoff,depart,1675,321.3,93.8,,,,
2026-05-24,17:25:57,TAP083,CS-TUQ,Airbus A330-900neo,TAP Air Portugal,takeoff,depart,1500,316.0,91.1,,,,
2026-05-24,17:32:14,4ca9a9,EI-HAX,Boeing 737 MAX 8,Ryanair,takeoff,depart,1350,289.7,95.8,,,,
2026-05-24,17:35:18,QQE754,A7-CHB,GA7C,,takeoff,depart,2450,390.8,93.2,,,,
2026-05-24,17:38:42,4952ab,CS-TUK,Airbus A330-900neo,TAP Air Portugal,climb,depart,1475,312.8,92.8,,,,
2026-05-24,17:41:51,4952cd,CS-TVM,Airbus A320neo,TAP Air Portugal,takeoff,depart,1575,299.7,93.1,,,,
2026-05-24,17:43:52,RYR7WW,EI-IGK,Boeing 737 MAX 8,Ryanair,takeoff,depart,1650,339.8,86.9,,,,
2026-05-24,17:46:52,TAP029,CS-TUD,Airbus A330-900neo,TAP Air Portugal,takeoff,depart,1575,302.6,91.5,,,,
2026-05-24,17:49:17,BAW505,G-EUUC,Airbus A320,British Airways,takeoff,depart,1325,292.8,97.6,,,,
2026-05-24,17:51:26,NSZ278Y,SE-RTG,Boeing 737 MAX 8,Norwegian Air Sweden AOC,takeoff,depart,1075,312.2,92.7,,,,
2026-05-24,17:55:24,440d10,OE-IBS,Airbus A320,easyJet Europe,takeoff,depart,1300,291.7,94.1,,,,
2026-05-24,17:57:26,EJU56YT,OE-IWW,Airbus A320,easyJet Europe,takeoff,depart,1575,292.8,91.8,,,,
2026-05-24,18:00:06,495302,CS-TXB,Airbus A321neo,TAP Air Portugal,takeoff,depart,1625,328.5,92.3,,,,
2026-05-24,18:03:11,494110,CS-PHP,Phenom 300,NetJets,climb,depart,3275,294.3,91.9,,,,
2026-05-24,18:05:35,TRA46G,PH-HBN,Boeing 737-800,Transavia,takeoff,depart,1300,304.3,91.9,,,,
2026-05-24,18:09:02,TAP035,CS-TON,Airbus A330-200,TAP Air Portugal,takeoff,depart,1475,333.9,84.5,,,,
2026-05-24,18:12:08,495212,CS-TPR,Embraer E190,TAP Air Portugal,takeoff,depart,1300,265.6,93.4,,,,
2026-05-24,18:15:07,495308,CS-TXH,Airbus A321neo,TAP Air Portugal,takeoff,depart,1400,333.7,92.2,,,,
2026-05-24,18:18:05,EJU43QE,OE-IBF,Airbus A320,easyJet Europe,takeoff,depart,1525,311.7,93.7,,,,
2026-05-24,18:20:12,4952c4,CS-TVD,Airbus A320neo,TAP Air Portugal,takeoff,depart,1400,277.8,95.1,,,,
2026-05-24,18:23:04,3475c9,EC-OCT,Airbus A321,TAP Air Portugal,takeoff,depart,1500,304.5,92.3,,,,
2026-05-24,18:27:57,495306,CS-TXF,Airbus A321neo,TAP Air Portugal,takeoff,depart,1450,336.0,94.0,,,,
2026-05-24,18:30:59,495298,CS-TTX,Embraer E195,TAP Air Portugal,takeoff,depart,1750,298.4,93.4,,,,
2026-05-24,18:33:57,TAP215,CS-TXK,Airbus A321,TAP Air Portugal,takeoff,depart,1625,337.1,91.9,,,,
2026-05-24,18:36:35,RYR498R,EI-DYE,Boeing 737-800,Ryanair,takeoff,depart,1250,310.2,89.7,,,,
2026-05-24,18:39:27,4951d4,CS-TNT,Airbus A320,TAP Air Portugal,takeoff,depart,1575,322.2,93.4,,,,
2026-05-24,18:43:00,440d6e,OE-LSQ,Airbus A320,easyJet Europe,takeoff,depart,1475,305.8,93.6,,,,
2026-05-24,18:45:49,4951cd,CS-TNM,Airbus A320,TAP Air Portugal,takeoff,depart,1300,282.4,95.5,,,,
2026-05-24,18:48:43,TAP57LK,CS-TNV,Airbus A320,TAP Air Portugal,takeoff,depart,1450,297.4,91.0,,,,
2026-05-24,18:51:14,4952ac,CS-TUL,Airbus A330-900neo,TAP Air Portugal,takeoff,depart,1475,310.2,90.3,,,,
2026-05-24,18:54:00,4952d2,CS-TVR,Airbus A320neo,TAP Air Portugal,takeoff,depart,1375,290.2,94.9,,,,
2026-05-24,18:57:06,4952ad,CS-TUM,Airbus A330-900neo,TAP Air Portugal,takeoff,depart,1525,322.1,91.0,,,,
2026-05-24,19:00:05,4952c3,CS-TVC,Airbus A320neo,TAP Air Portugal,takeoff,depart,1525,283.4,92.4,,,,
2026-05-24,19:02:55,4d22b9,9H-LOT,Airbus A320,Lauda Europe,takeoff,depart,1225,301.7,94.2,,,,
2026-05-24,19:05:09,TAP253R,CS-TXD,Airbus A321neo,TAP Air Portugal,takeoff,depart,1625,340.2,82.7,,,,
2026-05-24,19:06:11,TAP009,CS-TXI,Airbus A321neo,TAP Air Portugal,takeoff,depart,1775,356.3,93.0,,,,
2026-05-24,19:08:15,EZY36CZ,G-EZGY,Airbus A320,easyJet,takeoff,depart,1950,354.7,90.4,,,,
2026-05-24,19:10:44,LGL3754,LX-LGS,Boeing 737-700,Luxair,takeoff,depart,1225,294.1,91.3,,,,
2026-05-24,19:13:18,343386,EC-LAB,Airbus A320,Vueling,takeoff,depart,1300,283.7,92.4,,,,
2026-05-24,19:16:21,TAP38KJ,CS-TTZ,Embraer E195,TAP Air Portugal,takeoff,depart,1525,274.8,91.9,,,,
2026-05-24,19:18:55,TAP4BE,CS-TJJ,Airbus A321neo,TAP Air Portugal,takeoff,depart,1450,317.1,90.4,,,,
2026-05-24,19:21:36,RAM983,CN-ROS,Boeing 737-800,Royal Air Maroc,takeoff,depart,1625,308.5,87.9,,,,
2026-05-24,19:24:23,RYR693D,EI-HAW,Boeing 737 MAX 8,Ryanair,takeoff,depart,1425,307.2,92.2,,,,
2026-05-24,19:26:56,TAP934,CS-TVG,Airbus A320neo,TAP Air Portugal,takeoff,depart,1375,303.0,93.4,,,,
2026-05-24,19:30:30,3985a1,F-HBNB,Airbus A320,Air France,takeoff,depart,1425,285.9,93.3,,,,
2026-05-24,19:33:39,TVF23AE,F-GZHE,Boeing 737-800,Transavia France,takeoff,depart,1200,313.7,94.6,,,,
2026-05-24,19:36:27,3c54a5,D-AEEE,Airbus A321,Eurowings,takeoff,depart,1400,291.3,96.2,,,,
2026-05-24,19:39:02,495217,CS-TPW,Embraer E190,TAP Air Portugal,takeoff,depart,1250,273.9,96.3,,,,
2026-05-24,19:41:35,VLG35PE,EC-KDT,Airbus A320,Vueling,takeoff,depart,1125,301.7,98.1,,,,
2026-05-24,19:43:36,TAP556,CS-TVK,Airbus A320neo,TAP Air Portugal,takeoff,depart,2200,334.3,85.4,,,,
2026-05-24,19:46:12,344449,EC-LVD,Airbus A320,Iberia,takeoff,depart,1375,285.6,91.1,,,,
2026-05-24,19:48:14,RYR6YK,EI-DYC,Boeing 737-800,Ryanair,takeoff,depart,1550,360.4,76.7,,,,
2026-05-24,19:50:06,TP58Y,CS-TJM,Airbus A321neo,TAP Air Portugal,takeoff,depart,1350,305.8,93.2,,,,
2026-05-24,19:53:14,EZY97QP,G-EZPX,Airbus A320,easyJet,takeoff,depart,1250,303.0,93.5,,,,
2026-05-24,19:55:24,EJU41EH,OE-LUE,Airbus A320neo,easyJet Europe,takeoff,depart,1425,300.6,94.0,,,,
2026-05-24,19:57:52,4952a3,CS-TUC,Airbus A330-900neo,TAP Air Portugal,takeoff,depart,1475,319.5,92.0,,,,
2026-05-24,20:03:28,TRA87Y,PH-HSK,Boeing 737-800,Transavia,takeoff,depart,1375,318.9,81.0,,,,
2026-05-24,20:06:09,EJU95BW,OE-LSF,Airbus A320neo,easyJet Europe,takeoff,depart,1700,301.1,91.7,,,,
2026-05-24,20:09:54,BAW507,G-EUYC,Airbus A320,British Airways,takeoff,depart,1975,317.1,87.4,,,,
2026-05-24,20:11:54,49514b,CS-TJK,Airbus A321neo,TAP Air Portugal,takeoff,depart,1700,305.4,97.6,,,,
2026-05-24,20:17:19,495039,CS-TAY,Embraer E195,TAP Air Portugal,takeoff,depart,1450,293.7,95.4,,,,
2026-05-24,20:19:39,AEA91KM,EC-MUZ,Boeing 737-800,Air Europa,takeoff,depart,1075,307.8,94.0,,,,
2026-05-24,20:21:47,TAP944,CS-TVF,Airbus A320neo,TAP Air Portugal,takeoff,depart,2200,315.4,84.2,,,,
2026-05-24,20:24:21,39d314,F-HUYU,Boeing 737-800,Transavia France,takeoff,depart,1175,303.7,92.8,,,,
2026-05-24,20:27:52,44cc47,OO-SBG,Airbus A320neo,Brussels Airlines,takeoff,depart,1600,262.8,92.8,,,,
2026-05-24,20:29:53,RYR95FC,EI-EVL,Boeing 737-800,Ryanair,takeoff,depart,1975,314.7,86.6,,,,
2026-05-24,20:31:12,4868bc,PH-AXN,Airbus A321neo,KLM,takeoff,depart,1250,288.5,95.5,,,,
2026-05-24,20:34:34,TAP1366,CS-TVL,Airbus A320,TAP Air Portugal,takeoff,depart,2375,351.7,61.4,,,,
2026-05-24,20:37:12,EJU85UT,OE-LKY,Airbus A319,easyJet Europe,takeoff,depart,1425,285.6,90.4,,,,
2026-05-24,20:40:43,WMT8734,9H-WDL,Airbus A321,Lauda Europe,takeoff,depart,1225,316.1,96.2,,,,
2026-05-24,21:06:34,4cc573,TF-ICF,Boeing 737 MAX 8,Icelandair,landing,arrivee,500,284.8,87.6,,,,
2026-05-24,21:09:15,342591,EC-KHN,Airbus A320,Vueling,landing,arrivee,525,263.9,86.9,,,,
2026-05-24,21:11:32,TAP835,CS-TJH,Airbus A321,TAP Air Portugal,landing,arrivee,500,270.8,93.3,,,,
2026-05-24,21:13:23,EIN4PT,EI-GAL,Airbus A320,Aer Lingus,landing,arrivee,525,257.2,82.5,,,,
2026-05-24,21:15:55,495218,CS-TPX,Embraer E190,TAP Air Portugal,landing,arrivee,500,255.6,89.9,,,,
2026-05-24,21:17:51,EZY25BM,G-UZLB,Airbus A320neo,easyJet,landing,arrivee,475,248.4,96.8,,,,
2026-05-24,21:20:01,TAP1692,CS-TJN,Airbus A321neo,TAP Air Portugal,landing,arrivee,550,273.2,89.2,,,,
2026-05-24,21:22:25,495279,CS-TSY,Airbus A320,TAP Air Portugal,landing,arrivee,525,259.7,85.5,,,,
2026-05-24,21:25:02,495274,CS-TST,767 34PER,TAP Air Portugal,landing,arrivee,475,257.2,96.3,,,,
2026-05-24,21:27:01,4951ca,CS-TNJ,Airbus A320,TAP Air Portugal,cruise,,550,0.0,82.8,,,,
2026-05-24,21:29:32,4952ca,CS-TVJ,Airbus A320neo,TAP Air Portugal,landing,arrivee,500,251.5,98.3,,,,
2026-05-24,21:32:59,WJA32,CA-GPFT,Boeing 737 MAX 8,WestJet,landing,arrivee,500,267.6,95.9,,,,
2026-05-24,21:37:26,TAP1019,CS-TPR,Embraer E190,TAP Air Portugal,landing,arrivee,475,249.1,94.2,,,,
2026-05-24,21:39:38,495214,CS-TPT,Embraer E190,TAP Air Portugal,landing,arrivee,475,245.6,90.5,,,,
2026-05-24,21:42:11,RZO152,CS-TKP,Airbus A320,TAP Air Portugal,landing,arrivee,525,259.7,88.2,,,,
2026-05-24,21:44:37,TAP1325,CS-TTY,Embraer E195,TAP Air Portugal,landing,arrivee,500,277.2,97.3,,,,
2026-05-24,21:49:21,495215,CS-TPU,Embraer E190,TAP Air Portugal,landing,arrivee,475,243.5,99.1,,,,
2026-05-24,21:52:08,SEH922,SX-GNA,Airbus A320neo,Sky Express Greece,landing,arrivee,450,247.2,99.3,,,,
2026-05-24,21:55:08,49514f,CS-TJO,Airbus A321neo,TAP Air Portugal,landing,arrivee,500,253.2,89.4,,,,
2026-05-24,21:57:41,4caee4,EI-ILD,Boeing 737 MAX 8,Ryanair,landing,arrivee,475,282.1,97.5,,,,
2026-05-24,22:01:14,DLH34J,D-AIEM,Airbus A321neo,Lufthansa,landing,arrivee,475,267.2,94.6,,,,
2026-05-24,22:04:06,VOE54GD,EC-NQM,Airbus A320,Volotea,landing,arrivee,525,258.9,85.2,,,,
2026-05-24,22:06:59,RYR24SE,EI-EMI,Boeing 737-800,Ryanair,landing,arrivee,475,280.6,94.4,,,,
2026-05-24,22:09:33,TAP827V,CS-TJS,Airbus A321neo,TAP Air Portugal,landing,arrivee,525,246.3,89.4,,,,
2026-05-24,22:12:14,TAP67U,CS-TJP,Airbus A321neo,TAP Air Portugal,landing,arrivee,500,257.2,88.9,,,,
2026-05-24,22:16:30,3c6497,D-AIDW,Airbus A321,Lufthansa,landing,arrivee,475,277.2,88.4,,,,
2026-05-24,22:19:44,495297,CS-TTW,Embraer E195,TAP Air Portugal,landing,arrivee,500,240.8,93.7,,,,
2026-05-24,22:25:45,49514c,CS-TJL,Airbus A321neo,TAP Air Portugal,landing,arrivee,500,271.3,93.6,,,,
2026-05-24,22:28:31,4caa58,EI-EVS,Boeing 737-800,Ryanair,landing,arrivee,450,273.9,90.5,,,,
2026-05-24,22:31:41,TAP1313,CS-TNQ,Airbus A320,TAP Air Portugal,landing,arrivee,475,258.0,92.2,,,,
2026-05-24,22:33:49,TAP837,CS-TNW,Airbus A320,TAP Air Portugal,landing,arrivee,525,245.6,87.7,,,,
2026-05-24,22:36:17,3991e4,F-HEPE,Airbus A320,Air France,landing,arrivee,475,256.5,97.5,,,,
2026-05-24,22:38:45,TAP783,CS-TVO,Airbus A320neo,TAP Air Portugal,landing,arrivee,500,239.1,87.8,,,,
2026-05-24,22:41:21,TAP5AS,CS-TVP,Airbus A320neo,TAP Air Portugal,landing,arrivee,500,240.8,94.4,,,,
2026-05-24,22:43:47,TAP76EN,CS-TNN,Airbus A320,TAP Air Portugal,landing,arrivee,475,249.1,94.7,,,,
2026-05-24,22:46:16,RYR9QJ,EI-EMA,Boeing 737-800,Ryanair,landing,arrivee,450,279.3,95.8,,,,
2026-05-24,22:48:52,3964ef,F-GZHP,Boeing 737-800,Transavia France,landing,arrivee,475,283.0,96.6,,,,
2026-05-24,22:51:30,TAP127M,CS-TTR,Airbus A319,TAP Air Portugal,landing,arrivee,500,242.4,94.7,,,,
2026-05-24,22:53:58,TAP1243,CS-TNR,Airbus A320,TAP Air Portugal,landing,arrivee,450,249.8,94.1,,,,
2026-05-24,22:56:20,EJU72RG,OE-IBS,Airbus A320,easyJet Europe,landing,arrivee,475,257.2,99.7,,,,
2026-05-24,22:58:48,4952ce,CS-TVN,Airbus A320neo,TAP Air Portugal,landing,arrivee,475,239.1,88.3,,,,
2026-05-24,23:01:28,49526b,CS-TSK,Airbus A320,TAP Air Portugal,landing,arrivee,500,240.8,90.4,,,,
2026-05-24,23:04:18,THY2ES,TC-LCU,Boeing 737 MAX 8,Turkish Airlines,landing,arrivee,450,287.2,96.8,,,,
2026-05-24,23:07:07,39cea8,F-HTVI,Boeing 737-800,Transavia France,landing,arrivee,450,274.8,90.9,,,,
2026-05-24,23:09:22,KLM35W,PH-AXM,Airbus A321neo,KLM,landing,arrivee,475,250.8,93.7,,,,
2026-05-24,23:11:57,BAW508,G-TNEB,Airbus A321neo,British Airways,landing,arrivee,475,249.1,91.6,,,,
2026-05-24,23:14:36,440d6e,OE-LSQ,Airbus A320,easyJet Europe,landing,arrivee,475,238.4,98.8,,,,
2026-05-24,23:17:09,EJU98XP,OE-LSJ,Airbus A320neo,Vueling,landing,arrivee,425,261.5,66.6,,,,
2026-05-24,23:19:27,440daf,OE-IDU,Airbus A320,easyJet Europe,landing,arrivee,475,258.4,92.8,,,,
2026-05-24,23:22:12,AEE7PT,SX-NAF,Airbus A321neo,Aegean Airlines,landing,arrivee,475,250.8,98.1,,,,
2026-05-24,23:24:44,495171,CS-TKQ,Airbus A320,TAP Air Portugal,landing,arrivee,525,265.6,84.0,,,,
2026-05-24,23:27:00,440072,OE-LSF,Airbus A320neo,easyJet Europe,landing,arrivee,525,240.0,83.0,,,,
2026-05-24,23:29:25,IBE0539,EC-MXU,Airbus A320neo,Iberia,landing,arrivee,450,275.6,94.6,,,,
2026-05-24,23:32:07,TAP21MM,CS-TPW,Embraer E190,TAP Air Portugal,landing,arrivee,475,243.9,99.1,,,,
2026-05-24,23:34:05,EJU91TW,OE-IWW,Airbus A320,easyJet Europe,landing,arrivee,475,267.2,94.9,,,,
2026-05-24,23:35:55,RYR63TC,EI-IGK,Boeing 737 MAX 8,Ryanair,landing,arrivee,425,282.4,98.0,,,,
2026-05-24,23:37:59,4d2262,9H-QAY,Boeing 737-800,Malta Air,landing,arrivee,475,275.6,96.4,,,,
2026-05-24,23:40:31,3c64a2,D-AIEB,Airbus A321neo,Lufthansa,landing,arrivee,525,266.5,88.3,,,,
2026-05-24,23:42:25,RYR32KG,EI-HAW,Boeing 737 MAX 8,Ryanair,landing,arrivee,450,282.1,96.1,,,,
2026-05-24,23:44:46,440115,OE-LUE,Airbus A320neo,easyJet Europe,landing,arrivee,450,251.5,90.7,,,,
2026-05-24,23:47:16,EJU49AN,OE-LSV,Airbus A320neo,easyJet Europe,landing,arrivee,450,276.3,97.3,,,,
2026-05-24,23:50:07,TAP64M,CS-TVD,Airbus A320neo,TAP Air Portugal,landing,arrivee,475,270.0,99.6,,,,
2026-05-24,23:52:59,3475c9,EC-OCT,Airbus A321,TAP Air Portugal,landing,arrivee,475,279.7,97.3,,,,
2026-05-24,23:55:42,TAP39PT,CS-TTZ,Embraer E195,TAP Air Portugal,landing,arrivee,450,242.2,98.3,,,,
2026-05-24,23:57:13,TAP35MT,CS-TNL,Airbus A320,TAP Air Portugal,landing,arrivee,500,246.7,96.3,,,,
2026-05-24,23:59:46,4b181b,HB-JDJ,Airbus A320neo,Swiss,landing,arrivee,525,259.7,87.4,,,,
2026-05-25,00:02:33,TAP645,CS-TVM,Airbus A320neo,TAP Air Portugal,landing,arrivee,500,258.9,93.6,,,,
2026-05-25,00:05:19,440cf8,OE-IBF,Airbus A320,easyJet Europe,landing,arrivee,475,277.2,89.7,,,,
2026-05-25,00:39:15,4951d3,CS-TNS,Airbus A320,TAP Air Portugal,approach,arrivee,550,0.0,90.7,,,,
2026-05-25,02:46:17,49514f,CS-TJO,Airbus A321neo,TAP Air Portugal,landing,arrivee,500,271.3,96.4,,,,
2026-05-25,03:34:54,RZO127,CS-TKP,Airbus A320,TAP Air Portugal,landing,arrivee,500,261.5,88.3,,,,
2026-05-25,04:16:43,49526d,CS-TSM,Airbus A320,TAP Air Portugal,landing,arrivee,525,265.6,85.6,,,,
2026-05-25,04:32:49,4952a1,CS-TUA,Airbus A330-900neo,TAP Air Portugal,landing,arrivee,475,266.3,95.2,,,,
2026-05-25,04:37:01,TAY1MN,OE-IAM,737 490SF,Iberia,landing,arrivee,450,273.2,93.8,,,,
2026-05-25,04:39:48,TAP1528,CS-TXC,Airbus A321neo,TAP Air Portugal,landing,arrivee,475,250.0,95.0,,,,
2026-05-25,04:42:22,TAP082,CS-TUF,Airbus A330-900neo,TAP Air Portugal,landing,arrivee,500,264.8,96.2,,,,
2026-05-25,04:58:45,49530d,CS-TXM,Airbus A321,TAP Air Portugal,landing,arrivee,500,263.2,91.0,,,,
2026-05-25,05:36:11,4952a7,CS-TUG,Airbus A330-900neo,TAP Air Portugal,landing,arrivee,500,271.3,92.0,,,,
2026-05-25,05:43:24,TAP218,CS-TXL,Airbus A321neo,TAP Air Portugal,landing,arrivee,500,276.5,99.4,,,,
2026-05-25,05:45:22,3c5429,D-AEAI,A300 B4-622RF,Lufthansa,landing,arrivee,525,233.2,92.3,,,,
2026-05-25,05:47:36,TAP1484,CS-TJI,Airbus A321neo,TAP Air Portugal,landing,arrivee,475,229.1,95.6,,,,
2026-05-25,05:49:32,TAP1937,CS-TNU,Airbus A320,TAP Air Portugal,landing,arrivee,525,257.2,84.7,,,,
2026-05-25,05:52:04,495150,CS-TJP,Airbus A321neo,TAP Air Portugal,landing,arrivee,475,248.4,93.3,,,,
2026-05-25,05:54:19,4952c8,CS-TVH,Airbus A320neo,TAP Air Portugal,landing,arrivee,475,247.2,92.2,,,,
2026-05-25,06:10:53,440cb9,OE-IXI,Gulfstream G700,Iberia,landing,arrivee,500,216.7,83.3,,,,
2026-05-25,06:13:57,TAP1544,CS-TJE,Airbus A321,TAP Air Portugal,landing,arrivee,500,275.6,88.0,,,,
2026-05-25,06:20:57,TAP1097,CS-TTY,Embraer E195,TAP Air Portugal,landing,arrivee,475,266.5,91.7,,,,
2026-05-25,06:23:48,TAP104,CS-TUI,Airbus A330-900neo,TAP Air Portugal,landing,arrivee,450,253.2,99.5,,,,
2026-05-25,06:26:38,49514e,CS-TJN,Airbus A321neo,TAP Air Portugal,landing,arrivee,525,250.8,86.4,,,,
2026-05-25,06:28:52,495218,CS-TPX,Embraer E190,TAP Air Portugal,landing,arrivee,500,246.7,67.2,,,,
2026-05-25,06:31:09,c078ba,C-GTSR,Airbus A330-200,Air Transat,landing,arrivee,400,247.2,97.9,,,,
2026-05-25,06:33:35,49530a,CS-TXJ,Airbus A321neo,TAP Air Portugal,landing,arrivee,475,271.3,99.1,,,,
2026-05-25,06:36:47,495277,CS-TSW,Boeing 777-200,Azul,cruise,,500,0.0,93.7,,,,
2026-05-25,06:39:27,TAP1908,CS-TVJ,Airbus A320neo,TAP Air Portugal,landing,arrivee,450,235.6,99.3,,,,
2026-05-25,06:42:04,SRR6646,OY-SRO,767 25EBDSF,Star Air,landing,arrivee,475,239.8,97.5,,,,
2026-05-25,06:44:28,TAM8146,PT-MUJ,Boeing 777-300ER,LATAM Airlines,landing,arrivee,400,283.7,93.9,,,,
2026-05-25,06:47:37,DTA650,D2-TEK,Boeing 777-300ER,TAAG Angola Airlines,landing,arrivee,450,265.6,94.0,,,,
2026-05-25,06:50:39,AEA1159,EC-MPG,Boeing 737-800,Air Europa,landing,arrivee,450,265.6,99.3,,,,
2026-05-25,06:53:33,TAP41SN,CS-TJH,Airbus A321,TAP Air Portugal,landing,arrivee,450,272.8,96.8,,,,
2026-05-25,07:08:20,TAP1139,CS-TTX,Embraer E195,TAP Air Portugal,landing,arrivee,475,258.0,87.7,,,,
2026-05-25,07:10:57,TAP475,CS-TPQ,Embraer E190,TAP Air Portugal,landing,arrivee,425,235.6,99.0,,,,
2026-05-25,07:14:23,TAP40MR,CS-TPS,Embraer E190,TAP Air Portugal,landing,arrivee,450,234.8,97.5,,,,
2026-05-25,07:17:43,TAP98CX,CS-TVI,Airbus A320neo,TAP Air Portugal,landing,arrivee,475,262.2,90.4,,,,
2026-05-25,07:26:04,49514b,CS-TJK,Airbus A321neo,TAP Air Portugal,landing,arrivee,475,259.7,85.5,,,,
2026-05-25,07:28:57,TAP945,CS-TVF,Airbus A320neo,TAP Air Portugal,landing,arrivee,475,261.5,93.8,,,,
2026-05-25,07:31:55,495290,CS-TTP,Airbus A319,TAP Air Portugal,landing,arrivee,475,242.4,88.3,,,,
2026-05-25,07:34:34,4952c1,CS-TVA,Airbus A320neo,TAP Air Portugal,landing,arrivee,500,243.2,84.3,,,,
2026-05-25,07:37:25,TAP9ML,CS-TNK,Airbus A320,TAP Air Portugal,landing,arrivee,475,251.5,94.0,,,,
2026-05-25,07:40:06,IBE05TR,EC-NJY,Airbus A320neo,Iberia,landing,arrivee,500,239.1,83.2,,,,
2026-05-25,07:42:38,TAP85CE,CS-TPU,Embraer E190,TAP Air Portugal,landing,arrivee,450,248.0,94.2,,,,
2026-05-25,07:45:30,4951cd,CS-TNM,Airbus A320,TAP Air Portugal,landing,arrivee,500,244.8,81.8,,,,
2026-05-25,07:48:01,EZS98FK,HB-AYQ,Airbus A320neo,easyJet Switzerland,landing,arrivee,475,261.5,92.6,,,,
2026-05-25,07:50:21,TAP1023,CS-TVQ,Airbus A320neo,TAP Air Portugal,landing,arrivee,475,267.6,96.7,,,,
2026-05-25,07:52:59,495039,CS-TAY,Embraer E195,TAP Air Portugal,landing,arrivee,475,262.2,83.7,,,,
2026-05-25,07:55:55,EZS79YP,HB-JXQ,Airbus A320,Austrian Airlines,landing,arrivee,475,266.5,89.3,,,,
2026-05-25,07:58:35,TAP9RH,CS-TVG,Airbus A320neo,TAP Air Portugal,landing,arrivee,450,270.8,87.6,,,,
2026-05-25,08:03:40,a4dbef,N412DX,Airbus A330-900neo,Delta Air Lines,landing,arrivee,425,261.5,99.0,,,,
2026-05-25,08:06:29,4400f3,OE-IDO,Airbus A320,easyJet Europe,landing,arrivee,500,229.1,83.7,,,,
2026-05-25,08:08:17,4952ae,CS-TUN,Airbus A330-900neo,TAP Air Portugal,landing,arrivee,450,261.5,94.6,,,,
2026-05-25,08:11:11,4952cb,CS-TVK,Airbus A320neo,TAP Air Portugal,landing,arrivee,425,236.7,96.5,,,,
2026-05-25,08:13:41,345212,EC-MLM,Airbus A321,Vueling,landing,arrivee,475,253.2,87.4,,,,
2026-05-25,08:16:15,4951d6,CS-TNV,Airbus A320,TAP Air Portugal,landing,arrivee,475,248.7,89.4,,,,
2026-05-25,08:19:02,TAP56DP,CS-TNT,Airbus A320,TAP Air Portugal,landing,arrivee,475,247.2,94.9,,,,
2026-05-25,08:21:29,TAP53EI,CS-TJJ,Airbus A321neo,TAP Air Portugal,takeoff,depart,1225,292.6,92.3,,,,
2026-05-25,08:24:37,491316,CS-DXV,Citation XLS,NetJets,landing,arrivee,500,219.1,86.6,,,,
2026-05-25,08:27:46,TAP757P,CS-TVB,Airbus A320neo,TAP Air Portugal,landing,arrivee,450,256.3,99.3,,,,
2026-05-25,08:31:50,392af0,F-GKXQ,Airbus A320,Air France,landing,arrivee,525,258.9,86.9,,,,
2026-05-25,08:36:37,ab79ca,N839AA,Boeing 787-9,American Airlines,landing,arrivee,450,277.2,89.7,,,,
2026-05-25,08:39:12,4ca73a,EI-EBR,Boeing 737-800,Ryanair,landing,arrivee,450,275.6,86.2,,,,
2026-05-25,08:41:55,TVF55WH,F-GZHK,Boeing 737-800,Transavia France,landing,arrivee,400,275.6,93.7,,,,
2026-05-25,08:45:02,TAP63GL,CS-TJM,Airbus A321neo,TAP Air Portugal,landing,arrivee,500,246.7,89.4,,,,
2026-05-25,08:47:28,RYR3RB,EI-DYY,Boeing 737-800,Ryanair,landing,arrivee,450,280.6,93.5,,,,
2026-05-25,08:50:01,UAL64,N13013,Boeing 787-10,United Airlines,landing,arrivee,425,293.0,98.5,,,,
2026-05-25,08:52:46,4d2262,9H-QAY,Boeing 737-800,Malta Air,landing,arrivee,450,284.1,92.6,,,,
2026-05-25,08:55:46,4952c3,CS-TVC,Airbus A320neo,TAP Air Portugal,landing,arrivee,475,238.2,89.5,,,,
2026-05-25,08:58:37,ACA812,C-GEGP,Airbus A330-300,Air Canada,landing,arrivee,425,253.2,97.6,,,,
2026-05-25,09:01:33,NJE540E,CS-PHO,Phenom 300,NetJets,landing,arrivee,500,200.2,86.5,,,,
2026-05-25,09:04:30,RYR3WD,EI-IKI,Boeing 737 MAX 8,Ryanair,landing,arrivee,425,281.3,93.9,,,,
2026-05-25,09:07:36,TAP072,CS-TUH,Airbus A330-900neo,TAP Air Portugal,landing,arrivee,450,258.9,97.8,,,,
2026-05-25,09:10:15,a03c7e,N114QS,Global 5000,NetJets,landing,arrivee,500,241.5,72.8,,,,
2026-05-25,09:16:12,4952ab,CS-TUK,Airbus A330-900neo,TAP Air Portugal,landing,arrivee,450,272.1,94.7,,,,
2026-05-25,09:23:21,THY3WE,TC-LTO,Airbus A321,Turkish Airlines,landing,arrivee,450,260.8,96.5,,,,
2026-05-25,09:27:06,c07a14,C-GUFZ,Airbus A330-200,Air Transat,landing,arrivee,400,259.7,96.7,,,,
2026-05-25,09:31:04,4841a9,PH-HZW,Boeing 737-800,Transavia,landing,arrivee,400,287.2,93.7,,,,
2026-05-25,09:35:01,EZY79RV,G-EZDJ,Airbus A319,easyJet,landing,arrivee,475,252.2,88.1,,,,
2026-05-25,09:37:25,TAP675,CS-TVR,Airbus A320neo,TAP Air Portugal,landing,arrivee,450,265.6,92.5,,,,
2026-05-25,09:40:05,4951ee,CS-TON,Airbus A330-200,TAP Air Portugal,landing,arrivee,425,270.8,98.8,,,,
2026-05-25,09:42:40,BAW50P,G-NEOT,Airbus A321neo,British Airways,landing,arrivee,500,264.8,89.4,,,,
2026-05-25,09:45:48,4952a5,CS-TUE,Airbus A330-900neo,TAP Air Portugal,landing,arrivee,450,283.0,94.8,,,,
2026-05-25,10:05:46,TAP11SV,CS-TPT,Embraer E190,TAP Air Portugal,approach,arrivee,450,253.2,92.1,,,,
2026-05-25,10:08:38,TAP1921,CS-TVN,Airbus A320neo,TAP Air Portugal,landing,arrivee,450,251.5,88.5,,,,
2026-05-25,10:11:54,TAP216L,CS-TXK,Airbus A321,TAP Air Portugal,landing,arrivee,450,260.8,93.4,,,,
2026-05-25,10:16:20,TAP254,CS-TXD,Airbus A321neo,TAP Air Portugal,landing,arrivee,450,255.9,94.1,,,,
2026-05-25,10:19:07,4950e4,CS-TGD,Airbus A330-200,Azul,landing,arrivee,425,270.8,95.4,,,,
2026-05-25,10:21:41,TAP1826,CS-TPZ,Embraer E190,TAP Air Portugal,landing,arrivee,450,256.5,86.4,,,,
2026-05-25,10:25:29,45caa8,OY-RUH,Airbus A320,Luxair,landing,arrivee,475,267.2,94.6,,,,
2026-05-25,10:28:15,495302,CS-TXB,Airbus A321neo,TAP Air Portugal,landing,arrivee,475,258.0,92.7,,,,
2026-05-25,10:30:42,440c38,OE-LSJ,Airbus A320neo,Vueling,landing,arrivee,500,273.2,93.6,,,,
2026-05-25,10:33:11,EIN82T,EI-DEO,Airbus A320,Aer Lingus,landing,arrivee,475,273.2,91.0,,,,
2026-05-25,10:35:41,34604d,EC-MUZ,Boeing 737-800,Air Europa,landing,arrivee,425,290.4,93.4,,,,
2026-05-25,10:38:33,TAP27UZ,CS-TAW,Embraer E195,TAP Air Portugal,landing,arrivee,450,277.2,90.8,,,,
2026-05-25,10:42:51,484557,PH-BXZ,Boeing 737-800,KLM,landing,arrivee,450,287.2,86.9,,,,
2026-05-25,10:45:20,a5124c,N426DZ,Airbus A330-900neo,Delta Air Lines,landing,arrivee,500,273.9,89.6,,,,
2026-05-25,10:47:52,TAP68JP,CS-TNR,Airbus A320,TAP Air Portugal,landing,arrivee,450,261.5,92.1,,,,
2026-05-25,10:50:26,TAP204A,CS-TXF,Airbus A321neo,TAP Air Portugal,landing,arrivee,475,260.4,92.0,,,,
2026-05-25,10:52:54,TAP262M,CS-TXH,Airbus A321neo,TAP Air Portugal,landing,arrivee,450,258.0,93.0,,,,
2026-05-25,10:55:20,ACA810,C-FITW,Boeing 777-300ER,Air Canada,landing,arrivee,400,287.2,93.8,,,,
2026-05-25,10:58:13,TAP210,CS-TUM,Airbus A330-900neo,TAP Air Portugal,landing,arrivee,450,268.2,90.8,,,,
2026-05-25,11:00:55,SWR36K,YL-ABS,Airbus A220-300,Swiss,landing,arrivee,400,274.8,96.8,,,,
2026-05-25,11:04:01,44ce6c,OO-SSL,Airbus A319,Brussels Airlines,landing,arrivee,450,263.2,93.1,,,,
2026-05-25,11:06:21,TAP11MG,CS-TTW,Embraer E195,TAP Air Portugal,landing,arrivee,450,245.9,96.0,,,,
2026-05-25,11:08:23,AFR41GW,F-HPNA,BD-500-1A11,Air France,landing,arrivee,475,264.8,95.8,,,,
2026-05-25,11:13:15,4952aa,CS-TUJ,Airbus A330-900neo,TAP Air Portugal,landing,arrivee,450,286.1,99.3,,,,
2026-05-25,11:16:06,440072,OE-LSF,Airbus A320neo,easyJet Europe,landing,arrivee,500,265.6,85.3,,,,
2026-05-25,11:20:38,ab79ca,N839AA,Boeing 787-9,American Airlines,takeoff,depart,1475,333.9,92.3,,,,
2026-05-25,11:26:38,495214,CS-TPT,Embraer E190,TAP Air Portugal,takeoff,depart,1850,285.9,92.0,,,,
2026-05-25,11:30:13,THY8FT,TC-LTO,Airbus A321,Turkish Airlines,takeoff,depart,1950,299.3,92.7,,,,
2026-05-25,11:32:27,EJU57QA,OE-LSJ,Airbus A320neo,Vueling,takeoff,depart,1325,312.8,87.8,,,,
2026-05-25,11:35:09,49526b,CS-TSK,Airbus A320,TAP Air Portugal,takeoff,depart,1350,277.2,93.6,,,,
2026-05-25,11:38:45,49530d,CS-TXM,Airbus A321,TAP Air Portugal,takeoff,depart,1525,341.5,92.3,,,,
2026-05-25,11:41:25,TAP64BR,CS-TVN,Airbus A320neo,TAP Air Portugal,takeoff,depart,1550,294.8,91.1,,,,
2026-05-25,11:43:47,4952c7,CS-TVG,Airbus A320neo,TAP Air Portugal,takeoff,depart,1350,290.6,96.5,,,,
2026-05-25,11:47:47,4952b3,CS-TUS,Airbus A330-900neo,TAP Air Portugal,takeoff,depart,1400,321.3,91.7,,,,
2026-05-25,11:54:29,4952c2,CS-TVB,Airbus A320neo,TAP Air Portugal,takeoff,depart,1450,298.9,92.2,,,,
2026-05-25,11:56:18,ACA813,C-GEGP,Airbus A330-300,Air Canada,takeoff,depart,1525,304.7,89.0,,,,
2026-05-25,11:58:58,AEA41RG,EC-MUZ,Boeing 737-800,Air Europa,takeoff,depart,1050,298.9,93.4,,,,
2026-05-25,12:01:51,EIN4LK,EI-DEO,Airbus A320,Aer Lingus,takeoff,depart,1500,298.0,91.6,,,,
2026-05-25,12:04:51,45caa8,OY-RUH,Airbus A320,Luxair,takeoff,depart,1225,299.3,94.0,,,,
2026-05-25,12:11:59,c07a14,C-GUFZ,Airbus A330-200,Air Transat,takeoff,depart,1400,310.6,91.9,,,,
2026-05-25,12:14:23,49530b,CS-TXK,Airbus A321,TAP Air Portugal,takeoff,depart,1425,334.7,92.8,,,,
2026-05-25,12:16:26,440072,OE-LSF,Airbus A320neo,easyJet Europe,takeoff,depart,1525,298.2,93.9,,,,
2026-05-25,12:19:36,KLM74L,PH-BXZ,Boeing 737-800,KLM,takeoff,depart,1100,321.0,93.2,,,,
2026-05-25,12:22:44,49530a,CS-TXJ,Airbus A321neo,TAP Air Portugal,takeoff,depart,1475,334.7,93.9,,,,
2026-05-25,12:25:41,BEL3HE,OO-SSL,Airbus A319,Brussels Airlines,takeoff,depart,1125,282.1,97.3,,,,
2026-05-25,12:28:12,4952ab,CS-TUK,Airbus A330-900neo,TAP Air Portugal,takeoff,depart,1375,318.9,91.9,,,,
2026-05-25,12:31:20,502d7d,YL-ABS,Airbus A220-300,Swiss,takeoff,depart,1325,275.2,93.3,,,,
2026-05-25,12:34:00,39bda0,F-HPNA,BD-500-1A11,Air France,takeoff,depart,1375,276.1,93.9,,,,
2026-05-25,12:42:37,4952a8,CS-TUH,Airbus A330-900neo,TAP Air Portugal,takeoff,depart,1425,311.0,93.1,,,,
2026-05-25,12:47:17,495304,CS-TXD,Airbus A321neo,TAP Air Portugal,takeoff,depart,1475,338.0,92.3,,,,
2026-05-25,12:52:17,4952d2,CS-TVR,Airbus A320neo,TAP Air Portugal,takeoff,depart,1400,277.6,92.2,,,,
2026-05-25,13:07:01,TAP754A,CS-TJJ,Airbus A321neo,TAP Air Portugal,takeoff,depart,1300,304.1,92.3,,,,
2026-05-25,13:09:03,495170,CS-TKP,Airbus A320,TAP Air Portugal,takeoff,depart,1375,284.8,88.4,,,,
2026-05-25,13:10:47,440d10,OE-IBS,Airbus A320,easyJet Europe,takeoff,depart,1325,296.1,92.4,,,,
2026-05-25,13:13:31,DLH35M,D-AIEL,Airbus A321neo,Lufthansa,takeoff,depart,1750,309.3,93.2,,,,
2026-05-25,13:16:30,TAP542U,CS-TPY,Embraer E190,TAP Air Portugal,takeoff,depart,1000,284.1,94.2,,,,
2026-05-25,13:25:03,AZU8753,CS-TGD,Airbus A330-200,Azul,takeoff,depart,1325,325.4,92.5,,,,
2026-05-25,13:29:17,ACA811,C-FITW,Boeing 777-300ER,Air Canada,takeoff,depart,1100,362.3,91.3,,,,
2026-05-25,13:31:40,a5124c,N426DZ,Airbus A330-900neo,Delta Air Lines,takeoff,depart,1525,313.7,91.3,,,,
2026-05-25,13:34:27,4951ee,CS-TON,Airbus A330-200,TAP Air Portugal,climb,depart,1425,335.4,88.7,,,,
2026-05-25,13:37:19,TAP824,CS-TVL,Airbus A320,TAP Air Portugal,takeoff,depart,1375,283.0,92.5,,,,
2026-05-25,13:39:57,34620b,EC-NFI,Airbus A320neo,Iberia,takeoff,depart,1525,268.9,94.2,,,,
2026-05-25,13:42:43,4952ad,CS-TUM,Airbus A330-900neo,TAP Air Portugal,takeoff,depart,1375,318.5,91.2,,,,
2026-05-25,13:45:39,49521a,CS-TPZ,Embraer E190,TAP Air Portugal,takeoff,depart,1100,280.6,95.3,,,,
2026-05-25,13:48:01,TAP14NC,CS-TXF,Airbus A321neo,TAP Air Portugal,takeoff,depart,1375,302.6,93.2,,,,
2026-05-25,13:50:24,RAM981E,CN-RHM,Boeing 737 MAX 8,Royal Air Maroc,takeoff,depart,1250,308.5,91.2,,,,
2026-05-25,13:53:23,EJU68GB,OE-IDU,Airbus A320,easyJet Europe,takeoff,depart,1300,295.8,96.2,,,,
2026-05-25,13:56:14,TAP43TR,CS-TJO,Airbus A321neo,TAP Air Portugal,takeoff,depart,1350,308.2,92.7,,,,
2026-05-25,13:59:09,4d2135,9H-YOU,Challenger 850,Air X Charter,takeoff,depart,1525,307.4,94.7,,,,
2026-05-25,14:02:07,LOT7KU,SP-LVG,Boeing 737 MAX 8,LOT Polish Airlines,takeoff,depart,1050,308.5,93.6,,,,
2026-05-25,14:05:09,4d2450,9H-MLX,Airbus A320,Eurowings,takeoff,depart,1325,280.6,93.8,,,,
2026-05-25,14:08:37,440075,OE-LSV,Airbus A320neo,easyJet Europe,takeoff,depart,1250,299.8,95.2,,,,
2026-05-25,14:11:56,EWG16F,9H-EUW,Airbus A320,Eurowings,takeoff,depart,1325,283.7,90.5,,,,
2026-05-25,14:14:58,TVF76UF,F-GZHP,Boeing 737-800,Transavia France,takeoff,depart,1225,308.9,92.4,,,,
2026-05-25,14:17:22,TAP1928,CS-TTY,Embraer E195,TAP Air Portugal,takeoff,depart,1475,321.3,92.7,,,,
2026-05-25,14:20:35,UAL943,N78002,Boeing 777-200,United Airlines,takeoff,depart,1375,340.8,92.2,,,,
2026-05-25,14:25:34,440d6e,OE-LSQ,Airbus A320,easyJet Europe,takeoff,depart,1400,293.0,94.5,,,,
2026-05-25,14:28:20,RYR51DR,EI-EMI,Boeing 737-800,Ryanair,takeoff,depart,1150,304.3,90.7,,,,
2026-05-25,14:31:19,4952c3,CS-TVC,Airbus A320neo,TAP Air Portugal,takeoff,depart,1350,283.7,96.7,,,,
2026-05-25,14:33:37,TAP1034,CS-TNM,Airbus A320,TAP Air Portugal,takeoff,depart,1375,287.2,92.1,,,,
2026-05-25,14:36:50,TAP82LN,CS-TTW,Embraer E195,TAP Air Portugal,takeoff,depart,1500,297.2,95.0,,,,
2026-05-25,14:38:58,345248,EC-MMH,Airbus A321,Vueling,takeoff,depart,1925,301.3,92.2,,,,
2026-05-25,14:41:51,495039,CS-TAY,Embraer E195,TAP Air Portugal,takeoff,depart,1250,277.2,94.0,,,,
2026-05-25,14:44:26,89644a,A6-EPU,Boeing 777-300ER,Emirates,takeoff,depart,1275,348.7,90.6,,,,
2026-05-25,14:47:51,440195,OE-IZG,Airbus A320,easyJet Europe,takeoff,depart,1400,298.9,92.5,,,,
2026-05-25,14:50:01,TAP932,CS-TJE,Airbus A321,TAP Air Portugal,takeoff,depart,1925,326.3,91.2,,,,
2026-05-25,14:51:22,RYR27ST,9H-VVJ,Boeing 737 MAX 8,Malta Air,takeoff,depart,1075,302.1,94.8,,,,
2026-05-25,14:53:52,EJU68VM,OE-IWW,Airbus A320,easyJet Europe,takeoff,depart,1725,348.7,59.6,,,,
2026-05-25,14:55:53,TAP72LP,CS-TNL,Airbus A320,TAP Air Portugal,takeoff,depart,1475,329.5,91.3,,,,
2026-05-25,15:03:22,TAP1454,CS-TPO,Embraer E190,TAP Air Portugal,takeoff,depart,1250,267.2,93.0,,,,
2026-05-25,15:06:24,348342,EC-OND,Airbus A330-300,,takeoff,depart,1325,325.0,91.5,,,,
2026-05-25,15:11:58,SWR8YB,HB-JCI,C Series 300,Swiss,takeoff,depart,1575,262.2,94.1,,,,
2026-05-25,15:38:17,495153,CS-TJS,Airbus A321neo,TAP Air Portugal,takeoff,depart,1500,317.8,94.7,,,,
2026-05-25,15:40:59,TAP42LV,CS-TNR,Airbus A320,TAP Air Portugal,takeoff,depart,1650,314.5,92.1,,,,
2026-05-25,15:44:08,TAP876,CS-TPV,Embraer E190,TAP Air Portugal,takeoff,depart,1450,292.8,94.2,,,,
2026-05-25,15:46:40,TAP472C,CS-TTZ,Embraer E195,TAP Air Portugal,takeoff,depart,1475,294.8,93.1,,,,
2026-05-25,15:55:13,EJU34BX,OE-LUE,Airbus A320neo,easyJet Europe,takeoff,depart,1375,299.8,92.4,,,,
2026-05-25,15:57:49,49514c,CS-TJL,Airbus A321neo,TAP Air Portugal,takeoff,depart,1550,327.4,92.8,,,,
2026-05-25,16:00:52,TAP10AD,CS-TJH,Airbus A321,TAP Air Portugal,takeoff,depart,1425,284.3,92.7,,,,
2026-05-25,16:06:08,TAP13DU,CS-TPW,Embraer E190,TAP Air Portugal,takeoff,depart,1025,291.7,93.9,,,,
2026-05-25,16:08:26,KLM80Z,PH-AXN,Airbus A321neo,KLM,takeoff,depart,1300,306.5,91.6,,,,
2026-05-25,16:11:20,495266,CS-TSF,Airbus A321neo,TAP Air Portugal,takeoff,depart,1175,295.8,96.5,,,,
2026-05-25,16:14:35,RYR84GW,EI-IGK,Boeing 737 MAX 8,Ryanair,takeoff,depart,1325,313.7,92.7,,,,
2026-05-25,16:18:00,4951d4,CS-TNT,Airbus A320,TAP Air Portugal,takeoff,depart,1300,290.4,93.0,,,,
2026-05-25,16:20:47,DLH01A,D-AIEE,Airbus A321neo,Lufthansa,takeoff,depart,1275,299.3,93.8,,,,
2026-05-25,16:23:27,TAP94EV,CS-TPU,Embraer E190,TAP Air Portugal,takeoff,depart,1225,276.3,93.9,,,,
2026-05-25,16:25:27,TAP50Y,CS-TVD,Airbus A320neo,TAP Air Portugal,takeoff,depart,1750,306.7,89.4,,,,
2026-05-25,16:27:43,4952c8,CS-TVH,Airbus A320neo,TAP Air Portugal,takeoff,depart,1500,281.7,93.3,,,,
2026-05-25,16:29:54,TAP836A,CS-TJP,Airbus A321neo,TAP Air Portugal,takeoff,depart,1800,348.4,64.6,,,,
2026-05-25,16:30:54,49514b,CS-TJK,Airbus A321neo,TAP Air Portugal,takeoff,depart,1500,326.1,93.6,,,,
2026-05-25,16:33:06,RYR420Z,9H-QBA,Boeing 737-800,Malta Air,takeoff,depart,1050,302.1,92.7,,,,
2026-05-25,16:35:07,TAP1438,CS-TNK,Airbus A320,TAP Air Portugal,takeoff,depart,1825,323.0,88.8,,,,
2026-05-25,16:37:41,SWR2GX,HB-JPC,Airbus A321,Swiss,takeoff,depart,1250,328.5,94.8,,,,
2026-05-25,16:41:10,495066,CS-TCF,Airbus A330-900neo,TAP Air Portugal,takeoff,depart,1325,313.5,93.3,,,,
2026-05-25,16:45:23,3c667a,D-AISZ,Airbus A321,Lufthansa,takeoff,depart,1600,324.3,94.4,,,,
2026-05-25,16:47:35,RYR5DQ,9H-IHD,Airbus A320,Lauda Europe,takeoff,depart,1200,305.4,92.3,,,,
2026-05-25,16:50:32,TAP13HL,CS-TVO,Airbus A320neo,TAP Air Portugal,takeoff,depart,1525,321.3,93.4,,,,
2026-05-25,16:52:33,AEA67QW,EC-NZR,Boeing 737-800,Air Europa,climb,depart,1550,351.1,89.4,,,,
2026-05-25,16:55:00,49d2ee,OK-SWE,Boeing 737 MAX 8,Smartwings,takeoff,depart,1075,295.4,92.3,,,,
2026-05-25,16:57:54,3991e3,F-HEPD,Airbus A320,Air France,takeoff,depart,1325,275.8,92.4,,,,
2026-05-25,17:00:17,4952c6,CS-TVF,Airbus A320neo,TAP Air Portugal,takeoff,depart,1350,280.6,93.8,,,,
2026-05-25,17:03:12,TAP1930,CS-TNN,Airbus A320,TAP Air Portugal,takeoff,depart,1275,289.3,96.3,,,,
2026-05-25,17:06:14,495218,CS-TPX,Embraer E190,TAP Air Portugal,takeoff,depart,1325,271.3,93.7,,,,
2026-05-25,17:09:04,440cf8,OE-IBF,Airbus A320,easyJet Europe,takeoff,depart,1525,324.5,90.9,,,,
2026-05-25,17:11:51,BTI8HM,YL-AAX,A220 300,Air Baltic,takeoff,depart,1200,278.9,93.9,,,,
2026-05-25,17:13:54,TAP884,CS-TPS,Embraer E190,TAP Air Portugal,takeoff,depart,1525,294.5,92.8,,,,
2026-05-25,17:16:32,FIN7FG,OH-LZP,Airbus A321,Finnair,takeoff,depart,1375,308.9,93.4,,,,
2026-05-25,17:19:07,440c38,OE-LSJ,Airbus A320neo,Vueling,takeoff,depart,1425,295.2,94.6,,,,
2026-05-25,17:22:05,TVS4306,OK-SWC,Boeing 737 MAX 8,Smartwings,takeoff,depart,925,320.2,92.8,,,,
2026-05-25,17:24:48,THY1DB,TC-LPZ,Airbus A321neo,Turkish Airlines,takeoff,depart,1350,308.5,95.4,,,,
2026-05-25,17:26:48,RZO153,CS-TKQ,Airbus A320,TAP Air Portugal,takeoff,depart,2025,290.9,89.0,,,,
2026-05-25,17:29:01,EZY35AB,G-EZFW,Airbus A319,easyJet,takeoff,depart,1250,284.8,94.2,,,,
2026-05-25,17:31:02,TAP91SR,CS-TVP,Airbus A320neo,TAP Air Portugal,takeoff,depart,1775,334.1,82.2,,,,
2026-05-25,17:33:44,4951d6,CS-TNV,Airbus A320,TAP Air Portugal,takeoff,depart,1375,298.2,92.4,,,,
2026-05-25,17:35:44,TAP86VR,CS-TNS,Airbus A320,TAP Air Portugal,takeoff,depart,2050,371.1,83.3,,,,
2026-05-25,17:37:54,RYR498R,9H-QAY,Boeing 737-800,Malta Air,takeoff,depart,1050,311.0,94.1,,,,
2026-05-25,17:40:44,TAP1018,CS-TPT,Embraer E190,TAP Air Portugal,takeoff,depart,1225,273.9,95.4,,,,
2026-05-25,17:43:38,4952aa,CS-TUJ,Airbus A330-900neo,TAP Air Portugal,climb,depart,1325,337.8,91.0,,,,
2026-05-25,17:46:53,3475c9,EC-OCT,Airbus A321,TAP Air Portugal,takeoff,depart,1400,301.3,93.4,,,,
2026-05-25,17:52:18,40792f,G-TTNL,Airbus A320neo,British Airways,takeoff,depart,1400,273.4,92.4,,,,
2026-05-25,17:53:54,345388,EC-MPA,Bombardier CRJ-1000,Air Nostrum,takeoff,depart,1025,295.4,93.8,,,,
2026-05-25,17:56:53,4952a5,CS-TUE,Airbus A330-900neo,TAP Air Portugal,takeoff,depart,1375,326.0,92.3,,,,
2026-05-25,17:59:52,440072,OE-LSF,Airbus A320neo,easyJet Europe,takeoff,depart,1400,315.2,97.6,,,,
2026-05-25,18:01:44,4cafd1,EI-GXL,Boeing 737-800,Ryanair,takeoff,depart,1525,305.8,89.9,,,,
2026-05-25,18:03:14,48c1a4,SP-RNE,Boeing 737-800,Buzz,takeoff,depart,1225,305.0,91.0,,,,
2026-05-25,18:05:06,4952a4,CS-TUD,Airbus A330-900neo,TAP Air Portugal,takeoff,depart,1325,319.3,91.5,,,,
2026-05-25,18:08:29,AEA755,EC-LUT,Boeing 737-800,Air Europa,takeoff,depart,1600,306.5,92.0,,,,
2026-05-25,18:11:17,49514d,CS-TJM,Airbus A321neo,TAP Air Portugal,takeoff,depart,1625,329.3,95.1,,,,
2026-05-25,18:13:34,RYR385,EI-IKI,Boeing 737 MAX 8,Ryanair,takeoff,depart,1200,305.8,92.5,,,,
2026-05-25,18:17:10,495290,CS-TTP,Airbus A319,TAP Air Portugal,takeoff,depart,1400,270.2,91.7,,,,
2026-05-25,18:21:51,495308,CS-TXH,Airbus A321neo,TAP Air Portugal,takeoff,depart,1425,340.2,93.2,,,,
2026-05-25,18:23:52,TAP005,CS-TXI,Airbus A321neo,TAP Air Portugal,takeoff,depart,1900,351.1,89.2,,,,
2026-05-25,18:25:56,EJU84EZ,OE-IBS,Airbus A320,easyJet Europe,takeoff,depart,1750,349.1,90.9,,,,
2026-05-25,18:26:57,4952b1,CS-TUQ,Airbus A330-900neo,TAP Air Portugal,takeoff,depart,1375,329.3,92.6,,,,
2026-05-25,18:29:09,495303,CS-TXC,Airbus A321neo,TAP Air Portugal,takeoff,depart,1500,340.8,92.1,,,,
2026-05-25,18:32:30,TAP203,CS-TUL,Airbus A330-900neo,TAP Air Portugal,takeoff,depart,1450,318.9,92.5,,,,
2026-05-25,18:35:21,39d308,F-HUYI,Boeing 737-800,Transavia France,takeoff,depart,1375,309.3,92.7,,,,
2026-05-25,18:37:23,TAP1932,CS-TVM,Airbus A320neo,TAP Air Portugal,takeoff,depart,2075,335.4,72.4,,,,
2026-05-25,18:39:31,RYR72ZY,EI-HAW,Boeing 737 MAX 8,Ryanair,takeoff,depart,1575,304.5,89.2,,,,
2026-05-25,18:41:32,EWG3GH,D-AEWJ,Airbus A320,Eurowings,takeoff,depart,1725,317.4,90.7,,,,
2026-05-25,18:44:24,TAP440,CS-TVB,Airbus A320neo,TAP Air Portugal,takeoff,depart,1450,287.4,94.5,,,,
2026-05-25,18:49:57,495302,CS-TXB,Airbus A321neo,TAP Air Portugal,takeoff,depart,1425,341.9,93.4,,,,
2026-05-25,18:52:00,VLG2CU,EC-MOG,Airbus A320,Vueling,takeoff,depart,1175,291.7,93.6,,,,
2026-05-25,18:54:23,TAP57LK,CS-TJI,Airbus A321neo,TAP Air Portugal,takeoff,depart,1325,332.2,89.2,,,,
2026-05-25,18:57:32,RYR4CB,EI-EKL,Boeing 737-800,Ryanair,takeoff,depart,1300,305.0,93.0,,,,
2026-05-25,19:00:10,49530c,CS-TXL,Airbus A321neo,TAP Air Portugal,takeoff,depart,1500,328.2,93.3,,,,
2026-05-25,19:03:26,TAP934,CS-TNJ,Airbus A320,TAP Air Portugal,takeoff,depart,1250,299.8,94.1,,,,
2026-05-25,19:06:00,TRA87Y,PH-HXI,Boeing 737-800,Transavia,takeoff,depart,1150,311.3,93.3,,,,
2026-05-25,19:09:03,TAP35,EC-OLG,Airbus A330-300,TAP Air Portugal,takeoff,depart,1600,312.6,85.1,,,,
2026-05-25,19:11:52,BAW507,G-TNEA,Airbus A321neo,British Airways,takeoff,depart,1200,321.3,91.7,,,,
2026-05-25,19:14:32,RYR5HE,EI-DLX,Boeing 737-800,Ryanair,takeoff,depart,1225,311.7,92.7,,,,
2026-05-25,19:17:01,471838,HA-JEM,C650,SAS Scandinavian,takeoff,depart,1300,300.6,98.5,,,,
2026-05-25,19:19:53,TAP67NP,CS-TVI,Airbus A320neo,TAP Air Portugal,takeoff,depart,1325,291.3,91.8,,,,
2026-05-25,19:23:06,440b1e,OE-IWW,Airbus A320,easyJet Europe,takeoff,depart,1325,300.2,93.1,,,,
2026-05-25,19:25:07,WMT6420,HA-LXL,Airbus A321,SAS Scandinavian,takeoff,depart,1275,301.3,92.3,,,,
2026-05-25,19:31:04,AFR53MJ,F-GKXM,Airbus A320,Air France,takeoff,depart,1325,295.4,95.0,,,,
2026-05-25,19:33:07,VLG630A,EC-KDX,Airbus A320,Vueling,takeoff,depart,1950,330.6,84.8,,,,
2026-05-25,19:43:56,TAP1439,CS-TNK,Airbus A320,TAP Air Portugal,landing,arrivee,450,243.2,90.3,,,,
2026-05-25,19:46:24,TAP1931,CS-TNN,Airbus A320,TAP Air Portugal,landing,arrivee,500,269.7,85.9,,,,
2026-05-25,19:48:51,TAP543W,CS-TPY,Embraer E190,TAP Air Portugal,landing,arrivee,475,249.8,95.3,,,,
2026-05-25,19:51:34,TAP1337,CS-TVR,Airbus A320neo,TAP Air Portugal,landing,arrivee,450,253.2,85.3,,,,
2026-05-25,19:54:25,40768d,G-UZMF,Airbus A321neo,easyJet,landing,arrivee,475,251.5,85.2,,,,
2026-05-25,19:57:05,4952cc,CS-TVL,Airbus A320,TAP Air Portugal,landing,arrivee,525,268.9,81.5,,,,
2026-05-25,19:59:46,RYR14SC,EI-IJT,Boeing 737 MAX 8,Ryanair,landing,arrivee,450,268.2,96.6,,,,
2026-05-25,20:02:31,TAP48M,CS-TTW,Embraer E195,TAP Air Portugal,landing,arrivee,450,273.2,93.7,,,,
2026-05-25,20:05:21,495215,CS-TPU,Embraer E190,TAP Air Portugal,landing,arrivee,425,243.2,90.2,,,,
2026-05-25,20:07:51,347288,EC-NTP,Airbus A320neo,Iberia,landing,arrivee,475,245.6,91.1,,,,
2026-05-25,20:10:30,WMT537,9H-HUE,737 430,Luke Air,landing,arrivee,450,266.5,86.2,,,,
2026-05-25,20:13:20,TAP1862,CS-TVC,Airbus A320neo,TAP Air Portugal,landing,arrivee,425,246.7,99.2,,,,
2026-05-25,20:15:44,3430cc,EC-KLT,Airbus A320,Vueling,approach,arrivee,525,0.0,74.4,,,,
2026-05-25,20:18:21,RYR56BR,EI-EMI,Boeing 737-800,Ryanair,landing,arrivee,425,282.4,94.8,,,,
2026-05-25,20:21:05,DTA652,D2-TEG,Boeing 777-300ER,TAAG Angola Airlines,landing,arrivee,450,272.4,89.0,,,,
2026-05-25,20:23:53,EWG37V,OK-TSU,Boeing 737-800,Eurowings,landing,arrivee,375,289.7,91.0,,,,
2026-05-25,20:30:15,RZO3126,OY-RUY,Airbus A320,Luxair,landing,arrivee,475,259.7,89.7,,,,
2026-05-25,20:32:59,TAP1906,CS-TTP,Airbus A319,TAP Air Portugal,landing,arrivee,475,258.4,92.0,,,,
2026-05-25,20:35:54,4ca8e8,EI-ENW,Boeing 737-800,Ryanair,landing,arrivee,425,278.0,96.3,,,,
2026-05-25,20:38:14,738069,4X-EKO,Boeing 737-800,El Al,cruise,,450,0.0,94.6,,,,
2026-05-25,20:43:01,407cb4,G-RUKH,Boeing 737-800,Ryanair UK,landing,arrivee,450,280.6,89.5,,,,
2026-05-25,20:46:10,TAP473H,CS-TTZ,Embraer E195,TAP Air Portugal,landing,arrivee,450,242.4,82.7,,,,
2026-05-25,20:48:49,495039,CS-TAY,Embraer E195,TAP Air Portugal,landing,arrivee,425,265.2,88.8,,,,
2026-05-25,20:52:34,495214,CS-TPT,Embraer E190,TAP Air Portugal,landing,arrivee,475,244.3,92.7,,,,
2026-05-25,20:55:38,4bb856,TC-NBV,Airbus A320neo,Pegasus,landing,arrivee,475,242.4,90.6,,,,
2026-05-25,20:58:54,TAP25AC,CS-TPX,Embraer E190,TAP Air Portugal,landing,arrivee,425,245.9,98.9,,,,
2026-05-25,21:02:53,TAP94VA,CS-TNR,Airbus A320,TAP Air Portugal,landing,arrivee,425,263.2,95.9,,,,
2026-05-25,21:15:25,WJA32,CA-GPFT,Boeing 737 MAX 8,WestJet,landing,arrivee,425,285.6,93.0,,,,
2026-05-25,21:18:12,LZB563,LZ-ROM,A220-300,Bulgaria Air,landing,arrivee,450,265.6,95.0,,,,
2026-05-25,21:19:56,EZY15UP,G-UZHC,Airbus A320neo,easyJet,landing,arrivee,425,249.8,99.8,,,,
2026-05-25,21:22:32,TAP1692,CS-TVP,Airbus A320neo,TAP Air Portugal,landing,arrivee,450,249.1,93.7,,,,
2026-05-25,21:24:16,VJT710,9H-JHK,FA7X,,landing,arrivee,450,230.8,86.9,,,,
2026-05-25,21:26:59,495279,CS-TSY,Airbus A320,TAP Air Portugal,landing,arrivee,475,265.6,90.4,,,,
2026-05-25,21:29:24,TAP755,CS-TJJ,Airbus A321neo,TAP Air Portugal,landing,arrivee,475,281.3,92.0,,,,
2026-05-25,21:32:08,RYR4RL,9H-VVS,Boeing 737 MAX 8,Malta Air,landing,arrivee,425,288.7,91.2,,,,
2026-05-25,21:34:37,495145,CS-TJE,Airbus A321,TAP Air Portugal,landing,arrivee,450,278.0,90.6,,,,
2026-05-25,21:47:19,TAP5AS,CS-TNL,Airbus A320,TAP Air Portugal,landing,arrivee,525,273.4,89.0,,,,
2026-05-25,21:49:20,TAP37CN,CS-TNV,Airbus A320,TAP Air Portugal,landing,arrivee,425,278.9,98.0,,,,
2026-05-25,21:52:35,3c6483,D-AIDC,Airbus A321,Lufthansa,cruise,,475,0.0,89.1,,,,
2026-05-25,21:57:31,495217,CS-TPW,Embraer E190,TAP Air Portugal,landing,arrivee,450,251.5,86.3,,,,
2026-05-25,22:00:19,TAP437X,CS-TJK,Airbus A321neo,TAP Air Portugal,landing,arrivee,450,243.2,89.0,,,,
2026-05-25,22:02:13,TAP1933,CS-TPO,Embraer E190,TAP Air Portugal,landing,arrivee,425,245.6,98.7,,,,
2026-05-25,22:03:43,RYR4XW,EI-EKH,Boeing 737-800,Ryanair,landing,arrivee,400,287.2,93.7,,,,
2026-05-25,22:05:35,TAP827V,CS-TNT,Airbus A320,TAP Air Portugal,landing,arrivee,450,262.4,89.9,,,,
2026-05-25,22:07:19,407e63,G-EJCR,Airbus A320,easyJet,landing,arrivee,425,275.6,86.3,,,,
2026-05-25,22:08:58,4ca761,EI-EFF,Boeing 737-800,Ryanair,landing,arrivee,450,272.1,89.3,,,,
2026-05-25,22:10:56,3964e4,F-GZHE,Boeing 737-800,Transavia France,landing,arrivee,475,285.2,93.4,,,,
2026-05-25,22:12:54,TAP877,CS-TPV,Embraer E190,TAP Air Portugal,landing,arrivee,450,246.3,86.5,,,,
2026-05-25,22:14:24,TAP67U,CS-TJS,Airbus A321neo,TAP Air Portugal,landing,arrivee,350,267.2,88.3,,,,
2026-05-25,22:17:02,440072,OE-LSF,Airbus A320neo,easyJet Europe,landing,arrivee,450,264.7,91.0,,,,
2026-05-25,22:19:56,DLH64P,D-AIDN,Airbus A321,Lufthansa,landing,arrivee,450,285.6,91.0,,,,
2026-05-25,22:22:34,EJU91TW,OE-IBF,Airbus A320,easyJet Europe,landing,arrivee,475,263.2,86.4,,,,
2026-05-25,22:27:17,EJU87HG,OE-IWW,Airbus A320,easyJet Europe,landing,arrivee,450,263.9,96.9,,,,
2026-05-25,22:30:27,RYR8AT,9H-QBS,Boeing 737-800,Malta Air,landing,arrivee,425,279.7,93.4,,,,
2026-05-25,22:35:08,49521a,CS-TPZ,Embraer E190,TAP Air Portugal,landing,arrivee,425,254.1,89.8,,,,
2026-05-25,22:36:56,AFR64PQ,F-GMZD,Airbus A321,Air France,landing,arrivee,425,271.3,92.1,,,,
2026-05-25,22:38:58,THY2ES,TC-LPF,Airbus A321neo,Turkish Airlines,landing,arrivee,475,259.7,85.2,,,,
2026-05-25,22:44:41,440075,OE-LSV,Airbus A320neo,easyJet Europe,landing,arrivee,400,273.9,92.1,,,,
2026-05-25,22:51:57,TVF47RH,F-HUYL,Boeing 737-800,Transavia France,landing,arrivee,425,273.9,90.2,,,,
2026-05-25,22:53:35,TAP837,CS-TJP,Airbus A321neo,TAP Air Portugal,landing,arrivee,450,275.6,89.9,,,,
2026-05-25,22:56:08,TAP43RY,EC-OCT,Airbus A321,TAP Air Portugal,landing,arrivee,450,253.9,87.0,,,,
2026-05-25,22:58:46,TAP645,CS-TVF,Airbus A320neo,TAP Air Portugal,landing,arrivee,425,239.1,99.3,,,,
2026-05-25,23:01:16,4952c4,CS-TVD,Airbus A320neo,TAP Air Portugal,landing,arrivee,400,249.8,96.6,,,,
2026-05-25,23:02:57,RYR29TL,9H-QAY,Boeing 737-800,Malta Air,landing,arrivee,450,283.7,85.6,,,,
2026-05-25,23:11:39,TAP555,CS-TVH,Airbus A320neo,TAP Air Portugal,landing,arrivee,450,249.1,94.5,,,,
2026-05-25,23:14:07,46b822,SX-NAB,Airbus A321neo,Aegean Airlines,landing,arrivee,425,255.6,96.1,,,,
2026-05-25,23:16:36,EJU98XP,OE-LUE,Airbus A320neo,easyJet Europe,landing,arrivee,425,244.8,87.7,,,,
2026-05-25,23:19:15,495171,CS-TKQ,Airbus A320,TAP Air Portugal,landing,arrivee,450,263.2,90.8,,,,
2026-05-25,23:22:12,49514c,CS-TJL,Airbus A321neo,TAP Air Portugal,landing,arrivee,450,275.8,91.9,,,,
2026-05-25,23:24:42,4867c2,PH-AXG,Airbus A321neo,KLM,landing,arrivee,450,273.9,95.5,,,,
2026-05-25,23:27:35,407b8e,G-TTNR,Airbus A320neo,British Airways,landing,arrivee,425,241.5,99.0,,,,
2026-05-25,23:30:11,EJU36BG,OE-LSJ,Airbus A320neo,Vueling,cruise,,500,0.0,88.2,,,,
2026-05-25,23:32:09,TAP64M,CS-TJM,Airbus A321neo,TAP Air Portugal,landing,arrivee,475,257.2,95.0,,,,
2026-05-25,23:33:59,DLH23C,D-AISZ,Airbus A321,Lufthansa,landing,arrivee,475,281.3,91.3,,,,
2026-05-25,23:36:47,SWR755L,HB-JDK,Airbus A320neo,Swiss,landing,arrivee,450,257.2,90.8,,,,
2026-05-25,23:40:47,440d10,OE-IBS,Airbus A320,easyJet Europe,landing,arrivee,475,254.8,85.0,,,,
2026-05-25,23:42:24,4951d5,CS-TNU,Airbus A320,TAP Air Portugal,landing,arrivee,500,251.5,84.3,,,,
2026-05-25,23:45:54,4ca95e,EI-HAW,Boeing 737 MAX 8,Ryanair,landing,arrivee,400,288.0,98.7,,,,
2026-05-25,23:47:53,IBE0539,EC-JLI,Airbus A321,Iberia,landing,arrivee,450,265.6,94.5,,,,
2026-05-25,23:51:17,471f31,HA-LVD,Airbus A321neo,SAS Scandinavian,landing,arrivee,450,253.2,94.7,,,,
2026-05-25,23:53:49,495213,CS-TPS,Embraer E190,TAP Air Portugal,landing,arrivee,425,253.2,97.3,,,,
2026-05-25,23:55:20,TAP863Y,CS-TNS,Airbus A320,TAP Air Portugal,landing,arrivee,400,254.1,99.0,,,,
2026-05-25,23:57:09,RYR85KH,EI-IGK,Boeing 737 MAX 8,Ryanair,landing,arrivee,375,278.2,99.6,,,,
2026-05-26,00:06:21,TAP39PT,CS-TTY,Embraer E195,TAP Air Portugal,landing,arrivee,450,263.2,96.8,,,,
2026-05-26,00:09:20,440d6e,OE-LSQ,Airbus A320,easyJet Europe,landing,arrivee,450,265.8,82.2,,,,
2026-05-26,00:29:45,TAP94KM,CS-TJO,Airbus A321neo,TAP Air Portugal,landing,arrivee,400,255.6,95.3,,,,
2026-05-26,01:33:02,RZO128,CS-TKP,Airbus A320,TAP Air Portugal,landing,arrivee,425,253.9,98.6,,,,
2026-05-26,01:35:35,TAP403Z,CS-TPR,Embraer E190,TAP Air Portugal,landing,arrivee,425,241.5,91.9,,,,
2026-05-26,04:23:56,4952b2,CS-TUR,Airbus A330-900neo,TAP Air Portugal,landing,arrivee,475,254.7,95.5,,,,
2026-05-26,04:38:55,TAP082,CS-TUO,Airbus A330-900neo,TAP Air Portugal,landing,arrivee,425,255.6,95.3,,,,
2026-05-26,05:02:38,TAP202A,CS-TXD,Airbus A321neo,TAP Air Portugal,landing,arrivee,450,237.4,96.1,,,,
2026-05-26,05:29:58,4952a9,CS-TUI,Airbus A330-900neo,TAP Air Portugal,landing,arrivee,475,257.2,86.8,,,,
2026-05-26,05:33:10,4952c3,CS-TVC,Airbus A320neo,TAP Air Portugal,landing,arrivee,450,227.4,95.8,,,,
2026-05-26,05:48:36,4952cb,CS-TVK,Airbus A320neo,TAP Air Portugal,landing,arrivee,500,231.1,88.9,,,,
2026-05-26,05:51:28,TAP25YZ,CS-TXK,Airbus A321,TAP Air Portugal,landing,arrivee,525,258.4,94.4,,,,
2026-05-26,05:54:34,TAP1937,CS-TVO,Airbus A320neo,TAP Air Portugal,landing,arrivee,450,256.5,99.7,,,,
2026-05-26,05:57:30,4951cb,CS-TNK,Airbus A320,TAP Air Portugal,landing,arrivee,500,237.4,95.3,,,,
2026-05-26,06:05:08,TAP1484,CS-TVA,Airbus A320neo,TAP Air Portugal,landing,arrivee,500,241.5,91.0,,,,
2026-05-26,06:07:48,AZU8750,PR-AIV,Airbus A330-200,Azul,landing,arrivee,400,243.5,95.3,,,,
2026-05-26,06:11:02,TAP218,CS-TXJ,Airbus A321neo,TAP Air Portugal,landing,arrivee,475,241.5,96.1,,,,
2026-05-26,06:15:24,TAP104,CS-TUN,Airbus A330-900neo,TAP Air Portugal,landing,arrivee,450,242.4,98.2,,,,
2026-05-26,06:22:48,TAP11VP,CS-TPX,Embraer E190,TAP Air Portugal,landing,arrivee,500,228.4,85.1,,,,
2026-05-26,06:25:26,TAP058,CS-TUF,Airbus A330-900neo,TAP Air Portugal,landing,arrivee,450,241.5,97.5,,,,
2026-05-26,06:27:56,TSC680,C-GTSR,Airbus A330-200,Air Transat,landing,arrivee,500,232.4,92.1,,,,
2026-05-26,06:31:41,TAY1MN,OE-IBO,737 490SF,Iberia,landing,arrivee,400,240.4,88.4,,,,
2026-05-26,06:36:06,TAM8146,PT-MUA,Boeing 777-300ER,LATAM Airlines,landing,arrivee,425,261.5,91.5,,,,
2026-05-26,06:42:39,TAP41SN,CS-TPT,Embraer E190,TAP Air Portugal,landing,arrivee,525,247.2,88.3,,,,
2026-05-26,06:45:48,TAP1908,CS-TVP,Airbus A320neo,TAP Air Portugal,landing,arrivee,525,227.4,74.2,,,,
2026-05-26,07:01:34,ETD7LG,A6-BLU,Boeing 787-9,Etihad Airways,landing,arrivee,475,291.3,89.3,,,,
2026-05-26,07:06:05,0900f1,D2-TEK,Boeing 777-300ER,TAAG Angola Airlines,landing,arrivee,425,258.9,95.4,,,,
2026-05-26,07:10:28,SRR6646,OY-SRM,767 25EBDSF,Star Air,landing,arrivee,425,217.4,99.2,,,,
2026-05-26,07:14:57,TAP441,CS-TVM,Airbus A320neo,TAP Air Portugal,landing,arrivee,475,229.1,86.1,,,,
2026-05-26,07:17:33,495150,CS-TJP,Airbus A321neo,TAP Air Portugal,landing,arrivee,475,237.4,92.6,,,,
2026-05-26,07:20:29,BCS2FC,D-AEAI,A300 B4-622RF,Lufthansa,landing,arrivee,475,231.5,90.8,,,,
2026-05-26,07:31:07,IBE05TR,EC-MXU,Airbus A320neo,Iberia,landing,arrivee,475,241.5,85.4,,,,
2026-05-26,07:33:59,495290,CS-TTP,Airbus A319,TAP Air Portugal,landing,arrivee,475,258.4,86.8,,,,
2026-05-26,07:37:38,4952ce,CS-TVN,Airbus A320neo,TAP Air Portugal,landing,arrivee,450,233.2,79.3,,,,
2026-05-26,07:40:24,TAP647,CS-TJK,Airbus A321neo,TAP Air Portugal,landing,arrivee,525,243.2,79.8,,,,
2026-05-26,07:42:50,4951d1,CS-TNQ,Airbus A320,TAP Air Portugal,landing,arrivee,450,255.6,96.8,,,,
2026-05-26,07:46:05,TAP8RL,CS-TVR,Airbus A320neo,TAP Air Portugal,landing,arrivee,450,259.7,91.1,,,,
2026-05-26,07:48:27,DAL272,N433DX,Airbus A330-900neo,Delta Air Lines,landing,arrivee,475,266.3,90.5,,,,
2026-05-26,07:51:09,TAP495Y,CS-TPQ,Embraer E190,TAP Air Portugal,landing,arrivee,475,241.5,84.8,,,,
2026-05-26,07:53:31,TAP1023,CS-TNR,Airbus A320,TAP Air Portugal,landing,arrivee,450,261.5,91.1,,,,
2026-05-26,07:56:10,4b1a1b,HB-JXB,Airbus A320,Austrian Airlines,landing,arrivee,475,255.6,87.7,,,,
2026-05-26,07:59:16,TAP9RH,CS-TNJ,Airbus A320,TAP Air Portugal,landing,arrivee,475,243.9,87.5,,,,
2026-05-26,08:02:08,WPT3154,EC-OND,Airbus A330-300,,landing,arrivee,400,249.1,87.0,,,,
2026-05-26,08:05:10,TAP575,CS-TJI,Airbus A321neo,TAP Air Portugal,landing,arrivee,450,270.8,92.0,,,,
2026-05-26,08:07:55,a0a54a,N14016,Boeing 787-10,United Airlines,cruise,,450,0.0,95.3,,,,
2026-05-26,08:10:28,484506,PH-HZO,Boeing 737-800,Transavia,landing,arrivee,425,283.0,97.8,,,,
2026-05-26,08:14:19,4952ca,CS-TVJ,Airbus A320neo,TAP Air Portugal,landing,arrivee,425,236.7,90.5,,,,
2026-05-26,08:21:57,RYR24SE,EI-DWX,Boeing 737-800,Ryanair,landing,arrivee,400,270.8,94.8,,,,
2026-05-26,08:25:46,RYR63TC,EI-IKC,Boeing 737 MAX 8,Ryanair,landing,arrivee,400,268.9,93.3,,,,
2026-05-26,08:28:32,4952d1,CS-TVQ,Airbus A320neo,TAP Air Portugal,landing,arrivee,450,250.8,89.2,,,,
2026-05-26,08:31:15,TVF55WH,F-HXSA,Airbus A320neo,Transavia France,landing,arrivee,400,245.2,93.7,,,,
2026-05-26,08:37:43,RYR7GJ,EI-IKT,Boeing 737 MAX 8,Ryanair,landing,arrivee,375,289.7,93.6,,,,
2026-05-26,08:42:56,TRA27L,PH-HZW,Boeing 737-800,Transavia,landing,arrivee,375,261.7,93.7,,,,
2026-05-26,08:47:40,TAP675,CS-TVI,Airbus A320neo,TAP Air Portugal,landing,arrivee,400,243.2,89.5,,,,
2026-05-26,08:51:16,39c486,F-HREG,Falcon 900EX,Airlec Air Espace,landing,arrivee,425,248.4,95.5,,,,
2026-05-26,08:54:00,49514e,CS-TJN,Airbus A321neo,TAP Air Portugal,landing,arrivee,450,267.2,82.8,,,,
2026-05-26,08:56:36,4952ab,CS-TUK,Airbus A330-900neo,TAP Air Portugal,landing,arrivee,475,252.2,89.9,,,,
2026-05-26,08:59:24,ACA812,C-GKUG,Airbus A330-300,Air Canada,landing,arrivee,400,246.7,96.7,,,,
2026-05-26,09:02:03,4ca9d3,EI-EVK,Boeing 737-800,Ryanair,landing,arrivee,375,286.5,92.8,,,,
2026-05-26,09:07:37,EZY16AT,G-UZEH,Airbus A320neo,easyJet,landing,arrivee,425,236.7,95.4,,,,
2026-05-26,09:20:29,OCEAN32,,,,landing,arrivee,500,221.5,90.5,,,,
2026-05-26,09:24:44,OBS852,CS-TCF,Airbus A330-900neo,TAP Air Portugal,landing,arrivee,400,252.2,98.3,,,,
2026-05-26,09:27:26,4bb21a,TC-LPZ,Airbus A321neo,Turkish Airlines,landing,arrivee,475,252.4,80.2,,,,
2026-05-26,09:30:06,503eb3,LY-CAP,Airbus A320,Eurowings,landing,arrivee,475,247.2,90.4,,,,
2026-05-26,09:37:09,49514a,CS-TJJ,Airbus A321neo,TAP Air Portugal,landing,arrivee,425,240.0,95.3,,,,
2026-05-26,09:39:47,TSC480,C-GUFZ,Airbus A330-200,Air Transat,landing,arrivee,400,243.2,94.4,,,,
2026-05-26,09:42:27,AAL258,N822AN,Boeing 787-9,American Airlines,landing,arrivee,400,279.7,87.8,,,,
2026-05-26,09:45:09,4952a4,CS-TUD,Airbus A330-900neo,TAP Air Portugal,landing,arrivee,450,261.5,95.6,,,,
2026-05-26,09:47:53,BAW50P,G-TTSI,Airbus A320neo,British Airways,landing,arrivee,375,234.3,95.1,,,,
2026-05-26,09:50:37,TAP3832,CS-TPY,Embraer E190,TAP Air Portugal,landing,arrivee,450,246.7,92.3,,,,
2026-05-26,09:53:31,EZY79RV,G-UZHT,Airbus A320neo,easyJet,landing,arrivee,475,233.2,87.7,,,,
2026-05-26,09:56:45,4952ad,CS-TUM,Airbus A330-900neo,TAP Air Portugal,landing,arrivee,450,264.8,93.9,,,,
2026-05-26,10:04:50,TAP010,CS-TXI,Airbus A321neo,TAP Air Portugal,landing,arrivee,425,273.9,96.1,,,,
2026-05-26,10:08:09,EJU97VT,OE-IDU,Airbus A320,easyJet Europe,landing,arrivee,475,247.2,89.9,,,,
2026-05-26,10:12:55,495303,CS-TXC,Airbus A321neo,TAP Air Portugal,landing,arrivee,450,249.8,94.7,,,,
2026-05-26,10:15:20,4952a5,CS-TUE,Airbus A330-900neo,TAP Air Portugal,landing,arrivee,475,256.5,88.1,,,,
2026-05-26,10:18:40,a1d18f,N216UA,Boeing 777-200,United Airlines,landing,arrivee,400,261.7,96.1,,,,
2026-05-26,10:24:12,TAP234Y,CS-TXH,Airbus A321neo,TAP Air Portugal,landing,arrivee,450,270.8,90.3,,,,
2026-05-26,10:26:54,49530c,CS-TXL,Airbus A321neo,TAP Air Portugal,landing,arrivee,475,252.4,84.3,,,,
2026-05-26,10:29:48,AZU8900,CS-TSW,Boeing 777-200,Azul,landing,arrivee,450,263.2,91.2,,,,
2026-05-26,10:35:23,c01754,C-FIVR,Boeing 777-300ER,Air Canada,landing,arrivee,400,280.6,91.7,,,,
2026-05-26,10:38:09,49530d,CS-TXM,Airbus A321,TAP Air Portugal,landing,arrivee,450,247.6,95.6,,,,
2026-05-26,10:40:30,4d00c3,LX-LGS,Boeing 737-700,Luxair,takeoff,depart,1275,312.4,90.2,,,,
2026-05-26,10:43:08,RYR32KG,9H-QAY,Boeing 737-800,Malta Air,landing,arrivee,400,280.6,93.4,,,,
2026-05-26,10:45:58,DAL124,N426DZ,Airbus A330-900neo,Delta Air Lines,landing,arrivee,400,266.5,98.0,,,,
2026-05-26,10:48:22,TAP204A,CS-TUL,Airbus A330-900neo,TAP Air Portugal,landing,arrivee,450,255.4,96.8,,,,
2026-05-26,10:51:00,RYR98HW,EI-HET,Boeing 737 MAX 8,Ryanair,landing,arrivee,375,283.0,94.9,,,,
2026-05-26,10:54:34,AEA1153,EC-MPG,Boeing 737-800,Air Europa,landing,arrivee,425,268.9,95.9,,,,
2026-05-26,10:59:12,TAP13LH,CS-TVG,Airbus A320neo,TAP Air Portugal,landing,arrivee,450,268.2,72.6,,,,
2026-05-26,11:02:00,TAP11SV,CS-TPU,Embraer E190,TAP Air Portugal,landing,arrivee,475,244.8,83.8,,,,
2026-05-26,11:04:36,RYR3WD,EI-EKH,Boeing 737-800,Ryanair,landing,arrivee,375,284.8,93.2,,,,
2026-05-26,11:07:40,345359,EC-MPV,Airbus A321,Vueling,landing,arrivee,400,263.9,93.2,,,,
2026-05-26,11:10:15,348310,EC-OLG,Airbus A330-300,TAP Air Portugal,landing,arrivee,450,263.9,87.9,,,,
2026-05-26,11:12:50,RYR3RB,EI-DLC,Boeing 737-800,Ryanair,landing,arrivee,375,282.6,94.2,,,,
2026-05-26,11:15:49,TAP262M,CS-TXB,Airbus A321neo,TAP Air Portugal,landing,arrivee,425,254.8,96.8,,,,
2026-05-26,11:18:01,4952c6,CS-TVF,Airbus A320neo,TAP Air Portugal,landing,arrivee,425,251.5,99.5,,,,
2026-05-26,11:19:54,486740,PH-AXB,Airbus A321neo,KLM,landing,arrivee,450,275.6,91.5,,,,
2026-05-26,11:21:58,EJU74EF,OE-IBS,Airbus A320,easyJet Europe,landing,arrivee,475,268.0,83.7,,,,
2026-05-26,11:23:56,44cdcb,OO-SNK,Airbus A320,Brussels Airlines,landing,arrivee,475,254.8,81.7,,,,
2026-05-26,11:25:55,TAP1923,CS-TNK,Airbus A320,TAP Air Portugal,landing,arrivee,425,259.7,88.0,,,,
2026-05-26,11:27:39,4952c1,CS-TVA,Airbus A320neo,TAP Air Portugal,landing,arrivee,450,267.2,86.2,,,,
2026-05-26,11:29:49,TAP11MG,CS-TPW,Embraer E190,TAP Air Portugal,approach,arrivee,375,252.2,99.7,,,,
2026-05-26,11:32:31,RYR9654,EI-HEZ,Boeing 737 MAX 8,Ryanair,landing,arrivee,400,282.1,96.2,,,,
2026-05-26,11:35:19,495298,CS-TTX,Embraer E195,TAP Air Portugal,landing,arrivee,425,265.6,89.5,,,,
2026-05-26,11:38:12,IBE05FV,EC-NEA,Airbus A320neo,Iberia,landing,arrivee,450,254.8,91.5,,,,
2026-05-26,11:40:53,AFR41GW,F-HBND,Airbus A320,Air France,landing,arrivee,450,245.9,71.8,,,,
2026-05-26,11:43:36,DLH39X,D-AIEQ,Airbus A321,Lufthansa,landing,arrivee,475,265.2,89.5,,,,
2026-05-26,11:46:26,8963dd,A6-EPN,Boeing 777-300ER,Emirates,landing,arrivee,425,288.9,96.0,,,,
2026-05-26,11:49:15,495170,CS-TKP,Airbus A320,TAP Air Portugal,landing,arrivee,475,264.8,89.3,,,,
2026-05-26,11:52:06,TAP1902,CS-TNJ,Airbus A320,TAP Air Portugal,landing,arrivee,475,252.4,87.4,,,,
2026-05-26,11:55:05,4952b1,CS-TUQ,Airbus A330-900neo,TAP Air Portugal,landing,arrivee,425,267.1,99.6,,,,
2026-05-26,11:58:03,4d2361,9H-XOC,Citation XLS,XO Malta,landing,arrivee,500,227.2,75.2,,,,
2026-05-26,12:00:49,TAP1925,CS-TNR,Airbus A320,TAP Air Portugal,landing,arrivee,400,256.3,98.6,,,,
2026-05-26,12:12:28,TAM8148,PT-MUJ,Boeing 777-300ER,LATAM Airlines,landing,arrivee,375,290.6,94.0,,,,
2026-05-26,12:15:14,EJU38DF,OE-LSQ,Airbus A320,easyJet Europe,landing,arrivee,450,272.1,91.9,,,,
2026-05-26,12:23:51,49d2b7,OK-TVW,Boeing 737-800,Eurowings,landing,arrivee,400,294.5,93.9,,,,
2026-05-26,12:29:45,9HGME,9H-IRI,C56X,,approach,arrivee,500,164.3,89.7,,,,
2026-05-26,12:34:05,4cadbd,EI-IGK,Boeing 737 MAX 8,Ryanair,landing,arrivee,425,289.8,97.2,,,,
2026-05-26,12:36:51,4080e4,G-TTNZ,Airbus A320neo,,landing,arrivee,475,268.9,86.3,,,,
2026-05-26,12:40:02,49d62d,OK-PHN,E55P,,landing,arrivee,450,214.1,80.8,,,,
2026-05-26,12:42:30,TAP1123,CS-TPO,Embraer E190,TAP Air Portugal,landing,arrivee,425,247.2,97.9,,,,
2026-05-26,12:50:59,RZO122,CS-TSJ,Airbus A321neo,TAP Air Portugal,landing,arrivee,450,284.5,95.5,,,,
2026-05-26,12:57:11,EJU94NF,OE-LSJ,Airbus A320neo,Vueling,landing,arrivee,500,278.0,87.3,,,,
2026-05-26,13:02:59,EJU76WL,OE-IJW,Airbus A320,easyJet Europe,landing,arrivee,475,269.7,89.9,,,,
2026-05-26,13:06:07,495212,CS-TPR,Embraer E190,TAP Air Portugal,landing,arrivee,475,253.2,91.5,,,,
2026-05-26,13:08:35,TVF46JB,F-HTVC,Boeing 737-800,Transavia France,landing,arrivee,400,282.4,99.2,,,,
2026-05-26,13:11:21,TAP3961,CS-TXA,Airbus A321neo,TAP Air Portugal,landing,arrivee,400,274.8,98.1,,,,
2026-05-26,13:13:31,VLG8JM,EC-NYF,Airbus A321,Vueling,landing,arrivee,475,254.1,88.4,,,,
2026-05-26,13:15:27,9HGME,9H-IRI,C56X,,climb,depart,450,124.5,84.0,,,,
2026-05-26,13:18:19,TAP43JD,CS-TVK,Airbus A320neo,TAP Air Portugal,landing,arrivee,425,250.8,97.6,,,,
2026-05-26,13:20:39,440195,OE-IZG,Airbus A320,easyJet Europe,landing,arrivee,475,263.9,86.4,,,,
2026-05-26,13:23:50,TAP1151,CS-TPS,Embraer E190,TAP Air Portugal,landing,arrivee,400,249.1,91.0,,,,
2026-05-26,13:26:42,EJU14GP,OE-LSV,Airbus A320neo,easyJet Europe,landing,arrivee,450,257.2,84.3,,,,
2026-05-26,13:29:42,TAP1031,CS-TJM,Airbus A321neo,TAP Air Portugal,landing,arrivee,475,279.7,88.7,,,,
2026-05-26,13:32:36,3c64a8,D-AIEH,Airbus A321neo,Lufthansa,landing,arrivee,475,264.8,86.3,,,,
2026-05-26,13:35:15,TAP1335,CS-TVD,Airbus A320neo,TAP Air Portugal,landing,arrivee,425,252.4,90.4,,,,
2026-05-26,13:37:57,LOT425,SP-LYD,Boeing 737 MAX 8,LOT Polish Airlines,landing,arrivee,400,294.8,98.1,,,,
2026-05-26,13:43:54,TAP110,CS-TON,Airbus A330-200,TAP Air Portugal,landing,arrivee,425,263.2,97.6,,,,
2026-05-26,13:46:23,RYR85MR,EI-HAW,Boeing 737 MAX 8,Ryanair,landing,arrivee,425,291.3,95.5,,,,
2026-05-26,13:49:13,SWR32F,HB-JCJ,C Series 300,Swiss,landing,arrivee,450,261.5,88.8,,,,
2026-05-26,13:51:47,TAP641,CS-TVO,Airbus A320neo,TAP Air Portugal,landing,arrivee,450,260.8,86.1,,,,
2026-05-26,13:54:26,4400f3,OE-IDO,Airbus A320,easyJet Europe,landing,arrivee,450,265.8,95.4,,,,
2026-05-26,13:57:03,TAP1860,CS-TJO,Airbus A321neo,TAP Air Portugal,landing,arrivee,425,280.6,96.1,,,,
2026-05-26,13:59:41,RZO150,CS-TSY,Airbus A320,TAP Air Portugal,landing,arrivee,450,263.2,95.9,,,,
2026-05-26,14:02:17,4b1a1f,HB-JXF,Airbus A320,Austrian Airlines,landing,arrivee,475,261.5,91.7,,,,
2026-05-26,14:04:42,TAP823,CS-TNV,Airbus A320,TAP Air Portugal,landing,arrivee,475,274.8,88.0,,,,
2026-05-26,14:08:03,49514c,CS-TJL,Airbus A321neo,TAP Air Portugal,landing,arrivee,475,282.1,92.3,,,,
2026-05-26,14:11:10,TAP86GM,CS-TVH,Airbus A320neo,TAP Air Portugal,landing,arrivee,425,253.2,97.2,,,,
2026-05-26,14:13:38,TAP88TM,CS-TTY,Embraer E195,TAP Air Portugal,landing,arrivee,425,275.6,91.2,,,,
2026-05-26,14:16:19,440b1e,OE-IWW,Airbus A320,easyJet Europe,landing,arrivee,525,266.5,86.4,,,,
2026-05-26,14:18:55,4952d2,CS-TVR,Airbus A320neo,TAP Air Portugal,takeoff,depart,1000,278.7,92.1,,,,
2026-05-26,14:21:02,TAP8RT,CS-TPV,Embraer E190,TAP Air Portugal,landing,arrivee,425,267.2,94.4,,,,
2026-05-26,14:22:53,TAP36GS,CS-TVC,Airbus A320neo,TAP Air Portugal,landing,arrivee,500,257.2,68.0,,,,
2026-05-26,14:28:29,AAN181,OK-PHN,E55P,,takeoff,depart,1600,323.0,98.9,,,,
2026-05-26,14:30:06,440d10,OE-IBS,Airbus A320,easyJet Europe,takeoff,depart,1400,315.2,91.1,,,,
2026-05-26,14:31:40,49520f,CS-TPO,Embraer E190,TAP Air Portugal,takeoff,depart,975,307.6,94.8,,,,
2026-05-26,14:34:14,TAP1928,CS-TTX,Embraer E195,TAP Air Portugal,takeoff,depart,1375,303.7,94.6,,,,
2026-05-26,14:36:22,4951ca,CS-TNJ,Airbus A320,TAP Air Portugal,takeoff,depart,1250,288.2,92.6,,,,
2026-05-26,14:39:26,UAE192,A6-EPN,Boeing 777-300ER,Emirates,takeoff,depart,925,373.5,92.5,,,,
2026-05-26,14:44:26,34744d,EC-NYF,Airbus A321,Vueling,takeoff,depart,1250,302.2,93.2,,,,
2026-05-26,14:46:54,49526a,CS-TSJ,Airbus A321neo,TAP Air Portugal,takeoff,depart,1225,290.2,92.1,,,,
2026-05-26,14:50:09,4952c1,CS-TVA,Airbus A320neo,TAP Air Portugal,takeoff,depart,1375,301.1,93.6,,,,
2026-05-26,14:52:34,TAP1312,CS-TPS,Embraer E190,TAP Air Portugal,takeoff,depart,1075,296.7,92.0,,,,
2026-05-26,14:55:47,TVF76UF,F-HTVC,Boeing 737-800,Transavia France,takeoff,depart,1050,314.5,94.2,,,,
2026-05-26,14:59:00,EJU62BF,OE-IZG,Airbus A320,easyJet Europe,takeoff,depart,1425,315.8,91.8,,,,
2026-05-26,15:01:11,4952c4,CS-TVD,Airbus A320neo,TAP Air Portugal,takeoff,depart,1375,306.9,92.2,,,,
2026-05-26,15:03:42,4952d1,CS-TVQ,Airbus A320neo,TAP Air Portugal,takeoff,depart,1250,306.5,96.5,,,,
2026-05-26,15:06:44,3c64a8,D-AIEH,Airbus A321neo,Lufthansa,takeoff,depart,1625,319.8,94.9,,,,
2026-05-26,15:08:55,EZS24DN,HB-JXF,Airbus A320,Austrian Airlines,takeoff,depart,1325,311.3,93.2,,,,
2026-05-26,15:11:51,4952cb,CS-TVK,Airbus A320neo,TAP Air Portugal,takeoff,depart,1325,291.3,95.1,,,,
2026-05-26,15:17:30,e48df5,PT-MUJ,Boeing 777-300ER,LATAM Airlines,takeoff,depart,800,388.5,92.1,,,,
2026-05-26,15:20:00,4952cf,CS-TVO,Airbus A320neo,TAP Air Portugal,takeoff,depart,1350,290.6,93.0,,,,
2026-05-26,15:22:37,4b1801,HB-JCJ,C Series 300,Swiss,takeoff,depart,1225,290.6,93.8,,,,
2026-05-26,15:25:32,49514d,CS-TJM,Airbus A321neo,TAP Air Portugal,takeoff,depart,1375,306.9,92.4,,,,
2026-05-26,15:27:50,TAP94EV,CS-TPR,Embraer E190,TAP Air Portugal,takeoff,depart,1225,301.3,89.7,,,,
2026-05-26,15:30:37,TCV607,D4-CCI,Boeing 737-700,Cabo Verde Airlines,takeoff,depart,1100,303.7,90.2,,,,
2026-05-26,15:33:03,TAP1272,CS-TJO,Airbus A321neo,TAP Air Portugal,takeoff,depart,1275,315.4,91.9,,,,
2026-05-26,15:36:09,4951d6,CS-TNV,Airbus A320,TAP Air Portugal,takeoff,depart,1375,307.1,89.9,,,,
2026-05-26,15:38:24,4ca95e,EI-HAW,Boeing 737 MAX 8,Ryanair,takeoff,depart,1200,324.7,93.6,,,,
2026-05-26,15:41:24,TAP50Y,CS-TVH,Airbus A320neo,TAP Air Portugal,takeoff,depart,1450,290.2,93.0,,,,
2026-05-26,15:44:12,495299,CS-TTY,Embraer E195,TAP Air Portugal,takeoff,depart,1175,310.2,95.0,,,,
2026-05-26,15:46:42,LOT7KU,SP-LYD,Boeing 737 MAX 8,LOT Polish Airlines,takeoff,depart,1025,320.6,92.0,,,,
2026-05-26,15:49:32,TAP1064,CS-TPV,Embraer E190,TAP Air Portugal,takeoff,depart,975,303.7,94.0,,,,
2026-05-26,15:52:17,TAP836A,CS-TJL,Airbus A321neo,TAP Air Portugal,takeoff,depart,1200,312.4,93.4,,,,
2026-05-26,15:54:46,EJU68GB,OE-LSJ,Airbus A320neo,Vueling,takeoff,depart,1375,320.2,92.7,,,,
2026-05-26,15:57:46,4952d2,CS-TVR,Airbus A320neo,TAP Air Portugal,takeoff,depart,1400,296.1,91.7,,,,
2026-05-26,16:00:40,4951d4,CS-TNT,Airbus A320,TAP Air Portugal,takeoff,depart,1300,311.3,92.1,,,,
2026-05-26,16:03:13,NSZ7WJ,SE-RRF,Boeing 737-800,Norwegian Air Sweden,takeoff,depart,1075,319.8,91.5,,,,
2026-05-26,16:06:19,RZO3129,CS-TSM,Airbus A320,TAP Air Portugal,takeoff,depart,1550,267.1,92.4,,,,
2026-05-26,16:08:49,KLM80Z,PH-AXM,Airbus A321neo,KLM,takeoff,depart,1250,307.6,92.2,,,,
2026-05-26,16:11:19,440075,OE-LSV,Airbus A320neo,easyJet Europe,takeoff,depart,1425,317.8,91.1,,,,
2026-05-26,16:14:16,TAP436,CS-TTP,Airbus A319,TAP Air Portugal,takeoff,depart,1325,299.7,90.2,,,,
2026-05-26,16:17:23,EJU86ZG,OE-IJW,Airbus A320,easyJet Europe,takeoff,depart,1350,310.2,91.7,,,,
2026-05-26,16:21:53,TAP117,CS-TUE,Airbus A330-900neo,TAP Air Portugal,climb,depart,1425,345.6,89.6,,,,
2026-05-26,16:25:12,EZY35AB,G-EZDJ,Airbus A319,easyJet,takeoff,depart,1175,305.8,94.0,,,,
2026-05-26,16:27:39,SWR2GX,HB-JPA,Airbus A321neo,Swiss,takeoff,depart,1225,339.5,96.3,,,,
2026-05-26,16:30:17,VLG35PE,EC-LVP,Airbus A320,Vueling,takeoff,depart,1250,289.7,93.3,,,,
2026-05-26,16:33:31,49521a,CS-TPZ,Embraer E190,TAP Air Portugal,takeoff,depart,1275,300.4,92.1,,,,
2026-05-26,16:35:44,AEA67QW,EC-MPG,Boeing 737-800,Air Europa,takeoff,depart,1050,318.7,92.3,,,,
2026-05-26,16:38:21,TAP13HL,CS-TVC,Airbus A320neo,TAP Air Portugal,cruise,,1275,0.0,96.3,,,,
2026-05-26,16:41:15,BTI3HK,YL-CSJ,A220 300,Air Baltic,takeoff,depart,1125,304.3,94.0,,,,
2026-05-26,16:51:13,4d2262,9H-QAY,Boeing 737-800,Malta Air,takeoff,depart,1325,323.7,90.7,,,,
2026-05-26,16:54:40,ASL17H,YU-APH,Airbus A320,Air Serbia,takeoff,depart,1225,324.7,96.0,,,,
2026-05-26,16:56:53,EJU54HM,OE-LSF,Airbus A320neo,easyJet Europe,takeoff,depart,1600,311.3,90.4,,,,
2026-05-26,16:59:32,FIN7FG,OH-LZL,Airbus A321,Finnair,takeoff,depart,1250,327.4,94.4,,,,
2026-05-26,17:02:40,345615,EC-MTO,Bombardier CRJ-1000,Air Nostrum,takeoff,depart,875,310.2,98.0,,,,
2026-05-26,17:05:28,TAP1018,CS-TTZ,Embraer E195,TAP Air Portugal,takeoff,depart,1450,289.7,93.2,,,,
2026-05-26,17:08:51,495217,CS-TPW,Embraer E190,TAP Air Portugal,takeoff,depart,1225,294.5,93.7,,,,
2026-05-26,17:12:03,4951ce,CS-TNN,Airbus A320,TAP Air Portugal,takeoff,depart,1375,295.8,95.0,,,,
2026-05-26,17:15:01,4ac9ea,SE-ROJ,Airbus A320neo,SAS Scandinavian,takeoff,depart,1425,304.1,92.5,,,,
2026-05-26,17:17:49,3c65c2,D-AINB,Airbus A320neo,Lufthansa,takeoff,depart,1375,286.5,94.2,,,,
2026-05-26,17:20:39,EZY75QC,G-EZOU,Airbus A320,easyJet,takeoff,depart,1300,306.9,97.5,,,,
2026-05-26,17:23:10,4076cc,G-TTNI,Airbus A320neo,British Airways,takeoff,depart,1575,292.6,91.1,,,,
2026-05-26,17:25:46,EJU45WU,OE-IDO,Airbus A320,easyJet Europe,takeoff,depart,1350,298.4,94.2,,,,
2026-05-26,17:28:18,RYR4CB,9H-QEQ,Boeing 737-800,Malta Air,takeoff,depart,1250,321.5,93.7,,,,
2026-05-26,17:32:52,4bb28a,TC-LTJ,Airbus A321neo,Turkish Airlines,takeoff,depart,1425,315.8,93.4,,,,
2026-05-26,17:35:33,495308,CS-TXH,Airbus A321neo,TAP Air Portugal,cruise,,1225,0.0,93.3,,,,
2026-05-26,17:37:27,4cadbd,EI-IGK,Boeing 737 MAX 8,Ryanair,takeoff,depart,1050,320.2,94.1,,,,
2026-05-26,17:42:47,49530d,CS-TXM,Airbus A321,TAP Air Portugal,takeoff,depart,1550,336.3,91.6,,,,
2026-05-26,17:46:17,46b8b2,SX-NER,Airbus A320neo,Aegean Airlines,takeoff,depart,1425,287.4,93.0,,,,
2026-05-26,17:48:27,RYR498R,EI-DWY,Boeing 737-800,Ryanair,cruise,,1200,0.0,93.4,,,,
2026-05-26,17:51:02,TAP029,CS-TUL,Airbus A330-900neo,TAP Air Portugal,takeoff,depart,1350,341.1,89.1,,,,
2026-05-26,17:54:02,TAP1905,CS-TPX,Embraer E190,TAP Air Portugal,takeoff,depart,1250,276.5,94.6,,,,
2026-05-26,17:56:55,4ca701,EI-EBD,Boeing 737-800,Ryanair,takeoff,depart,1450,324.5,91.7,,,,
2026-05-26,17:59:38,495150,CS-TJP,Airbus A321neo,TAP Air Portugal,cruise,,1400,0.0,95.7,,,,
2026-05-26,18:03:10,RYR420Z,9H-QAV,Boeing 737-800,Malta Air,takeoff,depart,1300,326.0,89.1,,,,
2026-05-26,18:05:59,EJU65YE,OE-LUE,Airbus A320neo,easyJet Europe,takeoff,depart,1400,299.7,96.1,,,,
2026-05-26,18:11:07,495214,CS-TPT,Embraer E190,TAP Air Portugal,takeoff,depart,1250,276.3,92.8,,,,
2026-05-26,18:14:13,TAP035,EC-OLG,Airbus A330-300,TAP Air Portugal,takeoff,depart,1225,322.6,93.5,,,,
2026-05-26,18:17:19,TAP1932,CS-TNS,Airbus A320,TAP Air Portugal,takeoff,depart,1350,302.2,92.4,,,,
2026-05-26,18:19:19,495302,CS-TXB,Airbus A321neo,TAP Air Portugal,takeoff,depart,1400,347.1,92.0,,,,
2026-05-26,18:21:19,VLG2CU,EC-MBE,Airbus A320,Vueling,takeoff,depart,2100,358.4,85.3,,,,
2026-05-26,18:24:08,EJU41EH,OE-IDU,Airbus A320,easyJet Europe,takeoff,depart,1300,302.2,97.4,,,,
2026-05-26,18:26:13,RYR617R,SP-RZO,Boeing 737 MAX 8,Buzz,takeoff,depart,1175,328.4,91.8,,,,
2026-05-26,18:32:29,3c54a5,D-AEEE,Airbus A321,Eurowings,takeoff,depart,1500,323.2,93.1,,,,
2026-05-26,18:36:08,EWG66L,9H-AMV,Airbus A320,Eurowings,takeoff,depart,1250,296.5,97.9,,,,
2026-05-26,18:38:47,4952ce,CS-TVN,Airbus A320neo,TAP Air Portugal,takeoff,depart,1350,295.4,93.8,,,,
2026-05-26,18:41:22,495145,CS-TJE,Airbus A321,TAP Air Portugal,takeoff,depart,1175,299.7,94.5,,,,
2026-05-26,18:44:33,495306,CS-TXF,Airbus A321neo,TAP Air Portugal,takeoff,depart,1450,331.5,93.3,,,,
2026-05-26,18:47:39,SWR1AB,YL-ABW,Airbus A220-300,Swiss,takeoff,depart,1175,280.6,94.6,,,,
2026-05-26,18:50:12,4ca806,EI-EKH,Boeing 737-800,Ryanair,takeoff,depart,1225,324.3,90.7,,,,
2026-05-26,18:52:39,TAP67NP,CS-TVM,Airbus A320neo,TAP Air Portugal,cruise,,1525,0.0,95.2,,,,
2026-05-26,18:55:31,495303,CS-TXC,Airbus A321neo,TAP Air Portugal,climb,depart,1350,348.0,95.3,,,,
2026-05-26,18:58:30,4d2464,9H-VCT,BD-100 Challenger 350,VistaJet,climb,depart,3950,319.5,89.0,,,,
2026-05-26,19:01:00,TAP934,CS-TNQ,Airbus A320,TAP Air Portugal,takeoff,depart,1275,305.8,92.7,,,,
2026-05-26,19:03:31,RAM983,CN-ROP,Boeing 737-800,Royal Air Maroc,takeoff,depart,1675,338.0,92.8,,,,
2026-05-26,19:06:35,44033e,OE-LQA,Airbus A319,easyJet Europe,takeoff,depart,1275,289.7,91.2,,,,
2026-05-26,19:09:01,WZZ7GR,HA-LGO,Airbus A321neo,Wizz Air,takeoff,depart,1225,321.7,94.2,,,,
2026-05-26,19:12:00,440d6e,OE-LSQ,Airbus A320,easyJet Europe,takeoff,depart,1550,297.2,91.7,,,,
2026-05-26,19:15:02,SRR6645,OY-SRM,767 25EBDSF,Star Air,takeoff,depart,2975,380.0,92.6,,,,
2026-05-26,19:17:48,39bdae,F-HPNO,Airbus A220-300,Air France,takeoff,depart,1325,279.7,93.3,,,,
2026-05-26,19:20:01,BAW507,G-TNEB,Airbus A321neo,British Airways,takeoff,depart,1325,300.4,90.5,,,,
2026-05-26,19:23:06,RYR2GC,SP-RZS,Boeing 737 MAX 8,Buzz,takeoff,depart,1150,316.7,95.4,,,,
2026-05-26,19:25:42,EZY65CG,G-EZGN,Airbus A319,easyJet,takeoff,depart,1200,290.4,96.8,,,,
2026-05-26,19:29:21,TAP38KJ,CS-TTX,Embraer E195,TAP Air Portugal,takeoff,depart,1100,291.3,94.8,,,,
2026-05-26,19:31:31,49514b,CS-TJK,Airbus A321neo,TAP Air Portugal,takeoff,depart,1475,323.9,91.7,,,,
2026-05-26,19:34:28,TVF15AN,F-HUYT,Boeing 737-800,Transavia France,takeoff,depart,1200,320.2,93.2,,,,
2026-05-26,19:38:03,e8046f,CC-BGT,Boeing 787-9,LATAM Airlines,takeoff,depart,925,356.7,92.6,,,,
2026-05-26,19:40:23,TAP93MA,CS-TVP,Airbus A320neo,TAP Air Portugal,takeoff,depart,1725,330.2,91.7,,,,
2026-05-26,19:45:16,345043,EC-MHS,Airbus A321,Vueling,takeoff,depart,1350,289.7,89.8,,,,
2026-05-26,19:47:42,495153,CS-TJS,Airbus A321neo,TAP Air Portugal,takeoff,depart,1325,296.7,96.5,,,,
2026-05-26,19:56:04,BCS1LG,D-AEAI,A300 B4-622RF,Lufthansa,takeoff,depart,2550,303.0,91.3,,,,
2026-05-26,19:58:54,738068,4X-EKI,Boeing 737-800,El Al,takeoff,depart,1525,350.4,93.6,,,,
2026-05-26,20:01:46,KLM98E,PH-AXK,Airbus A321neo,KLM,takeoff,depart,1300,295.4,94.2,,,,
2026-05-26,20:04:14,TAP1934,CS-TNJ,Airbus A320,TAP Air Portugal,takeoff,depart,1225,298.5,96.7,,,,
2026-05-26,20:07:12,TAP944,CS-TJI,Airbus A321neo,TAP Air Portugal,takeoff,depart,1200,319.5,92.4,,,,
2026-05-26,20:09:13,TAY2MN,OE-IBO,737 490SF,Iberia,takeoff,depart,1650,382.4,86.8,,,,
2026-05-26,20:10:33,495170,CS-TKP,Airbus A320,TAP Air Portugal,takeoff,depart,1425,287.4,92.0,,,,
2026-05-26,20:12:34,TRA5960,PH-HZG,Boeing 737-800,Transavia,takeoff,depart,1600,346.7,86.0,,,,
2026-05-26,20:14:42,44cc42,OO-SBB,Airbus A320,Brussels Airlines,takeoff,depart,1400,272.4,94.8,,,,
2026-05-26,20:16:42,TAP442,CS-TVF,Airbus A320neo,TAP Air Portugal,takeoff,depart,1600,326.3,86.9,,,,
2026-05-26,20:19:58,TAP20L,CS-TNV,Airbus A320,TAP Air Portugal,takeoff,depart,1300,282.4,96.0,,,,
2026-05-26,20:22:37,EZY36CZ,G-EZGY,Airbus A320,easyJet,takeoff,depart,1375,308.9,91.3,,,,
2026-05-26,20:25:16,440d10,OE-IBS,Airbus A320,easyJet Europe,takeoff,depart,1400,294.3,91.8,,,,
2026-05-26,20:27:46,34604d,EC-MUZ,Boeing 737-800,Air Europa,takeoff,depart,1075,303.4,93.1,,,,
2026-05-26,20:30:58,4952cf,CS-TVO,Airbus A320neo,TAP Air Portugal,takeoff,depart,1350,284.8,94.7,,,,
2026-05-26,20:34:07,4d224d,9H-QEL,Boeing 737-800,Malta Air,takeoff,depart,1225,308.5,93.4,,,,
2026-05-26,20:36:44,EJU73LY,OE-IJY,Airbus A320,easyJet Europe,takeoff,depart,1400,290.6,91.0,,,,
2026-05-26,20:39:10,471f63,HA-LXB,Airbus A321,SAS Scandinavian,takeoff,depart,1350,301.3,92.4,,,,
2026-05-26,20:41:11,RYR8HM,EI-IJX,Boeing 737 MAX 8,Ryanair,takeoff,depart,1525,358.0,85.4,,,,
2026-05-26,20:42:47,TAP838Z,CS-TJN,Airbus A321neo,TAP Air Portugal,takeoff,depart,1425,318.5,90.4,,,,
2026-05-26,20:44:49,TAP1366,CS-TJJ,Airbus A321neo,TAP Air Portugal,takeoff,depart,1825,354.7,62.8,,,,
2026-05-26,20:46:10,EZY97QP,G-EZBR,Airbus A319,easyJet,takeoff,depart,1250,294.1,93.4,,,,
2026-05-26,20:49:15,RYR7329,EI-IFR,Boeing 737 MAX 8,Ryanair,takeoff,depart,1450,315.8,93.4,,,,
2026-05-26,20:55:28,TAP11AG,CS-TPV,Embraer E190,TAP Air Portugal,takeoff,depart,1450,272.4,95.0,,,,
2026-05-26,20:59:01,IBE05RW,EC-NTO,Airbus A320neo,Iberia,takeoff,depart,1475,273.2,93.3,,,,
2026-05-26,21:02:18,4ca4ec,EI-DPH,Boeing 737-800,Ryanair,takeoff,depart,1600,297.4,92.8,,,,
2026-05-26,21:04:19,TAP43M,CS-TVB,Airbus A320neo,TAP Air Portugal,takeoff,depart,1600,313.0,88.5,,,,
2026-05-26,21:06:19,LUA459H,D-CJFK,C56X,,takeoff,depart,2800,320.6,89.0,,,,
2026-05-26,21:11:43,4952cc,CS-TVL,Airbus A320,TAP Air Portugal,takeoff,depart,1425,278.2,92.8,,,,
2026-05-26,21:20:42,4952a3,CS-TUC,Airbus A330-900neo,TAP Air Portugal,takeoff,depart,1450,319.5,91.9,,,,
2026-05-26,21:27:40,VLG8463,EC-KJD,Airbus A320,Vueling,takeoff,depart,1425,289.8,91.0,,,,
2026-05-26,21:30:16,8963d0,A6-EPA,Boeing 777-300ER,Emirates,takeoff,depart,1250,351.7,91.8,,,,
2026-05-26,21:35:22,TAP1483,CS-TXL,Airbus A321neo,TAP Air Portugal,takeoff,depart,1275,309.8,95.2,,,,
2026-05-26,21:37:27,TAP828,CS-TVQ,Airbus A320neo,TAP Air Portugal,takeoff,depart,1950,335.0,69.2,,,,
2026-05-26,21:47:11,RYR95FC,EI-DCJ,Boeing 737-800,Ryanair,takeoff,depart,1225,297.2,93.4,,,,
2026-05-26,21:50:14,4bb853,TC-NBS,Airbus A320neo,Turkish Airlines,takeoff,depart,1325,265.8,86.4,,,,
2026-05-26,21:54:18,RYR200Z,9H-QFM,Boeing 737-800,Malta Air,takeoff,depart,1300,300.9,93.6,,,,
2026-05-26,21:58:42,VLG630A,EC-MGE,Airbus A320,Vueling,takeoff,depart,1650,303.0,92.3,,,,
2026-05-26,22:06:00,RYR7UY,EI-DHE,Boeing 737-800,Ryanair,takeoff,depart,1275,290.2,91.0,,,,
2026-05-26,22:12:42,RYR4SZ,EI-HGL,Boeing 737 MAX 8,Ryanair,takeoff,depart,1425,304.7,89.5,,,,
2026-05-26,22:21:53,TAP65PD,CS-TVG,Airbus A320neo,TAP Air Portugal,takeoff,depart,1350,280.6,93.4,,,,
2026-05-26,22:25:18,4952ca,CS-TVJ,Airbus A320neo,TAP Air Portugal,takeoff,depart,1400,270.4,93.1,,,,
2026-05-26,22:28:56,WMT511,9H-WAW,Airbus A321,Lauda Europe,takeoff,depart,1325,308.9,95.2,,,,
2026-05-26,22:33:50,495218,CS-TPX,Embraer E190,TAP Air Portugal,takeoff,depart,1725,296.1,91.9,,,,
2026-05-26,22:36:26,738061,4X-EKT,Boeing 737-800,El Al,takeoff,depart,1525,334.3,92.8,,,,
2026-05-26,22:39:26,EIN4RL,EI-NSA,Airbus A320neo,Aer Lingus,takeoff,depart,1475,271.7,96.4,,,,
2026-05-26,22:41:51,4d253b,9H-EUQ,Airbus A320,Lauda Europe,takeoff,depart,1075,290.2,92.4,,,,
2026-05-26,22:44:50,4d2242,9H-QCD,Boeing 737-800,Malta Air,takeoff,depart,1375,288.9,94.4,,,,
2026-05-26,22:51:31,RYR2BX,9H-QAP,Boeing 737-800,Malta Air,takeoff,depart,1150,288.9,93.1,,,,
2026-05-26,23:14:09,4952d2,CS-TVR,Airbus A320neo,TAP Air Portugal,takeoff,depart,1550,298.2,94.7,,,,
2026-05-26,23:17:13,495213,CS-TPS,Embraer E190,TAP Air Portugal,takeoff,depart,1675,270.4,94.0,,,,
2026-05-26,23:19:52,BNI5T,SP-CIT,Citation CJ1,Buzz,takeoff,depart,1750,237.8,98.3,,,,
2026-05-26,23:37:07,TAP015,CS-TXA,Airbus A321neo,TAP Air Portugal,takeoff,depart,1425,337.4,94.0,,,,
2026-05-26,23:42:30,4951d2,CS-TNR,Airbus A320,TAP Air Portugal,takeoff,depart,1475,283.0,92.1,,,,
2026-05-26,23:50:09,4952b1,CS-TUQ,Airbus A330-900neo,TAP Air Portugal,climb,depart,1475,316.5,93.0,,,,
2026-05-26,23:53:40,ANGOLA4,OE-IXI,Gulfstream G700,Iberia,climb,depart,3400,301.9,91.0,,,,
2026-05-26,23:58:28,4952ab,CS-TUK,Airbus A330-900neo,TAP Air Portugal,takeoff,depart,1500,311.5,90.9,,,,
2026-05-27,00:01:54,495290,CS-TTP,Airbus A319,TAP Air Portugal,takeoff,depart,1675,246.9,87.5,,,,
2026-05-27,00:03:54,TAP075,CS-TUJ,Airbus A330-900neo,TAP Air Portugal,takeoff,depart,1575,357.1,83.0,,,,
2026-05-27,00:06:34,46b8a2,SX-NEB,Airbus A320neo,Aegean Airlines,takeoff,depart,1625,268.5,92.2,,,,
2026-05-27,01:32:41,9HGMF,9H-GVA,GL5T,,descending,arrivee,850,103.7,88.1,,,,
2026-05-27,04:29:59,49530a,CS-TXJ,Airbus A321neo,TAP Air Portugal,landing,arrivee,550,253.9,91.0,,,,
2026-05-27,04:31:51,4952a8,CS-TUH,Airbus A330-900neo,TAP Air Portugal,landing,arrivee,500,259.7,96.2,,,,
2026-05-27,04:46:22,TAP082,CS-TUG,Airbus A330-900neo,TAP Air Portugal,landing,arrivee,525,268.9,96.0,,,,
2026-05-27,05:00:14,TAP202A,CS-TXK,Airbus A321,TAP Air Portugal,landing,arrivee,525,273.9,89.9,,,,
2026-05-27,05:25:36,4952ae,CS-TUN,Airbus A330-900neo,TAP Air Portugal,landing,arrivee,525,258.9,96.9,,,,
2026-05-27,05:33:15,495218,CS-TPX,Embraer E190,TAP Air Portugal,landing,arrivee,525,236.3,76.5,,,,
2026-05-27,05:44:06,TAP25YZ,CS-TXD,Airbus A321neo,TAP Air Portugal,landing,arrivee,525,262.4,94.0,,,,
2026-05-27,05:48:58,TAP1550,CS-TVL,Airbus A320,TAP Air Portugal,landing,arrivee,525,244.8,89.3,,,,
2026-05-27,06:02:21,495293,CS-TTS,Airbus A319,TAP Air Portugal,landing,arrivee,525,227.4,87.4,,,,
2026-05-27,06:04:47,4952af,CS-TUO,Airbus A330-900neo,TAP Air Portugal,landing,arrivee,575,260.8,86.5,,,,
2026-05-27,06:07:27,TAP1544,CS-TVB,Airbus A320neo,TAP Air Portugal,landing,arrivee,500,258.9,99.6,,,,
2026-05-27,06:09:58,TAP218,CS-TXI,Airbus A321neo,TAP Air Portugal,landing,arrivee,525,261.5,93.8,,,,
2026-05-27,06:11:52,49530c,CS-TXL,Airbus A321neo,TAP Air Portugal,landing,arrivee,500,246.7,98.4,,,,
2026-05-27,06:23:58,c06a7d,C-GOIM,Airbus A321neo,Air Transat,cruise,,575,0.0,76.7,,,,
2026-05-27,06:27:12,348342,EC-OND,Airbus A330-300,,landing,arrivee,500,257.2,98.8,,,,
2026-05-27,06:29:59,TAP8RL,CS-TJN,Airbus A321neo,TAP Air Portugal,landing,arrivee,575,250.8,78.8,,,,
2026-05-27,06:33:00,AZU8750,CS-TGD,Airbus A330-200,Azul,landing,arrivee,450,250.8,95.4,,,,
2026-05-27,06:35:34,RYR8AT,EI-EFG,Boeing 737-800,Ryanair,landing,arrivee,475,271.3,96.4,,,,
2026-05-27,06:38:26,TAY1MN,OE-IBO,737 490SF,Iberia,landing,arrivee,450,267.2,97.8,,,,
2026-05-27,06:41:28,TAP104,CS-TUR,Airbus A330-900neo,TAP Air Portugal,landing,arrivee,525,257.2,94.2,,,,
2026-05-27,06:44:08,AEA1159,EC-MQP,Boeing 737-800,Air Europa,landing,arrivee,500,255.6,96.2,,,,
2026-05-27,06:47:00,TAP1908,CS-TVR,Airbus A320neo,TAP Air Portugal,landing,arrivee,525,261.5,96.8,,,,
2026-05-27,06:49:34,DTA650,D2-TEK,Boeing 777-300ER,TAAG Angola Airlines,landing,arrivee,500,264.8,96.3,,,,
2026-05-27,06:56:03,TAP41SN,CS-TNR,Airbus A320,TAP Air Portugal,landing,arrivee,575,252.4,84.7,,,,
2026-05-27,06:59:07,89648a,A6-BLJ,Boeing 787-9,Etihad Airways,landing,arrivee,450,290.6,98.1,,,,
2026-05-27,07:02:19,e4818c,PT-MUD,Boeing 777-300ER,LATAM Airlines,landing,arrivee,475,273.9,93.8,,,,
2026-05-27,07:05:15,495216,CS-TPV,Embraer E190,TAP Air Portugal,landing,arrivee,525,230.8,91.1,,,,
2026-05-27,07:07:43,TAP98CX,CS-TVH,Airbus A320neo,TAP Air Portugal,landing,arrivee,500,260.8,98.8,,,,
2026-05-27,07:18:25,TAP441,CS-TJE,Airbus A321,TAP Air Portugal,landing,arrivee,550,252.2,92.6,,,,
2026-05-27,07:21:19,45ce4d,OY-SRM,767 25EBDSF,Star Air,landing,arrivee,525,237.4,98.8,,,,
2026-05-27,07:25:02,346499,EC-NJY,Airbus A320neo,Iberia,landing,arrivee,600,268.9,74.2,,,,
2026-05-27,07:29:57,a4dbef,N412DX,Airbus A330-900neo,Delta Air Lines,landing,arrivee,500,263.2,94.6,,,,
2026-05-27,07:32:49,UAL64,N16009,Boeing 787-10,United Airlines,landing,arrivee,500,293.0,98.0,,,,
2026-05-27,07:35:31,3c5426,D-AEAF,A300 B4-622RF,Lufthansa,landing,arrivee,525,245.9,91.5,,,,
2026-05-27,07:38:11,RYR63TC,EI-EPC,Boeing 737-800,Ryanair,landing,arrivee,475,261.5,96.3,,,,
2026-05-27,07:41:07,TAP9ML,CS-TVQ,Airbus A320neo,TAP Air Portugal,landing,arrivee,550,236.7,87.4,,,,
2026-05-27,07:43:55,TAP945,CS-TJI,Airbus A321neo,TAP Air Portugal,landing,arrivee,550,247.2,83.5,,,,
2026-05-27,07:46:35,4952cf,CS-TVO,Airbus A320neo,TAP Air Portugal,landing,arrivee,500,261.5,91.8,,,,
2026-05-27,07:49:24,4b1a67,HB-JZZ,Airbus A320,Austrian Airlines,landing,arrivee,550,253.2,78.2,,,,
2026-05-27,07:52:21,495213,CS-TPS,Embraer E190,TAP Air Portugal,landing,arrivee,500,237.4,96.7,,,,
2026-05-27,07:54:52,TAP1023,CS-TVJ,Airbus A320neo,TAP Air Portugal,landing,arrivee,575,261.5,81.8,,,,
2026-05-27,07:59:37,TAP9RH,CS-TNQ,Airbus A320,TAP Air Portugal,landing,arrivee,500,249.1,97.5,,,,
2026-05-27,08:02:28,4952ce,CS-TVN,Airbus A320neo,TAP Air Portugal,landing,arrivee,550,257.2,87.0,,,,
2026-05-27,08:05:10,EJU15DB,OE-LVK,Airbus A319,easyJet Europe,landing,arrivee,500,236.3,98.3,,,,
2026-05-27,08:07:51,VLG46AX,EC-MPV,Airbus A321,Vueling,landing,arrivee,450,264.8,99.1,,,,
2026-05-27,11:24:12,495306,CS-TXF,Airbus A321neo,TAP Air Portugal,landing,arrivee,600,279.7,80.3,,,,
2026-05-27,11:27:17,RZO120,CS-TKP,Airbus A320,TAP Air Portugal,landing,arrivee,550,259.7,78.8,,,,
2026-05-27,11:29:41,44cdcb,OO-SNK,Airbus A320,Brussels Airlines,landing,arrivee,525,271.3,87.4,,,,
2026-05-27,11:37:08,440d10,OE-IBS,Airbus A320,easyJet Europe,landing,arrivee,525,252.4,82.3,,,,
2026-05-27,11:41:13,4ca95e,EI-HAW,Boeing 737 MAX 8,Ryanair,landing,arrivee,450,295.4,98.4,,,,
2026-05-27,11:44:22,UAE3MV,A6-ENX,Boeing 777-300ER,Emirates,landing,arrivee,475,301.3,93.4,,,,
2026-05-27,11:47:03,3c64ad,D-AIEM,Airbus A321neo,Lufthansa,landing,arrivee,575,258.7,89.6,,,,
2026-05-27,11:50:15,TAP429,CS-TTX,Embraer E195,TAP Air Portugal,landing,arrivee,475,273.2,96.0,,,,
2026-05-27,11:53:10,4952d1,CS-TVQ,Airbus A320neo,TAP Air Portugal,landing,arrivee,525,251.5,90.9,,,,
2026-05-27,11:56:22,495216,CS-TPV,Embraer E190,TAP Air Portugal,landing,arrivee,500,251.5,75.2,,,,
2026-05-27,11:58:25,IBE05FV,EC-IZR,Airbus A320,Iberia,landing,arrivee,500,275.6,93.6,,,,
2026-05-27,12:01:45,TAP23SL,CS-TUF,Airbus A330-900neo,TAP Air Portugal,landing,arrivee,475,265.6,96.8,,,,
2026-05-27,12:04:26,e80471,CC-BGV,Boeing 787-9,LATAM Airlines,landing,arrivee,500,279.7,96.9,,,,
2026-05-27,12:06:50,440b1e,OE-IWW,Airbus A320,easyJet Europe,landing,arrivee,525,262.4,89.1,,,,
2026-05-27,12:08:53,440c38,OE-LSJ,Airbus A320neo,Vueling,landing,arrivee,525,250.8,93.0,,,,
2026-05-27,12:10:58,491d87,CS-GLG,Global 6000,NetJets,landing,arrivee,525,225.0,82.3,,,,
2026-05-27,12:13:47,405b64,G-EZDK,Airbus A319,easyJet,landing,arrivee,550,267.2,82.0,,,,
2026-05-27,12:16:49,KLM1579,PH-AXI,Airbus A321neo,KLM,landing,arrivee,525,257.2,93.3,,,,
2026-05-27,12:22:48,4d240c,9H-EUU,Airbus A320,Eurowings,landing,arrivee,475,266.3,97.8,,,,
2026-05-27,12:26:04,TAP143P,CS-TPR,Embraer E190,TAP Air Portugal,landing,arrivee,475,256.5,94.4,,,,
2026-05-27,12:39:33,TAP201,CS-TXM,Airbus A321,TAP Air Portugal,takeoff,depart,1600,336.7,94.1,,,,
2026-05-27,12:43:01,AFR31PQ,F-HPNG,BD-500-1A11,Air France,takeoff,depart,1500,277.6,90.5,,,,
2026-05-27,12:44:22,4952d2,CS-TVR,Airbus A320neo,TAP Air Portugal,takeoff,depart,1450,282.1,93.5,,,,
2026-05-27,12:46:45,4952ad,CS-TUM,Airbus A330-900neo,TAP Air Portugal,takeoff,depart,1375,330.2,91.3,,,,
2026-05-27,12:52:16,BEL3HE,OO-SNK,Airbus A320,Brussels Airlines,takeoff,depart,1350,285.6,94.7,,,,
2026-05-27,12:54:58,SWR1AB,HB-JDD,Airbus A320neo,Swiss,takeoff,depart,1450,297.4,95.7,,,,
2026-05-27,12:57:57,aacc5b,N795UA,Boeing 777-200,United Airlines,takeoff,depart,1300,343.5,92.7,,,,
2026-05-27,13:01:13,RZO123,CS-TKP,Airbus A320,TAP Air Portugal,takeoff,depart,1325,283.4,93.4,,,,
2026-05-27,13:03:14,TAP824,CS-TNU,Airbus A320,TAP Air Portugal,takeoff,depart,2025,367.6,88.4,,,,
2026-05-27,13:05:46,a4b470,N402DX,Airbus A330-900neo,Delta Air Lines,takeoff,depart,1550,302.6,91.8,,,,
2026-05-27,13:09:01,440075,OE-LSV,Airbus A320neo,easyJet Europe,takeoff,depart,1475,310.6,93.5,,,,
2026-05-27,13:11:33,495145,CS-TJE,Airbus A321,TAP Air Portugal,takeoff,depart,1425,283.0,93.9,,,,
2026-05-27,13:14:03,TAP764,CS-TVI,Airbus A320neo,TAP Air Portugal,takeoff,depart,1400,288.5,93.0,,,,
2026-05-27,13:19:05,IBE05PL,EC-IZR,Airbus A320,Iberia,takeoff,depart,1400,278.2,92.5,,,,
2026-05-27,13:24:49,4952cd,CS-TVM,Airbus A320neo,TAP Air Portugal,takeoff,depart,1425,295.8,93.0,,,,
2026-05-27,13:26:30,495277,CS-TSW,Boeing 777-200,Azul,takeoff,depart,1625,336.0,91.6,,,,
2026-05-27,13:28:58,4952a4,CS-TUD,Airbus A330-900neo,TAP Air Portugal,takeoff,depart,1475,337.8,91.7,,,,
2026-05-27,13:31:27,3c64ad,D-AIEM,Airbus A321neo,Lufthansa,takeoff,depart,1650,323.9,93.7,,,,
2026-05-27,13:33:55,TAP14NC,CS-TPV,Embraer E190,TAP Air Portugal,takeoff,depart,1100,286.9,94.7,,,,
2026-05-27,13:36:09,4952d1,CS-TVQ,Airbus A320neo,TAP Air Portugal,takeoff,depart,1450,286.9,93.8,,,,
2026-05-27,13:40:23,ACA811,C-FIVR,Boeing 777-300ER,Air Canada,takeoff,depart,1275,364.3,89.9,,,,
2026-05-27,13:43:35,495149,CS-TJI,Airbus A321neo,TAP Air Portugal,cruise,,1575,0.0,95.5,,,,
2026-05-27,13:46:05,RYR617R,EI-HAW,Boeing 737 MAX 8,Ryanair,takeoff,depart,1850,357.3,87.5,,,,
2026-05-27,13:48:40,EWG58E,9H-EUU,Airbus A320,Eurowings,takeoff,depart,1325,280.9,91.3,,,,
2026-05-27,13:51:47,EJU71UT,OE-LSJ,Airbus A320neo,Vueling,takeoff,depart,1500,312.2,91.9,,,,
2026-05-27,13:54:21,405b64,G-EZDK,Airbus A319,easyJet,takeoff,depart,1350,289.5,97.3,,,,
2026-05-27,13:57:25,4867c4,PH-AXI,Airbus A321neo,KLM,takeoff,depart,1675,333.0,92.3,,,,
2026-05-27,14:00:15,495298,CS-TTX,Embraer E195,TAP Air Portugal,takeoff,depart,1500,296.1,93.8,,,,
2026-05-27,14:03:04,491d87,CS-GLG,Global 6000,NetJets,takeoff,depart,1675,285.0,95.0,,,,
2026-05-27,14:08:16,EJU54WH,OE-IBS,Airbus A320,easyJet Europe,takeoff,depart,1425,311.0,91.8,,,,
2026-05-27,14:11:16,TAP109,CS-TOO,Airbus A330-200,TAP Air Portugal,takeoff,depart,1400,332.2,92.1,,,,
2026-05-27,14:13:59,40812d,G-UZMK,Airbus A321neo,easyJet,takeoff,depart,1300,313.9,92.8,,,,
2026-05-27,14:16:41,495148,CS-TJH,Airbus A321,TAP Air Portugal,takeoff,depart,1125,318.9,94.7,,,,
2026-05-27,14:19:14,TAP69D,CS-TNT,Airbus A320,TAP Air Portugal,takeoff,depart,1350,288.9,97.2,,,,
2026-05-27,14:21:58,TAP1034,CS-TPS,Embraer E190,TAP Air Portugal,takeoff,depart,1400,301.9,95.8,,,,
2026-05-27,14:24:59,LOT7KU,SP-LVK,Boeing 737 MAX 8,LOT Polish Airlines,takeoff,depart,1125,314.7,89.7,,,,
2026-05-27,14:27:14,440117,OE-LUF,Airbus A320neo,easyJet Europe,takeoff,depart,1375,296.9,95.0,,,,
2026-05-27,14:30:09,348508,EC-OOV,Airbus A320,Vueling,takeoff,depart,1325,288.5,95.2,,,,
2026-05-27,14:33:02,4952ca,CS-TVJ,Airbus A320neo,TAP Air Portugal,takeoff,depart,1350,287.2,94.2,,,,
2026-05-27,14:35:59,RYR31TE,9H-QBT,Boeing 737-800,Malta Air,takeoff,depart,1450,316.5,87.8,,,,
2026-05-27,14:38:46,EJU7585,OE-LSF,Airbus A320neo,easyJet Europe,takeoff,depart,1375,308.2,93.3,,,,
2026-05-27,14:41:00,4952cb,CS-TVK,Airbus A320neo,TAP Air Portugal,takeoff,depart,1400,287.4,93.7,,,,
2026-05-27,14:44:12,39d318,F-HUYY,Boeing 737-800,Transavia France,takeoff,depart,1150,313.7,91.8,,,,
2026-05-27,14:49:51,UAE192,A6-ENX,Boeing 777-300ER,Emirates,takeoff,depart,1450,363.5,90.8,,,,
2026-05-27,14:55:57,3c64a3,D-AIEC,Airbus A321neo,Lufthansa,takeoff,depart,1425,304.7,93.4,,,,
2026-05-27,15:00:59,EJU62BF,OE-IZG,Airbus A320,easyJet Europe,takeoff,depart,1375,302.1,93.0,,,,
2026-05-27,15:03:27,RZO125,CS-TSF,Airbus A321neo,TAP Air Portugal,takeoff,depart,1350,298.5,92.0,,,,
2026-05-27,15:06:18,495150,CS-TJP,Airbus A321neo,TAP Air Portugal,takeoff,depart,1550,338.0,93.4,,,,
2026-05-27,15:09:18,4b1808,HB-JCQ,A220 300,Swiss,takeoff,depart,1225,278.2,96.2,,,,
2026-05-27,15:12:19,4952cc,CS-TVL,Airbus A320,TAP Air Portugal,takeoff,depart,1550,284.5,92.3,,,,
2026-05-27,15:15:00,TAM8149,CC-BGV,Boeing 787-9,LATAM Airlines,takeoff,depart,925,356.3,90.3,,,,
2026-05-27,15:17:56,495211,CS-TPQ,Embraer E190,TAP Air Portugal,takeoff,depart,1175,278.0,92.5,,,,
2026-05-27,15:20:15,495215,CS-TPU,Embraer E190,TAP Air Portugal,takeoff,depart,1750,298.0,93.7,,,,
2026-05-27,15:23:05,495293,CS-TTS,Airbus A319,TAP Air Portugal,takeoff,depart,1150,300.2,94.7,,,,
2026-05-27,15:28:16,4952c1,CS-TVA,Airbus A320neo,TAP Air Portugal,takeoff,depart,1475,280.9,91.3,,,,
2026-05-27,15:30:53,406b62,G-EUYX,Airbus A320,British Airways,takeoff,depart,1575,282.1,92.6,,,,
2026-05-27,15:33:36,4cafc2,EI-GXG,Boeing 737-800,Ryanair,takeoff,depart,1375,323.0,92.1,,,,
2026-05-27,15:38:31,TAP436,CS-TNN,Airbus A320,TAP Air Portugal,takeoff,depart,1400,296.1,94.5,,,,
2026-05-27,15:41:27,4caa5a,EI-EVV,Boeing 737-800,Ryanair,takeoff,depart,1225,307.4,92.4,,,,
2026-05-27,15:45:34,TAP1124,CS-TPX,Embraer E190,TAP Air Portugal,takeoff,depart,1725,310.6,75.7,,,,
2026-05-27,15:47:02,TCV607,D4-CCI,Boeing 737-700,Cabo Verde Airlines,takeoff,depart,1050,301.3,92.4,,,,
2026-05-27,15:53:04,49514f,CS-TJO,Airbus A321neo,TAP Air Portugal,takeoff,depart,1550,332.6,91.2,,,,
2026-05-27,15:55:55,4d02df,,,,takeoff,depart,1825,243.7,96.7,,,,
2026-05-27,15:58:52,EZY35AB,G-EZGR,Airbus A319,easyJet,takeoff,depart,1225,290.0,97.1,,,,
2026-05-27,16:01:45,RZO153,CS-TKQ,Airbus A320,TAP Air Portugal,takeoff,depart,1425,287.2,94.1,,,,
2026-05-27,16:03:48,KLM80Z,PH-AXK,Airbus A321neo,KLM,takeoff,depart,1300,313.4,92.7,,,,
2026-05-27,16:08:56,4d2262,9H-QAY,Boeing 737-800,Malta Air,takeoff,depart,1200,311.9,95.5,,,,
2026-05-27,16:11:41,392ae6,F-GKXG,Airbus A320,Air France,takeoff,depart,1375,294.1,95.6,,,,
2026-05-27,16:14:18,AEA67QW,EC-MVY,Boeing 737-800,Air Europa,takeoff,depart,1175,311.0,92.1,,,,
2026-05-27,16:17:13,4400f3,OE-IDO,Airbus A320,easyJet Europe,takeoff,depart,1300,288.0,93.2,,,,
2026-05-27,16:26:01,440daf,OE-IDU,Airbus A320,easyJet Europe,takeoff,depart,1275,294.1,96.3,,,,
2026-05-27,16:28:38,4952c8,CS-TVH,Airbus A320neo,TAP Air Portugal,takeoff,depart,1375,284.1,92.5,,,,
2026-05-27,16:31:30,4b194b,HB-JPB,Airbus A321neo,Swiss,takeoff,depart,1425,325.0,94.7,,,,
2026-05-27,16:33:31,TAP3960,CS-TPR,Embraer E190,TAP Air Portugal,takeoff,depart,2125,351.9,86.1,,,,
2026-05-27,16:35:46,440115,OE-LUE,Airbus A320neo,easyJet Europe,takeoff,depart,1475,307.8,93.9,,,,
2026-05-27,16:38:22,495306,CS-TXF,Airbus A321neo,TAP Air Portugal,takeoff,depart,1475,299.3,93.8,,,,
2026-05-27,16:40:23,TAP44BR,CS-TVO,Airbus A320neo,TAP Air Portugal,takeoff,depart,1875,338.5,91.1,,,,
2026-05-27,16:43:38,4076cd,G-TTNJ,Airbus A320neo,British Airways,takeoff,depart,1675,275.8,92.6,,,,
2026-05-27,16:45:39,TAP1036,CS-TPO,Embraer E190,TAP Air Portugal,climb,depart,1900,351.0,74.6,,,,
2026-05-27,16:47:52,RYR1887,EI-HGS,Boeing 737 MAX 8,Ryanair,takeoff,depart,1275,305.0,93.5,,,,
2026-05-27,16:52:03,4bb28b,TC-LTK,Airbus A321neo,Turkish Airlines,takeoff,depart,1375,299.8,94.0,,,,
2026-05-27,16:54:05,FIN7FG,OH-LXD,Airbus A320,Finnair,takeoff,depart,1925,335.0,86.4,,,,
2026-05-27,16:57:40,495297,CS-TTW,Embraer E195,TAP Air Portugal,takeoff,depart,1325,258.7,92.2,,,,
2026-05-27,17:00:18,PAV682,D-IEGO,Citation CJ2+,ProAir Aviation GmbH,takeoff,depart,1400,262.8,91.3,,,,
2026-05-27,17:04:45,4a91f9,SE-DOY,Airbus A320neo,SAS Scandinavian,takeoff,depart,1550,287.2,93.1,,,,
2026-05-27,17:08:12,TAP438T,CS-TNQ,Airbus A320,TAP Air Portugal,takeoff,depart,1425,287.4,93.7,,,,
2026-05-27,17:11:14,DLH42Y,D-AINA,Airbus A320neo,Lufthansa,takeoff,depart,1400,288.2,96.8,,,,
2026-05-27,17:14:09,TAP1018,CS-TPZ,Embraer E190,TAP Air Portugal,takeoff,depart,1025,280.6,93.6,,,,
2026-05-27,17:15:59,49529a,CS-TTZ,Embraer E195,TAP Air Portugal,takeoff,depart,1225,285.6,91.5,,,,
2026-05-27,17:17:56,EZY75QC,G-EZWR,Airbus A320,easyJet,takeoff,depart,1450,288.7,89.8,,,,
2026-05-27,17:21:21,3452c7,EC-MLN,Bombardier CRJ-1000,,takeoff,depart,900,301.3,99.2,,,,
2026-05-27,17:26:01,RYR2GC,SP-RZC,Boeing 737 MAX 8,Ryanair,takeoff,depart,1475,322.6,92.1,,,,
2026-05-27,17:32:48,4ca8e7,EI-ENV,Boeing 737-800,Ryanair,takeoff,depart,1325,311.9,92.6,,,,
2026-05-27,17:35:38,3c55c1,D-AENA,Airbus A320neo,Eurowings,takeoff,depart,1525,281.3,94.8,,,,
2026-05-27,17:38:54,4952ac,CS-TUL,Airbus A330-900neo,TAP Air Portugal,takeoff,depart,1450,324.1,90.5,,,,
2026-05-27,17:41:37,49530a,CS-TXJ,Airbus A321neo,TAP Air Portugal,takeoff,depart,1550,341.1,91.3,,,,
2026-05-27,17:43:08,440d6e,OE-LSQ,Airbus A320,easyJet Europe,takeoff,depart,1700,320.2,90.8,,,,
2026-05-27,17:45:56,TAP1863,CS-TJN,Airbus A321neo,TAP Air Portugal,takeoff,depart,1250,318.2,94.8,,,,
2026-05-27,17:49:48,TAP209K,CS-TUE,Airbus A330-900neo,TAP Air Portugal,takeoff,depart,1500,326.1,91.5,,,,
2026-05-27,17:58:44,4ca4f4,EI-DPP,Boeing 737-800,Ryanair,takeoff,depart,1300,309.1,93.1,,,,
2026-05-27,18:00:45,TAP261,CS-TXI,Airbus A321neo,TAP Air Portugal,takeoff,depart,1900,356.0,87.3,,,,
2026-05-27,18:07:11,495302,CS-TXB,Airbus A321neo,TAP Air Portugal,takeoff,depart,1525,317.8,93.6,,,,
2026-05-27,18:10:14,4caa58,EI-EVS,Boeing 737-800,Ryanair,takeoff,depart,1500,304.8,93.9,,,,
2026-05-27,18:14:59,440b1e,OE-IWW,Airbus A320,easyJet Europe,takeoff,depart,1475,299.3,92.6,,,,
2026-05-27,18:17:00,EWG36AZ,D-AEEA,Airbus A321neo,Eurowings,takeoff,depart,2150,346.3,82.2,,,,
2026-05-27,18:19:02,TAP035,EC-OLG,Airbus A330-300,TAP Air Portugal,takeoff,depart,2075,306.1,89.7,,,,
2026-05-27,18:22:17,344545,EC-MAF,ATR 72 500F,Swiftair,takeoff,depart,1100,265.9,90.3,,,,
2026-05-27,18:24:39,348311,EC-OMT,GL5T,,takeoff,depart,2750,333.0,93.5,,,,
2026-05-27,18:27:12,TAP1932,CS-TVB,Airbus A320neo,TAP Air Portugal,takeoff,depart,1800,306.7,89.4,,,,
2026-05-27,18:30:22,49514d,CS-TJM,Airbus A321neo,TAP Air Portugal,takeoff,depart,1450,305.0,91.2,,,,
2026-05-27,18:33:08,4ca625,EI-DWY,Boeing 737-800,Ryanair,takeoff,depart,1550,304.8,94.2,,,,
2026-05-27,18:36:10,495301,CS-TXA,Airbus A321neo,TAP Air Portugal,takeoff,depart,1475,338.0,93.8,,,,
2026-05-27,18:38:25,49530b,CS-TXK,Airbus A321,TAP Air Portugal,takeoff,depart,1500,335.6,92.5,,,,
2026-05-27,18:42:47,WMT6420,HA-LXH,Airbus A321,Wizz Air,takeoff,depart,1325,317.4,93.5,,,,
2026-05-27,18:46:52,4952d0,CS-TVP,Airbus A320neo,TAP Air Portugal,takeoff,depart,1450,281.7,93.4,,,,
2026-05-27,18:49:55,TAP57LK,CS-TNR,Airbus A320,TAP Air Portugal,takeoff,depart,1300,292.2,91.9,,,,
2026-05-27,18:53:11,TAP67NP,CS-TVD,Airbus A320neo,TAP Air Portugal,takeoff,depart,1900,339.1,75.5,,,,
2026-05-27,18:55:24,4952a7,CS-TUG,Airbus A330-900neo,TAP Air Portugal,takeoff,depart,1400,320.0,91.8,,,,
2026-05-27,18:58:23,49514c,CS-TJL,Airbus A321neo,TAP Air Portugal,takeoff,depart,1475,305.8,93.9,,,,
2026-05-27,19:00:35,479ee7,LN-NHE,Boeing 737-800,Norwegian,takeoff,depart,1525,322.1,91.2,,,,
2026-05-27,19:03:27,RAM983,CN-RNZ,Boeing 737-800,Royal Air Maroc,takeoff,depart,1175,317.4,90.6,,,,
2026-05-27,19:06:43,39e698,F-HZUY,BD-500-1A11,Air France,takeoff,depart,1800,274.5,94.5,,,,
2026-05-27,19:09:22,4951ca,CS-TNJ,Airbus A320,TAP Air Portugal,takeoff,depart,1300,294.5,98.7,,,,
2026-05-27,19:12:13,4076e4,G-NEOV,Airbus A321neo,British Airways,takeoff,depart,1450,295.4,92.7,,,,
2026-05-27,19:14:15,EJU41EH,OE-LSV,Airbus A320neo,easyJet Europe,takeoff,depart,1950,348.7,89.2,,,,
2026-05-27,19:16:26,TAP38KJ,EC-OCT,Airbus A321,TAP Air Portugal,takeoff,depart,1600,295.4,93.6,,,,
2026-05-27,19:19:13,495216,CS-TPV,Embraer E190,TAP Air Portugal,takeoff,depart,1700,277.2,95.6,,,,
2026-05-27,19:23:59,TVF23AE,F-GZHP,Boeing 737-800,Transavia France,takeoff,depart,1400,304.5,91.0,,,,
2026-05-27,19:31:32,TAP083,CS-TUS,Airbus A330-900neo,TAP Air Portugal,takeoff,depart,1525,332.2,90.3,,,,
2026-05-27,19:34:35,343194,EC-KRH,Airbus A320,Vueling,takeoff,depart,1700,320.2,95.0,,,,
2026-05-27,19:37:50,4952a8,CS-TUH,Airbus A330-900neo,TAP Air Portugal,takeoff,depart,1575,306.1,90.7,,,,
2026-05-27,19:43:01,4952ce,CS-TVN,Airbus A320neo,TAP Air Portugal,takeoff,depart,1550,285.2,93.1,,,,
2026-05-27,19:45:56,EJU68VM,OE-IBS,Airbus A320,easyJet Europe,takeoff,depart,1500,293.7,92.8,,,,
2026-05-27,19:49:28,344481,EC-LXQ,Airbus A320,Iberia,takeoff,depart,1525,273.9,91.7,,,,
2026-05-27,19:53:11,4952c3,CS-TVC,Airbus A320neo,TAP Air Portugal,takeoff,depart,1425,276.9,94.9,,,,
2026-05-27,20:02:50,BCS1LG,D-AEAF,A300 B4-622RF,Lufthansa,takeoff,depart,2375,319.5,92.1,,,,
2026-05-27,20:05:43,KLM98E,PH-AXA,Airbus A321neo,KLM,takeoff,depart,1350,288.0,91.9,,,,
2026-05-27,20:08:05,RYR5DQ,9H-LAX,Airbus A320,Lauda Europe,takeoff,depart,1350,317.8,93.5,,,,
2026-05-27,20:10:39,440118,OE-IBO,737 490SF,Iberia,takeoff,depart,1450,293.7,91.8,,,,
2026-05-27,20:13:38,34604d,EC-MUZ,Boeing 737-800,Air Europa,takeoff,depart,1275,291.7,92.4,,,,
2026-05-27,20:16:06,4952c7,CS-TVG,Airbus A320neo,TAP Air Portugal,takeoff,depart,1525,288.9,96.4,,,,
2026-05-27,20:18:41,4d21ef,9H-QAG,Boeing 737-800,Malta Air,takeoff,depart,1250,309.1,92.2,,,,
2026-05-27,20:21:50,44cc41,OO-SBA,Airbus A320,Brussels Airlines,takeoff,depart,1625,270.4,92.4,,,,
2026-05-27,20:25:01,TAP1366,CS-TVF,Airbus A320neo,TAP Air Portugal,takeoff,depart,1600,290.4,93.0,,,,
2026-05-27,20:32:03,4952d1,CS-TVQ,Airbus A320neo,TAP Air Portugal,takeoff,depart,1875,307.4,92.4,,,,
2026-05-27,20:36:35,440057,OE-IVE,Airbus A320,easyJet Europe,takeoff,depart,1350,296.1,98.2,,,,
2026-05-27,20:41:40,EJU85UT,OE-LQI,Airbus A319,easyJet Europe,takeoff,depart,1200,298.2,94.1,,,,
2026-05-27,20:46:01,495170,CS-TKP,Airbus A320,TAP Air Portugal,takeoff,depart,1425,282.6,92.0,,,,
2026-05-27,20:48:56,4cade5,EI-IGZ,Boeing 737 MAX 8,Ryanair,takeoff,depart,1725,305.2,93.7,,,,
2026-05-27,20:51:20,TAP838Z,CS-TVM,Airbus A320neo,TAP Air Portugal,takeoff,depart,1500,298.2,93.5,,,,
2026-05-27,20:54:18,TAP11AG,CS-TPU,Embraer E190,TAP Air Portugal,takeoff,depart,1850,276.3,93.1,,,,
2026-05-27,20:56:19,TAP58Y,CS-TJS,Airbus A321neo,TAP Air Portugal,takeoff,depart,2050,353.4,88.4,,,,
2026-05-27,20:58:19,IBE05RW,EC-OCS,Airbus A320neo,Iberia,takeoff,depart,2600,345.4,78.5,,,,
2026-05-27,21:09:08,4951d5,CS-TNU,Airbus A320,TAP Air Portugal,takeoff,depart,1400,309.7,92.2,,,,
2026-05-27,21:13:02,VLG2CU,EC-OFY,Airbus A320,Vueling,takeoff,depart,1700,301.3,94.0,,,,
2026-05-27,21:17:10,4d2226,9H-QCJ,Boeing 737-800,Malta Air,takeoff,depart,1250,322.8,93.6,,,,
2026-05-27,21:25:08,TAP828,CS-TJK,Airbus A321neo,TAP Air Portugal,takeoff,depart,1375,321.5,92.5,,,,
2026-05-27,21:28:03,TAP1549,CS-TJE,Airbus A321,TAP Air Portugal,takeoff,depart,1675,317.4,92.2,,,,
2026-05-27,21:30:48,495298,CS-TTX,Embraer E195,TAP Air Portugal,takeoff,depart,1675,307.6,94.0,,,,
2026-05-27,21:41:11,3430cd,EC-KMI,Airbus A320,Volotea,landing,arrivee,525,245.6,93.0,,,,
2026-05-27,21:47:04,495171,CS-TKQ,Airbus A320,TAP Air Portugal,landing,arrivee,575,261.5,91.2,,,,
2026-05-27,21:49:24,RYR2JL,EI-HAW,Boeing 737 MAX 8,Ryanair,landing,arrivee,550,283.0,89.5,,,,
2026-05-27,21:52:11,SEH922,SX-GNA,Airbus A320neo,Sky Express Greece,landing,arrivee,500,239.1,99.4,,,,
2026-05-27,21:54:41,TAP67U,CS-TJP,Airbus A321neo,TAP Air Portugal,landing,arrivee,575,272.4,84.2,,,,
2026-05-27,21:57:20,452124,LZ-ROM,A220-300,Bulgaria Air,cruise,,550,0.0,88.8,,,,
2026-05-27,21:59:48,440d6e,OE-LSQ,Airbus A320,easyJet Europe,landing,arrivee,525,271.3,98.6,,,,
2026-05-27,22:02:28,440daf,OE-IDU,Airbus A320,easyJet Europe,landing,arrivee,550,258.9,86.4,,,,
2026-05-27,22:04:55,TAP5AS,CS-TVL,Airbus A320,TAP Air Portugal,landing,arrivee,575,262.4,85.4,,,,
2026-05-27,22:06:47,c0226c,C-FNAX,Boeing 737 MAX 8,WestJet,landing,arrivee,475,275.6,95.7,,,,
2026-05-27,22:08:55,TVF34QV,F-HTVA,Boeing 737-800,Transavia France,landing,arrivee,525,273.2,95.9,,,,
2026-05-27,22:10:34,AFR64PQ,F-HBNB,Airbus A320,Air France,landing,arrivee,550,256.5,88.1,,,,
2026-05-27,22:13:52,TAP76EN,CS-TVI,Airbus A320neo,TAP Air Portugal,landing,arrivee,575,228.4,86.3,,,,
2026-05-27,22:16:22,46b82b,SX-NAK,Airbus A321,Aegean Airlines,cruise,,600,0.0,83.7,,,,
2026-05-27,22:18:57,EJU69GW,OE-LUE,Airbus A320neo,easyJet Europe,landing,arrivee,500,245.6,99.4,,,,
2026-05-27,22:20:33,49514f,CS-TJO,Airbus A321neo,TAP Air Portugal,landing,arrivee,600,245.9,84.5,,,,
2026-05-27,22:22:12,DLH64P,D-AIEC,Airbus A321neo,Lufthansa,landing,arrivee,525,280.6,98.6,,,,
2026-05-27,22:24:44,4cad3b,EI-HGS,Boeing 737 MAX 8,Ryanair,landing,arrivee,525,280.6,94.5,,,,
2026-05-27,22:27:38,4952c8,CS-TVH,Airbus A320neo,TAP Air Portugal,landing,arrivee,550,239.1,88.7,,,,
2026-05-27,22:30:31,DLH34J,D-AING,Airbus A320neo,Lufthansa,landing,arrivee,525,253.2,91.3,,,,
2026-05-27,22:32:57,4400f3,OE-IDO,Airbus A320,easyJet Europe,landing,arrivee,550,262.4,88.2,,,,
2026-05-27,22:36:01,TAP21MM,CS-TPV,Embraer E190,TAP Air Portugal,landing,arrivee,500,240.8,96.0,,,,
2026-05-27,22:39:40,EJU74EP,OE-LSV,Airbus A320neo,easyJet Europe,landing,arrivee,475,270.8,96.8,,,,
2026-05-27,22:42:16,440b1e,OE-IWW,Airbus A320,easyJet Europe,landing,arrivee,475,261.5,96.7,,,,
2026-05-27,22:44:32,TAP64M,CS-TJN,Airbus A321neo,TAP Air Portugal,landing,arrivee,600,271.3,85.9,,,,
2026-05-27,22:47:09,BAW508,G-TNEF,Airbus A321neo,British Airways,landing,arrivee,550,257.2,87.4,,,,
2026-05-27,22:49:53,TAP43RY,CS-TNQ,Airbus A320,TAP Air Portugal,landing,arrivee,475,242.4,98.6,,,,
2026-05-27,22:52:33,486836,PH-AXK,Airbus A321neo,KLM,landing,arrivee,575,251.5,83.3,,,,
2026-05-27,22:54:50,EJU7690,OE-IBS,Airbus A320,easyJet Europe,landing,arrivee,525,261.7,89.1,,,,
2026-05-27,22:57:24,4cae49,EI-IHW,Boeing 737 MAX 8,Ryanair,landing,arrivee,525,271.3,86.0,,,,
2026-05-27,23:00:07,THY2ES,TC-LPM,Airbus A321neo,Turkish Airlines,landing,arrivee,550,253.9,86.6,,,,
2026-05-27,23:04:28,4b194a,HB-JPA,Airbus A321neo,Swiss,landing,arrivee,575,273.2,83.3,,,,
2026-05-27,23:08:30,IBE0539,EC-HUI,Airbus A321,Iberia,landing,arrivee,500,268.0,94.1,,,,
2026-05-27,23:17:11,TAP35MT,CS-TNM,Airbus A320,TAP Air Portugal,landing,arrivee,550,256.3,85.9,,,,
2026-05-27,23:19:06,3475c9,EC-OCT,Airbus A321,TAP Air Portugal,landing,arrivee,550,257.2,84.8,,,,
2026-05-27,23:22:03,DLH23C,D-AIDL,Airbus A321,Lufthansa,landing,arrivee,525,274.8,87.0,,,,
2026-05-27,23:24:28,440072,OE-LSF,Airbus A320neo,easyJet Europe,cruise,,575,0.0,85.0,,,,
2026-05-27,23:27:09,39d315,F-HUYV,Boeing 737-800,Transavia France,landing,arrivee,500,274.8,97.2,,,,
2026-05-27,23:47:33,TAP645,CS-TVO,Airbus A320neo,TAP Air Portugal,landing,arrivee,475,237.4,99.2,,,,
2026-05-28,00:51:31,TAP94KM,CS-TNU,Airbus A320,TAP Air Portugal,landing,arrivee,500,249.1,98.4,,,,
2026-05-28,02:05:00,RZO128,CS-TKP,Airbus A320,TAP Air Portugal,landing,arrivee,550,253.2,96.1,,,,
2026-05-28,03:18:06,344545,EC-MAF,ATR 72 500F,Swiftair,landing,arrivee,575,192.4,80.5,,,,
2026-05-28,04:32:58,4952aa,CS-TUJ,Airbus A330-900neo,TAP Air Portugal,landing,arrivee,600,268.0,90.3,,,,
2026-05-28,04:56:21,TAP202A,CS-TXM,Airbus A321,TAP Air Portugal,landing,arrivee,550,254.8,94.0,,,,
2026-05-28,04:58:20,TAP082,CS-TUK,Airbus A330-900neo,TAP Air Portugal,landing,arrivee,525,270.8,98.5,,,,
2026-05-28,05:11:23,TAP224,CS-TUR,Airbus A330-900neo,TAP Air Portugal,landing,arrivee,500,271.3,99.0,,,,
2026-05-28,05:14:15,495305,CS-TXE,Airbus A321neo,TAP Air Portugal,landing,arrivee,550,258.9,92.1,,,,
2026-05-28,05:26:48,4d211c,9H-IRI,C56X,,approach,arrivee,550,71.5,67.8,,,,
2026-05-28,05:29:59,49520f,CS-TPO,Embraer E190,TAP Air Portugal,landing,arrivee,525,252.4,93.4,,,,
2026-05-28,05:45:20,49530c,CS-TXL,Airbus A321neo,TAP Air Portugal,landing,arrivee,575,244.8,95.8,,,,
2026-05-28,05:48:19,495308,CS-TXH,Airbus A321neo,TAP Air Portugal,landing,arrivee,550,272.1,86.9,,,,
2026-05-28,05:50:41,4952c2,CS-TVB,Airbus A320neo,TAP Air Portugal,landing,arrivee,525,230.8,95.1,,,,
2026-05-28,05:56:56,495145,CS-TJE,Airbus A321,TAP Air Portugal,landing,arrivee,525,258.9,91.9,,,,
2026-05-28,06:13:17,TAP1139,CS-TPU,Embraer E190,TAP Air Portugal,landing,arrivee,500,242.4,99.3,,,,
2026-05-28,06:16:52,495211,CS-TPQ,Embraer E190,TAP Air Portugal,landing,arrivee,550,227.4,93.6,,,,
2026-05-28,06:24:54,495213,CS-TPS,Embraer E190,TAP Air Portugal,landing,arrivee,500,220.8,94.2,,,,
2026-05-28,06:27:53,N656FG,N656FG,Falcon 8X,Unknown US,landing,arrivee,550,239.8,81.0,,,,
2026-05-28,06:31:39,4952a1,CS-TUA,Airbus A330-900neo,TAP Air Portugal,landing,arrivee,500,256.5,98.2,,,,
2026-05-28,06:34:14,TSC680,C-GOKG,Airbus A321neo,Air Transat,landing,arrivee,500,254.1,98.1,,,,
2026-05-28,06:36:45,TAY1MN,OE-IAM,737 490SF,Iberia,landing,arrivee,550,267.2,92.6,,,,
2026-05-28,06:39:24,AEA1159,EC-MPG,Boeing 737-800,Air Europa,landing,arrivee,525,265.4,94.9,,,,
2026-05-28,06:44:18,TAP41SN,CS-TJH,Airbus A321,TAP Air Portugal,landing,arrivee,525,244.3,89.1,,,,
2026-05-28,06:47:11,4952cb,CS-TVK,Airbus A320neo,TAP Air Portugal,landing,arrivee,550,240.8,80.2,,,,
2026-05-28,06:49:55,4952ca,CS-TVJ,Airbus A320neo,TAP Air Portugal,landing,arrivee,550,245.6,77.0,,,,
2026-05-28,06:52:43,TAM8146,PT-MUG,Boeing 777-300ER,LATAM Airlines,landing,arrivee,475,273.9,97.0,,,,
2026-05-28,06:55:40,DTA650,D2-TEK,Boeing 777-300ER,TAAG Angola Airlines,landing,arrivee,500,276.5,94.8,,,,
2026-05-28,07:00:06,4952af,CS-TUO,Airbus A330-900neo,TAP Air Portugal,landing,arrivee,550,256.5,88.3,,,,
2026-05-28,07:03:07,495306,CS-TXF,Airbus A321neo,TAP Air Portugal,landing,arrivee,525,237.4,90.2,,,,
2026-05-28,07:09:45,TAP441,CS-TVC,Airbus A320neo,TAP Air Portugal,landing,arrivee,575,244.8,86.0,,,,
2026-05-28,07:16:06,SRR6646,OY-SRM,767 25EBDSF,Star Air,landing,arrivee,550,250.8,98.1,,,,
2026-05-28,07:20:56,TAP98CX,CS-TVA,Airbus A320neo,TAP Air Portugal,landing,arrivee,550,243.2,92.4,,,,
2026-05-28,07:23:39,IBE05TR,EC-NAY,Airbus A320neo,Iberia,landing,arrivee,500,267.2,88.8,,,,
2026-05-28,07:26:21,3c542e,D-AEAN,A300 B4-622RF,Lufthansa,landing,arrivee,550,242.4,98.1,,,,
2026-05-28,07:30:30,TAP244,CS-TUD,Airbus A330-900neo,TAP Air Portugal,landing,arrivee,525,264.8,98.1,,,,
2026-05-28,07:33:20,TAP9RH,CS-TNJ,Airbus A320,TAP Air Portugal,landing,arrivee,525,243.2,99.2,,,,
2026-05-28,07:36:01,UAL64,N12004,Boeing 787-10,United Airlines,landing,arrivee,475,298.9,98.1,,,,
2026-05-28,07:39:08,4952c7,CS-TVG,Airbus A320neo,TAP Air Portugal,landing,arrivee,550,247.2,94.7,,,,
2026-05-28,07:41:21,TAP647,CS-TVQ,Airbus A320neo,TAP Air Portugal,landing,arrivee,550,261.5,90.8,,,,
2026-05-28,07:43:15,TAP1023,CS-TNT,Airbus A320,TAP Air Portugal,landing,arrivee,525,252.1,78.3,,,,
2026-05-28,07:46:56,4b1a27,HB-JXN,Airbus A320,Austrian Airlines,landing,arrivee,525,262.2,77.2,,,,
2026-05-28,07:50:07,4952cd,CS-TVM,Airbus A320neo,TAP Air Portugal,landing,arrivee,475,260.8,85.0,,,,
2026-05-28,07:52:35,49514b,CS-TJK,Airbus A321neo,TAP Air Portugal,landing,arrivee,600,250.8,82.7,,,,
2026-05-28,07:55:03,RYR24SE,EI-DWH,Boeing 737-800,Ryanair,landing,arrivee,550,278.9,84.5,,,,
2026-05-28,08:01:42,VLG7PA,EC-OJG,Airbus A320,Vueling,landing,arrivee,575,249.1,84.7,,,,
2026-05-28,08:05:16,TAP575,CS-TNR,Airbus A320,TAP Air Portugal,landing,arrivee,525,252.4,97.2,,,,
2026-05-28,08:08:48,DAL272,N423DX,Airbus A330-900neo,Delta Air Lines,landing,arrivee,475,270.8,96.3,,,,
2026-05-28,08:11:28,495298,CS-TTX,Embraer E195,TAP Air Portugal,landing,arrivee,475,268.9,96.2,,,,
2026-05-28,08:15:04,TAP557H,CS-TVN,Airbus A320neo,TAP Air Portugal,landing,arrivee,525,249.8,88.5,,,,
2026-05-28,08:18:34,34734f,EC-NYC,Airbus A321,Vueling,landing,arrivee,525,246.7,97.8,,,,
2026-05-28,08:28:16,TAP53EI,CS-TJM,Airbus A321neo,TAP Air Portugal,landing,arrivee,575,251.5,87.4,,,,
2026-05-28,08:35:00,TAP63GL,CS-TVF,Airbus A320neo,TAP Air Portugal,landing,arrivee,500,242.4,85.4,,,,
2026-05-28,08:37:00,4952d0,CS-TVP,Airbus A320neo,TAP Air Portugal,landing,arrivee,525,241.5,77.2,,,,
2026-05-28,08:39:05,4950e4,CS-TGD,Airbus A330-200,Azul,landing,arrivee,500,264.8,95.2,,,,
2026-05-28,08:41:25,AFR35VY,F-GKXT,Airbus A320,Air France,landing,arrivee,575,254.8,70.6,,,,
2026-05-28,08:43:54,TVF55WH,F-HUYI,Boeing 737-800,Transavia France,landing,arrivee,525,281.3,92.1,,,,
2026-05-28,08:48:12,49514c,CS-TJL,Airbus A321neo,TAP Air Portugal,landing,arrivee,575,267.2,76.0,,,,
2026-05-28,08:50:36,RYR4XW,EI-GXG,Boeing 737-800,Ryanair,landing,arrivee,450,278.2,94.2,,,,
2026-05-28,08:53:18,VJH387,D-CANG,Citation XLS+,Air Hamburg GmbH,landing,arrivee,550,246.7,69.6,,,,
2026-05-28,08:56:10,ACA812,C-GOFW,Airbus A330-300,Air Canada,landing,arrivee,425,255.2,98.8,,,,
2026-05-28,08:58:32,RYR98HW,EI-IKN,Boeing 737 MAX 8,Ryanair,landing,arrivee,475,267.2,96.0,,,,
2026-05-28,09:02:24,EWG37V,OK-TVT,Boeing 737-800,Eurowings,landing,arrivee,475,282.1,93.6,,,,
2026-05-28,09:05:35,4402ac,OE-IJY,Airbus A320,easyJet Europe,landing,arrivee,550,247.2,87.2,,,,
2026-05-28,09:07:51,407567,G-UZHM,Airbus A320neo,easyJet,landing,arrivee,600,246.3,82.8,,,,
2026-05-28,09:10:23,4952c4,CS-TVD,Airbus A320neo,TAP Air Portugal,landing,arrivee,500,267.2,99.1,,,,
2026-05-28,09:12:59,EZY79RV,G-UZHE,Airbus A320neo,easyJet,landing,arrivee,550,241.7,86.3,,,,
2026-05-28,09:15:40,TSC480,C-GUBC,Airbus A330-200,Air Transat,landing,arrivee,425,253.2,97.6,,,,
2026-05-28,09:22:31,TAP072,CS-TUN,Airbus A330-900neo,TAP Air Portugal,cruise,,525,0.0,94.6,,,,
2026-05-28,09:26:36,495149,CS-TJI,Airbus A321neo,TAP Air Portugal,landing,arrivee,525,271.3,94.1,,,,
2026-05-28,09:29:12,4bb26c,TC-LSL,Airbus A321neo,Turkish Airlines,landing,arrivee,600,249.8,87.7,,,,
2026-05-28,09:32:18,TRA97Q,PH-YHX,Airbus A321neo,Transavia,landing,arrivee,475,253.2,99.5,,,,
2026-05-28,09:35:19,TAP052,CS-TXD,Airbus A321neo,TAP Air Portugal,landing,arrivee,500,254.8,97.8,,,,
2026-05-28,09:37:52,46b824,SX-NAD,Airbus A321neo,Aegean Airlines,landing,arrivee,625,254.8,77.0,,,,
2026-05-28,09:43:58,40093f,G-EUOG,Airbus A319,British Airways,landing,arrivee,500,240.0,89.7,,,,
2026-05-28,09:53:30,348310,EC-OLG,Airbus A330-300,TAP Air Portugal,landing,arrivee,525,264.8,92.3,,,,
2026-05-28,09:56:18,NJE321A,CS-LTS,Citation Latitude,NetJets,approach,arrivee,525,190.2,85.6,,,,
2026-05-28,09:58:16,4acb02,SE-RXB,Boeing 737-800,Norwegian Air Sweden,landing,arrivee,500,284.8,91.6,,,,
2026-05-28,10:01:00,TAP012,CS-TUL,Airbus A330-900neo,TAP Air Portugal,cruise,,550,0.0,94.2,,,,
2026-05-28,10:03:44,TAP1921,CS-TNM,Airbus A320,TAP Air Portugal,landing,arrivee,475,259.7,96.4,,,,
2026-05-28,10:06:18,AAL258,N834AA,Boeing 787-9,American Airlines,landing,arrivee,475,278.9,85.2,,,,
2026-05-28,10:09:06,TAP210,CS-TUE,Airbus A330-900neo,TAP Air Portugal,landing,arrivee,500,264.8,98.0,,,,
2026-05-28,10:11:52,49530b,CS-TXK,Airbus A321,TAP Air Portugal,landing,arrivee,525,267.2,83.8,,,,
2026-05-28,10:14:40,UAL942,N57016,Boeing 777-200,United Airlines,landing,arrivee,450,273.4,93.1,,,,
2026-05-28,10:17:01,TAP216L,CS-TXA,Airbus A321neo,TAP Air Portugal,landing,arrivee,550,272.4,85.9,,,,
2026-05-28,10:20:03,c01723,C-FITU,Boeing 777-300ER,Air Canada,landing,arrivee,525,274.8,94.5,,,,
2026-05-28,10:22:55,TAP234Y,CS-TXJ,Airbus A321neo,TAP Air Portugal,landing,arrivee,500,267.2,97.7,,,,
2026-05-28,10:25:33,TAP088,CS-TUM,Airbus A330-900neo,TAP Air Portugal,landing,arrivee,500,260.8,95.0,,,,
2026-05-28,10:27:55,495302,CS-TXB,Airbus A321neo,TAP Air Portugal,landing,arrivee,575,278.2,78.5,,,,
2026-05-28,10:30:42,AZU8752,PR-ANX,Airbus A330-900neo,Azul,landing,arrivee,550,272.8,88.7,,,,
2026-05-28,10:33:21,TAP11SV,CS-TAW,Embraer E195,TAP Air Portugal,landing,arrivee,500,263.4,77.5,,,,
2026-05-28,10:36:09,440b1e,OE-IWW,Airbus A320,easyJet Europe,landing,arrivee,575,260.0,85.5,,,,
2026-05-28,10:38:50,AEA1153,EC-MUZ,Boeing 737-800,Air Europa,landing,arrivee,500,273.9,88.9,,,,
2026-05-28,10:41:19,RYR3WD,EI-HAW,Boeing 737 MAX 8,Ryanair,landing,arrivee,475,284.1,93.4,,,,
2026-05-28,10:44:03,4ca5c8,EI-DVE,Airbus A320,Aer Lingus,landing,arrivee,550,257.2,91.6,,,,
2026-05-28,10:46:45,TAP13LH,CS-TJS,Airbus A321neo,TAP Air Portugal,landing,arrivee,500,275.6,91.3,,,,
2026-05-28,10:49:14,495309,CS-TXI,Airbus A321neo,TAP Air Portugal,landing,arrivee,500,272.4,90.7,,,,
2026-05-28,10:52:05,4952ca,CS-TVJ,Airbus A320neo,TAP Air Portugal,landing,arrivee,575,258.9,86.5,,,,
2026-05-28,10:55:15,3cc004,D-CAAE,Learjet 45 XR,Air Alliance Express GmbH,landing,arrivee,600,255.2,86.0,,,,
2026-05-28,10:58:49,DAL124,N408DX,Airbus A330-900neo,Delta Air Lines,landing,arrivee,475,263.9,98.0,,,,
2026-05-28,11:01:38,495297,CS-TTW,Embraer E195,TAP Air Portugal,landing,arrivee,500,258.9,86.7,,,,
2026-05-28,11:04:18,LGL51P,LX-LEA,Embraer E195-E2,Luxair,landing,arrivee,475,260.8,95.5,,,,
2026-05-28,11:07:08,EJU74EF,OE-IDU,Airbus A320,easyJet Europe,landing,arrivee,525,268.9,87.6,,,,
2026-05-28,11:09:09,BEL2DY,OO-SNH,Airbus A320,Brussels Airlines,landing,arrivee,475,268.9,94.1,,,,
2026-05-28,11:13:13,440cb1,OE-IZF,Airbus A320,easyJet Europe,landing,arrivee,550,265.6,86.8,,,,
2026-05-28,11:16:14,39bdb9,F-HPNZ,Airbus A220-300,Air France,landing,arrivee,550,244.8,84.7,,,,
2026-05-28,11:20:24,4d21e9,9H-QAA,Boeing 737-800,Malta Air,landing,arrivee,450,289.7,93.8,,,,
2026-05-28,11:23:41,TAP11WQ,CS-TJN,Airbus A321neo,TAP Air Portugal,landing,arrivee,450,278.9,96.5,,,,
2026-05-28,11:26:36,RZO120,CS-TSM,Airbus A320,TAP Air Portugal,landing,arrivee,475,261.5,98.0,,,,
2026-05-28,11:30:26,02005b,CN-ROC,Boeing 737-800,Royal Air Maroc,landing,arrivee,450,298.2,97.9,,,,
2026-05-28,11:33:06,3c64b1,D-AIEQ,Airbus A321,Lufthansa,landing,arrivee,575,270.0,86.1,,,,
2026-05-28,11:35:37,IBE05FV,EC-NTA,Airbus A320neo,Iberia,landing,arrivee,525,257.2,89.3,,,,
2026-05-28,11:46:48,495214,CS-TPT,Embraer E190,TAP Air Portugal,landing,arrivee,475,258.9,96.5,,,,
2026-05-28,11:52:23,4867c2,PH-AXG,Airbus A321neo,KLM,cruise,,575,0.0,87.5,,,,
2026-05-28,11:54:24,TAP1902,CS-TVN,Airbus A320neo,TAP Air Portugal,landing,arrivee,500,247.2,94.0,,,,
2026-05-28,11:57:49,3c55c7,D-AENG,Airbus A320neo,Eurowings,landing,arrivee,525,255.9,88.4,,,,
2026-05-28,12:03:32,34604d,EC-MUZ,Boeing 737-800,Air Europa,takeoff,depart,1075,311.9,93.3,,,,
2026-05-28,12:12:18,c07995,C-GUBC,Airbus A330-200,Air Transat,takeoff,depart,1350,312.1,93.0,,,,
2026-05-28,12:15:37,495301,CS-TXA,Airbus A321neo,TAP Air Portugal,takeoff,depart,1475,361.0,93.1,,,,
2026-05-28,12:18:21,LGL3752,LX-LEA,Embraer E195-E2,Luxair,takeoff,depart,1225,265.8,95.7,,,,
2026-05-28,12:21:04,AAL259,N834AA,Boeing 787-9,American Airlines,takeoff,depart,1400,346.3,91.6,,,,
2026-05-28,12:24:45,EJU59RL,OE-IZF,Airbus A320,easyJet Europe,takeoff,depart,1375,309.1,93.4,,,,
2026-05-28,12:30:37,TAP007,CS-TXM,Airbus A321,TAP Air Portugal,takeoff,depart,1525,342.2,93.5,,,,
2026-05-28,12:35:41,46b824,SX-NAD,Airbus A321neo,Aegean Airlines,takeoff,depart,1425,327.6,95.7,,,,
2026-05-28,12:38:53,a75103,N57016,Boeing 777-200,United Airlines,takeoff,depart,1550,343.5,90.8,,,,
2026-05-28,12:41:22,4952a6,CS-TUF,Airbus A330-900neo,TAP Air Portugal,takeoff,depart,1500,321.3,90.7,,,,
2026-05-28,12:44:04,4951d2,CS-TNR,Airbus A320,TAP Air Portugal,takeoff,depart,1625,322.2,93.0,,,,
2026-05-28,12:46:09,TAP754A,CS-TXB,Airbus A321neo,TAP Air Portugal,takeoff,depart,1425,311.5,92.2,,,,
2026-05-28,12:49:09,TAP217C,CS-TXL,Airbus A321neo,TAP Air Portugal,takeoff,depart,1525,345.0,94.0,,,,
2026-05-28,12:51:42,4951cd,CS-TNM,Airbus A320,TAP Air Portugal,takeoff,depart,1400,309.1,91.7,,,,
2026-05-28,12:54:00,EJU13EQ,OE-IDU,Airbus A320,easyJet Europe,takeoff,depart,1325,303.4,95.3,,,,
2026-05-28,12:57:09,TAP1851,CS-TPQ,Embraer E190,TAP Air Portugal,takeoff,depart,1325,285.6,91.2,,,,
2026-05-28,13:00:06,44cdc8,OO-SNH,Airbus A320,Brussels Airlines,takeoff,depart,1275,286.9,92.1,,,,
2026-05-28,13:02:59,4951d5,CS-TNU,Airbus A320,TAP Air Portugal,takeoff,depart,1225,299.7,97.3,,,,
2026-05-28,13:07:18,DLH35M,D-AIEQ,Airbus A321,Lufthansa,takeoff,depart,1725,316.1,93.8,,,,
2026-05-28,13:09:19,TAP782,CS-TVP,Airbus A320neo,TAP Air Portugal,takeoff,depart,1975,350.6,83.3,,,,
2026-05-28,13:11:20,AFR31PQ,F-HPNZ,Airbus A220-300,Air France,takeoff,depart,1825,308.5,61.8,,,,
2026-05-28,13:13:15,RZO123,CS-TSM,Airbus A320,TAP Air Portugal,takeoff,depart,1625,284.8,93.4,,,,
2026-05-28,13:18:04,9HGMF,9H-GVA,GL5T,,approach,arrivee,675,115.6,96.9,,,,
2026-05-28,13:22:17,02005b,CN-ROC,Boeing 737-800,Royal Air Maroc,takeoff,depart,1325,307.2,92.0,,,,
2026-05-28,13:25:10,495309,CS-TXI,Airbus A321neo,TAP Air Portugal,takeoff,depart,1450,341.9,93.3,,,,
2026-05-28,13:27:11,TVF46JB,F-HUYB,Boeing 737-800,Transavia France,climb,depart,3150,418.7,76.3,,,,
2026-05-28,13:28:12,TAP83K,CS-TVF,Airbus A320neo,TAP Air Portugal,takeoff,depart,2050,355.0,80.7,,,,
2026-05-28,13:30:45,IBE05PL,EC-NTA,Airbus A320neo,Iberia,takeoff,depart,1450,278.0,95.0,,,,
2026-05-28,13:33:38,DAL125,N408DX,Airbus A330-900neo,Delta Air Lines,takeoff,depart,1575,327.4,91.9,,,,
2026-05-28,13:36:11,TAP1136,CS-TTW,Embraer E195,TAP Air Portugal,takeoff,depart,1050,286.1,94.5,,,,
2026-05-28,13:38:50,TAP1104,CS-TAW,Embraer E195,TAP Air Portugal,takeoff,depart,1100,282.8,93.9,,,,
2026-05-28,13:41:45,TAP43TR,CS-TJN,Airbus A321neo,TAP Air Portugal,takeoff,depart,1350,312.2,93.8,,,,
2026-05-28,13:44:00,TAP68HR,CS-TXJ,Airbus A321neo,TAP Air Portugal,takeoff,depart,1675,327.1,90.8,,,,
2026-05-28,13:49:19,495153,CS-TJS,Airbus A321neo,TAP Air Portugal,takeoff,depart,1475,337.6,93.1,,,,
2026-05-28,13:52:18,3cc004,D-CAAE,Learjet 45 XR,Air Alliance Express GmbH,takeoff,depart,1375,330.0,95.4,,,,
2026-05-28,13:55:25,4d21e9,9H-QAA,Boeing 737-800,Malta Air,takeoff,depart,1225,332.6,93.0,,,,
2026-05-28,14:01:15,e494f1,PR-ANX,Airbus A330-900neo,Azul,takeoff,depart,1525,333.0,89.8,,,,
2026-05-28,14:11:59,TCV606,D4-CCI,Boeing 737-700,Cabo Verde Airlines,landing,arrivee,475,261.5,91.2,,,,
2026-05-28,14:13:54,495293,CS-TTS,Airbus A319,TAP Air Portugal,landing,arrivee,575,270.0,77.0,,,,
2026-05-28,14:16:50,BAW5LI,G-TNEA,Airbus A321neo,British Airways,landing,arrivee,500,262.4,93.5,,,,
2026-05-28,14:19:09,4ca8e7,EI-ENV,Boeing 737-800,Ryanair,landing,arrivee,525,291.3,89.5,,,,
2026-05-28,14:22:28,4951d3,CS-TNS,Airbus A320,TAP Air Portugal,landing,arrivee,550,278.0,78.8,,,,
2026-05-28,14:25:32,49521a,CS-TPZ,Embraer E190,TAP Air Portugal,landing,arrivee,525,229.1,87.4,,,,
2026-05-28,14:28:35,4867c4,PH-AXI,Airbus A321neo,KLM,landing,arrivee,550,258.9,97.1,,,,
2026-05-28,14:33:03,4952cc,CS-TVL,Airbus A320,TAP Air Portugal,landing,arrivee,500,249.1,95.0,,,,
2026-05-28,14:36:16,LAV970P,EC-NLK,Boeing 737-800,AlbaStar,landing,arrivee,475,258.0,95.4,,,,
2026-05-28,14:39:06,49514f,CS-TJO,Airbus A321neo,TAP Air Portugal,landing,arrivee,500,257.6,98.0,,,,
2026-05-28,14:42:49,KLM97N,PH-AXI,Airbus A321neo,KLM,landing,arrivee,475,255.9,96.5,,,,
2026-05-28,14:50:55,TAP941,CS-TJK,Airbus A321neo,TAP Air Portugal,landing,arrivee,575,278.9,88.2,,,,
2026-05-28,14:53:50,EJU41HA,OE-LSF,Airbus A320neo,easyJet Europe,landing,arrivee,475,273.2,99.8,,,,
2026-05-28,15:02:46,4d2217,9H-QBL,Boeing 737-800,Malta Air,landing,arrivee,500,287.6,97.4,,,,
2026-05-28,15:06:51,392aee,F-GKXO,Airbus A320,Air France,landing,arrivee,525,265.8,88.1,,,,
2026-05-28,15:11:00,AEA12AT,EC-MUZ,Boeing 737-800,Air Europa,landing,arrivee,500,282.4,87.2,,,,
2026-05-28,15:14:11,EZY35DC,G-EZDM,Airbus A319,easyJet,landing,arrivee,475,256.5,97.2,,,,
2026-05-28,15:18:11,SWR2BK,HB-JPC,Airbus A321,Swiss,landing,arrivee,525,274.8,84.0,,,,
2026-05-28,15:21:27,THY4GH,TC-LOF,Airbus A330-300,Turkish Airlines,landing,arrivee,475,271.3,95.5,,,,
2026-05-28,15:23:59,TAP1143,CS-TTX,Embraer E195,TAP Air Portugal,landing,arrivee,525,259.7,93.6,,,,
2026-05-28,15:26:46,TAP1127,CS-TTR,Airbus A319,TAP Air Portugal,landing,arrivee,550,243.2,95.8,,,,
2026-05-28,15:29:07,4ca9ec,EI-EVO,Boeing 737-800,Ryanair,landing,arrivee,475,293.7,94.5,,,,
2026-05-28,15:31:40,DLH03H,D-AISX,Airbus A321,Lufthansa,landing,arrivee,475,273.2,97.7,,,,
2026-05-28,15:34:12,440b1e,OE-IWW,Airbus A320,easyJet Europe,landing,arrivee,575,267.2,84.0,,,,
2026-05-28,15:37:06,4952c1,CS-TVA,Airbus A320neo,TAP Air Portugal,landing,arrivee,525,250.8,97.9,,,,
2026-05-28,15:44:42,FIN96W,OH-LZG,Airbus A321,Finnair,landing,arrivee,500,271.3,93.5,,,,
2026-05-28,15:47:20,TAP931L,CS-TVK,Airbus A320neo,TAP Air Portugal,landing,arrivee,500,281.7,96.9,,,,
2026-05-28,15:50:13,TAP31DB,CS-TVO,Airbus A320neo,TAP Air Portugal,landing,arrivee,550,270.8,89.7,,,,
2026-05-28,15:52:47,TAP763,EC-OCT,Airbus A321,TAP Air Portugal,landing,arrivee,500,273.9,96.3,,,,
2026-05-28,15:55:24,ANE91TE,EC-LOJ,Bombardier CRJ-1000,Air Nostrum,landing,arrivee,575,264.1,89.5,,,,
2026-05-28,15:58:01,TAP1241,CS-TJP,Airbus A321neo,TAP Air Portugal,landing,arrivee,500,272.1,95.9,,,,
2026-05-28,16:00:32,4952c9,CS-TVI,Airbus A320neo,TAP Air Portugal,landing,arrivee,525,270.8,91.3,,,,
2026-05-28,16:03:23,4d2135,9H-YOU,Challenger 850,Air X Charter,approach,arrivee,575,255.9,88.8,,,,
2026-05-28,16:06:04,TAP669,CS-TXF,Airbus A321neo,TAP Air Portugal,landing,arrivee,500,269.7,97.4,,,,
2026-05-28,16:08:54,4951d4,CS-TNT,Airbus A320,TAP Air Portugal,landing,arrivee,500,257.2,99.4,,,,
2026-05-28,16:11:38,495304,CS-TXD,Airbus A321neo,TAP Air Portugal,landing,arrivee,525,268.2,89.1,,,,
2026-05-28,16:14:40,40772d,G-UZHX,Airbus A320neo,easyJet,landing,arrivee,525,243.2,87.4,,,,
2026-05-28,16:17:27,495037,CS-TAW,Embraer E195,TAP Air Portugal,landing,arrivee,500,247.6,92.6,,,,
2026-05-28,16:20:33,TAP1137,CS-TTW,Embraer E195,TAP Air Portugal,landing,arrivee,500,247.2,96.3,,,,
2026-05-28,16:23:05,495148,CS-TJH,Airbus A321,TAP Air Portugal,cruise,,525,0.0,80.2,,,,
2026-05-28,16:25:50,EWG25P,D-AIDP,Airbus A321,Eurowings,landing,arrivee,475,275.8,86.8,,,,
2026-05-28,16:28:31,RYR32KG,EI-DCP,Boeing 737-800,Ryanair,landing,arrivee,450,268.0,94.4,,,,
2026-05-28,16:31:19,TAP541W,CS-TNN,Airbus A320,TAP Air Portugal,landing,arrivee,525,245.6,91.3,,,,
2026-05-28,16:34:03,LXJ223,,,Unknown US,landing,arrivee,550,230.0,80.5,,,,
2026-05-28,16:36:50,EJU95BR,OE-IDU,Airbus A320,easyJet Europe,landing,arrivee,500,241.7,90.7,,,,
2026-05-28,16:39:31,TAP571,CS-TXH,Airbus A321neo,TAP Air Portugal,landing,arrivee,450,273.2,97.7,,,,
2026-05-28,16:42:11,TAP226,CS-TUH,Airbus A330-900neo,TAP Air Portugal,landing,arrivee,550,253.2,88.5,,,,
2026-05-28,16:44:50,TAP084,CS-TUS,Airbus A330-900neo,TAP Air Portugal,landing,arrivee,550,262.4,84.0,,,,
2026-05-28,16:47:40,4ca95e,EI-HAW,Boeing 737 MAX 8,Ryanair,landing,arrivee,500,274.8,88.5,,,,
2026-05-28,16:50:38,RYR85MR,9H-LOA,Airbus A320,Lauda Europe,landing,arrivee,550,260.8,88.1,,,,
2026-05-28,16:53:28,39d311,F-HUYR,Boeing 737-800,Transavia France,approach,arrivee,525,0.0,94.7,,,,
2026-05-28,16:56:15,TAP553R,CS-TVG,Airbus A320neo,TAP Air Portugal,landing,arrivee,525,259.3,89.9,,,,
2026-05-28,16:59:04,49514c,CS-TJL,Airbus A321neo,TAP Air Portugal,cruise,,550,0.0,81.8,,,,
2026-05-28,17:01:48,3444cc,EC-MAN,Airbus A320,Vueling,landing,arrivee,500,247.2,86.6,,,,
2026-05-28,17:05:06,4d247b,9H-WBX,Airbus A320neo,Lauda Europe,landing,arrivee,525,244.8,86.1,,,,
2026-05-28,17:09:42,RYR9654,9H-VVE,Boeing 737 MAX 8,Malta Air,landing,arrivee,500,270.4,88.3,,,,
2026-05-28,17:19:01,020058,CN-ROA,Boeing 737-800,Royal Air Maroc,landing,arrivee,550,285.6,92.5,,,,
2026-05-28,17:22:07,4ca256,EI-DHA,Boeing 737-800,Ryanair,landing,arrivee,475,281.3,92.8,,,,
2026-05-28,17:24:57,TRA27L,PH-HXB,Boeing 737-800,Transavia,landing,arrivee,500,278.2,92.0,,,,
2026-05-28,17:36:57,485122,PH-HSK,Boeing 737-800,Transavia,landing,arrivee,525,284.1,93.7,,,,
2026-05-28,17:39:36,RYR7GJ,9H-QFM,Boeing 737-800,Malta Air,landing,arrivee,525,281.7,95.0,,,,
2026-05-28,17:42:10,39bb21,F-HOZB,Airbus A220-300,,approach,arrivee,575,256.5,75.7,,,,
2026-05-28,17:45:27,440115,OE-LUE,Airbus A320neo,easyJet Europe,landing,arrivee,500,268.0,84.7,,,,
2026-05-28,17:48:44,TVF35GD,F-GZHM,Boeing 737-800,Transavia France,landing,arrivee,525,273.2,93.1,,,,
2026-05-28,17:51:10,BAW506,G-NEOT,Airbus A321neo,British Airways,landing,arrivee,550,248.0,86.0,,,,
2026-05-28,17:54:19,4952c4,CS-TVD,Airbus A320neo,TAP Air Portugal,landing,arrivee,525,264.8,89.0,,,,
2026-05-28,18:01:30,TAP1558,CS-TVQ,Airbus A320neo,TAP Air Portugal,landing,arrivee,525,260.8,93.3,,,,
2026-05-28,18:07:21,SPAR21,05-4613,Boeing 737-700,Unknown US,landing,arrivee,475,256.3,95.1,,,,
2026-05-28,18:15:52,NSZ2WK,SE-RTA,Boeing 737 MAX 8,Norwegian Air Sweden AOC,landing,arrivee,525,272.4,90.2,,,,
2026-05-28,18:19:05,VLG5YW,EC-MMU,Airbus A321,Vueling,landing,arrivee,550,250.8,87.2,,,,
2026-05-28,18:24:12,4cafd1,EI-GXL,Boeing 737-800,Ryanair,landing,arrivee,525,281.3,95.7,,,,
2026-05-28,18:29:55,TAP1017,CS-TVR,Airbus A320neo,TAP Air Portugal,landing,arrivee,550,247.2,86.8,,,,
2026-05-28,18:32:35,TRA951N,PH-HXL,Boeing 737-800,Turkish Airlines,landing,arrivee,525,264.8,92.5,,,,
2026-05-28,18:35:20,44033e,OE-LQA,Airbus A319,easyJet Europe,landing,arrivee,550,249.1,87.9,,,,
2026-05-28,18:38:20,406319,G-EZFU,Airbus A319,easyJet,landing,arrivee,500,241.5,97.5,,,,
2026-05-28,18:41:01,RZO124,CS-TSM,Airbus A320,TAP Air Portugal,landing,arrivee,525,266.5,89.6,,,,
2026-05-28,18:43:30,TAP1823,CS-TJM,Airbus A321neo,TAP Air Portugal,landing,arrivee,575,270.8,90.7,,,,
2026-05-28,18:46:22,4400be,OE-IAM,737 490SF,Iberia,landing,arrivee,550,251.1,88.2,,,,
2026-05-28,18:49:03,486740,PH-AXB,Airbus A321neo,KLM,landing,arrivee,525,263.2,88.4,,,,
2026-05-28,18:51:46,TAP10EV,CS-TPY,Embraer E190,TAP Air Portugal,landing,arrivee,475,249.1,93.7,,,,
2026-05-28,18:54:32,495211,CS-TPQ,Embraer E190,TAP Air Portugal,landing,arrivee,525,233.2,86.6,,,,
2026-05-28,18:56:39,VOE2728,EC-OJT,Airbus A320,Volotea,landing,arrivee,550,246.7,90.6,,,,
2026-05-28,18:59:23,UAE5M,A6-ENU,Boeing 777-300ER,Emirates,landing,arrivee,500,284.8,94.1,,,,
2026-05-28,19:02:10,BEL2DT,OO-SBF,Airbus A320neo,Brussels Airlines,landing,arrivee,550,253.2,86.5,,,,
2026-05-28,19:04:41,4400be,OE-IAM,737 490SF,Iberia,landing,arrivee,550,240.8,90.5,,,,
2026-05-28,19:07:10,4952ce,CS-TVN,Airbus A320neo,TAP Air Portugal,landing,arrivee,525,252.4,94.4,,,,
2026-05-28,19:09:53,49514e,CS-TJN,Airbus A321neo,TAP Air Portugal,landing,arrivee,575,263.2,82.3,,,,
2026-05-28,19:12:35,AEA1157,EC-MVY,Boeing 737-800,Air Europa,landing,arrivee,525,270.4,91.0,,,,
2026-05-28,19:15:06,TAP1931,CS-TTS,Airbus A319,TAP Air Portugal,landing,arrivee,525,254.1,84.7,,,,
2026-05-28,19:19:38,RYR647X,EI-DHO,Boeing 737-800,Ryanair,landing,arrivee,525,271.9,97.1,,,,
2026-05-28,19:22:30,TAP1906,CS-TVA,Airbus A320neo,TAP Air Portugal,landing,arrivee,600,246.7,81.0,,,,
2026-05-28,19:29:33,TAP1439,CS-TPV,Embraer E190,TAP Air Portugal,landing,arrivee,525,237.1,92.8,,,,
2026-05-28,19:32:27,TAP1337,CS-TNU,Airbus A320,TAP Air Portugal,landing,arrivee,500,253.9,91.1,,,,
2026-05-28,19:43:40,WZZ477,HA-LGI,Airbus A321neo,Wizz Air,landing,arrivee,500,252.4,95.8,,,,
2026-05-28,19:45:52,49530a,CS-TXJ,Airbus A321neo,TAP Air Portugal,landing,arrivee,550,266.5,85.2,,,,
2026-05-28,19:54:54,TAP48M,CS-TAX,Embraer E195,TAP Air Portugal,landing,arrivee,500,257.2,87.8,,,,
2026-05-28,19:57:37,495039,CS-TAY,Embraer E195,TAP Air Portugal,landing,arrivee,500,253.0,96.1,,,,
2026-05-28,20:00:37,4d2405,9H-EUL,Airbus A320,Lauda Europe,landing,arrivee,550,248.4,86.1,,,,
2026-05-28,20:04:05,TAP473H,CS-TPR,Embraer E190,TAP Air Portugal,landing,arrivee,525,241.5,98.1,,,,
2026-05-28,20:06:46,TAP563,CS-TNM,Airbus A320,TAP Air Portugal,landing,arrivee,525,263.2,89.2,,,,
2026-05-28,20:09:29,4952c6,CS-TVF,Airbus A320neo,TAP Air Portugal,landing,arrivee,550,273.2,86.8,,,,
2026-05-28,20:12:13,495153,CS-TJS,Airbus A321neo,TAP Air Portugal,landing,arrivee,550,273.9,92.0,,,,
2026-05-28,20:17:50,TAP4TL,CS-TTY,Embraer E195,TAP Air Portugal,landing,arrivee,500,260.8,99.7,,,,
2026-05-28,20:20:20,TAP53ED,CS-TNR,Airbus A320,TAP Air Portugal,landing,arrivee,500,265.6,88.9,,,,
2026-05-28,20:23:03,IBE0537,EC-IZR,Airbus A320,Iberia,landing,arrivee,500,278.0,88.9,,,,
2026-05-28,20:24:54,TAP543W,CS-TPT,Embraer E190,TAP Air Portugal,landing,arrivee,500,243.2,99.2,,,,
2026-05-28,20:26:25,4cae8c,EI-IKJ,Boeing 737 MAX 8,Ryanair,landing,arrivee,475,286.5,97.8,,,,
2026-05-28,20:28:29,495217,CS-TPW,Embraer E190,TAP Air Portugal,landing,arrivee,475,244.3,98.4,,,,
2026-05-28,20:30:57,VLG14YF,EC-MFM,Airbus A320,Vueling,landing,arrivee,575,257.2,82.7,,,,
2026-05-28,20:33:38,0900bb,D2-TEG,Boeing 777-300ER,TAAG Angola Airlines,landing,arrivee,525,267.2,95.2,,,,
2026-05-28,20:36:30,ELY375,4X-EKO,Boeing 737-800,El Al,landing,arrivee,450,286.5,92.2,,,,
2026-05-28,20:39:15,TAP755,CS-TXB,Airbus A321neo,TAP Air Portugal,landing,arrivee,525,270.0,98.5,,,,
2026-05-28,20:42:10,WMT537,9H-OLA,Twin Star DA42,Private,landing,arrivee,500,249.1,98.5,,,,
2026-05-28,20:43:58,495145,CS-TJE,Airbus A321,TAP Air Portugal,landing,arrivee,500,275.6,85.4,,,,
2026-05-28,20:45:58,TAP1019,CS-TAW,Embraer E195,TAP Air Portugal,landing,arrivee,500,263.2,98.3,,,,
2026-05-28,20:49:15,PGT1741,TC-NBF,Airbus A320neo,Pegasus,landing,arrivee,550,225.0,96.2,,,,
2026-05-28,20:50:46,MMZ754P,CS-TSX,Boeing 777-200,Azul,landing,arrivee,425,250.8,90.2,,,,
2026-05-28,20:53:08,4d2385,9H-VUX,Boeing 737 MAX 8,Malta Air,cruise,,550,0.0,90.3,,,,
2026-05-28,21:02:15,TAP94VA,CS-TVM,Airbus A320neo,TAP Air Portugal,landing,arrivee,550,267.2,99.1,,,,
2026-05-28,21:06:30,4075df,G-UZMA,Airbus A321neo,easyJet,landing,arrivee,550,275.6,87.0,,,,
2026-05-28,21:08:10,4cc530,TF-ICP,Boeing 737 MAX 8,Icelandair,landing,arrivee,500,281.3,98.0,,,,
2026-05-28,21:11:27,49521a,CS-TPZ,Embraer E190,TAP Air Portugal,landing,arrivee,500,258.0,95.6,,,,
2026-05-28,21:14:20,0a008e,7T-VKO,Boeing 737-800,Air Algerie,landing,arrivee,475,264.8,96.7,,,,
2026-05-28,21:17:27,ATENA21,16805,C130,,landing,arrivee,475,246.7,88.3,,,,
2026-05-28,21:19:45,TAP877,CS-TPU,Embraer E190,TAP Air Portugal,landing,arrivee,475,249.8,99.8,,,,
2026-05-28,21:21:16,RYR59QQ,EI-DWC,Boeing 737-800,Ryanair,landing,arrivee,450,278.9,89.1,,,,
2026-05-28,21:26:33,9HGME,9H-IRI,C56X,,approach,arrivee,425,66.5,84.7,,,,
2026-05-28,21:30:54,4952cc,CS-TVL,Airbus A320,TAP Air Portugal,landing,arrivee,575,237.4,93.7,,,,
2026-05-28,21:32:39,RYR8HG,EI-IJP,Boeing 737 MAX 8,Ryanair,landing,arrivee,475,270.8,98.5,,,,
2026-05-28,21:35:14,TAP1313,CS-TNJ,Airbus A320,TAP Air Portugal,landing,arrivee,475,259.7,98.7,,,,
2026-05-28,21:38:24,RZO134,CS-TSK,Airbus A320,TAP Air Portugal,landing,arrivee,500,252.4,98.8,,,,
2026-05-28,21:41:15,TAP57W,CS-TVJ,Airbus A320neo,TAP Air Portugal,landing,arrivee,525,254.8,93.9,,,,
2026-05-28,21:45:48,TAP1692,CS-TUE,Airbus A330-900neo,TAP Air Portugal,landing,arrivee,525,246.7,95.8,,,,
2026-05-28,21:49:08,RYR8AT,9H-QBR,Boeing 737-800,Malta Air,landing,arrivee,500,258.4,94.1,,,,
2026-05-28,21:51:57,495303,CS-TXC,Airbus A321neo,TAP Air Portugal,landing,arrivee,525,251.5,82.8,,,,
2026-05-28,21:55:27,TAP863Y,CS-TNQ,Airbus A320,TAP Air Portugal,landing,arrivee,500,254.8,99.2,,,,
2026-05-28,22:02:39,440daf,OE-IDU,Airbus A320,easyJet Europe,landing,arrivee,525,260.0,88.3,,,,
2026-05-28,22:06:12,46b82d,SX-NAM,Airbus A321,Aegean Airlines,landing,arrivee,525,247.6,98.6,,,,
2026-05-28,22:08:43,49520f,CS-TPO,Embraer E190,TAP Air Portugal,landing,arrivee,450,245.9,96.0,,,,
2026-05-28,22:11:55,RYR7VL,EI-EVP,Boeing 737-800,Ryanair,landing,arrivee,500,274.8,94.0,,,,
2026-05-28,22:14:32,EJU69GW,OE-IBS,Airbus A320,easyJet Europe,landing,arrivee,500,243.2,96.9,,,,
2026-05-28,22:17:14,DLH34J,D-AIEQ,Airbus A321,Lufthansa,landing,arrivee,500,239.1,90.6,,,,
2026-05-28,22:18:57,TAP127M,CS-TJJ,Airbus A321neo,TAP Air Portugal,landing,arrivee,500,254.8,94.2,,,,
2026-05-28,22:21:44,4952c2,CS-TVB,Airbus A320neo,TAP Air Portugal,landing,arrivee,525,257.2,88.3,,,,
2026-05-28,22:23:22,TAP885,CS-TNV,Airbus A320,TAP Air Portugal,landing,arrivee,525,251.5,86.5,,,,
2026-05-28,22:25:40,TAP783,CS-TVP,Airbus A320neo,TAP Air Portugal,landing,arrivee,525,260.8,91.0,,,,
2026-05-28,22:28:21,DLH64P,D-AISJ,Airbus A321,Lufthansa,landing,arrivee,525,261.5,96.3,,,,
2026-05-28,22:31:10,RYR3RB,9H-QAY,Boeing 737-800,Malta Air,landing,arrivee,475,282.1,96.2,,,,
2026-05-28,22:34:11,EJU91TW,OE-LSF,Airbus A320neo,easyJet Europe,landing,arrivee,525,251.5,86.7,,,,
2026-05-28,22:36:42,TAP827V,CS-TNS,Airbus A320,TAP Air Portugal,landing,arrivee,475,261.7,99.0,,,,
2026-05-28,22:39:06,39cea5,F-HTVF,Boeing 737-800,Transavia France,landing,arrivee,525,264.8,90.1,,,,
2026-05-28,22:41:37,AFR64PQ,F-GKXR,Airbus A320,Air France,landing,arrivee,550,253.2,93.2,,,,
2026-05-28,22:44:13,49514b,CS-TJK,Airbus A321neo,TAP Air Portugal,landing,arrivee,575,237.4,81.7,,,,
2026-05-28,22:46:45,EJU32GK,OE-IDO,Airbus A320,easyJet Europe,landing,arrivee,525,240.8,90.4,,,,
2026-05-28,22:49:56,ASL41G,YU-APE,Airbus A319,Air Serbia,landing,arrivee,450,230.0,96.5,,,,
2026-05-28,22:52:34,TAP555,CS-TVC,Airbus A320neo,TAP Air Portugal,landing,arrivee,475,255.6,98.5,,,,
2026-05-28,22:55:12,TAP837,CS-TJO,Airbus A321neo,TAP Air Portugal,landing,arrivee,450,241.5,98.0,,,,
2026-05-28,22:57:59,EJU7690,OE-LSA,Airbus A320neo,easyJet Europe,landing,arrivee,475,240.8,96.5,,,,
2026-05-28,23:00:17,TVF47RH,F-GZHB,Boeing 737-800,Transavia France,landing,arrivee,500,281.7,98.2,,,,
2026-05-28,23:02:45,495292,CS-TTR,Airbus A319,TAP Air Portugal,landing,arrivee,475,244.8,98.7,,,,
2026-05-28,23:04:54,TAP43RY,EC-OCT,Airbus A321,TAP Air Portugal,landing,arrivee,475,261.5,90.9,,,,
2026-05-28,23:07:56,4b194a,HB-JPA,Airbus A321neo,Swiss,landing,arrivee,525,247.2,83.3,,,,
2026-05-28,23:10:05,IBE0539,EC-ILP,Airbus A321,Iberia,landing,arrivee,500,253.9,88.8,,,,
2026-05-28,23:13:07,486651,PH-AXA,Airbus A321neo,KLM,landing,arrivee,475,264.8,90.1,,,,
2026-05-28,23:15:54,440115,OE-LUE,Airbus A320neo,easyJet Europe,landing,arrivee,550,244.8,82.2,,,,
2026-05-28,23:18:42,DLH23C,D-AIOB,Airbus A321neo,Lufthansa,landing,arrivee,500,251.5,98.3,,,,
2026-05-28,23:21:41,TAP35MT,CS-TVH,Airbus A320neo,TAP Air Portugal,landing,arrivee,500,249.1,98.7,,,,
2026-05-28,23:23:57,EJU93ZB,OE-LSQ,Airbus A320,easyJet Europe,landing,arrivee,475,269.7,99.2,,,,
2026-05-28,23:26:12,EJU36BG,OE-LSV,Airbus A320neo,easyJet Europe,landing,arrivee,450,243.2,96.7,,,,
2026-05-28,23:28:13,4bb068,TC-LCH,Boeing 737 MAX 8,Turkish Airlines,landing,arrivee,425,283.0,94.9,,,,
2026-05-28,23:30:07,TAP94KM,CS-TTX,Embraer E195,TAP Air Portugal,landing,arrivee,425,258.9,85.5,,,,
2026-05-28,23:35:43,TAP64M,CS-TJH,Airbus A321,TAP Air Portugal,landing,arrivee,500,268.0,89.3,,,,
2026-05-28,23:37:52,4081a3,G-TTSC,Airbus A320neo,British Airways,landing,arrivee,525,254.8,83.8,,,,
2026-05-28,23:40:06,495218,CS-TPX,Embraer E190,TAP Air Portugal,landing,arrivee,475,243.9,99.1,,,,
2026-05-28,23:42:58,495213,CS-TPS,Embraer E190,TAP Air Portugal,landing,arrivee,475,225.9,96.1,,,,
2026-05-28,23:44:31,440b1e,OE-IWW,Airbus A320,easyJet Europe,landing,arrivee,500,253.2,90.3,,,,
2026-05-28,23:53:55,495149,CS-TJI,Airbus A321neo,TAP Air Portugal,landing,arrivee,525,254.8,89.0,,,,
2026-05-29,00:02:02,4ca61d,EI-DWP,Boeing 737-800,Ryanair,landing,arrivee,500,238.4,94.6,,,,
2026-05-29,01:08:25,4ca95e,EI-HAW,Boeing 737 MAX 8,Ryanair,landing,arrivee,450,277.1,92.6,,,,
2026-05-29,01:13:02,RZO128,CS-TKP,Airbus A320,TAP Air Portugal,landing,arrivee,475,265.6,98.8,,,,
2026-05-29,01:19:10,4951d4,CS-TNT,Airbus A320,TAP Air Portugal,landing,arrivee,525,238.2,86.6,,,,
2026-05-29,01:24:40,RYR9PX,EI-EVP,Boeing 737-800,Ryanair,landing,arrivee,500,275.6,95.2,,,,
2026-05-29,04:40:18,TAP082,CS-TUC,Airbus A330-900neo,TAP Air Portugal,landing,arrivee,450,256.5,97.9,,,,
2026-05-29,04:43:03,TAP074,CS-TUQ,Airbus A330-900neo,TAP Air Portugal,landing,arrivee,550,257.2,91.8,,,,
2026-05-29,04:58:26,TAP218,CS-TXL,Airbus A321neo,TAP Air Portugal,landing,arrivee,500,253.2,99.5,,,,
2026-05-29,05:16:31,495309,CS-TXI,Airbus A321neo,TAP Air Portugal,landing,arrivee,550,240.0,92.2,,,,
2026-05-29,05:29:27,495305,CS-TXE,Airbus A321neo,TAP Air Portugal,landing,arrivee,525,258.9,86.3,,,,
2026-05-29,05:43:51,4951ee,CS-TON,Airbus A330-200,TAP Air Portugal,landing,arrivee,475,251.5,95.5,,,,
2026-05-29,05:49:32,TAP232Y,CS-TXA,Airbus A321neo,TAP Air Portugal,landing,arrivee,475,263.2,99.5,,,,
2026-05-29,05:58:27,4952d1,CS-TVQ,Airbus A320neo,TAP Air Portugal,landing,arrivee,525,233.2,91.8,,,,
2026-05-29,06:00:29,TAP96AW,CS-TNM,Airbus A320,TAP Air Portugal,landing,arrivee,500,244.8,99.5,,,,
2026-05-29,06:04:16,49514f,CS-TJO,Airbus A321neo,TAP Air Portugal,landing,arrivee,500,261.5,87.4,,,,
2026-05-29,06:06:57,49514e,CS-TJN,Airbus A321neo,TAP Air Portugal,landing,arrivee,525,247.2,87.5,,,,
2026-05-29,06:16:34,4952a4,CS-TUD,Airbus A330-900neo,TAP Air Portugal,landing,arrivee,500,270.8,98.0,,,,
2026-05-29,06:19:55,TAP1097,CS-TPT,Embraer E190,TAP Air Portugal,landing,arrivee,475,241.5,98.4,,,,
2026-05-29,06:22:35,4952aa,CS-TUJ,Airbus A330-900neo,TAP Air Portugal,landing,arrivee,525,265.6,90.5,,,,
2026-05-29,06:31:02,TAP11VP,CS-TPZ,Embraer E190,TAP Air Portugal,landing,arrivee,500,242.4,94.5,,,,
2026-05-29,06:33:55,TAP475,CS-TAW,Embraer E195,TAP Air Portugal,landing,arrivee,500,269.7,93.3,,,,
2026-05-29,06:36:34,AEA1159,EC-MQP,Boeing 737-800,Air Europa,landing,arrivee,475,261.1,93.9,,,,
2026-05-29,06:39:35,TAP1484,CS-TJS,Airbus A321neo,TAP Air Portugal,landing,arrivee,500,261.5,96.8,,,,
2026-05-29,06:42:43,TAY1MN,OE-IAM,737 490SF,Iberia,landing,arrivee,450,269.7,97.2,,,,
2026-05-29,06:45:35,TAP41SN,CS-TVL,Airbus A320,TAP Air Portugal,landing,arrivee,475,241.5,96.6,,,,
2026-05-29,06:48:30,TAP1908,CS-TNQ,Airbus A320,TAP Air Portugal,landing,arrivee,500,245.6,98.7,,,,
2026-05-29,06:56:53,TAP1139,CS-TAX,Embraer E195,TAP Air Portugal,landing,arrivee,475,257.2,93.4,,,,
2026-05-29,07:00:33,TAM8146,PT-MUH,Boeing 777-300ER,LATAM Airlines,landing,arrivee,475,274.8,95.3,,,,
2026-05-29,07:10:01,SRR6646,OY-SRM,767 25EBDSF,Star Air,landing,arrivee,525,236.7,92.3,,,,
2026-05-29,07:13:17,TAP495Y,CS-TPV,Embraer E190,TAP Air Portugal,landing,arrivee,450,238.4,99.7,,,,
2026-05-29,07:15:51,TAP98CX,CS-TJJ,Airbus A321neo,TAP Air Portugal,landing,arrivee,475,264.8,98.3,,,,
2026-05-29,07:18:59,TAP40MR,CS-TPY,Embraer E190,TAP Air Portugal,landing,arrivee,450,240.8,91.7,,,,
2026-05-29,07:21:44,4952c4,CS-TVD,Airbus A320neo,TAP Air Portugal,landing,arrivee,550,245.6,83.2,,,,
2026-05-29,07:24:59,DTA650,D2-TEK,Boeing 777-300ER,TAAG Angola Airlines,landing,arrivee,425,278.9,93.5,,,,
2026-05-29,07:27:51,TAP85CE,CS-TAY,Embraer E195,TAP Air Portugal,landing,arrivee,425,264.1,97.8,,,,
2026-05-29,07:30:22,RYR7VL,9H-QCF,Boeing 737-800,Malta Air,landing,arrivee,375,276.5,92.0,,,,
2026-05-29,07:33:12,4952cd,CS-TVM,Airbus A320neo,TAP Air Portugal,landing,arrivee,475,263.2,91.2,,,,
2026-05-29,07:38:41,34660b,EC-NTI,Airbus A320neo,Iberia,landing,arrivee,475,267.2,89.8,,,,
2026-05-29,07:41:36,4952d2,CS-TVR,Airbus A320neo,TAP Air Portugal,landing,arrivee,475,247.2,94.1,,,,
2026-05-29,07:44:15,495293,CS-TTS,Airbus A319,TAP Air Portugal,landing,arrivee,450,245.9,99.0,,,,
2026-05-29,07:47:15,4951d2,CS-TNR,Airbus A320,TAP Air Portugal,landing,arrivee,500,252.4,88.0,,,,
2026-05-29,07:49:54,DAL272,N412DX,Airbus A330-900neo,Delta Air Lines,landing,arrivee,450,264.1,96.5,,,,
2026-05-29,07:52:34,TAP9RH,CS-TXH,Airbus A321neo,TAP Air Portugal,landing,arrivee,475,249.1,98.2,,,,
2026-05-29,07:55:06,495277,CS-TSW,Boeing 777-200,Azul,landing,arrivee,525,261.5,93.2,,,,
2026-05-29,07:58:01,BCS2FC,D-AEAC,A300 B4-622RF,Lufthansa,landing,arrivee,475,250.8,98.9,,,,
2026-05-29,08:00:53,VLG14YF,EC-KDX,Airbus A320,Vueling,landing,arrivee,475,251.5,93.4,,,,
2026-05-29,08:03:38,VLG46AX,EC-MPV,Airbus A321,Vueling,landing,arrivee,425,261.5,98.4,,,,
2026-05-29,08:06:01,4951cb,CS-TNK,Airbus A320,TAP Air Portugal,landing,arrivee,475,244.8,91.1,,,,
2026-05-29,08:07:34,TAP575,CS-TNN,Airbus A320,TAP Air Portugal,landing,arrivee,500,254.1,93.1,,,,
2026-05-29,08:09:11,406e65,G-EZOT,Airbus A320,easyJet,landing,arrivee,475,267.2,96.0,,,,
2026-05-29,08:10:56,TAP53EI,CS-TJL,Airbus A321neo,TAP Air Portugal,landing,arrivee,425,244.3,95.2,,,,
2026-05-29,08:13:47,TAP557H,CS-TVG,Airbus A320neo,TAP Air Portugal,landing,arrivee,475,269.7,87.8,,,,
2026-05-29,08:16:41,TAP56DP,CS-TVK,Airbus A320neo,TAP Air Portugal,landing,arrivee,450,243.9,92.4,,,,
2026-05-29,08:20:47,AAL258,N839AA,Boeing 787-9,American Airlines,landing,arrivee,450,273.2,91.3,,,,
2026-05-29,08:22:54,RYR384,EI-IKI,Boeing 737 MAX 8,Ryanair,landing,arrivee,425,286.5,99.7,,,,
2026-05-29,08:24:48,4952c1,CS-TVA,Airbus A320neo,TAP Air Portugal,landing,arrivee,525,244.8,81.5,,,,
2026-05-29,08:27:41,TAP27UZ,CS-TPR,Embraer E190,TAP Air Portugal,landing,arrivee,450,240.8,98.9,,,,
2026-05-29,08:32:03,RYR4XW,EI-IKT,Boeing 737 MAX 8,Ryanair,landing,arrivee,400,280.0,98.6,,,,
2026-05-29,08:34:55,4952ce,CS-TVN,Airbus A320neo,TAP Air Portugal,landing,arrivee,500,270.0,87.3,,,,
2026-05-29,08:43:20,TVF55WH,F-HXSJ,Airbus A320neo,Transavia France,landing,arrivee,475,240.0,92.6,,,,
2026-05-29,08:46:55,TAP675,CS-TVO,Airbus A320neo,TAP Air Portugal,landing,arrivee,450,260.8,91.3,,,,
2026-05-29,08:49:50,ACA812,C-GKUH,Airbus A330-300,Air Canada,landing,arrivee,425,253.5,96.6,,,,
2026-05-29,08:52:12,TAP443,CS-TJP,Airbus A321neo,TAP Air Portugal,landing,arrivee,400,268.9,96.2,,,,
2026-05-29,08:54:52,TAP006,CS-TXM,Airbus A321,TAP Air Portugal,landing,arrivee,475,257.2,93.2,,,,
2026-05-29,09:00:00,4d221d,9H-QBO,Boeing 737-800,Malta Air,landing,arrivee,450,280.4,93.6,,,,
2026-05-29,09:05:00,4cadb8,EI-IFX,Boeing 737 MAX 8,Ryanair,landing,arrivee,450,263.2,92.8,,,,
2026-05-29,09:17:24,TSC480,C-GUFZ,Airbus A330-200,Air Transat,landing,arrivee,425,251.5,94.8,,,,
2026-05-29,09:22:01,344495,EC-LYL,C56X,Gestair Executive Jet SA,landing,arrivee,525,248.4,80.0,,,,
2026-05-29,09:24:40,4bb202,TC-LPB,Airbus A321neo,Turkish Airlines,landing,arrivee,475,271.3,89.4,,,,
2026-05-29,09:28:04,4952c6,CS-TVF,Airbus A320neo,TAP Air Portugal,landing,arrivee,500,263.9,82.8,,,,
2026-05-29,09:35:12,BAW50P,G-TTNS,Airbus A320neo,British Airways,landing,arrivee,425,243.2,99.1,,,,
2026-05-29,09:37:47,TAP012,CS-TUN,Airbus A330-900neo,TAP Air Portugal,landing,arrivee,425,261.5,99.5,,,,
2026-05-29,09:40:22,4952ab,CS-TUK,Airbus A330-900neo,TAP Air Portugal,landing,arrivee,475,284.1,93.7,,,,
2026-05-29,09:57:31,4952c2,CS-TVB,Airbus A320neo,TAP Air Portugal,landing,arrivee,475,260.8,86.3,,,,
2026-05-29,10:00:05,348310,EC-OLG,Airbus A330-300,TAP Air Portugal,landing,arrivee,450,265.6,93.8,,,,
2026-05-29,10:13:45,495304,CS-TXD,Airbus A321neo,TAP Air Portugal,landing,arrivee,450,268.0,99.3,,,,
2026-05-29,10:16:24,TAP234Y,CS-TXK,Airbus A321,TAP Air Portugal,landing,arrivee,475,244.8,91.1,,,,
2026-05-29,10:18:41,440075,OE-LSV,Airbus A320neo,easyJet Europe,landing,arrivee,450,253.2,93.0,,,,
2026-05-29,10:21:19,TAP210,CS-TOO,Airbus A330-200,TAP Air Portugal,landing,arrivee,425,251.5,98.3,,,,
2026-05-29,10:23:46,DAL124,N424DX,Airbus A330-900neo,Delta Air Lines,landing,arrivee,450,258.9,97.9,,,,
2026-05-29,10:26:38,LGL51P,LX-LGU,Boeing 737-800,Luxair,landing,arrivee,425,276.5,95.2,,,,
2026-05-29,10:29:03,RYR668T,EI-HGZ,Boeing 737 MAX 8,Ryanair,landing,arrivee,425,278.2,94.2,,,,
2026-05-29,10:31:56,EZY79RV,G-UZLY,Airbus A320neo,easyJet,landing,arrivee,425,260.8,91.9,,,,
2026-05-29,10:34:30,aaa893,N786UA,Boeing 777-200,United Airlines,landing,arrivee,450,247.2,95.7,,,,
2026-05-29,10:37:39,RYR4ZF,EI-EBN,Boeing 737-800,Ryanair,landing,arrivee,425,279.7,95.0,,,,
2026-05-29,10:40:36,346082,EC-MVY,Boeing 737-800,Air Europa,landing,arrivee,450,275.6,95.4,,,,
2026-05-29,10:43:38,4867c2,PH-AXG,Airbus A321neo,KLM,landing,arrivee,450,242.4,97.2,,,,
2026-05-29,10:46:01,4ca9ed,EI-EVP,Boeing 737-800,Ryanair,landing,arrivee,450,280.0,90.8,,,,
2026-05-29,10:48:45,4952ca,CS-TVJ,Airbus A320neo,TAP Air Portugal,landing,arrivee,425,261.5,86.8,,,,
2026-05-29,10:51:20,TAP11MG,CS-TTW,Embraer E195,TAP Air Portugal,landing,arrivee,425,264.8,97.7,,,,
2026-05-29,10:53:56,TAP048,CS-TXF,Airbus A321neo,TAP Air Portugal,landing,arrivee,450,249.1,95.2,,,,
2026-05-29,10:56:19,4ca73b,EI-EBS,Boeing 737-800,Ryanair,landing,arrivee,425,278.0,93.4,,,,
2026-05-29,10:59:09,TAP13LH,CS-TJM,Airbus A321neo,TAP Air Portugal,landing,arrivee,450,260.8,95.4,,,,
2026-05-29,11:02:00,TRA55J,PH-YHW,Airbus A321neo,Transavia,landing,arrivee,450,246.7,96.1,,,,
2026-05-29,11:04:38,44cc44,OO-SBD,Airbus A320neo,Brussels Airlines,landing,arrivee,450,272.4,88.7,,,,
2026-05-29,11:07:45,AZU8752,CS-TGD,Airbus A330-200,Azul,landing,arrivee,425,249.1,99.4,,,,
2026-05-29,11:10:13,TAP1923,CS-TNV,Airbus A320,TAP Air Portugal,landing,arrivee,450,264.1,91.5,,,,
2026-05-29,11:12:59,EJU74EF,OE-IDU,Airbus A320,easyJet Europe,landing,arrivee,450,261.5,93.9,,,,
2026-05-29,11:15:51,AFR41GW,F-HPNU,Airbus A220-300,Air France,landing,arrivee,450,249.1,93.9,,,,
2026-05-29,11:18:58,EJU15PC,OE-LUE,Airbus A320neo,easyJet Europe,landing,arrivee,425,236.7,98.2,,,,
2026-05-29,11:21:30,N656FG,N656FG,Falcon 8X,Unknown US,landing,arrivee,400,266.3,98.6,,,,
2026-05-29,11:24:19,TAP11SV,CS-TPO,Embraer E190,TAP Air Portugal,landing,arrivee,425,232.4,97.4,,,,
2026-05-29,11:26:52,TAP028,CS-TUG,Airbus A330-900neo,TAP Air Portugal,landing,arrivee,450,265.6,99.8,,,,
2026-05-29,11:30:01,RZO120,CS-TSK,Airbus A320,TAP Air Portugal,landing,arrivee,475,249.1,80.8,,,,
2026-05-29,11:32:46,4952a1,CS-TUA,Airbus A330-900neo,TAP Air Portugal,landing,arrivee,425,255.6,91.6,,,,
2026-05-29,11:35:24,4d22ff,9H-VUA,Boeing 737 MAX 8,Malta Air,landing,arrivee,425,282.1,94.0,,,,
2026-05-29,11:38:25,IBE05FV,EC-NFZ,Airbus A320neo,Iberia,landing,arrivee,400,237.4,97.7,,,,
2026-05-29,11:41:36,EJU14YR,OE-IBF,Airbus A320,easyJet Europe,landing,arrivee,475,273.9,88.7,,,,
2026-05-29,11:44:48,DLH39X,D-AIEB,Airbus A321neo,Lufthansa,landing,arrivee,450,267.2,91.3,,,,
2026-05-29,11:47:20,440d10,OE-IBS,Airbus A320,easyJet Europe,landing,arrivee,450,254.1,92.3,,,,
2026-05-29,11:49:50,EZY31FV,G-EZPB,Airbus A320,easyJet,landing,arrivee,400,262.4,94.1,,,,
2026-05-29,11:52:51,TAP429,CS-TPS,Embraer E190,TAP Air Portugal,landing,arrivee,475,255.6,86.0,,,,
2026-05-29,11:55:30,c0173e,C-FIUV,Boeing 777-300ER,Air Canada,landing,arrivee,400,278.0,94.0,,,,
2026-05-29,11:58:11,EWG8602,D-AEWV,Airbus A320,Eurowings,landing,arrivee,425,260.8,99.7,,,,
2026-05-29,12:01:13,4d23a4,9H-GKK,Airbus A320,Eurowings,landing,arrivee,525,255.6,74.2,,,,
2026-05-29,12:04:05,UAE3MV,A6-EPN,Boeing 777-300ER,Emirates,landing,arrivee,450,284.8,96.1,,,,
2026-05-29,12:08:56,495148,CS-TJH,Airbus A321,TAP Air Portugal,landing,arrivee,500,268.9,93.3,,,,
2026-05-29,12:11:54,TAP1902,CS-TVK,Airbus A320neo,TAP Air Portugal,landing,arrivee,475,262.2,90.5,,,,
2026-05-29,12:17:58,440b1e,OE-IWW,Airbus A320,easyJet Europe,landing,arrivee,500,260.8,87.0,,,,
2026-05-29,12:20:31,KPO5,N5GF,GIV SP,Unknown US,landing,arrivee,500,264.8,94.8,,,,
2026-05-29,12:27:35,39cea3,F-HTVD,Boeing 737-800,Transavia France,landing,arrivee,475,282.4,86.9,,,,
2026-05-29,12:30:24,TAM8148,PT-MUJ,Boeing 777-300ER,LATAM Airlines,landing,arrivee,475,271.3,92.6,,,,
2026-05-29,12:32:45,440c35,OE-LSA,Airbus A320neo,easyJet Europe,landing,arrivee,500,265.6,83.8,,,,
2026-05-29,12:34:29,TAP1031,CS-TJE,Airbus A321,TAP Air Portugal,landing,arrivee,450,273.9,89.6,,,,
2026-05-29,12:39:44,TAP63CT,CS-TPZ,Embraer E190,TAP Air Portugal,landing,arrivee,425,240.8,99.0,,,,
2026-05-29,12:42:09,RYR16GW,9H-QAY,Boeing 737-800,Malta Air,landing,arrivee,425,278.9,93.6,,,,
2026-05-29,12:46:22,RZO122,CS-TKQ,Airbus A320,TAP Air Portugal,landing,arrivee,475,254.8,93.5,,,,
2026-05-29,12:53:53,TAP27PS,CS-TNK,Airbus A320,TAP Air Portugal,landing,arrivee,475,246.7,83.8,,,,
2026-05-29,12:57:33,AXY477E,9H-NYC,Embraer E190,Air X Charter,landing,arrivee,450,237.4,98.9,,,,
2026-05-29,13:00:07,4952ad,CS-TUM,Airbus A330-900neo,TAP Air Portugal,cruise,,475,0.0,91.2,,,,
2026-05-29,13:03:13,TAP1335,CS-TPX,Embraer E190,TAP Air Portugal,landing,arrivee,450,231.5,95.6,,,,
2026-05-29,13:06:02,346691,EC-NLX,Airbus A321,Vueling,landing,arrivee,450,253.2,91.3,,,,
2026-05-29,13:11:49,LOT425,SP-LVN,Boeing 737 MAX 8,LOT Polish Airlines,landing,arrivee,425,263.9,94.8,,,,
2026-05-29,13:16:56,3c64a9,D-AIEI,Airbus A321neo,Lufthansa,approach,arrivee,500,252.4,90.1,,,,
2026-05-29,13:21:27,SWR32F,HB-JCL,C Series 300,Swiss,landing,arrivee,500,244.8,81.5,,,,
2026-05-29,13:26:11,4952c1,CS-TVA,Airbus A320neo,TAP Air Portugal,landing,arrivee,475,257.2,87.7,,,,
2026-05-29,13:31:32,EJU98EV,OE-INE,Airbus A320,easyJet Europe,landing,arrivee,450,258.9,95.3,,,,
2026-05-29,13:34:17,4951d3,CS-TNS,Airbus A320,TAP Air Portugal,landing,arrivee,475,266.5,94.5,,,,
2026-05-29,13:37:08,TAP641,CS-TVC,Airbus A320neo,TAP Air Portugal,landing,arrivee,450,268.9,94.1,,,,
2026-05-29,13:40:20,TAP10VL,CS-TPR,Embraer E190,TAP Air Portugal,landing,arrivee,450,249.1,98.0,,,,
2026-05-29,13:42:57,TAP1860,CS-TJI,Airbus A321neo,TAP Air Portugal,landing,arrivee,450,273.2,98.3,,,,
2026-05-29,13:45:35,4ca61d,EI-DWP,Boeing 737-800,Ryanair,landing,arrivee,475,289.8,92.8,,,,
2026-05-29,13:48:22,495037,CS-TAW,Embraer E195,TAP Air Portugal,landing,arrivee,475,262.2,89.0,,,,
2026-05-29,13:50:59,4951ce,CS-TNN,Airbus A320,TAP Air Portugal,landing,arrivee,500,254.8,86.2,,,,
2026-05-29,13:53:43,TAP869,CS-TVH,Airbus A320neo,TAP Air Portugal,landing,arrivee,475,244.8,89.3,,,,
2026-05-29,13:56:24,495298,CS-TTX,Embraer E195,TAP Air Portugal,landing,arrivee,475,265.6,88.8,,,,
2026-05-29,13:59:12,49514e,CS-TJN,Airbus A321neo,TAP Air Portugal,landing,arrivee,475,273.2,98.4,,,,
2026-05-29,14:01:49,TAP11EG,CS-TTZ,Embraer E195,TAP Air Portugal,landing,arrivee,475,258.4,99.0,,,,
2026-05-29,14:04:35,TAP823,CS-TNM,Airbus A320,TAP Air Portugal,landing,arrivee,450,267.2,93.2,,,,
2026-05-29,14:07:20,TAP86GM,CS-TJK,Airbus A321neo,TAP Air Portugal,landing,arrivee,500,243.9,86.5,,,,
2026-05-29,14:09:53,4951d2,CS-TNR,Airbus A320,TAP Air Portugal,landing,arrivee,450,247.2,99.9,,,,
2026-05-29,14:12:33,495038,CS-TAX,Embraer E195,TAP Air Portugal,landing,arrivee,425,259.7,95.9,,,,
2026-05-29,14:15:10,495215,CS-TPU,Embraer E190,TAP Air Portugal,landing,arrivee,450,260.0,93.7,,,,
2026-05-29,14:17:16,TAP88TM,CS-TNU,Airbus A320,TAP Air Portugal,landing,arrivee,450,247.2,99.4,,,,
2026-05-29,14:18:51,495211,CS-TPQ,Embraer E190,TAP Air Portugal,landing,arrivee,450,245.6,90.6,,,,
2026-05-29,14:20:47,TAP084,CS-TUL,Airbus A330-900neo,TAP Air Portugal,landing,arrivee,450,263.2,98.5,,,,
2026-05-29,14:23:36,KLM97N,PH-AXB,Airbus A321neo,KLM,landing,arrivee,450,244.8,91.2,,,,
2026-05-29,14:26:13,TCV612,D4-CCI,Boeing 737-700,Cabo Verde Airlines,landing,arrivee,400,238.4,99.9,,,,
2026-05-29,14:29:41,495216,CS-TPV,Embraer E190,TAP Air Portugal,takeoff,depart,1475,319.8,91.5,,,,
2026-05-29,14:35:06,SWR2BK,HB-JPB,Airbus A321neo,Swiss,landing,arrivee,475,254.8,96.2,,,,
2026-05-29,14:37:23,TAP1143,CS-TPV,Embraer E190,TAP Air Portugal,landing,arrivee,450,248.4,88.5,,,,
2026-05-29,14:40:27,495039,CS-TAY,Embraer E195,TAP Air Portugal,landing,arrivee,450,268.0,91.2,,,,
2026-05-29,14:42:54,AFR37EQ,F-HBNH,Airbus A320,Air France,landing,arrivee,500,260.0,87.6,,,,
2026-05-29,14:48:46,TAP883,CS-TTR,Airbus A319,TAP Air Portugal,landing,arrivee,475,258.0,98.4,,,,
2026-05-29,14:52:05,EJU41HA,OE-LSF,Airbus A320neo,easyJet Europe,landing,arrivee,450,278.2,99.6,,,,
2026-05-29,14:56:01,405b6a,G-EZDR,Airbus A319,easyJet,landing,arrivee,500,257.6,98.3,,,,
2026-05-29,15:00:21,ASL53X,YU-APO,Airbus A320,Air Serbia,landing,arrivee,475,246.7,96.3,,,,
2026-05-29,15:03:12,AEA12AT,EC-OBJ,Boeing 737-800,Air Europa,landing,arrivee,450,282.4,95.4,,,,
2026-05-29,15:06:19,RYR12SN,EI-HAW,Boeing 737 MAX 8,Ryanair,landing,arrivee,425,281.7,94.8,,,,
2026-05-29,15:09:16,4952c4,CS-TVD,Airbus A320neo,TAP Air Portugal,landing,arrivee,450,250.8,86.1,,,,
2026-05-29,15:12:00,DLH03H,D-AISC,Airbus A321,Lufthansa,landing,arrivee,475,268.9,84.5,,,,
2026-05-29,15:14:37,TAP36GS,CS-TVL,Airbus A320,TAP Air Portugal,landing,arrivee,450,261.5,98.3,,,,
2026-05-29,15:17:31,TAP75CH,CS-TVP,Airbus A320neo,TAP Air Portugal,landing,arrivee,425,244.8,99.7,,,,
2026-05-29,15:19:48,495214,CS-TPT,Embraer E190,TAP Air Portugal,landing,arrivee,450,265.6,89.5,,,,
2026-05-29,15:24:36,EJU81TJ,OE-LSV,Airbus A320neo,easyJet Europe,landing,arrivee,425,275.6,97.9,,,,
2026-05-29,15:27:45,461fa3,OH-LZN,Airbus A321,Finnair,landing,arrivee,450,257.2,93.2,,,,
2026-05-29,15:30:28,EJU51EP,OE-LSQ,Airbus A320,easyJet Europe,landing,arrivee,450,264.8,94.6,,,,
2026-05-29,15:33:06,TAP941,CS-TXG,Airbus A321neo,TAP Air Portugal,landing,arrivee,450,256.5,93.5,,,,
2026-05-29,15:35:30,4cac20,EI-HGG,Boeing 737 MAX 8,Ryanair,landing,arrivee,450,280.6,98.9,,,,
2026-05-29,15:38:19,TAP90EH,CS-TVB,Airbus A320neo,TAP Air Portugal,landing,arrivee,475,243.2,99.2,,,,
2026-05-29,15:41:06,BTI7FR,YL-ABL,A220-300,Air Baltic,landing,arrivee,475,259.7,88.3,,,,
2026-05-29,15:43:35,TAP016,CS-TXJ,Airbus A321neo,TAP Air Portugal,landing,arrivee,425,252.4,95.1,,,,
2026-05-29,15:46:11,495303,CS-TXC,Airbus A321neo,TAP Air Portugal,landing,arrivee,475,268.9,91.3,,,,
2026-05-29,15:49:22,THY4GH,TC-LSJ,Airbus A321neo,Turkish Airlines,landing,arrivee,450,259.7,93.9,,,,
2026-05-29,15:51:52,TAP31DB,CS-TNQ,Airbus A320,TAP Air Portugal,landing,arrivee,475,256.5,86.9,,,,
2026-05-29,15:54:25,495293,CS-TTS,Airbus A319,TAP Air Portugal,landing,arrivee,450,248.0,93.3,,,,
2026-05-29,15:56:58,TAP1105,CS-TPO,Embraer E190,TAP Air Portugal,landing,arrivee,425,248.4,91.0,,,,
2026-05-29,15:59:32,TAP571,CS-TXA,Airbus A321neo,TAP Air Portugal,landing,arrivee,475,267.2,92.4,,,,
2026-05-29,16:02:27,TAP10NL,CS-TPW,Embraer E190,TAP Air Portugal,landing,arrivee,450,253.9,97.8,,,,
2026-05-29,16:04:50,4952a6,CS-TUF,Airbus A330-900neo,TAP Air Portugal,landing,arrivee,475,257.2,97.0,,,,
2026-05-29,16:07:32,346183,EC-NDA,Airbus A320neo,Vueling,approach,arrivee,525,0.0,90.9,,,,
2026-05-29,16:10:17,TAP553R,CS-TVR,Airbus A320neo,TAP Air Portugal,landing,arrivee,500,247.2,86.4,,,,
2026-05-29,16:13:02,4952c7,CS-TVG,Airbus A320neo,TAP Air Portugal,landing,arrivee,475,244.8,88.9,,,,
2026-05-29,16:15:46,ANE91TE,EC-MTZ,Bombardier CRJ-1000,Air Nostrum,landing,arrivee,525,264.1,94.9,,,,
2026-05-29,16:18:16,49514f,CS-TJO,Airbus A321neo,TAP Air Portugal,landing,arrivee,475,273.2,90.4,,,,
2026-05-29,16:21:07,TAP1862,CS-TXM,Airbus A321,TAP Air Portugal,landing,arrivee,450,268.9,99.9,,,,
2026-05-29,16:22:51,49514c,CS-TJL,Airbus A321neo,TAP Air Portugal,landing,arrivee,500,253.2,91.2,,,,
2026-05-29,16:28:30,EJU45HZ,OE-LUE,Airbus A320neo,easyJet Europe,landing,arrivee,500,272.4,87.4,,,,
2026-05-29,16:30:16,TAP71VE,CS-TJS,Airbus A321neo,TAP Air Portugal,landing,arrivee,500,278.9,91.6,,,,
2026-05-29,16:32:09,4952b2,CS-TUR,Airbus A330-900neo,TAP Air Portugal,landing,arrivee,500,268.2,92.7,,,,
2026-05-29,16:34:34,RYR5KT,EI-EVP,Boeing 737-800,Ryanair,landing,arrivee,450,281.3,94.2,,,,
2026-05-29,16:36:33,4952b3,CS-TUS,Airbus A330-900neo,TAP Air Portugal,landing,arrivee,500,265.6,90.5,,,,
2026-05-29,16:38:24,495302,CS-TXB,Airbus A321neo,TAP Air Portugal,landing,arrivee,475,272.8,89.3,,,,
2026-05-29,16:41:26,495219,CS-TPY,Embraer E190,TAP Air Portugal,landing,arrivee,475,249.1,83.2,,,,
2026-05-29,16:48:48,TAP1929,CS-TNK,Airbus A320,TAP Air Portugal,landing,arrivee,475,250.8,97.7,,,,
2026-05-29,16:51:30,VLG9QY,EC-MBY,Airbus A320,Vueling,landing,arrivee,475,265.6,95.8,,,,
2026-05-29,16:54:31,TAP15NC,CS-TVK,Airbus A320neo,TAP Air Portugal,landing,arrivee,475,253.2,87.2,,,,
2026-05-29,16:57:42,BAW5DW,G-TTNW,Airbus A320neo,British Airways,landing,arrivee,450,242.4,97.1,,,,
2026-05-29,17:00:16,RYR36JX,9H-QDW,Boeing 737-800,Malta Air,landing,arrivee,450,279.7,98.3,,,,
2026-05-29,17:03:07,EWG25P,D-AEEE,Airbus A321,Eurowings,landing,arrivee,450,254.1,94.8,,,,
2026-05-29,17:08:03,4ca4ee,EI-DPJ,Boeing 737-800,Ryanair,landing,arrivee,450,278.9,95.0,,,,
2026-05-29,17:12:19,EJU87HG,OE-IDU,Airbus A320,easyJet Europe,landing,arrivee,450,257.2,90.9,,,,
2026-05-29,17:17:14,502d59,YL-ABH,A220 300,Air Baltic,landing,arrivee,500,253.9,94.2,,,,
2026-05-29,17:21:19,471f03,HA-LTJ,Airbus A321,SAS Scandinavian,landing,arrivee,450,270.8,92.8,,,,
2026-05-29,17:24:07,RYR59QQ,EI-HGN,Boeing 737 MAX 8,Ryanair,landing,arrivee,450,286.1,90.4,,,,
2026-05-29,17:26:52,TAP1824,CS-TJP,Airbus A321neo,TAP Air Portugal,landing,arrivee,475,266.3,91.1,,,,
2026-05-29,17:29:45,RAM982,CN-RHD,Boeing 737 MAX 8,Royal Air Maroc,landing,arrivee,450,272.8,98.7,,,,
2026-05-29,17:37:50,RYR98HW,EI-IKN,Boeing 737 MAX 8,Ryanair,landing,arrivee,400,283.4,94.1,,,,
2026-05-29,17:42:05,TAP643,CS-TVO,Airbus A320neo,TAP Air Portugal,landing,arrivee,500,274.1,90.3,,,,
2026-05-29,17:45:39,EJU69VE,OE-IBS,Airbus A320,easyJet Europe,landing,arrivee,450,264.1,90.8,,,,
2026-05-29,17:48:19,3475c9,EC-OCT,Airbus A321,TAP Air Portugal,landing,arrivee,425,275.6,95.2,,,,
2026-05-29,17:51:04,TVF46GH,F-GZHR,Boeing 737-800,Transavia France,landing,arrivee,450,283.0,95.1,,,,
2026-05-29,17:54:31,TRA27L,PH-HXM,Boeing 737-800,Turkish Airlines,landing,arrivee,500,284.1,92.5,,,,
2026-05-29,17:59:30,OBS130P,CS-TCF,Airbus A330-900neo,TAP Air Portugal,landing,arrivee,475,245.6,93.8,,,,
2026-05-29,18:05:37,392aef,F-GKXP,Airbus A320,Air France,landing,arrivee,450,256.5,98.8,,,,
2026-05-29,18:08:33,49514a,CS-TJJ,Airbus A321neo,TAP Air Portugal,landing,arrivee,475,263.2,99.3,,,,
2026-05-29,18:11:17,49529a,CS-TTZ,Embraer E195,TAP Air Portugal,landing,arrivee,450,262.2,97.2,,,,
2026-05-29,18:14:04,4952d1,CS-TVQ,Airbus A320neo,TAP Air Portugal,landing,arrivee,475,258.9,91.1,,,,
2026-05-29,18:16:46,VLG5YW,EC-LVT,Airbus A320,Vueling,landing,arrivee,475,251.5,95.2,,,,
2026-05-29,18:19:29,4951d6,CS-TNV,Airbus A320,TAP Air Portugal,landing,arrivee,475,258.4,90.3,,,,
2026-05-29,18:22:14,TAP35BL,CS-TPZ,Embraer E190,TAP Air Portugal,landing,arrivee,425,256.5,97.3,,,,
2026-05-29,18:24:48,TAP1542,CS-TVM,Airbus A320neo,TAP Air Portugal,landing,arrivee,475,269.7,84.8,,,,
2026-05-29,18:27:31,EZS62YX,HB-JXV,Airbus A320,Austrian Airlines,landing,arrivee,425,250.8,95.3,,,,
2026-05-29,18:30:27,RZO124,CS-TSY,Airbus A320,TAP Air Portugal,landing,arrivee,500,246.3,86.1,,,,
2026-05-29,18:33:06,RYR95SN,9H-QFK,Boeing 737-800,Malta Air,landing,arrivee,475,275.8,94.9,,,,
2026-05-29,18:40:25,EJU67HP,OE-LQN,Airbus A319,easyJet Europe,landing,arrivee,450,247.2,98.1,,,,
2026-05-29,18:43:13,TAP1455,CS-TTX,Embraer E195,TAP Air Portugal,landing,arrivee,500,260.8,89.8,,,,
2026-05-29,18:45:55,TVF90KW,F-HUYG,Boeing 737-800,Transavia France,landing,arrivee,475,267.2,92.4,,,,
2026-05-29,18:48:21,BEL2DT,OO-TCV,Airbus A320,Brussels Airlines,landing,arrivee,475,258.9,95.9,,,,
2026-05-29,18:52:55,EZY65DX,G-UZHW,Airbus A320neo,easyJet,landing,arrivee,450,261.5,93.5,,,,
2026-05-29,18:55:57,4400be,OE-IAM,737 490SF,Iberia,landing,arrivee,475,237.4,97.7,,,,
2026-05-29,18:58:28,TAP1931,CS-TPX,Embraer E190,TAP Air Portugal,landing,arrivee,475,249.1,89.3,,,,
2026-05-29,19:01:27,BAW506,G-TTSB,Airbus A320neo,British Airways,landing,arrivee,500,257.2,87.6,,,,
2026-05-29,19:04:09,4951d1,CS-TNQ,Airbus A320,TAP Air Portugal,landing,arrivee,500,250.8,92.7,,,,
2026-05-29,19:06:44,3453cc,EC-MQP,Boeing 737-800,Air Europa,landing,arrivee,525,276.5,89.8,,,,
2026-05-29,19:09:31,896314,A6-ENR,Boeing 777-300ER,Emirates,landing,arrivee,475,287.2,93.8,,,,
2026-05-29,19:12:14,EJU71TK,OE-IJY,Airbus A320,easyJet Europe,landing,arrivee,450,250.8,98.6,,,,
2026-05-29,19:14:49,RYR21WA,SP-RSA,Boeing 737-800,Ryanair,landing,arrivee,500,278.7,95.1,,,,
2026-05-29,19:17:37,KLM71Y,PH-AXM,Airbus A321neo,KLM,landing,arrivee,475,261.5,96.7,,,,
2026-05-29,19:20:08,MMZ352,CS-TST,767 34PER,TAP Air Portugal,landing,arrivee,425,272.1,96.7,,,,
2026-05-29,19:22:51,EJU4763,OE-ICP,Airbus A320,easyJet Europe,landing,arrivee,450,263.2,89.7,,,,
2026-05-29,19:33:58,344449,EC-LVD,Airbus A320,Iberia,landing,arrivee,500,248.7,92.2,,,,
2026-05-29,19:36:31,TAP25AC,CS-TPR,Embraer E190,TAP Air Portugal,landing,arrivee,450,237.4,96.2,,,,
2026-05-29,19:40:34,495297,CS-TTW,Embraer E195,TAP Air Portugal,landing,arrivee,500,257.2,92.1,,,,
2026-05-29,19:45:12,495304,CS-TXD,Airbus A321neo,TAP Air Portugal,landing,arrivee,500,274.8,89.9,,,,
2026-05-29,19:51:43,TAP835,CS-TJM,Airbus A321neo,TAP Air Portugal,landing,arrivee,500,263.9,89.6,,,,
2026-05-29,19:54:33,346303,EC-NER,Airbus A320neo,Iberia,landing,arrivee,525,275.8,91.9,,,,
2026-05-29,19:57:47,EZY26YM,G-EJCC,Airbus A320,easyJet,landing,arrivee,425,263.2,99.2,,,,
2026-05-29,20:00:27,495145,CS-TJE,Airbus A321,TAP Air Portugal,landing,arrivee,450,277.2,87.4,,,,
2026-05-29,20:03:26,KPO181,N181PR,GIV SP,Unknown US,approach,arrivee,475,261.5,98.9,,,,
2026-05-29,20:06:15,TAP9017,CS-TPQ,Embraer E190,TAP Air Portugal,landing,arrivee,450,239.1,89.2,,,,
2026-05-29,20:08:51,4951d3,CS-TNS,Airbus A320,TAP Air Portugal,landing,arrivee,475,253.2,96.0,,,,
2026-05-29,20:11:44,RYR32KG,9H-QDD,Boeing 737-800,Malta Air,landing,arrivee,450,274.8,95.0,,,,
2026-05-29,20:14:35,TRA951N,PH-YHW,Airbus A321neo,Transavia,landing,arrivee,475,273.9,94.1,,,,
2026-05-29,20:17:10,TAP825,CS-TJH,Airbus A321,TAP Air Portugal,landing,arrivee,475,271.7,89.9,,,,
2026-05-29,20:20:31,WMT537,9H-MAJ,Challenger 604,Elitavia Malta,landing,arrivee,500,267.2,88.3,,,,
2026-05-29,20:23:28,348207,EC-OKH,Airbus A320,Vueling,landing,arrivee,475,245.6,94.4,,,,
2026-05-29,20:26:06,SAS2801,SE-ROB,Airbus A320neo,SAS Scandinavian,landing,arrivee,450,249.1,99.3,,,,
2026-05-29,20:28:36,EWG37V,D-AEWL,Airbus A320,Eurowings,landing,arrivee,525,252.2,79.5,,,,
2026-05-29,20:31:13,KAL921,HL8082,Boeing 787-9,Korean Air,landing,arrivee,425,266.5,95.7,,,,
2026-05-29,20:34:15,0900bb,D2-TEG,Boeing 777-300ER,TAAG Angola Airlines,landing,arrivee,475,270.0,94.4,,,,
2026-05-29,20:36:49,TAP1207,CS-TVF,Airbus A320neo,TAP Air Portugal,landing,arrivee,500,260.8,95.0,,,,
2026-05-29,20:41:11,4074b8,G-UZHH,Airbus A320neo,easyJet,landing,arrivee,475,243.2,84.2,,,,
2026-05-29,20:44:13,TAP1019,CS-TPO,Embraer E190,TAP Air Portugal,landing,arrivee,450,238.4,91.2,,,,
2026-05-29,20:46:55,TAP877,CS-TPS,Embraer E190,TAP Air Portugal,landing,arrivee,425,242.4,97.8,,,,
2026-05-29,20:51:08,4d2262,9H-QAY,Boeing 737-800,Malta Air,landing,arrivee,450,278.9,91.5,,,,
2026-05-29,21:01:17,495216,CS-TPV,Embraer E190,TAP Air Portugal,landing,arrivee,450,245.6,98.6,,,,
2026-05-29,21:06:14,TAP1692,CS-TAX,Embraer E195,TAP Air Portugal,landing,arrivee,450,269.3,97.0,,,,
2026-05-29,21:08:49,346612,EC-NOQ,Airbus A320,Volotea,landing,arrivee,500,242.4,93.5,,,,
2026-05-29,21:11:23,EIN4PT,EI-NSC,Airbus A320neo,Aer Lingus,landing,arrivee,475,240.8,98.0,,,,
2026-05-29,21:16:52,RYR76WW,EI-ILE,Boeing 737 MAX 8,Ryanair,landing,arrivee,475,267.2,92.0,,,,
2026-05-29,21:19:35,VLG4JP,EC-OFY,Airbus A320,Vueling,landing,arrivee,475,250.0,91.5,,,,
2026-05-29,21:22:07,RYR3WD,EI-EVP,Boeing 737-800,Ryanair,landing,arrivee,475,278.9,87.8,,,,
2026-05-29,21:24:48,495149,CS-TJI,Airbus A321neo,TAP Air Portugal,landing,arrivee,500,243.2,84.8,,,,
2026-05-29,21:27:29,TAP1325,CS-TAW,Embraer E195,TAP Air Portugal,landing,arrivee,500,254.1,92.8,,,,
2026-05-29,21:30:48,PGT1561,TC-NBE,Airbus A320neo,Pegasus,landing,arrivee,475,225.0,94.5,,,,
2026-05-29,21:32:41,4caee5,EI-ILE,Boeing 737 MAX 8,Ryanair,landing,arrivee,475,276.3,94.0,,,,
2026-05-29,21:35:23,RZO134,CS-TKP,Airbus A320,TAP Air Portugal,landing,arrivee,500,256.5,96.5,,,,
2026-05-29,21:38:01,4952c8,CS-TVH,Airbus A320neo,TAP Air Portugal,landing,arrivee,475,232.4,90.1,,,,
2026-05-29,21:40:39,4ca6a6,EI-DYR,Boeing 737-800,Ryanair,landing,arrivee,450,278.0,93.3,,,,
2026-05-29,21:47:53,DLH34J,D-AIJC,Airbus A320neo,Lufthansa,landing,arrivee,475,250.8,91.2,,,,
2026-05-29,21:51:54,4951d2,CS-TNR,Airbus A320,TAP Air Portugal,landing,arrivee,450,245.6,98.6,,,,
2026-05-29,21:54:47,TAP5AS,CS-TVC,Airbus A320neo,TAP Air Portugal,approach,arrivee,475,233.9,97.1,,,,
2026-05-29,21:56:51,TAP76EN,CS-TVJ,Airbus A320neo,TAP Air Portugal,landing,arrivee,450,260.8,99.1,,,,
2026-05-29,21:59:33,4952c1,CS-TVA,Airbus A320neo,TAP Air Portugal,landing,arrivee,525,244.8,90.1,,,,
2026-05-29,22:02:16,EJU69GW,OE-LSA,Airbus A320neo,easyJet Europe,landing,arrivee,475,243.2,93.3,,,,
2026-05-29,22:06:31,TAP837,CS-TJK,Airbus A321neo,TAP Air Portugal,landing,arrivee,500,249.1,93.8,,,,
2026-05-29,22:10:21,DLH64P,D-AIEI,Airbus A321neo,Lufthansa,landing,arrivee,475,269.7,86.3,,,,
2026-05-29,22:14:02,SEH922,SX-WEB,Airbus A320neo,Swiss,landing,arrivee,450,228.4,89.6,,,,
2026-05-29,22:22:09,TAP863Y,CS-TNN,Airbus A320,TAP Air Portugal,landing,arrivee,425,250.8,97.6,,,,
2026-05-29,22:24:10,AFR64PQ,F-HBND,Airbus A320,Air France,landing,arrivee,425,245.6,97.4,,,,
2026-05-29,22:26:35,RYR7GJ,EI-HMW,Boeing 737 MAX 8,Ryanair,landing,arrivee,450,278.9,99.9,,,,
2026-05-29,22:29:04,EJU91TW,OE-IDO,Airbus A320,easyJet Europe,landing,arrivee,400,249.8,95.9,,,,
2026-05-29,22:32:22,EJU7690,OE-IDU,Airbus A320,easyJet Europe,landing,arrivee,425,246.7,95.6,,,,
2026-05-29,22:35:39,46b821,SX-NAA,Airbus A321neo,Aegean Airlines,landing,arrivee,475,246.7,95.7,,,,
2026-05-29,22:38:04,TVF34QV,F-GZHA,Boeing 737-800,Transavia France,landing,arrivee,475,275.6,91.3,,,,
2026-05-29,22:40:51,4952cc,CS-TVL,Airbus A320,TAP Air Portugal,landing,arrivee,500,257.2,85.4,,,,
2026-05-29,22:43:48,TAP21MM,CS-TAY,Embraer E195,TAP Air Portugal,landing,arrivee,450,259.7,99.0,,,,
2026-05-29,22:46:16,WJA32,C-GLWS,Boeing 737-700,WestJet,landing,arrivee,450,265.6,96.6,,,,
2026-05-29,22:48:57,440b1e,OE-IWW,Airbus A320,easyJet Europe,landing,arrivee,425,253.2,99.7,,,,
2026-05-29,22:51:43,EJU15UG,OE-LSV,Airbus A320neo,easyJet Europe,landing,arrivee,425,259.7,95.0,,,,
2026-05-29,22:54:19,TAP64M,CS-TJL,Airbus A321neo,TAP Air Portugal,landing,arrivee,450,252.2,94.5,,,,
2026-05-29,22:59:32,TAP43RY,CS-TTR,Airbus A319,TAP Air Portugal,landing,arrivee,475,230.0,86.7,,,,
2026-05-29,23:01:27,EJU74EP,OE-LUE,Airbus A320neo,easyJet Europe,landing,arrivee,450,247.2,89.5,,,,
2026-05-29,23:02:57,TVF47RH,F-HUYS,Boeing 737-800,Transavia France,landing,arrivee,300,284.8,87.7,,,,
2026-05-29,23:04:40,KLM35W,PH-AXA,Airbus A321neo,KLM,landing,arrivee,450,237.4,94.4,,,,
2026-05-29,23:06:39,34134e,EC-HUI,Airbus A321,Iberia,landing,arrivee,425,257.2,96.9,,,,
2026-05-29,23:08:47,RYR68VC,9H-VUA,Boeing 737 MAX 8,Malta Air,landing,arrivee,425,275.6,97.7,,,,
2026-05-29,23:11:44,406ae3,G-EUYW,Airbus A320,British Airways,landing,arrivee,450,247.2,92.8,,,,
2026-05-29,23:14:30,TAP1243,CS-TJN,Airbus A321neo,TAP Air Portugal,landing,arrivee,500,254.8,89.8,,,,
2026-05-29,23:16:09,EJU36BG,OE-LSF,Airbus A320neo,easyJet Europe,landing,arrivee,450,255.6,87.2,,,,
2026-05-29,23:18:40,39d312,F-HUYS,Boeing 737-800,Transavia France,landing,arrivee,425,283.0,94.2,,,,
2026-05-29,23:21:23,4ca95e,EI-HAW,Boeing 737 MAX 8,Ryanair,landing,arrivee,450,274.8,96.1,,,,
2026-05-29,23:24:18,4952c9,CS-TVI,Airbus A320neo,TAP Air Portugal,landing,arrivee,450,227.4,86.8,,,,
2026-05-29,23:26:48,440d6e,OE-LSQ,Airbus A320,easyJet Europe,landing,arrivee,450,263.2,95.1,,,,
2026-05-29,23:29:13,THY2ES,TC-LTB,Airbus A321neo,Turkish Airlines,landing,arrivee,475,240.8,89.9,,,,
2026-05-29,23:32:00,DLH23C,D-AIOB,Airbus A321neo,Lufthansa,landing,arrivee,475,241.5,88.2,,,,
2026-05-29,23:33:49,TAP94KM,CS-TNT,Airbus A320,TAP Air Portugal,landing,arrivee,425,254.1,99.1,,,,
2026-05-29,23:35:42,4952c4,CS-TVD,Airbus A320neo,TAP Air Portugal,landing,arrivee,475,258.4,97.3,,,,
2026-05-29,23:37:52,SWR755L,HB-JPF,Airbus A321neo,Swiss,landing,arrivee,475,265.6,84.3,,,,
2026-05-29,23:42:35,4951d5,CS-TNU,Airbus A320,TAP Air Portugal,landing,arrivee,425,267.1,99.7,,,,
2026-05-29,23:45:20,EJU95BR,OE-IBS,Airbus A320,easyJet Europe,landing,arrivee,450,239.1,98.1,,,,
2026-05-29,23:51:39,3475c9,EC-OCT,Airbus A321,TAP Air Portugal,landing,arrivee,475,246.7,93.2,,,,
2026-05-29,23:54:15,RYR9QJ,9H-QBY,Boeing 737-800,Malta Air,landing,arrivee,450,273.2,95.8,,,,
2026-05-30,00:35:49,WZZ84UJ,9H-WDK,Airbus A321,Wizz Air,landing,arrivee,475,235.6,98.1,,,,
2026-05-30,00:59:56,49526b,CS-TSK,Airbus A320,TAP Air Portugal,landing,arrivee,475,245.6,91.5,,,,
2026-05-30,04:40:20,49530b,CS-TXK,Airbus A321,TAP Air Portugal,landing,arrivee,500,255.6,97.3,,,,
2026-05-30,04:58:12,4952a5,CS-TUE,Airbus A330-900neo,TAP Air Portugal,landing,arrivee,475,262.4,98.5,,,,
2026-05-30,05:03:48,4952a9,CS-TUI,Airbus A330-900neo,TAP Air Portugal,landing,arrivee,525,251.5,90.5,,,,
2026-05-30,05:13:59,495305,CS-TXE,Airbus A321neo,TAP Air Portugal,landing,arrivee,475,262.2,99.3,,,,
2026-05-30,05:22:12,4952ca,CS-TVJ,Airbus A320neo,TAP Air Portugal,landing,arrivee,475,249.1,98.2,,,,
2026-05-30,05:41:17,TAP224,CS-TUO,Airbus A330-900neo,TAP Air Portugal,landing,arrivee,500,247.1,95.0,,,,
2026-05-30,05:50:14,TAP1937,CS-TVB,Airbus A320neo,TAP Air Portugal,landing,arrivee,450,244.8,99.3,,,,
2026-05-30,05:52:13,TAP1528,CS-TVN,Airbus A320neo,TAP Air Portugal,landing,arrivee,450,249.1,95.2,,,,
2026-05-30,05:58:18,495148,CS-TJH,Airbus A321,TAP Air Portugal,landing,arrivee,475,260.4,95.0,,,,
2026-05-30,06:02:29,TAP202A,CS-TXF,Airbus A321neo,TAP Air Portugal,landing,arrivee,475,255.6,86.1,,,,
2026-05-30,06:05:47,495145,CS-TJE,Airbus A321,TAP Air Portugal,landing,arrivee,450,268.7,98.5,,,,
2026-05-30,06:08:44,TAP1544,CS-TJJ,Airbus A321neo,TAP Air Portugal,landing,arrivee,450,233.2,98.4,,,,
2026-05-30,06:18:55,495297,CS-TTW,Embraer E195,TAP Air Portugal,landing,arrivee,475,229.1,99.9,,,,
2026-05-30,06:21:28,495216,CS-TPV,Embraer E190,TAP Air Portugal,landing,arrivee,425,219.1,98.1,,,,
2026-05-30,06:28:43,TAP296,CS-TUA,Airbus A330-900neo,TAP Air Portugal,landing,arrivee,475,238.4,98.2,,,,
2026-05-30,06:32:10,TSC680,CA-GUBO,Airbus A330-300,Air Transat,landing,arrivee,425,235.9,99.4,,,,
2026-05-30,06:39:26,TAP1908,CS-TNR,Airbus A320,TAP Air Portugal,landing,arrivee,400,253.2,97.0,,,,
2026-05-30,06:42:33,CBJ621,B-8982,Airbus A330-200,Capital Airlines,landing,arrivee,450,239.8,98.7,,,,
2026-05-30,06:45:07,AEA1159,EC-NUZ,Boeing 737-800,Air Europa,landing,arrivee,475,247.2,98.8,,,,
2026-05-30,06:48:06,4952c1,CS-TVA,Airbus A320neo,TAP Air Portugal,landing,arrivee,450,234.8,94.7,,,,
2026-05-30,06:50:49,ae189a,05-4613,Boeing 737-700,Unknown US,descending,arrivee,450,233.2,93.2,,,,
2026-05-30,06:54:55,DTA650,D2-TEK,Boeing 777-300ER,TAAG Angola Airlines,landing,arrivee,425,278.2,93.2,,,,
2026-05-30,06:58:42,4952a8,CS-TUH,Airbus A330-900neo,TAP Air Portugal,landing,arrivee,475,262.8,97.8,,,,
2026-05-30,07:02:05,TAP1023,CS-TJM,Airbus A321neo,TAP Air Portugal,landing,arrivee,475,268.9,97.6,,,,
2026-05-30,07:05:21,TAM8146,PT-MUE,Boeing 777-300ER,LATAM Airlines,landing,arrivee,425,268.0,97.4,,,,
2026-05-30,07:08:10,TAP058,CS-TUC,Airbus A330-900neo,TAP Air Portugal,landing,arrivee,425,258.9,96.6,,,,
2026-05-30,07:11:10,TAP40MR,CS-TPY,Embraer E190,TAP Air Portugal,landing,arrivee,450,237.4,92.6,,,,
2026-05-30,07:13:47,TAP1139,CS-TPR,Embraer E190,TAP Air Portugal,landing,arrivee,475,246.7,91.6,,,,
2026-05-30,07:16:21,4952c8,CS-TVH,Airbus A320neo,TAP Air Portugal,landing,arrivee,475,254.1,88.8,,,,
2026-05-30,07:19:00,4952c7,CS-TVG,Airbus A320neo,TAP Air Portugal,landing,arrivee,450,264.8,84.2,,,,
2026-05-30,07:21:51,49529a,CS-TTZ,Embraer E195,TAP Air Portugal,landing,arrivee,450,263.2,95.0,,,,
2026-05-30,07:24:35,TAP85CE,CS-TPX,Embraer E190,TAP Air Portugal,landing,arrivee,450,254.8,99.4,,,,
2026-05-30,07:27:30,e4908e,PR-AIV,Airbus A330-200,Azul,landing,arrivee,425,254.8,95.7,,,,
2026-05-30,07:30:17,TAP945,CS-TVM,Airbus A320neo,TAP Air Portugal,landing,arrivee,425,244.8,86.1,,,,
2026-05-30,07:32:47,TAP9ML,CS-TNS,Airbus A320,TAP Air Portugal,landing,arrivee,425,265.6,99.1,,,,
2026-05-30,07:35:59,346186,EC-NFH,Airbus A320neo,Iberia,landing,arrivee,475,235.6,82.8,,,,
2026-05-30,07:38:57,a539c9,N436DX,Airbus A330-900neo,Delta Air Lines,landing,arrivee,475,264.8,99.5,,,,
2026-05-30,07:41:56,TAP495Y,CS-TPT,Embraer E190,TAP Air Portugal,landing,arrivee,400,243.2,98.7,,,,
2026-05-30,07:44:50,4951d1,CS-TNQ,Airbus A320,TAP Air Portugal,landing,arrivee,425,272.4,97.9,,,,
2026-05-30,07:47:49,a05646,N12010,Boeing 787-10,United Airlines,landing,arrivee,450,285.6,97.4,,,,
2026-05-30,07:50:23,TAP244,CS-TUN,Airbus A330-900neo,TAP Air Portugal,landing,arrivee,400,273.2,97.7,,,,
2026-05-30,07:53:06,TAP1939,CS-TJI,Airbus A321neo,TAP Air Portugal,landing,arrivee,450,273.9,92.8,,,,
2026-05-30,07:55:39,4853d1,PH-HXG,Boeing 737-800,Transavia,landing,arrivee,475,280.0,94.1,,,,
2026-05-30,07:58:24,KPO129,N129NS,GIV SP,Unknown US,landing,arrivee,475,270.8,92.5,,,,
2026-05-30,08:01:23,4952cb,CS-TVK,Airbus A320neo,TAP Air Portugal,landing,arrivee,500,243.2,86.2,,,,
2026-05-30,08:04:01,495293,CS-TTS,Airbus A319,TAP Air Portugal,landing,arrivee,475,245.6,91.2,,,,
2026-05-30,08:07:00,TAP27UZ,CS-TPW,Embraer E190,TAP Air Portugal,landing,arrivee,425,239.8,95.8,,,,
2026-05-30,08:09:54,495153,CS-TJS,Airbus A321neo,TAP Air Portugal,landing,arrivee,450,266.3,94.2,,,,
2026-05-30,08:12:39,345359,EC-MPV,Airbus A321,Vueling,landing,arrivee,425,267.2,95.9,,,,
2026-05-30,08:19:14,TAP53EI,CS-TVR,Airbus A320neo,TAP Air Portugal,landing,arrivee,450,243.2,91.2,,,,
2026-05-30,08:22:15,TAP56DP,CS-TVP,Airbus A320neo,TAP Air Portugal,landing,arrivee,450,243.2,81.8,,,,
2026-05-30,08:25:09,TAP757P,CS-TNV,Airbus A320,TAP Air Portugal,landing,arrivee,425,237.4,94.7,,,,
2026-05-30,08:28:24,4952d1,CS-TVQ,Airbus A320neo,TAP Air Portugal,landing,arrivee,425,258.9,99.6,,,,
2026-05-30,08:31:31,39bdac,F-HPNM,Airbus A220-300,Air France,landing,arrivee,450,247.2,87.4,,,,
2026-05-30,08:35:11,ab5867,N830AN,Boeing 787-9,American Airlines,landing,arrivee,425,275.6,99.9,,,,
2026-05-30,08:39:30,TAP647,CS-TNK,Airbus A320,TAP Air Portugal,landing,arrivee,400,255.9,98.1,,,,
2026-05-30,08:48:54,RYR85KH,SP-RSE,Boeing 737-800,Buzz,landing,arrivee,375,276.3,96.1,,,,
2026-05-30,08:53:27,RUK715,G-RUKA,Boeing 737-800,Ryanair UK,landing,arrivee,425,278.9,91.0,,,,
2026-05-30,08:56:21,48e9f4,SP-RNP,Boeing 737-800,,landing,arrivee,375,275.6,99.2,,,,
2026-05-30,08:59:34,TRA27L,PH-HZW,Boeing 737-800,Transavia,landing,arrivee,400,284.8,95.8,,,,
2026-05-30,09:03:04,3c542e,D-AEAN,A300 B4-622RF,Lufthansa,landing,arrivee,375,254.8,95.5,,,,
2026-05-30,09:05:44,RYR24SE,9H-QBW,Boeing 737-800,Malta Air,landing,arrivee,400,268.9,93.7,,,,
2026-05-30,09:10:21,4952cf,CS-TVO,Airbus A320neo,TAP Air Portugal,landing,arrivee,450,243.2,93.4,,,,
2026-05-30,09:13:02,TAP675,CS-TJO,Airbus A321neo,TAP Air Portugal,landing,arrivee,425,274.8,98.9,,,,
2026-05-30,09:15:48,RYR4XW,EI-HMS,Boeing 737 MAX 8,Ryanair,landing,arrivee,375,284.8,96.0,,,,
2026-05-30,09:18:39,ACA812,C-GHKC,Airbus A330-300,Air Canada,landing,arrivee,400,258.4,96.5,,,,
2026-05-30,09:29:06,THY3WE,TC-LPG,Airbus A321neo,Turkish Airlines,landing,arrivee,450,253.9,85.9,,,,
2026-05-30,09:31:42,348310,EC-OLG,Airbus A330-300,TAP Air Portugal,landing,arrivee,400,264.8,98.4,,,,
2026-05-30,09:37:22,4952c3,CS-TVC,Airbus A320neo,TAP Air Portugal,landing,arrivee,450,265.6,93.3,,,,
2026-05-30,09:40:32,WPT316P,EC-OND,Airbus A330-300,,landing,arrivee,425,250.8,95.8,,,,
2026-05-30,09:46:23,AEE2PT,SX-NEI,Airbus A320,Aegean Airlines,landing,arrivee,425,249.8,88.8,,,,
2026-05-30,09:51:40,TAP012,CS-TXA,Airbus A321neo,TAP Air Portugal,landing,arrivee,450,273.2,99.2,,,,
2026-05-30,09:56:01,TAP210,CS-TUG,Airbus A330-900neo,TAP Air Portugal,landing,arrivee,500,260.8,90.5,,,,
2026-05-30,09:59:00,4076e3,G-NEOU,Airbus A321neo,British Airways,landing,arrivee,500,250.8,88.1,,,,
2026-05-30,10:01:52,EJU97VT,OE-IDO,Airbus A320,easyJet Europe,landing,arrivee,475,266.5,86.2,,,,
2026-05-30,10:04:32,495309,CS-TXI,Airbus A321neo,TAP Air Portugal,landing,arrivee,450,264.7,92.8,,,,
2026-05-30,10:07:20,TAP216L,CS-TXC,Airbus A321neo,TAP Air Portugal,landing,arrivee,425,270.8,98.8,,,,
2026-05-30,10:10:00,NOZ1824,LN-NGK,Boeing 737-800,Norwegian,landing,arrivee,425,270.8,93.7,,,,
2026-05-30,10:12:37,TAP204A,CS-TXB,Airbus A321neo,TAP Air Portugal,landing,arrivee,450,258.4,91.1,,,,
2026-05-30,10:15:22,EZY79RV,G-EZGX,Airbus A320,easyJet,landing,arrivee,425,236.9,88.8,,,,
2026-05-30,10:17:54,TAP010,CS-TXM,Airbus A321,TAP Air Portugal,landing,arrivee,450,244.8,94.2,,,,
2026-05-30,10:20:35,UAL942,N229UA,Boeing 777-200,United Airlines,landing,arrivee,425,244.3,92.3,,,,
2026-05-30,10:23:08,TAP234Y,CS-TXG,Airbus A321neo,TAP Air Portugal,landing,arrivee,450,258.9,93.1,,,,
2026-05-30,10:24:38,9HGME,9H-IRI,C56X,,approach,arrivee,400,129.8,85.5,,,,
2026-05-30,10:30:04,a5325b,N434DX,Airbus A330-900neo,Delta Air Lines,approach,arrivee,475,254.1,96.9,,,,
2026-05-30,10:32:49,TAP088,CS-TUK,Airbus A330-900neo,TAP Air Portugal,landing,arrivee,425,256.5,97.2,,,,
2026-05-30,10:35:16,TAP13LH,CS-TJP,Airbus A321neo,TAP Air Portugal,landing,arrivee,475,234.8,92.6,,,,
2026-05-30,10:38:00,3453cc,EC-MQP,Boeing 737-800,Air Europa,landing,arrivee,450,257.2,94.2,,,,
2026-05-30,10:40:43,TAP1826,CS-TPO,Embraer E190,TAP Air Portugal,landing,arrivee,425,231.5,73.4,,,,
2026-05-30,10:42:53,4ca281,EI-DEI,Airbus A320,Aer Lingus,landing,arrivee,500,258.9,92.4,,,,
2026-05-30,10:46:01,49d66f,,,,landing,arrivee,450,231.9,80.5,,,,
2026-05-30,10:48:34,TAP68JP,CS-TNM,Airbus A320,TAP Air Portugal,landing,arrivee,425,266.5,93.2,,,,
2026-05-30,10:51:30,AZU8900,CS-TSW,Boeing 777-200,Azul,landing,arrivee,425,251.5,95.7,,,,
2026-05-30,10:54:15,TAP11SV,CS-TTW,Embraer E195,TAP Air Portugal,landing,arrivee,450,255.6,70.0,,,,
2026-05-30,10:57:08,TAP262M,CS-TXJ,Airbus A321neo,TAP Air Portugal,landing,arrivee,400,264.8,97.8,,,,
2026-05-30,11:03:12,SWR36K,HB-JDK,Airbus A320neo,Swiss,landing,arrivee,475,263.9,88.1,,,,
2026-05-30,11:10:25,AFR41GW,F-HOZA,Airbus A220-300,Air France,landing,arrivee,475,238.2,66.0,,,,
2026-05-30,11:14:28,EJU74EF,OE-IDU,Airbus A320,easyJet Europe,landing,arrivee,450,253.9,91.6,,,,
2026-05-30,11:19:29,4952ce,CS-TVN,Airbus A320neo,TAP Air Portugal,landing,arrivee,425,233.2,95.1,,,,
2026-05-30,11:23:20,495211,CS-TPQ,Embraer E190,TAP Air Portugal,landing,arrivee,400,249.1,95.2,,,,
2026-05-30,11:26:15,4951d5,CS-TNU,Airbus A320,TAP Air Portugal,landing,arrivee,450,242.4,70.2,,,,
2026-05-30,11:28:54,KLM1579,PH-AXE,Airbus A321neo,KLM,landing,arrivee,450,239.1,85.6,,,,
2026-05-30,11:31:36,347453,EC-NZP,Airbus A320,Iberia,landing,arrivee,475,239.8,86.1,,,,
2026-05-30,11:34:53,ACA810,C-FIVM,Boeing 777-300ER,Air Canada,landing,arrivee,425,261.5,96.0,,,,
2026-05-30,11:37:26,TAP248,CS-TUJ,Airbus A330-900neo,TAP Air Portugal,landing,arrivee,450,263.2,89.8,,,,
2026-05-30,11:42:51,3c6676,D-AISV,Airbus A321,Lufthansa,cruise,,500,0.0,78.8,,,,
2026-05-30,11:45:24,EJU74LC,OE-LSA,Airbus A320neo,easyJet Europe,landing,arrivee,450,264.8,95.6,,,,
2026-05-30,11:52:19,TVF46JB,F-GZHB,Boeing 737-800,Transavia France,landing,arrivee,400,266.9,91.6,,,,
2026-05-30,11:54:10,495298,CS-TTX,Embraer E195,TAP Air Portugal,landing,arrivee,425,254.8,95.4,,,,
2026-05-30,11:56:44,495215,CS-TPU,Embraer E190,TAP Air Portugal,landing,arrivee,450,261.5,89.3,,,,
2026-05-30,11:58:47,TAP1902,CS-TJE,Airbus A321,TAP Air Portugal,landing,arrivee,450,263.2,96.1,,,,
2026-05-30,12:02:30,896315,A6-ENS,Boeing 777-300ER,Emirates,landing,arrivee,450,269.7,93.1,,,,
2026-05-30,12:07:26,44cdc6,OO-SNF,Airbus A320,Brussels Airlines,landing,arrivee,425,258.9,95.4,,,,
2026-05-30,12:10:43,TAM8148,CC-BGM,Boeing 787-9,LATAM Airlines,landing,arrivee,425,274.8,90.5,,,,
2026-05-30,12:18:14,EJU52PB,OE-LSQ,Airbus A320,easyJet Europe,landing,arrivee,425,263.4,92.6,,,,
2026-05-30,12:20:54,495066,CS-TCF,Airbus A330-900neo,TAP Air Portugal,landing,arrivee,450,243.9,91.5,,,,
2026-05-30,12:23:40,440115,OE-LUE,Airbus A320neo,easyJet Europe,landing,arrivee,500,263.2,78.0,,,,
2026-05-30,12:26:19,RYR95SN,EI-HAW,Boeing 737 MAX 8,Ryanair,landing,arrivee,425,274.1,87.9,,,,
2026-05-30,12:28:58,RYR29TL,9H-VUA,Boeing 737 MAX 8,Malta Air,landing,arrivee,400,280.6,98.1,,,,
2026-05-30,12:31:43,4ca9ed,EI-EVP,Boeing 737-800,Ryanair,landing,arrivee,425,273.2,92.1,,,,
2026-05-30,12:34:35,TAP1031,CS-TJF,Airbus A321,TAP Air Portugal,landing,arrivee,450,261.5,87.7,,,,
2026-05-30,12:37:28,495266,CS-TSF,Airbus A321neo,TAP Air Portugal,landing,arrivee,425,277.2,98.9,,,,
2026-05-30,12:46:23,TAP143P,CS-TPZ,Embraer E190,TAP Air Portugal,landing,arrivee,450,236.7,91.9,,,,
2026-05-30,12:48:49,440cf8,OE-IBF,Airbus A320,easyJet Europe,landing,arrivee,450,253.2,91.8,,,,
2026-05-30,12:54:56,TAP1925,CS-TNQ,Airbus A320,TAP Air Portugal,landing,arrivee,450,253.2,96.5,,,,
2026-05-30,13:03:20,4952c7,CS-TVG,Airbus A320neo,TAP Air Portugal,landing,arrivee,450,257.2,99.0,,,,
2026-05-30,13:06:10,EJU14GP,OE-LSF,Airbus A320neo,easyJet Europe,landing,arrivee,400,265.8,98.3,,,,
2026-05-30,13:08:47,TAP10VL,CS-TPT,Embraer E190,TAP Air Portugal,landing,arrivee,375,233.2,99.8,,,,
2026-05-30,13:11:21,TAP145W,CS-TPY,Embraer E190,TAP Air Portugal,landing,arrivee,450,236.7,96.0,,,,
2026-05-30,13:14:04,LOT425,SP-LVI,Boeing 737 MAX 8,LOT Polish Airlines,landing,arrivee,400,266.5,94.8,,,,
2026-05-30,13:18:07,TAP226,CS-TUF,Airbus A330-900neo,TAP Air Portugal,landing,arrivee,425,256.3,94.9,,,,
2026-05-30,13:21:10,VLG8JM,EC-MQL,Airbus A321,Vueling,landing,arrivee,425,253.9,87.4,,,,
2026-05-30,13:24:22,4d2262,9H-QAY,Boeing 737-800,Malta Air,landing,arrivee,450,267.2,82.8,,,,
2026-05-30,13:27:39,TAP1335,CS-TAW,Embraer E195,TAP Air Portugal,landing,arrivee,450,255.9,85.3,,,,
2026-05-30,13:36:45,4952cc,CS-TVL,Airbus A320,TAP Air Portugal,landing,arrivee,450,253.9,92.4,,,,
2026-05-30,13:42:24,TAP43JD,CS-TVD,Airbus A320neo,TAP Air Portugal,landing,arrivee,450,258.9,87.8,,,,
2026-05-30,13:44:57,EJU69GW,OE-IWW,Airbus A320,easyJet Europe,landing,arrivee,475,255.6,87.7,,,,
2026-05-30,13:56:45,TAP86GM,CS-TNT,Airbus A320,TAP Air Portugal,landing,arrivee,450,257.2,91.1,,,,
2026-05-30,13:59:24,TAP1013,CS-TJI,Airbus A321neo,TAP Air Portugal,landing,arrivee,475,264.8,95.7,,,,
2026-05-30,14:03:01,495039,CS-TAY,Embraer E195,TAP Air Portugal,landing,arrivee,475,254.1,92.7,,,,
2026-05-30,14:05:46,495213,CS-TPS,Embraer E190,TAP Air Portugal,landing,arrivee,425,244.8,99.2,,,,
2026-05-30,14:08:24,4952d2,CS-TVR,Airbus A320neo,TAP Air Portugal,landing,arrivee,450,233.2,93.8,,,,
2026-05-30,14:11:21,RYR9494,9H-QDN,Boeing 737-800,Malta Air,landing,arrivee,475,233.9,81.3,,,,
2026-05-30,14:13:14,4ca806,EI-EKH,Boeing 737-800,Ryanair,landing,arrivee,475,271.3,93.3,,,,
2026-05-30,14:17:08,4d211c,9H-IRI,C56X,,approach,arrivee,300,71.5,77.8,,,,
2026-05-30,14:20:46,4952c2,CS-TVB,Airbus A320neo,TAP Air Portugal,landing,arrivee,450,249.8,93.2,,,,
2026-05-30,14:23:31,495212,CS-TPR,Embraer E190,TAP Air Portugal,landing,arrivee,450,229.1,86.2,,,,
2026-05-30,14:26:03,49514b,CS-TJK,Airbus A321neo,TAP Air Portugal,landing,arrivee,450,261.5,98.9,,,,
2026-05-30,14:28:44,495038,CS-TAX,Embraer E195,TAP Air Portugal,landing,arrivee,425,246.3,82.2,,,,
2026-05-30,14:30:41,TAP110,CS-TOO,Airbus A330-200,TAP Air Portugal,landing,arrivee,475,248.0,96.8,,,,
2026-05-30,14:33:37,4952c9,CS-TVI,Airbus A320neo,TAP Air Portugal,landing,arrivee,450,267.2,87.3,,,,
2026-05-30,14:37:18,49514a,CS-TJJ,Airbus A321neo,TAP Air Portugal,cruise,,525,0.0,75.0,,,,
2026-05-30,14:40:30,EZS79YP,HB-JXE,Airbus A320,Austrian Airlines,landing,arrivee,475,254.8,88.4,,,,
2026-05-30,14:43:27,SWR2BK,HB-JPA,Airbus A321neo,Swiss,landing,arrivee,425,261.5,97.0,,,,
2026-05-30,14:45:52,RYR8HG,EI-DWV,Boeing 737-800,Ryanair,landing,arrivee,450,269.7,92.6,,,,
2026-05-30,14:48:49,49d287,OK-TVV,Boeing 737-800,Eurowings,landing,arrivee,425,278.7,91.0,,,,
2026-05-30,14:51:23,TAP1151,CS-TTZ,Embraer E195,TAP Air Portugal,landing,arrivee,475,266.5,86.7,,,,
2026-05-30,14:54:00,4867c2,PH-AXG,Airbus A321neo,KLM,landing,arrivee,525,268.2,92.3,,,,
2026-05-30,14:56:58,EJU41HA,OE-LSV,Airbus A320neo,easyJet Europe,landing,arrivee,450,244.3,95.9,,,,
2026-05-30,14:59:35,TAP931L,CS-TVM,Airbus A320neo,TAP Air Portugal,landing,arrivee,475,270.8,86.5,,,,
2026-05-30,15:02:12,AFR37EQ,F-GKXZ,Airbus A320,Air France,landing,arrivee,475,256.5,89.1,,,,
2026-05-30,15:05:03,495216,CS-TPV,Embraer E190,TAP Air Portugal,landing,arrivee,450,249.1,96.6,,,,
2026-05-30,15:07:54,495305,CS-TXE,Airbus A321neo,TAP Air Portugal,landing,arrivee,500,263.2,98.4,,,,
2026-05-30,15:09:25,9HGME,9H-IRI,C56X,,approach,arrivee,850,236.5,59.8,,,,
2026-05-30,15:10:55,AEA12AT,EC-MXM,Boeing 737-800,Air Europa,landing,arrivee,325,263.9,87.2,,,,
2026-05-30,15:14:14,TAP1127,CS-TVK,Airbus A320neo,TAP Air Portugal,landing,arrivee,500,247.2,98.9,,,,
2026-05-30,15:17:31,EZY35DC,G-EZFW,Airbus A319,easyJet,landing,arrivee,475,244.3,86.9,,,,
2026-05-30,15:19:42,502d24,YL-AAV,A220 300,Swiss,landing,arrivee,500,252.2,85.5,,,,
2026-05-30,15:22:38,SWT131,EC-MAF,ATR 72 500F,Swiftair,landing,arrivee,500,201.7,89.2,,,,
2026-05-30,15:26:01,407fca,G-TNEB,Airbus A321neo,British Airways,cruise,,525,0.0,75.0,,,,
2026-05-30,15:28:22,48b9c9,SP-OOK,400 XP,Buzz,landing,arrivee,475,217.6,92.1,,,,
2026-05-30,15:30:16,THY4GH,TC-LOB,Airbus A330-300,Turkish Airlines,landing,arrivee,475,263.9,95.9,,,,
2026-05-30,15:32:47,3c6759,D-AIZY,Airbus A320,Lufthansa,landing,arrivee,475,264.8,92.7,,,,
2026-05-30,15:34:58,FIN96W,OH-LZT,Airbus A321,Finnair,landing,arrivee,500,269.7,88.9,,,,
2026-05-30,15:39:20,495309,CS-TXI,Airbus A321neo,TAP Air Portugal,landing,arrivee,475,248.4,93.9,,,,
2026-05-30,15:42:35,TAP83RS,CS-TJH,Airbus A321,TAP Air Portugal,landing,arrivee,450,274.8,96.6,,,,
2026-05-30,15:44:57,EJU15PC,OE-IDO,Airbus A320,easyJet Europe,landing,arrivee,475,250.8,85.0,,,,
2026-05-30,15:46:28,DLH03H,D-AIDK,Airbus A321,Lufthansa,landing,arrivee,450,285.6,90.1,,,,
2026-05-30,15:49:45,495274,CS-TST,767 34PER,TAP Air Portugal,landing,arrivee,500,268.7,94.1,,,,
2026-05-30,15:52:18,TAP27PS,CS-TXH,Airbus A321neo,TAP Air Portugal,landing,arrivee,450,261.5,92.8,,,,
2026-05-30,15:54:54,4951d3,CS-TNS,Airbus A320,TAP Air Portugal,landing,arrivee,475,253.2,91.6,,,,
2026-05-30,15:57:25,TAP10NL,CS-TNK,Airbus A320,TAP Air Portugal,landing,arrivee,475,253.2,88.1,,,,
2026-05-30,16:00:04,TAP763,CS-TVF,Airbus A320neo,TAP Air Portugal,landing,arrivee,475,242.4,88.0,,,,
2026-05-30,16:02:58,EWG36AZ,D-AEEB,Airbus A321,Eurowings,landing,arrivee,450,258.4,94.7,,,,
2026-05-30,16:06:03,348603,EC-OTG,Bombardier CRJ-1000,Air Nostrum,landing,arrivee,475,253.2,89.1,,,,
2026-05-30,16:09:08,495304,CS-TXD,Airbus A321neo,TAP Air Portugal,landing,arrivee,475,278.0,97.1,,,,
2026-05-30,16:12:10,4952ca,CS-TVJ,Airbus A320neo,TAP Air Portugal,landing,arrivee,475,266.5,93.5,,,,
2026-05-30,16:15:19,TAP1137,CS-TPQ,Embraer E190,TAP Air Portugal,landing,arrivee,475,253.2,94.9,,,,
2026-05-30,16:17:47,49530b,CS-TXK,Airbus A321,TAP Air Portugal,landing,arrivee,500,267.2,89.1,,,,
2026-05-30,16:20:40,TAP9745,CS-TNX,Airbus A320,TAP Air Portugal,landing,arrivee,450,225.9,99.9,,,,
2026-05-30,16:23:24,495297,CS-TTW,Embraer E195,TAP Air Portugal,landing,arrivee,475,263.2,90.1,,,,
2026-05-30,16:26:15,49526b,CS-TSK,Airbus A320,TAP Air Portugal,landing,arrivee,500,249.8,95.7,,,,
2026-05-30,16:28:52,49514c,CS-TJL,Airbus A321neo,TAP Air Portugal,cruise,,500,0.0,87.8,,,,
2026-05-30,16:31:25,49514d,CS-TJM,Airbus A321neo,TAP Air Portugal,landing,arrivee,525,260.9,77.7,,,,
2026-05-30,16:33:58,TAP56DT,CS-TNR,Airbus A320,TAP Air Portugal,landing,arrivee,450,253.2,95.1,,,,
2026-05-30,16:36:44,TAP433,CS-TVO,Airbus A320neo,TAP Air Portugal,landing,arrivee,475,245.9,87.2,,,,
2026-05-30,16:39:24,495292,CS-TTR,Airbus A319,TAP Air Portugal,landing,arrivee,475,244.3,95.3,,,,
2026-05-30,16:41:57,4b1817,HB-JDF,Airbus A320neo,Swiss,landing,arrivee,500,255.6,89.5,,,,
2026-05-30,16:44:24,4952d1,CS-TVQ,Airbus A320neo,TAP Air Portugal,landing,arrivee,525,263.9,89.1,,,,
2026-05-30,16:47:00,RYR5KT,9H-QDF,Boeing 737-800,Malta Air,approach,arrivee,475,0.0,92.1,,,,
2026-05-30,16:49:55,TAP71VE,CS-TJN,Airbus A321neo,TAP Air Portugal,landing,arrivee,500,270.4,91.8,,,,
2026-05-30,16:52:37,RZO122,CS-TSM,Airbus A320,TAP Air Portugal,landing,arrivee,525,249.1,76.0,,,,
2026-05-30,16:54:58,495307,CS-TXG,Airbus A321neo,TAP Air Portugal,landing,arrivee,550,272.1,72.4,,,,
2026-05-30,16:58:07,EJU81TJ,OE-LSA,Airbus A320neo,easyJet Europe,landing,arrivee,500,246.7,88.3,,,,
2026-05-30,17:00:45,AWC661,G-POWX,Embraer E190,,landing,arrivee,450,250.0,90.9,,,,
2026-05-30,17:03:24,4d2262,9H-QAY,Boeing 737-800,Malta Air,landing,arrivee,475,280.6,94.4,,,,
2026-05-30,17:06:31,VLG9QY,EC-OFH,Airbus A320,Vueling,landing,arrivee,475,249.1,95.3,,,,
2026-05-30,17:08:47,3c648f,D-AIDO,Airbus A321,Eurowings,landing,arrivee,475,266.5,89.7,,,,
2026-05-30,17:11:35,4caee6,EI-ILF,Boeing 737 MAX 8,Ryanair,landing,arrivee,450,281.3,97.3,,,,
2026-05-30,17:14:09,TAP23SL,CS-TUD,Airbus A330-900neo,TAP Air Portugal,landing,arrivee,500,248.0,94.5,,,,
2026-05-30,17:17:35,EJU45HZ,OE-LSQ,Airbus A320,easyJet Europe,landing,arrivee,475,257.2,97.0,,,,
2026-05-30,17:26:34,3964f1,F-GZHR,Boeing 737-800,Transavia France,landing,arrivee,425,283.0,99.3,,,,
2026-05-30,17:29:14,4d2264,9H-QDJ,Boeing 737-800,Malta Air,landing,arrivee,475,274.1,96.3,,,,
2026-05-30,17:32:19,AFR24MF,F-HOZF,Airbus A220-300,Air France,landing,arrivee,500,235.6,91.7,,,,
2026-05-30,17:34:57,RYR12SN,EI-EVO,Boeing 737-800,Ryanair,landing,arrivee,450,280.0,96.1,,,,
2026-05-30,17:38:36,TAP1824,CS-TUI,Airbus A330-900neo,TAP Air Portugal,landing,arrivee,550,240.8,80.0,,,,
2026-05-30,17:41:16,495171,CS-TKQ,Airbus A320,TAP Air Portugal,landing,arrivee,475,260.0,85.6,,,,
2026-05-30,17:43:45,RAM982,CN-RNZ,Boeing 737-800,Royal Air Maroc,landing,arrivee,450,279.7,95.2,,,,
2026-05-30,17:46:24,484186,PH-HZL,Boeing 737-800,Transavia,landing,arrivee,475,278.0,89.2,,,,
2026-05-30,17:48:56,TAP643,CS-TNV,Airbus A320,TAP Air Portugal,landing,arrivee,475,261.7,93.3,,,,
2026-05-30,17:51:53,TAP1861,CS-TJP,Airbus A321neo,TAP Air Portugal,landing,arrivee,475,267.2,84.0,,,,
2026-05-30,17:55:12,4077e0,G-NEOW,Airbus A321neo,British Airways,landing,arrivee,500,247.2,87.3,,,,
2026-05-30,17:58:07,495215,CS-TPU,Embraer E190,TAP Air Portugal,landing,arrivee,450,232.4,93.9,,,,
2026-05-30,18:00:23,TAP781,EC-OCT,Airbus A321,TAP Air Portugal,landing,arrivee,475,263.2,95.9,,,,
2026-05-30,18:03:12,4952c1,CS-TVA,Airbus A320neo,TAP Air Portugal,landing,arrivee,550,240.8,83.5,,,,
2026-05-30,18:05:31,4ca647,EI-DYE,Boeing 737-800,Ryanair,landing,arrivee,500,273.9,95.2,,,,
2026-05-30,18:08:38,4952c8,CS-TVH,Airbus A320neo,TAP Air Portugal,landing,arrivee,500,267.2,92.8,,,,
2026-05-30,18:11:26,400f02,G-EZBH,Airbus A319,easyJet,landing,arrivee,500,245.2,91.3,,,,
2026-05-30,18:15:41,4952b3,CS-TUS,Airbus A330-900neo,TAP Air Portugal,landing,arrivee,450,254.5,98.7,,,,
2026-05-30,18:20:56,TAP435,CS-TNM,Airbus A320,TAP Air Portugal,landing,arrivee,475,254.8,91.1,,,,
2026-05-30,18:23:50,48683f,PH-YHT,Airbus A321neo,Transavia,landing,arrivee,500,283.0,89.1,,,,
2026-05-30,18:27:23,VLG7PA,EC-LOP,Airbus A320,Vueling,landing,arrivee,525,241.5,74.2,,,,
2026-05-30,18:30:24,495153,CS-TJS,Airbus A321neo,TAP Air Portugal,landing,arrivee,525,261.5,89.5,,,,
2026-05-30,18:33:13,TVF72AP,F-HXSH,Airbus A320neo,Transavia France,landing,arrivee,475,239.8,99.1,,,,
2026-05-30,18:36:14,495039,CS-TAY,Embraer E195,TAP Air Portugal,landing,arrivee,475,242.4,97.6,,,,
2026-05-30,18:41:39,EJU86ME,OE-IDU,Airbus A320,easyJet Europe,landing,arrivee,475,249.3,71.8,,,,
2026-05-30,18:44:26,VLG4JP,EC-MLD,Airbus A321,Vueling,landing,arrivee,475,255.6,90.4,,,,
2026-05-30,18:47:25,TAP1906,CS-TVK,Airbus A320neo,TAP Air Portugal,landing,arrivee,500,265.6,99.8,,,,
2026-05-30,18:50:16,RZO3154,CS-TKP,Airbus A320,TAP Air Portugal,landing,arrivee,450,249.8,99.8,,,,
2026-05-30,18:53:55,4d2270,9H-QBA,Boeing 737-800,Malta Air,landing,arrivee,450,275.6,81.3,,,,
2026-05-30,18:57:29,TAP10EV,CS-TPS,Embraer E190,TAP Air Portugal,landing,arrivee,425,222.6,98.3,,,,
2026-05-30,18:59:52,440c31,OE-LKY,Airbus A319,easyJet Europe,landing,arrivee,500,244.5,95.0,,,,
2026-05-30,19:02:59,495218,CS-TPX,Embraer E190,TAP Air Portugal,landing,arrivee,525,232.4,96.7,,,,
2026-05-30,19:05:38,AEA1157,EC-MVY,Boeing 737-800,Air Europa,landing,arrivee,450,263.2,96.5,,,,
2026-05-30,19:08:07,4ca9ed,EI-EVP,Boeing 737-800,Ryanair,landing,arrivee,500,268.9,88.9,,,,
2026-05-30,19:11:11,TAP1017,CS-TVB,Airbus A320neo,TAP Air Portugal,landing,arrivee,450,258.0,85.3,,,,
2026-05-30,19:15:42,KLM71Y,PH-AXB,Airbus A321neo,KLM,landing,arrivee,525,239.1,84.2,,,,
2026-05-30,19:19:00,UAE5M,A6-EPU,Boeing 777-300ER,Emirates,landing,arrivee,400,256.5,93.9,,,,
2026-05-30,19:21:59,4d210e,9H-ILV,Challenger 850,VistaJet,landing,arrivee,525,260.8,74.6,,,,
2026-05-30,19:24:28,4ca857,EI-EMO,Boeing 737-800,Ryanair,landing,arrivee,475,275.6,91.1,,,,
2026-05-30,19:30:23,RYR59QQ,9H-VVA,Boeing 737 MAX 8,Malta Air,landing,arrivee,475,277.6,93.6,,,,
2026-05-30,19:36:36,49520f,CS-TPO,Embraer E190,TAP Air Portugal,landing,arrivee,475,234.8,84.0,,,,
2026-05-30,19:40:10,TAP403Z,CS-TPY,Embraer E190,TAP Air Portugal,landing,arrivee,450,233.9,87.9,,,,
2026-05-30,19:43:08,TAP48M,CS-TPZ,Embraer E190,TAP Air Portugal,landing,arrivee,450,244.3,96.6,,,,
2026-05-30,19:45:54,49530a,CS-TXJ,Airbus A321neo,TAP Air Portugal,landing,arrivee,500,262.4,99.8,,,,
2026-05-30,19:49:53,TAP473H,CS-TAW,Embraer E195,TAP Air Portugal,landing,arrivee,475,251.7,90.4,,,,
2026-05-30,19:52:30,4951d5,CS-TNU,Airbus A320,TAP Air Portugal,landing,arrivee,525,257.2,88.8,,,,
2026-05-30,19:56:01,BTI8WF,YL-ABI,A220 300,Air Baltic,landing,arrivee,500,250.8,96.9,,,,
2026-05-30,19:58:40,RYR7VL,9H-QEL,Boeing 737-800,Malta Air,landing,arrivee,475,268.7,87.7,,,,
2026-05-30,20:01:52,440389,OE-7120,EuroFox,easyJet Europe,landing,arrivee,525,248.4,77.8,,,,
2026-05-30,20:04:33,TAP94VA,CS-TVL,Airbus A320,TAP Air Portugal,landing,arrivee,500,258.0,92.6,,,,
2026-05-30,20:07:20,TAP1478,CS-TVP,Airbus A320neo,TAP Air Portugal,landing,arrivee,475,273.9,87.6,,,,
2026-05-30,20:09:55,DTA652,D2-TEJ,Boeing 777-300ER,TAAG Angola Airlines,landing,arrivee,475,288.2,94.2,,,,
2026-05-30,20:12:36,4d21ef,9H-QAG,Boeing 737-800,Malta Air,landing,arrivee,475,263.2,86.7,,,,
2026-05-30,20:15:31,4951d1,CS-TNQ,Airbus A320,TAP Air Portugal,landing,arrivee,450,256.5,99.9,,,,
2026-05-30,20:18:19,495298,CS-TTX,Embraer E195,TAP Air Portugal,landing,arrivee,475,244.6,92.0,,,,
2026-05-30,20:20:44,4cae57,EI-IJG,Boeing 737 MAX 8,Ryanair,landing,arrivee,450,268.2,96.2,,,,
2026-05-30,20:23:41,495038,CS-TAX,Embraer E195,TAP Air Portugal,landing,arrivee,475,249.8,93.3,,,,
2026-05-30,20:26:15,34469a,EC-MGZ,Airbus A321,Vueling,landing,arrivee,500,249.1,79.8,,,,
2026-05-30,20:28:46,TAP835,CS-TJE,Airbus A321,TAP Air Portugal,landing,arrivee,500,273.9,84.5,,,,
2026-05-30,20:31:31,EJU19TV,OE-LSF,Airbus A320neo,easyJet Europe,cruise,,525,0.0,79.7,,,,
2026-05-30,20:34:32,TAP4TL,CS-TTZ,Embraer E195,TAP Air Portugal,landing,arrivee,425,240.0,87.7,,,,
2026-05-30,20:37:00,EZY26YM,G-EJCI,Airbus A320,easyJet,landing,arrivee,475,249.1,97.7,,,,
2026-05-30,20:40:09,TAP1019,CS-TPQ,Embraer E190,TAP Air Portugal,landing,arrivee,450,234.8,91.7,,,,
2026-05-30,20:42:48,TAP563,CS-TVC,Airbus A320neo,TAP Air Portugal,landing,arrivee,475,234.3,99.3,,,,
2026-05-30,20:45:07,RYR9PA,EI-HGR,Boeing 737 MAX 8,Ryanair,landing,arrivee,475,281.3,81.7,,,,
2026-05-30,20:47:54,44cdc9,OO-SNI,Airbus A320,Brussels Airlines,landing,arrivee,475,249.8,88.7,,,,
2026-05-30,20:50:58,TAP755,CS-TJO,Airbus A321neo,TAP Air Portugal,landing,arrivee,400,267.2,96.6,,,,
2026-05-30,20:53:43,405b6a,G-EZDR,Airbus A319,easyJet,landing,arrivee,475,235.6,89.1,,,,
2026-05-30,20:56:20,4d20be,9H-WMJ,Airbus A321neo,Wizz Air,landing,arrivee,500,269.7,86.7,,,,
2026-05-30,20:59:21,495217,CS-TPW,Embraer E190,TAP Air Portugal,landing,arrivee,475,234.3,99.4,,,,
2026-05-30,21:02:25,TAP53ED,CS-TVN,Airbus A320neo,TAP Air Portugal,landing,arrivee,475,229.1,94.6,,,,
2026-05-30,21:05:00,4d2418,9H-EWH,Airbus A320,Eurowings,landing,arrivee,500,249.1,87.6,,,,
2026-05-30,21:06:56,440115,OE-LUE,Airbus A320neo,easyJet Europe,landing,arrivee,500,253.2,89.0,,,,
2026-05-30,21:08:45,VLG14YF,EC-MGE,Airbus A320,Vueling,landing,arrivee,500,243.2,95.5,,,,
2026-05-30,21:12:13,4951f0,CS-TOP,Airbus A330-200,TAP Air Portugal,landing,arrivee,450,240.8,98.3,,,,
2026-05-30,21:15:21,345543,EC-MRI,Bombardier CRJ-1000,Air Nostrum,landing,arrivee,475,227.4,88.7,,,,
2026-05-30,21:18:36,PGT1741,TC-NCD,Airbus A320neo,Pegasus,landing,arrivee,475,214.3,88.0,,,,
2026-05-30,21:20:58,TAP437X,CS-TVI,Airbus A320neo,TAP Air Portugal,landing,arrivee,450,241.7,92.5,,,,
2026-05-30,21:24:02,WJA32,C-GLWS,Boeing 737-700,WestJet,landing,arrivee,425,238.4,93.5,,,,
2026-05-30,21:26:44,495146,CS-TJF,Airbus A321,TAP Air Portugal,landing,arrivee,450,247.2,90.8,,,,
2026-05-30,21:29:47,TAP37CN,CS-TPV,Embraer E190,TAP Air Portugal,landing,arrivee,425,228.9,92.0,,,,
2026-05-30,21:32:27,4ca564,EI-DPY,Boeing 737-800,Ryanair,landing,arrivee,475,267.2,85.3,,,,
2026-05-30,21:35:42,4bb864,TC-NCD,Airbus A320neo,Pegasus,landing,arrivee,475,212.6,86.6,,,,
2026-05-30,21:38:17,LZB563,LZ-ROM,A220-300,Bulgaria Air,landing,arrivee,475,238.4,92.8,,,,
2026-05-30,21:40:59,504e84,ER-00001,Airbus A321,Fly One,landing,arrivee,450,251.7,86.5,,,,
2026-05-30,21:43:40,096028,D4-CCJ,Boeing 737 MAX 8,TACV Cabo Verde Airlines,landing,arrivee,400,272.4,98.0,,,,
2026-05-30,21:46:34,TAP885,CS-TPT,Embraer E190,TAP Air Portugal,landing,arrivee,375,230.0,86.6,,,,
2026-05-30,21:49:06,EJU32GK,OE-IBS,Airbus A320,easyJet Europe,landing,arrivee,450,242.2,92.1,,,,
2026-05-30,21:51:55,TAP1692,CS-TJH,Airbus A321,TAP Air Portugal,landing,arrivee,450,257.2,93.0,,,,
2026-05-30,21:55:01,ASL41G,YU-APC,Airbus A319,Air Serbia,landing,arrivee,500,220.2,91.2,,,,
2026-05-30,21:58:04,SAS2801,OY-JZT,Boeing 737-800,SAS Scandinavian,landing,arrivee,450,238.4,93.8,,,,
2026-05-30,22:01:07,4952c7,CS-TVG,Airbus A320neo,TAP Air Portugal,landing,arrivee,475,210.2,86.8,,,,
2026-05-30,22:04:00,LBT6148,TS-INQ,Airbus A320,Nouvelair Tunisie,landing,arrivee,450,232.2,93.6,,,,
2026-05-30,22:06:28,EJU74EP,OE-LSA,Airbus A320neo,easyJet Europe,landing,arrivee,475,243.2,97.4,,,,
2026-05-30,22:09:03,DLH34J,D-AISH,Airbus A321,Lufthansa,landing,arrivee,475,267.2,94.2,,,,
2026-05-30,22:12:14,RZO134,CS-TSY,Airbus A320,TAP Air Portugal,landing,arrivee,450,229.1,95.3,,,,
2026-05-30,22:14:49,440cf8,OE-IBF,Airbus A320,easyJet Europe,landing,arrivee,450,249.1,91.9,,,,
2026-05-30,22:17:48,392ae7,F-GKXH,Airbus A320,Air France,landing,arrivee,450,242.4,94.5,,,,
2026-05-30,22:20:46,TAP1369,CS-TJJ,Airbus A321neo,TAP Air Portugal,landing,arrivee,475,230.0,86.5,,,,
2026-05-30,22:23:57,49514b,CS-TJK,Airbus A321neo,TAP Air Portugal,landing,arrivee,475,214.1,87.3,,,,
2026-05-30,22:26:22,EJU71TK,OE-IWW,Airbus A320,easyJet Europe,landing,arrivee,450,248.4,93.8,,,,
2026-05-30,22:29:11,TAP837,CS-TJI,Airbus A321neo,TAP Air Portugal,landing,arrivee,450,266.5,91.9,,,,
2026-05-30,22:32:00,DLH64P,D-AIDM,Airbus A321,Lufthansa,landing,arrivee,450,254.8,87.9,,,,
2026-05-30,22:34:42,TAP555,CS-TNT,Airbus A320,TAP Air Portugal,landing,arrivee,450,237.4,97.4,,,,
2026-05-30,22:36:48,TVF47RH,F-HUYN,Boeing 737-800,Transavia France,landing,arrivee,450,258.4,94.4,,,,
2026-05-30,22:40:28,440d6e,OE-LSQ,Airbus A320,easyJet Europe,landing,arrivee,500,243.9,86.2,,,,
2026-05-30,22:42:59,4952c4,CS-TVD,Airbus A320neo,TAP Air Portugal,landing,arrivee,450,254.8,89.9,,,,
2026-05-30,22:45:29,RYR98HW,9H-QDN,Boeing 737-800,Malta Air,landing,arrivee,450,272.4,96.3,,,,
2026-05-30,22:47:34,495218,CS-TPX,Embraer E190,TAP Air Portugal,landing,arrivee,475,231.9,94.6,,,,
2026-05-30,22:50:17,TVF34QV,F-GZHK,Boeing 737-800,Transavia France,landing,arrivee,425,268.9,95.0,,,,
2026-05-30,22:53:17,BAW508,G-TNEI,Airbus A321neo,British Airways,landing,arrivee,475,222.2,83.3,,,,
2026-05-30,22:56:10,TAP21MM,CS-TAY,Embraer E195,TAP Air Portugal,landing,arrivee,475,237.4,95.1,,,,
2026-05-30,22:58:46,EJU45UK,OE-LSV,Airbus A320neo,easyJet Europe,landing,arrivee,450,249.8,89.0,,,,
2026-05-30,23:01:37,4951cc,CS-TNL,Airbus A320,TAP Air Portugal,landing,arrivee,475,247.2,95.9,,,,
2026-05-30,23:03:37,TAP43RY,CS-TVJ,Airbus A320neo,TAP Air Portugal,landing,arrivee,450,226.7,99.2,,,,
2026-05-30,23:06:12,AEE7PT,SX-NET,Airbus A320neo,Aegean Airlines,landing,arrivee,500,235.6,76.3,,,,
2026-05-30,23:11:07,4b194c,HB-JPC,Airbus A321,Swiss,landing,arrivee,475,234.8,85.8,,,,
2026-05-30,23:15:50,IBE0539,EC-NFI,Airbus A320neo,Iberia,landing,arrivee,425,223.2,94.7,,,,
2026-05-30,23:17:55,RYR67PW,9H-QAY,Boeing 737-800,Malta Air,landing,arrivee,425,258.0,97.0,,,,
2026-05-30,23:24:35,495297,CS-TTW,Embraer E195,TAP Air Portugal,landing,arrivee,475,241.5,74.0,,,,
2026-05-30,23:27:14,440daf,OE-IDU,Airbus A320,easyJet Europe,landing,arrivee,525,237.4,63.6,,,,
2026-05-30,23:29:25,3c64ad,D-AIEM,Airbus A321neo,Lufthansa,landing,arrivee,500,254.8,88.0,,,,
2026-05-30,23:32:19,49514d,CS-TJM,Airbus A321neo,TAP Air Portugal,landing,arrivee,475,253.9,89.2,,,,
2026-05-30,23:35:16,486741,PH-AXC,Airbus A321neo,KLM,landing,arrivee,475,249.1,93.6,,,,
2026-05-30,23:37:44,TAP94KM,CS-TTR,Airbus A319,TAP Air Portugal,landing,arrivee,450,237.4,94.4,,,,
2026-05-30,23:40:17,TAP645,CS-TVM,Airbus A320neo,TAP Air Portugal,landing,arrivee,425,234.8,99.1,,,,
2026-05-30,23:42:25,4d220b,9H-QCS,Boeing 737-800,Malta Air,landing,arrivee,475,255.6,91.3,,,,
2026-05-30,23:55:30,RYR384,EI-EVP,Boeing 737-800,Ryanair,landing,arrivee,350,274.8,90.9,,,,
2026-05-31,00:05:47,TAP39PT,EC-OCT,Airbus A321,TAP Air Portugal,landing,arrivee,450,231.5,91.5,,,,
2026-05-31,00:49:35,RZO142,CS-TKQ,Airbus A320,TAP Air Portugal,landing,arrivee,425,253.2,98.9,,,,
2026-05-31,02:11:17,493299,CS-LTY,680A Citation Latitude,NetJets,landing,arrivee,500,170.8,74.6,,,,
2026-05-31,04:36:52,4952b2,CS-TUR,Airbus A330-900neo,TAP Air Portugal,landing,arrivee,525,252.4,87.2,,,,
2026-05-31,04:48:11,49530d,CS-TXM,Airbus A321,TAP Air Portugal,landing,arrivee,525,249.1,86.6,,,,
2026-05-31,05:02:29,TAP202A,CS-TXB,Airbus A321neo,TAP Air Portugal,landing,arrivee,500,241.5,96.8,,,,
2026-05-31,05:05:04,4952ac,CS-TUL,Airbus A330-900neo,TAP Air Portugal,landing,arrivee,500,246.7,98.1,,,,
2026-05-31,05:08:29,TAP082,CS-TUM,Airbus A330-900neo,TAP Air Portugal,landing,arrivee,450,243.2,97.7,,,,
2026-05-31,05:27:38,TAP218,CS-TXC,Airbus A321neo,TAP Air Portugal,landing,arrivee,500,249.8,94.0,,,,
2026-05-31,05:31:56,495146,CS-TJF,Airbus A321,TAP Air Portugal,landing,arrivee,525,248.7,93.0,,,,
2026-05-31,05:35:16,TAP25YZ,CS-TXF,Airbus A321neo,TAP Air Portugal,landing,arrivee,450,248.4,95.7,,,,
2026-05-31,05:48:46,TAP058,CS-TUC,Airbus A330-900neo,TAP Air Portugal,landing,arrivee,475,244.8,98.2,,,,
2026-05-31,05:51:58,4951ce,CS-TNN,Airbus A320,TAP Air Portugal,landing,arrivee,500,245.6,91.3,,,,
2026-05-31,06:05:59,TAP1550,CS-TJE,Airbus A321,TAP Air Portugal,landing,arrivee,475,258.9,97.8,,,,
2026-05-31,06:09:28,495219,CS-TPY,Embraer E190,TAP Air Portugal,landing,arrivee,475,220.2,92.7,,,,
2026-05-31,06:14:03,TAP1484,CS-TVP,Airbus A320neo,TAP Air Portugal,landing,arrivee,525,253.2,79.3,,,,
2026-05-31,06:17:15,4ca762,EI-EFG,Boeing 737-800,Ryanair,landing,arrivee,500,251.5,95.0,,,,
2026-05-31,06:21:24,TAP1544,CS-TVH,Airbus A320neo,TAP Air Portugal,landing,arrivee,500,228.4,88.3,,,,
2026-05-31,06:24:21,4952a5,CS-TUE,Airbus A330-900neo,TAP Air Portugal,landing,arrivee,525,241.5,89.2,,,,
2026-05-31,06:26:52,TAP11VP,CS-TPV,Embraer E190,TAP Air Portugal,landing,arrivee,475,228.4,96.0,,,,
2026-05-31,06:35:55,344297,EC-LQX,Boeing 737-800,Air Europa,landing,arrivee,550,239.1,89.3,,,,
2026-05-31,06:42:46,c06a7d,C-GOIM,Airbus A321neo,Air Transat,landing,arrivee,500,236.7,91.1,,,,
2026-05-31,06:45:35,4952ce,CS-TVN,Airbus A320neo,TAP Air Portugal,landing,arrivee,525,225.9,90.5,,,,
2026-05-31,06:48:24,TAP41SN,CS-TVI,Airbus A320neo,TAP Air Portugal,landing,arrivee,475,234.3,91.3,,,,
2026-05-31,06:51:03,4951d1,CS-TNQ,Airbus A320,TAP Air Portugal,landing,arrivee,475,251.5,96.3,,,,
2026-05-31,06:54:05,4950e4,CS-TGD,Airbus A330-200,Azul,cruise,,525,0.0,86.5,,,,
2026-05-31,06:57:54,4951d4,CS-TNT,Airbus A320,TAP Air Portugal,landing,arrivee,525,239.8,85.8,,,,
2026-05-31,07:00:27,DTA650,D2-TEK,Boeing 777-300ER,TAAG Angola Airlines,landing,arrivee,500,274.8,94.7,,,,
2026-05-31,07:03:21,TAP1941,CS-TNU,Airbus A320,TAP Air Portugal,landing,arrivee,475,237.6,95.7,,,,
2026-05-31,07:06:11,TAP296,CS-TUG,Airbus A330-900neo,TAP Air Portugal,landing,arrivee,525,245.6,95.2,,,,
2026-05-31,07:09:20,TAP40MR,CS-TPS,Embraer E190,TAP Air Portugal,landing,arrivee,525,231.5,90.1,,,,
2026-05-31,07:12:00,TAM8146,PT-MUF,Boeing 777-300ER,LATAM Airlines,landing,arrivee,450,260.8,95.0,,,,
2026-05-31,07:14:51,495037,CS-TAW,Embraer E195,TAP Air Portugal,landing,arrivee,500,223.5,92.5,,,,
2026-05-31,07:18:01,4952cf,CS-TVO,Airbus A320neo,TAP Air Portugal,landing,arrivee,500,227.4,92.1,,,,
2026-05-31,07:20:48,TAP85CE,CS-TTX,Embraer E195,TAP Air Portugal,landing,arrivee,575,240.4,91.3,,,,
2026-05-31,07:22:49,4952c3,CS-TVC,Airbus A320neo,TAP Air Portugal,landing,arrivee,475,252.2,90.4,,,,
2026-05-31,07:25:49,TAP945,CS-TJS,Airbus A321neo,TAP Air Portugal,landing,arrivee,500,234.8,93.2,,,,
2026-05-31,07:28:38,a53612,N435DX,Airbus A330-900neo,Delta Air Lines,landing,arrivee,475,239.3,93.1,,,,
2026-05-31,07:31:07,4951d6,CS-TNV,Airbus A320,TAP Air Portugal,landing,arrivee,475,249.1,98.5,,,,
2026-05-31,07:33:54,89656f,A6-BMJ,Boeing 787-10,Etihad Airways,landing,arrivee,500,267.2,90.2,,,,
2026-05-31,07:36:53,TAP647,CS-TVB,Airbus A320neo,TAP Air Portugal,landing,arrivee,475,243.9,93.6,,,,
2026-05-31,07:39:51,TAP1139,CS-TTZ,Embraer E195,TAP Air Portugal,landing,arrivee,475,249.1,98.5,,,,
2026-05-31,07:42:30,a0a54a,N14016,Boeing 787-10,United Airlines,landing,arrivee,475,277.2,95.4,,,,
2026-05-31,07:45:35,4951d2,CS-TNR,Airbus A320,TAP Air Portugal,cruise,,500,0.0,98.6,,,,
2026-05-31,07:48:40,TAP244,CS-TUH,Airbus A330-900neo,TAP Air Portugal,landing,arrivee,500,255.6,91.8,,,,
2026-05-31,07:51:33,TAP8RL,CS-TVK,Airbus A320neo,TAP Air Portugal,landing,arrivee,525,257.2,94.4,,,,
2026-05-31,07:54:38,RYR926K,9H-QBL,Boeing 737-800,Malta Air,landing,arrivee,500,246.3,91.1,,,,
2026-05-31,07:57:39,495215,CS-TPU,Embraer E190,TAP Air Portugal,landing,arrivee,500,236.3,85.6,,,,
2026-05-31,07:59:53,TAP575,CS-TNS,Airbus A320,TAP Air Portugal,landing,arrivee,475,253.2,90.9,,,,
2026-05-31,08:02:56,49520f,CS-TPO,Embraer E190,TAP Air Portugal,landing,arrivee,500,236.7,90.6,,,,
2026-05-31,08:05:51,TAP1939,CS-TPX,Embraer E190,TAP Air Portugal,landing,arrivee,450,236.7,94.6,,,,
2026-05-31,08:08:26,4b1a29,HB-JXP,Airbus A320,Austrian Airlines,landing,arrivee,475,247.2,90.5,,,,
2026-05-31,08:11:11,495150,CS-TJP,Airbus A321neo,TAP Air Portugal,landing,arrivee,500,263.9,94.5,,,,
2026-05-31,08:14:43,EJU64TB,OE-LSR,Airbus A320,easyJet Europe,landing,arrivee,425,253.2,98.8,,,,
2026-05-31,08:17:14,TAP56DP,CS-TVQ,Airbus A320neo,TAP Air Portugal,approach,arrivee,525,0.0,76.5,,,,
2026-05-31,08:20:15,3c55c9,D-AENI,Airbus A320neo,Eurowings,landing,arrivee,500,236.7,81.3,,,,
2026-05-31,08:23:33,SWR2LM,HB-AZJ,EMB-195 E2,Swiss,landing,arrivee,500,225.9,90.7,,,,
2026-05-31,08:26:30,345248,EC-MMH,Airbus A321,Vueling,landing,arrivee,500,244.3,90.8,,,,
2026-05-31,08:29:41,TAP006,CS-TXA,Airbus A321neo,TAP Air Portugal,landing,arrivee,450,242.4,99.3,,,,
2026-05-31,08:32:36,AFR35VY,F-GUGN,A318 111,Air France,landing,arrivee,475,215.0,90.5,,,,
2026-05-31,08:35:13,TAP53EI,CS-TJL,Airbus A321neo,TAP Air Portugal,landing,arrivee,525,249.8,90.4,,,,
2026-05-31,08:38:26,49514e,CS-TJN,Airbus A321neo,TAP Air Portugal,landing,arrivee,475,234.3,84.0,,,,
2026-05-31,08:41:33,4952c1,CS-TVA,Airbus A320neo,TAP Air Portugal,landing,arrivee,500,241.5,89.0,,,,
2026-05-31,08:44:23,AAL258,N830AN,Boeing 787-9,American Airlines,landing,arrivee,475,271.3,99.0,,,,
2026-05-31,08:47:41,39de40,F-HXSA,Airbus A320neo,Transavia France,landing,arrivee,525,233.2,86.3,,,,
2026-05-31,08:57:49,406a91,G-EZWP,Airbus A320,easyJet,landing,arrivee,500,251.5,84.7,,,,
2026-05-31,09:04:23,4951cd,CS-TNM,Airbus A320,TAP Air Portugal,landing,arrivee,450,226.7,92.3,,,,
2026-05-31,09:08:07,EZY46AK,G-EZUF,Airbus A320,easyJet,landing,arrivee,500,234.8,88.1,,,,
2026-05-31,09:10:42,ACA812,C-GHKR,Airbus A330-300,Air Canada,landing,arrivee,450,243.2,98.8,,,,
2026-05-31,09:13:23,4d2237,9H-QAQ,Boeing 737-800,Malta Air,landing,arrivee,475,268.9,88.2,,,,
2026-05-31,09:16:45,RYR4ZF,9H-VVC,Boeing 737 MAX 8,Malta Air,landing,arrivee,450,271.3,88.1,,,,
2026-05-31,09:19:26,4aca06,SE-RPF,Boeing 737-800,Norwegian Air Sweden,landing,arrivee,475,274.1,87.6,,,,
2026-05-31,09:25:37,TAP072,CS-TUO,Airbus A330-900neo,TAP Air Portugal,landing,arrivee,475,272.4,92.8,,,,
2026-05-31,09:33:33,THY3WE,TC-LSJ,Airbus A321neo,Turkish Airlines,landing,arrivee,500,257.2,95.5,,,,
2026-05-31,09:38:02,4952ab,CS-TUK,Airbus A330-900neo,TAP Air Portugal,landing,arrivee,475,258.4,97.0,,,,
2026-05-31,09:41:25,4080ea,G-TNEE,Airbus A321neo,British Airways,landing,arrivee,500,218.4,89.1,,,,
2026-05-31,09:50:38,EIN82T,EI-NSE,Airbus A320neo,Aer Lingus,landing,arrivee,475,240.8,93.1,,,,
2026-05-31,09:53:27,EZY79RV,G-UZHR,Airbus A320neo,easyJet,landing,arrivee,475,263.2,89.9,,,,
2026-05-31,09:56:22,TAP036,EC-OLG,Airbus A330-300,TAP Air Portugal,landing,arrivee,425,249.1,96.0,,,,
2026-05-31,09:58:57,c07998,C-GUBF,Airbus A330-200,Air Transat,landing,arrivee,450,247.6,95.5,,,,
2026-05-31,10:02:03,EJU7690,OE-LSA,Airbus A320neo,easyJet Europe,landing,arrivee,475,249.1,91.6,,,,
2026-05-31,10:04:31,495309,CS-TXI,Airbus A321neo,TAP Air Portugal,landing,arrivee,475,265.8,93.0,,,,
2026-05-31,10:06:45,495307,CS-TXG,Airbus A321neo,TAP Air Portugal,landing,arrivee,475,265.6,94.6,,,,
2026-05-31,10:10:28,N148QS,N148QS,Global 6000,NetJets,landing,arrivee,450,206.7,83.7,,,,
2026-05-31,10:13:03,TAP1921,CS-TNK,Airbus A320,TAP Air Portugal,landing,arrivee,475,261.5,93.2,,,,
2026-05-31,10:15:57,UAL942,N228UA,Boeing 777-200,United Airlines,landing,arrivee,450,257.2,91.8,,,,
2026-05-31,10:22:33,TAP210,CS-TOO,Airbus A330-200,TAP Air Portugal,landing,arrivee,425,241.5,99.5,,,,
2026-05-31,10:25:08,TAP13LH,CS-TVR,Airbus A320neo,TAP Air Portugal,landing,arrivee,450,239.1,88.8,,,,
2026-05-31,10:27:46,48e95e,SP-LYG,Boeing 737 MAX 8,,landing,arrivee,450,272.4,92.3,,,,
2026-05-31,10:30:34,RYR3WD,EI-HGR,Boeing 737 MAX 8,Ryanair,landing,arrivee,450,267.2,98.1,,,,
2026-05-31,10:33:27,EZY31FV,G-EZTM,Airbus A320,easyJet,landing,arrivee,525,249.1,76.5,,,,
2026-05-31,10:38:14,ACA810,CA-FITL,Boeing 777-300ER,Air Canada,landing,arrivee,425,264.8,94.9,,,,
2026-05-31,10:41:20,TAP088,CS-TUP,Airbus A330-900neo,TAP Air Portugal,landing,arrivee,450,254.8,98.0,,,,
2026-05-31,10:44:20,34750b,EC-OBK,Boeing 737-800,Air Europa,landing,arrivee,450,261.5,92.2,,,,
2026-05-31,10:47:14,TAP204A,CS-TXD,Airbus A321neo,TAP Air Portugal,landing,arrivee,475,259.7,98.8,,,,
2026-05-31,10:50:00,44ce6a,OO-SSJ,Airbus A319,Brussels Airlines,landing,arrivee,475,232.4,93.9,,,,
2026-05-31,10:54:36,TAP11MG,CS-TPQ,Embraer E190,TAP Air Portugal,landing,arrivee,475,232.4,87.9,,,,
2026-05-31,10:57:09,RYR3RB,9H-QBX,Boeing 737-800,Malta Air,landing,arrivee,475,269.7,87.7,,,,
2026-05-31,11:00:18,TAP68JP,CS-TVF,Airbus A320neo,TAP Air Portugal,landing,arrivee,475,263.2,86.6,,,,
2026-05-31,11:02:58,4868bc,PH-AXN,Airbus A321neo,KLM,landing,arrivee,550,267.2,83.2,,,,
2026-05-31,11:05:59,TAP1923,CS-TNN,Airbus A320,TAP Air Portugal,landing,arrivee,450,255.2,94.2,,,,
2026-05-31,11:08:48,440115,OE-LUE,Airbus A320neo,easyJet Europe,landing,arrivee,525,242.2,84.5,,,,
2026-05-31,11:11:39,49530c,CS-TXL,Airbus A321neo,TAP Air Portugal,landing,arrivee,450,272.4,96.9,,,,
2026-05-31,11:14:30,EJU74EF,OE-IWW,Airbus A320,easyJet Europe,landing,arrivee,425,260.0,96.8,,,,
2026-05-31,11:17:48,WPT3154,EC-OND,Airbus A330-300,,landing,arrivee,450,234.8,93.7,,,,
2026-05-31,11:20:36,49530b,CS-TXK,Airbus A321,TAP Air Portugal,landing,arrivee,525,263.2,86.1,,,,
2026-05-31,11:25:15,IBE05FV,EC-LEI,Airbus A319,Iberia,landing,arrivee,475,234.3,90.8,,,,
2026-05-31,11:40:33,49521a,CS-TPZ,Embraer E190,TAP Air Portugal,landing,arrivee,450,249.1,80.8,,,,
2026-05-31,11:44:11,TAP11WQ,CS-TVM,Airbus A320neo,TAP Air Portugal,landing,arrivee,475,234.8,91.0,,,,
2026-05-31,11:47:30,495297,CS-TTW,Embraer E195,TAP Air Portugal,landing,arrivee,500,216.7,91.2,,,,
2026-05-31,11:50:18,440daf,OE-IDU,Airbus A320,easyJet Europe,landing,arrivee,475,253.2,88.9,,,,
2026-05-31,11:52:53,4cac56,EI-HGT,Boeing 737 MAX 8,Ryanair,landing,arrivee,475,265.6,86.3,,,,
2026-05-31,11:56:10,TAP248,CS-TUN,Airbus A330-900neo,TAP Air Portugal,landing,arrivee,475,244.3,96.0,,,,
2026-05-31,11:59:01,4caee4,EI-ILD,Boeing 737 MAX 8,Ryanair,landing,arrivee,475,263.9,84.7,,,,
2026-05-31,12:01:58,TAP028,CS-TUJ,Airbus A330-900neo,TAP Air Portugal,landing,arrivee,500,265.6,97.4,,,,
2026-05-31,12:04:54,TVF32VF,F-HTVL,Boeing 737-800,Transavia France,landing,arrivee,500,263.2,89.1,,,,
2026-05-31,12:08:04,440d6e,OE-LSQ,Airbus A320,easyJet Europe,landing,arrivee,475,235.6,86.6,,,,
2026-05-31,12:10:49,UAE3MV,A6-EPF,Boeing 777-300ER,Emirates,landing,arrivee,475,273.9,93.4,,,,
2026-05-31,12:13:45,AFR41GW,F-HZUG,A220 300,Air France,landing,arrivee,500,221.5,80.3,,,,
2026-05-31,12:16:30,49d328,OK-TSU,Boeing 737-800,Eurowings,landing,arrivee,525,275.2,93.8,,,,
2026-05-31,12:19:16,RYR14SC,EI-EVP,Boeing 737-800,Ryanair,landing,arrivee,500,262.2,93.2,,,,
2026-05-31,12:22:17,EJU52PB,OE-IBS,Airbus A320,easyJet Europe,landing,arrivee,475,255.6,86.2,,,,
2026-05-31,12:27:50,OBS852,CS-TCF,Airbus A330-900neo,TAP Air Portugal,landing,arrivee,475,246.7,93.7,,,,
2026-05-31,12:30:28,EJU69GW,OE-LSV,Airbus A320neo,easyJet Europe,landing,arrivee,525,261.5,82.0,,,,
2026-05-31,12:35:32,TAP1902,CS-TJP,Airbus A321neo,TAP Air Portugal,landing,arrivee,500,267.2,90.6,,,,
2026-05-31,12:40:35,4d225d,9H-QDN,Boeing 737-800,Malta Air,landing,arrivee,475,274.8,88.7,,,,
2026-05-31,12:53:41,495216,CS-TPV,Embraer E190,TAP Air Portugal,landing,arrivee,500,221.5,87.2,,,,
2026-05-31,12:56:40,TAP10VL,CS-TPX,Embraer E190,TAP Air Portugal,landing,arrivee,450,240.8,96.3,,,,
2026-05-31,12:59:28,348207,EC-OKH,Airbus A320,Vueling,landing,arrivee,500,256.3,89.2,,,,
2026-05-31,13:03:23,TAP1151,CS-TVH,Airbus A320neo,TAP Air Portugal,landing,arrivee,500,249.8,88.3,,,,
2026-05-31,13:13:23,TAP91TL,CS-TPS,Embraer E190,TAP Air Portugal,landing,arrivee,475,232.4,83.7,,,,
2026-05-31,13:16:46,TAP143P,CS-TAY,Embraer E195,TAP Air Portugal,landing,arrivee,450,248.0,89.3,,,,
2026-05-31,13:19:29,EJU98EV,OE-INE,Airbus A320,easyJet Europe,landing,arrivee,525,257.2,86.6,,,,
2026-05-31,13:22:07,4b17f8,HB-JCA,C Series 300,Swiss,landing,arrivee,475,233.2,95.3,,,,
2026-05-31,13:25:08,DLH47T,D-AINT,Airbus A320neo,Lufthansa,landing,arrivee,500,225.0,89.0,,,,
2026-05-31,13:27:55,4952cf,CS-TVO,Airbus A320neo,TAP Air Portugal,landing,arrivee,500,256.5,82.8,,,,
2026-05-31,13:30:51,495148,CS-TJH,Airbus A321,TAP Air Portugal,landing,arrivee,500,245.6,85.5,,,,
2026-05-31,13:33:36,TAP43JD,CS-TJF,Airbus A321,TAP Air Portugal,landing,arrivee,525,270.0,93.7,,,,
2026-05-31,13:36:36,4952c3,CS-TVC,Airbus A320neo,TAP Air Portugal,landing,arrivee,575,237.4,78.0,,,,
2026-05-31,13:39:57,440cf8,OE-IBF,Airbus A320,easyJet Europe,landing,arrivee,525,256.5,72.6,,,,
2026-05-31,13:42:52,TAP823,CS-TVL,Airbus A320,TAP Air Portugal,landing,arrivee,500,235.6,99.9,,,,
2026-05-31,13:45:39,DLH39X,D-AIEF,Airbus A321neo,Lufthansa,landing,arrivee,525,242.4,83.0,,,,
2026-05-31,13:48:20,EJU92TK,OE-LSF,Airbus A320neo,easyJet Europe,landing,arrivee,525,251.7,90.2,,,,
2026-05-31,13:51:06,TAP641,CS-TTR,Airbus A319,TAP Air Portugal,landing,arrivee,475,248.4,82.7,,,,
2026-05-31,13:53:59,495299,CS-TTY,Embraer E195,TAP Air Portugal,landing,arrivee,525,261.7,85.2,,,,
2026-05-31,13:56:44,TAP23V,CS-TPT,Embraer E190,TAP Air Portugal,landing,arrivee,475,245.6,94.0,,,,
2026-05-31,14:00:38,TAP471A,CS-TAX,Embraer E195,TAP Air Portugal,cruise,,500,0.0,84.5,,,,
2026-05-31,14:03:20,TAP831,CS-TJK,Airbus A321neo,TAP Air Portugal,landing,arrivee,525,242.4,90.7,,,,
2026-05-31,14:05:50,RYR55AR,9H-QES,Boeing 737-800,Malta Air,landing,arrivee,500,277.1,83.8,,,,
2026-05-31,14:09:11,TAP86GM,CS-TVD,Airbus A320neo,TAP Air Portugal,landing,arrivee,525,250.8,85.8,,,,
2026-05-31,14:12:02,TCV602,D4-CCJ,Boeing 737 MAX 8,TACV Cabo Verde Airlines,landing,arrivee,475,261.1,94.2,,,,
2026-05-31,14:15:18,VJT827,9H-VJJ,Global 6000,VistaJet,approach,arrivee,525,209.1,81.3,,,,
2026-05-31,14:17:43,4952c7,CS-TVG,Airbus A320neo,TAP Air Portugal,landing,arrivee,550,234.8,66.0,,,,
2026-05-31,14:20:56,495217,CS-TPW,Embraer E190,TAP Air Portugal,landing,arrivee,525,242.4,98.3,,,,
2026-05-31,14:23:34,486836,PH-AXK,Airbus A321neo,KLM,landing,arrivee,525,253.9,78.7,,,,
2026-05-31,14:26:25,495215,CS-TPU,Embraer E190,TAP Air Portugal,landing,arrivee,500,239.8,90.1,,,,
2026-05-31,14:28:26,TAP1859,CS-TJM,Airbus A321neo,TAP Air Portugal,landing,arrivee,500,259.7,89.3,,,,
2026-05-31,14:31:38,TAP8RT,CS-TPR,Embraer E190,TAP Air Portugal,landing,arrivee,475,233.2,94.5,,,,
2026-05-31,14:34:23,TAP1013,CS-TNS,Airbus A320,TAP Air Portugal,landing,arrivee,475,250.8,87.9,,,,
2026-05-31,14:36:50,EJU74WP,OE-ICJ,Airbus A320,easyJet Europe,landing,arrivee,500,236.7,62.8,,,,
2026-05-31,14:39:23,49529a,CS-TTZ,Embraer E195,TAP Air Portugal,landing,arrivee,525,253.9,88.9,,,,
2026-05-31,14:42:44,TAP691P,CS-TNL,Airbus A320,TAP Air Portugal,landing,arrivee,500,239.1,99.7,,,,
2026-05-31,14:45:38,AFR37EQ,F-HBND,Airbus A320,Air France,landing,arrivee,525,232.2,83.3,,,,
2026-05-31,14:49:42,406b91,G-EZWY,Airbus A320,easyJet,landing,arrivee,500,258.9,78.8,,,,
2026-05-31,14:51:47,SWR2BK,HB-JPE,Airbus A321neo,Swiss,landing,arrivee,525,263.9,89.8,,,,
2026-05-31,14:56:06,TAP941,CS-TNV,Airbus A320,TAP Air Portugal,landing,arrivee,475,262.4,91.6,,,,
2026-05-31,14:59:06,346083,EC-MXM,Boeing 737-800,Air Europa,landing,arrivee,475,254.8,89.4,,,,
2026-05-31,15:01:43,EJU81TJ,OE-LSA,Airbus A320neo,easyJet Europe,landing,arrivee,475,257.2,86.7,,,,
2026-05-31,15:06:50,4951d4,CS-TNT,Airbus A320,TAP Air Portugal,landing,arrivee,500,239.1,87.5,,,,
2026-05-31,15:17:16,4951d5,CS-TNU,Airbus A320,TAP Air Portugal,landing,arrivee,525,241.7,92.6,,,,
2026-05-31,15:23:35,ac6865,N899ST,Gulfstream G700,Unknown US,landing,arrivee,500,202.4,82.3,,,,
2026-05-31,15:29:54,4951d1,CS-TNQ,Airbus A320,TAP Air Portugal,landing,arrivee,525,253.2,84.7,,,,
2026-05-31,15:34:35,RZO121,CS-TKQ,Airbus A320,TAP Air Portugal,landing,arrivee,500,263.9,79.5,,,,
2026-05-31,15:37:37,TAP1137,CS-TPQ,Embraer E190,TAP Air Portugal,landing,arrivee,500,234.8,91.9,,,,
2026-05-31,15:40:14,RYR21WA,SP-RZG,Boeing 737 MAX 8,Buzz,landing,arrivee,475,268.9,95.3,,,,
2026-05-31,15:43:01,TAP1127,CS-TNR,Airbus A320,TAP Air Portugal,landing,arrivee,500,239.1,89.0,,,,
2026-05-31,15:45:42,4952a6,CS-TUF,Airbus A330-900neo,TAP Air Portugal,landing,arrivee,500,249.1,91.0,,,,
2026-05-31,15:48:41,495298,CS-TTX,Embraer E195,TAP Air Portugal,landing,arrivee,500,253.9,91.5,,,,
2026-05-31,15:51:17,495303,CS-TXC,Airbus A321neo,TAP Air Portugal,landing,arrivee,550,262.4,88.3,,,,
2026-05-31,15:54:08,FIN96W,OH-LXC,Airbus A320,Finnair,landing,arrivee,525,249.8,95.0,,,,
2026-05-31,15:57:13,RZO3129,CS-TSK,Airbus A320,TAP Air Portugal,landing,arrivee,525,232.4,91.7,,,,
2026-05-31,15:59:54,THY4GH,TC-JNP,Airbus A330-300,Turkish Airlines,landing,arrivee,525,260.0,92.6,,,,
2026-05-31,16:02:45,3485d2,EC-OSN,Bombardier CRJ-1000,Air Nostrum,landing,arrivee,525,239.1,91.7,,,,
2026-05-31,16:05:13,4d2216,9H-QEH,Boeing 737-800,Malta Air,landing,arrivee,525,273.9,92.8,,,,
2026-05-31,16:07:54,4952a2,CS-TUB,Airbus A330-900neo,TAP Air Portugal,landing,arrivee,550,247.2,92.0,,,,
2026-05-31,16:10:27,4952c9,CS-TVI,Airbus A320neo,TAP Air Portugal,landing,arrivee,525,263.9,72.2,,,,
2026-05-31,16:13:13,BAW5DW,G-TTOB,Airbus A320,British Airways,landing,arrivee,550,261.5,87.2,,,,
2026-05-31,16:16:15,TAP31DB,CS-TVN,Airbus A320neo,TAP Air Portugal,landing,arrivee,500,243.5,87.8,,,,
2026-05-31,16:18:41,EJU69VE,OE-IWW,Airbus A320,easyJet Europe,landing,arrivee,500,250.0,92.5,,,,
2026-05-31,16:21:25,TAP553R,CS-TXM,Airbus A321,TAP Air Portugal,landing,arrivee,575,236.7,85.5,,,,
2026-05-31,16:24:00,TAP90EH,CS-TUH,Airbus A330-900neo,TAP Air Portugal,landing,arrivee,525,260.4,98.7,,,,
2026-05-31,16:26:56,TAP17RA,CS-TNM,Airbus A320,TAP Air Portugal,landing,arrivee,500,254.1,98.1,,,,
2026-05-31,16:29:28,NSZ2WK,SE-RRO,Boeing 737-800,Norwegian Air Sweden,landing,arrivee,500,272.4,96.6,,,,
2026-05-31,16:32:15,4caf29,EI-ILO,Boeing 737 MAX 8,Ryanair,approach,arrivee,500,271.3,92.4,,,,
2026-05-31,16:34:27,49514a,CS-TJJ,Airbus A321neo,TAP Air Portugal,landing,arrivee,575,254.8,84.8,,,,
2026-05-31,16:36:21,3475c9,EC-OCT,Airbus A321,TAP Air Portugal,cruise,,575,0.0,92.2,,,,
2026-05-31,16:38:36,TAP433,CS-TVQ,Airbus A320neo,TAP Air Portugal,landing,arrivee,475,251.7,97.9,,,,
2026-05-31,16:40:17,RZO140,CS-TKP,Airbus A320,TAP Air Portugal,landing,arrivee,550,264.8,83.0,,,,
2026-05-31,16:43:12,RYR5KT,EI-HGR,Boeing 737 MAX 8,Ryanair,landing,arrivee,475,276.5,95.7,,,,
2026-05-31,16:47:09,495304,CS-TXD,Airbus A321neo,TAP Air Portugal,landing,arrivee,525,255.2,97.1,,,,
2026-05-31,16:51:44,VLG9QY,EC-JSY,Airbus A320,Vueling,landing,arrivee,525,258.9,93.6,,,,
2026-05-31,16:57:10,4952cb,CS-TVK,Airbus A320neo,TAP Air Portugal,landing,arrivee,525,259.7,85.4,,,,
2026-05-31,16:59:47,TAP75CH,CS-TJI,Airbus A321neo,TAP Air Portugal,landing,arrivee,525,264.8,89.0,,,,
2026-05-31,17:02:44,TAP1105,CS-TAW,Embraer E195,TAP Air Portugal,landing,arrivee,525,261.5,92.1,,,,
2026-05-31,17:05:14,48597d,PH-HXN,Boeing 737-800,Transavia,landing,arrivee,500,267.6,84.0,,,,
2026-05-31,17:11:23,49530a,CS-TXJ,Airbus A321neo,TAP Air Portugal,cruise,,625,0.0,87.3,,,,
2026-05-31,17:16:13,RYR29TL,EI-EBS,Boeing 737-800,Ryanair,landing,arrivee,500,272.8,95.8,,,,
2026-05-31,17:19:38,495306,CS-TXF,Airbus A321neo,TAP Air Portugal,landing,arrivee,600,254.8,71.8,,,,
2026-05-31,17:24:04,TAP1824,CS-TVB,Airbus A320neo,TAP Air Portugal,landing,arrivee,525,238.4,93.1,,,,
2026-05-31,17:27:11,RYR384,EI-ILD,Boeing 737 MAX 8,Ryanair,landing,arrivee,525,275.8,89.7,,,,
2026-05-31,17:30:10,TRA9H,PH-HZL,Boeing 737-800,Transavia,landing,arrivee,500,280.6,92.5,,,,
2026-05-31,17:35:59,3c6494,D-AIDT,Airbus A321,Eurowings,landing,arrivee,525,271.3,90.2,,,,
2026-05-31,17:40:09,3c6659,D-AIRY,Airbus A321,Lufthansa,landing,arrivee,600,264.8,62.4,,,,
2026-05-31,17:43:29,4ca849,EI-EMA,Boeing 737-800,Ryanair,landing,arrivee,525,266.3,93.1,,,,
2026-05-31,17:46:15,RAM982,CN-RGJ,Boeing 737-800,Royal Air Maroc,landing,arrivee,500,274.1,90.4,,,,
2026-05-31,17:48:58,392ae6,F-GKXG,Airbus A320,Air France,landing,arrivee,600,250.8,84.0,,,,
2026-05-31,17:53:05,EJU15PC,OE-LSQ,Airbus A320,easyJet Europe,landing,arrivee,525,255.9,88.1,,,,
2026-05-31,17:56:05,BAW506,G-TTOE,Airbus A320,British Airways,landing,arrivee,550,244.8,88.1,,,,
2026-05-31,17:59:32,4952c1,CS-TVA,Airbus A320neo,TAP Air Portugal,landing,arrivee,500,243.2,95.2,,,,
2026-05-31,18:03:44,4952d0,CS-TVP,Airbus A320neo,TAP Air Portugal,landing,arrivee,525,240.8,93.7,,,,
2026-05-31,18:07:12,LGL3753,LX-LBK,Boeing 737 MAX 8,Luxair,landing,arrivee,500,266.5,95.1,,,,
2026-05-31,18:10:03,4d22b4,9H-LOI,Airbus A320,Lauda Europe,landing,arrivee,525,248.4,87.7,,,,
2026-05-31,18:14:10,VLG7PA,EC-OJG,Airbus A320,Vueling,landing,arrivee,525,244.8,96.6,,,,
2026-05-31,18:18:09,HFM003,9H-MIR,Challenger 604,HiFly Malta,cruise,,550,0.0,87.3,,,,
2026-05-31,18:20:30,IBE05RP,EC-LRG,Airbus A320,Iberia,landing,arrivee,550,251.7,84.3,,,,
2026-05-31,18:28:17,495297,CS-TTW,Embraer E195,TAP Air Portugal,landing,arrivee,525,252.2,97.5,,,,
2026-05-31,18:31:22,49530b,CS-TXK,Airbus A321,TAP Air Portugal,landing,arrivee,550,268.2,88.5,,,,
2026-05-31,18:35:04,TAP15CV,CS-TJL,Airbus A321neo,TAP Air Portugal,landing,arrivee,525,252.8,80.7,,,,
2026-05-31,18:40:01,440072,OE-LSF,Airbus A320neo,easyJet Europe,landing,arrivee,525,255.6,91.7,,,,
2026-05-31,18:45:32,4867c1,PH-AXF,Airbus A321neo,KLM,landing,arrivee,500,261.5,99.1,,,,
2026-05-31,18:48:10,3964ea,F-GZHK,Boeing 737-800,Transavia France,landing,arrivee,500,268.9,82.3,,,,
2026-05-31,18:51:09,TAP10EV,CS-TPT,Embraer E190,TAP Air Portugal,landing,arrivee,525,223.2,93.9,,,,
2026-05-31,18:53:58,4952c8,CS-TVH,Airbus A320neo,TAP Air Portugal,landing,arrivee,525,267.2,95.1,,,,
2026-05-31,18:57:09,TAP1906,CS-TAX,Embraer E195,TAP Air Portugal,landing,arrivee,525,255.6,96.9,,,,
2026-05-31,18:59:46,TAP1542,CS-TJE,Airbus A321,TAP Air Portugal,landing,arrivee,475,277.1,98.6,,,,
2026-05-31,19:02:47,BEL2DT,OO-SSB,Airbus A319,Brussels Airlines,landing,arrivee,525,234.8,88.0,,,,
2026-05-31,19:05:28,39d306,F-HUYG,Boeing 737-800,Transavia France,landing,arrivee,500,258.4,93.9,,,,
2026-05-31,19:08:19,RYR647X,9H-QCV,Boeing 737-800,Malta Air,landing,arrivee,475,266.9,90.6,,,,
2026-05-31,19:10:54,EZY47LC,G-EZWX,Airbus A320,easyJet,landing,arrivee,525,257.2,89.9,,,,
2026-05-31,19:13:43,400db1,G-EZAN,Airbus A319,British Airways,landing,arrivee,525,252.4,85.5,,,,
2026-05-31,19:16:46,TVF35GD,F-HUYH,Boeing 737-800,Transavia France,landing,arrivee,500,255.9,92.5,,,,
2026-05-31,19:19:47,UAE5M,A6-ENS,Boeing 777-300ER,Emirates,landing,arrivee,525,236.7,93.0,,,,
2026-05-31,19:22:17,440daf,OE-IDU,Airbus A320,easyJet Europe,landing,arrivee,525,253.2,88.9,,,,
2026-05-31,19:25:08,49514e,CS-TJN,Airbus A321neo,TAP Air Portugal,landing,arrivee,550,246.7,90.9,,,,
2026-05-31,19:27:01,34750a,EC-OBJ,Boeing 737-800,Air Europa,landing,arrivee,475,262.4,93.3,,,,
2026-05-31,19:29:45,4952d2,CS-TVR,Airbus A320neo,TAP Air Portugal,landing,arrivee,550,244.8,83.5,,,,
2026-05-31,19:32:44,4d24b2,9H-WDG,Airbus A321,Lauda Europe,landing,arrivee,525,234.8,93.0,,,,
2026-05-31,19:35:12,RYR9654,9H-VVE,Boeing 737 MAX 8,Malta Air,landing,arrivee,500,257.6,85.0,,,,
2026-05-31,19:36:52,4951cb,CS-TNK,Airbus A320,TAP Air Portugal,landing,arrivee,575,241.7,88.4,,,,
2026-05-31,19:39:31,4951d5,CS-TNU,Airbus A320,TAP Air Portugal,landing,arrivee,525,259.7,86.4,,,,
2026-05-31,19:42:46,495213,CS-TPS,Embraer E190,TAP Air Portugal,landing,arrivee,500,217.6,92.6,,,,
2026-05-31,19:45:23,EJU67HP,OE-LQI,Airbus A319,easyJet Europe,landing,arrivee,525,250.0,84.0,,,,
2026-05-31,19:48:26,TAP4TL,CS-TTY,Embraer E195,TAP Air Portugal,landing,arrivee,500,245.9,89.0,,,,
2026-05-31,19:51:29,TAP473H,CS-TPX,Embraer E190,TAP Air Portugal,landing,arrivee,500,217.6,91.0,,,,
2026-05-31,19:54:24,ANE44TG,EC-MXA,Bombardier CRJ-1000,Air Nostrum,landing,arrivee,575,242.4,96.8,,,,
2026-05-31,19:59:23,495219,CS-TPY,Embraer E190,TAP Air Portugal,landing,arrivee,500,239.3,95.5,,,,
2026-05-31,20:02:30,49514f,CS-TJO,Airbus A321neo,TAP Air Portugal,landing,arrivee,575,223.5,84.5,,,,
2026-05-31,20:05:20,TAP1455,CS-TNT,Airbus A320,TAP Air Portugal,landing,arrivee,525,247.2,96.0,,,,
2026-05-31,20:08:10,71c083,HL8083,Boeing 787-9,Korean Air,descending,arrivee,525,252.4,89.2,,,,
2026-05-31,20:11:10,TAP835,CS-TNN,Airbus A320,TAP Air Portugal,landing,arrivee,525,252.2,90.9,,,,
2026-05-31,20:13:58,471dc0,HA-LGY,Airbus A321neo,SAS Scandinavian,landing,arrivee,575,247.1,89.6,,,,
2026-05-31,20:16:59,TAP1065,CS-TPW,Embraer E190,TAP Air Portugal,landing,arrivee,525,230.8,85.5,,,,
2026-05-31,20:19:57,a4ee64,N417CS,Global 5000,Unknown US,approach,arrivee,575,0.0,85.4,,,,
2026-05-31,20:22:43,VLG8UE,EC-MCU,Airbus A320,Vueling,landing,arrivee,500,255.2,94.0,,,,
2026-05-31,20:25:38,TAP48M,CS-TAY,Embraer E195,TAP Air Portugal,landing,arrivee,500,250.0,87.9,,,,
2026-05-31,20:28:26,4cae9a,EI-IKS,Boeing 737 MAX 8,Ryanair,landing,arrivee,525,265.6,88.1,,,,
2026-05-31,20:32:02,0900f0,D2-TEJ,Boeing 777-300ER,TAAG Angola Airlines,landing,arrivee,450,272.4,92.3,,,,
2026-05-31,20:35:07,TRA951N,PH-HZN,Boeing 737-800,Transavia,landing,arrivee,450,264.7,94.8,,,,
2026-05-31,20:40:42,738058,4X-EKU,Boeing 737-800,El Al,landing,arrivee,500,268.5,88.3,,,,
2026-05-31,20:43:41,RYR95SN,9H-QBZ,Boeing 737-800,Malta Air,landing,arrivee,525,260.8,96.1,,,,
2026-05-31,20:49:06,495148,CS-TJH,Airbus A321,TAP Air Portugal,landing,arrivee,525,249.8,92.6,,,,
2026-05-31,20:52:01,TAP1019,CS-TJP,Airbus A321neo,TAP Air Portugal,landing,arrivee,550,229.5,95.9,,,,
2026-05-31,20:54:59,TAP877,CS-TPO,Embraer E190,TAP Air Portugal,landing,arrivee,525,230.8,88.0,,,,
2026-05-31,20:57:38,TAP93ZS,CS-TJS,Airbus A321neo,TAP Air Portugal,landing,arrivee,525,248.4,92.4,,,,
2026-05-31,21:00:17,34535a,EC-MQB,Airbus A321,Vueling,landing,arrivee,500,236.7,95.2,,,,
2026-05-31,21:02:46,344698,EC-MGE,Airbus A320,Vueling,landing,arrivee,575,243.2,82.5,,,,
2026-05-31,21:06:11,495211,CS-TPQ,Embraer E190,TAP Air Portugal,landing,arrivee,500,228.4,89.9,,,,
2026-05-31,21:11:01,TAP1313,CS-TJF,Airbus A321,TAP Air Portugal,landing,arrivee,500,247.2,99.4,,,,
2026-05-31,21:14:32,c06403,C-GLWS,Boeing 737-700,WestJet,landing,arrivee,500,257.2,98.8,,,,
2026-05-31,21:18:03,4952c7,CS-TVG,Airbus A320neo,TAP Air Portugal,cruise,,550,0.0,74.8,,,,
2026-05-31,21:29:49,34714d,EC-NQM,Airbus A320,Volotea,landing,arrivee,500,242.4,90.1,,,,
2026-05-31,21:33:17,TAP37CN,CS-TPR,Embraer E190,TAP Air Portugal,landing,arrivee,500,237.4,93.8,,,,
2026-05-31,21:36:29,TAP437X,CS-TNV,Airbus A320,TAP Air Portugal,landing,arrivee,525,241.5,91.0,,,,
2026-05-31,21:39:37,EIN4PT,EI-DEL,Airbus A320,Aer Lingus,landing,arrivee,500,246.7,93.9,,,,
2026-05-31,21:43:44,4d2186,9H-XLF,Airbus A321neo,Lauda Europe,landing,arrivee,525,237.4,87.2,,,,
2026-05-31,21:46:47,RYR9QJ,EI-EBK,Boeing 737-800,Ryanair,landing,arrivee,500,269.3,86.2,,,,
2026-05-31,21:49:58,495216,CS-TPV,Embraer E190,TAP Air Portugal,landing,arrivee,500,244.3,93.2,,,,
2026-05-31,21:52:00,RYR24SE,9H-QDN,Boeing 737-800,Malta Air,landing,arrivee,475,260.9,97.0,,,,
2026-05-31,21:54:55,4952cd,CS-TVM,Airbus A320neo,TAP Air Portugal,landing,arrivee,500,241.5,86.1,,,,
2026-05-31,21:57:48,3991e0,F-HEPA,Airbus A320,Air France,landing,arrivee,525,264.7,88.5,,,,
2026-05-31,22:00:43,TAP863Y,CS-TVC,Airbus A320neo,TAP Air Portugal,landing,arrivee,475,254.8,93.4,,,,
2026-05-31,22:04:17,49529a,CS-TTZ,Embraer E195,TAP Air Portugal,landing,arrivee,525,247.2,95.9,,,,
2026-05-31,22:07:26,495215,CS-TPU,Embraer E190,TAP Air Portugal,landing,arrivee,500,234.3,91.8,,,,
2026-05-31,22:10:17,4cc586,TF-IAE,Airbus A321neo,Icelandair,landing,arrivee,500,240.0,88.8,,,,
2026-05-31,22:12:49,46a5e7,SX-IOG,Airbus A320neo,Sky Express Greece,landing,arrivee,525,241.5,87.8,,,,
2026-05-31,22:15:35,RYR7P,EI-EMC,Boeing 737-800,Ryanair,landing,arrivee,475,256.3,95.6,,,,
2026-05-31,22:17:54,TAP67U,CS-TVD,Airbus A320neo,TAP Air Portugal,landing,arrivee,500,248.4,98.7,,,,
2026-05-31,22:20:00,495292,CS-TTR,Airbus A319,TAP Air Portugal,landing,arrivee,550,225.0,82.7,,,,
2026-05-31,22:22:45,406e69,G-EZOX,Airbus A320,easyJet,landing,arrivee,500,247.2,95.9,,,,
2026-05-31,22:25:46,RYR21UN,SP-RZA,Boeing 737 MAX 8,Ryanair,landing,arrivee,475,260.8,96.8,,,,
2026-05-31,22:27:37,TAP827V,CS-TNL,Airbus A320,TAP Air Portugal,landing,arrivee,550,255.6,85.3,,,,
2026-05-31,22:31:02,DLH64P,D-AIDD,Airbus A321,Lufthansa,landing,arrivee,450,245.9,98.9,,,,
2026-05-31,22:34:15,49514d,CS-TJM,Airbus A321neo,TAP Air Portugal,landing,arrivee,600,234.8,68.4,,,,
2026-05-31,22:38:32,KLM35W,PH-AXE,Airbus A321neo,KLM,landing,arrivee,500,252.4,95.1,,,,
2026-05-31,22:41:45,EJU72RG,OE-IWW,Airbus A320,easyJet Europe,landing,arrivee,525,232.4,93.8,,,,
2026-05-31,22:44:30,4d2255,9H-QDI,Boeing 737-800,Malta Air,landing,arrivee,475,252.2,93.8,,,,
2026-05-31,22:47:31,39d315,F-HUYV,Boeing 737-800,Transavia France,landing,arrivee,475,256.3,91.5,,,,
2026-05-31,22:50:54,4952c6,CS-TVF,Airbus A320neo,TAP Air Portugal,landing,arrivee,500,232.4,93.4,,,,
2026-05-31,22:53:01,39d300,F-HUYA,Boeing 737-800,Transavia France,landing,arrivee,500,254.1,94.0,,,,
2026-05-31,22:55:32,EJU74EP,OE-LSQ,Airbus A320,easyJet Europe,landing,arrivee,500,259.7,93.8,,,,
2026-05-31,22:58:27,4baac3,TC-JVC,Boeing 737-800,Turkish Airlines,landing,arrivee,475,254.1,94.5,,,,
2026-05-31,23:02:07,IBE0539,EC-NCM,Airbus A320neo,Iberia,landing,arrivee,425,232.4,95.6,,,,
2026-05-31,23:05:03,440c35,OE-LSA,Airbus A320neo,easyJet Europe,landing,arrivee,525,253.2,87.3,,,,
2026-05-31,23:07:51,4caee4,EI-ILD,Boeing 737 MAX 8,Ryanair,landing,arrivee,475,265.8,87.2,,,,
2026-05-31,23:10:56,440115,OE-LUE,Airbus A320neo,easyJet Europe,landing,arrivee,500,266.3,90.4,,,,
2026-05-31,23:14:08,AEE7PT,SX-NEI,Airbus A320,Aegean Airlines,landing,arrivee,475,234.8,95.8,,,,
2026-05-31,23:16:47,TAP645,CS-TNR,Airbus A320,TAP Air Portugal,landing,arrivee,475,251.7,95.7,,,,
2026-05-31,23:19:24,440cf8,OE-IBF,Airbus A320,easyJet Europe,landing,arrivee,500,257.2,90.2,,,,
2026-05-31,23:21:52,EJU56VP,OE-IBS,Airbus A320,easyJet Europe,landing,arrivee,450,244.8,95.6,,,,
2026-05-31,23:23:54,DLH23C,D-AISU,Airbus A321,Lufthansa,landing,arrivee,475,271.3,93.3,,,,
2026-05-31,23:26:29,TAP43RY,EC-OCT,Airbus A321,TAP Air Portugal,landing,arrivee,475,258.9,98.1,,,,
2026-05-31,23:29:25,440075,OE-LSV,Airbus A320neo,easyJet Europe,landing,arrivee,500,253.9,93.2,,,,
2026-05-31,23:31:38,3c664d,D-AIRM,Airbus A321,Lufthansa,landing,arrivee,475,251.5,94.5,,,,
2026-05-31,23:34:55,RYR12SN,EI-EVP,Boeing 737-800,Ryanair,landing,arrivee,475,260.0,95.5,,,,
2026-05-31,23:37:28,TAP837,CS-TNS,Airbus A320,TAP Air Portugal,landing,arrivee,500,249.1,91.2,,,,
2026-05-31,23:40:09,RYR29NH,9H-VUB,Boeing 737 MAX 8,Malta Air,landing,arrivee,500,251.7,93.4,,,,
2026-05-31,23:42:39,440daf,OE-IDU,Airbus A320,easyJet Europe,landing,arrivee,500,256.5,92.7,,,,
2026-05-31,23:45:14,4951ca,CS-TNJ,Airbus A320,TAP Air Portugal,landing,arrivee,500,231.9,89.6,,,,
2026-05-31,23:47:10,495297,CS-TTW,Embraer E195,TAP Air Portugal,landing,arrivee,500,254.1,98.0,,,,
2026-05-31,23:49:26,RYR63TC,EI-HGR,Boeing 737 MAX 8,Ryanair,landing,arrivee,475,255.6,97.9,,,,
2026-05-31,23:52:21,TAP39PT,CS-TAW,Embraer E195,TAP Air Portugal,takeoff,depart,2375,266.9,92.3,,,,
2026-05-31,23:54:10,440072,OE-LSF,Airbus A320neo,easyJet Europe,landing,arrivee,500,249.1,98.1,,,,
