date,time,callsign,registration,aircraft_type,airline,phase,direction,altitude_ft,speed_kmh,spl_db,spl_duration_above_s,vibration_peak_mg,wind_speed_kmh,wind_dir_deg
2026-09-01,00:00:23,495298,CS-TTX,Embraer E195,TAP Air Portugal,landing,arrivee,575,220.2,92.3,7.79,132.13,,
2026-09-01,00:07:43,4952d0,CS-TVP,Airbus A320neo,TAP Air Portugal,landing,arrivee,600,231.9,94.3,6.49,46.94,,
2026-09-01,00:16:00,TAP1738,CS-TTX,Embraer E195,TAP Air Portugal,landing,arrivee,525,241.7,90.3,5.87,137.18,,
2026-09-01,00:29:24,9HGMF,,,,cruise,,450,72.2,67.5,0.0,13.0,,
2026-09-01,00:32:57,4d252a,9H-WND,Airbus A321neo,,landing,arrivee,575,240.6,89.7,6.13,70.04,,
2026-09-01,00:34:58,MACOR,,,,landing,arrivee,625,217.1,82.1,3.17,36.46,,
2026-09-01,01:26:37,RZO128,CS-TSF,Airbus A321neo,TAP Air Portugal,landing,arrivee,600,260.4,90.2,5.99,58.06,,
2026-09-01,01:30:39,RYR85KH,EI-HAW,Boeing 737 MAX 8,Ryanair,landing,arrivee,550,273.9,89.3,6.1,67.75,,
2026-09-01,04:43:42,49530c,CS-TXL,Airbus A321neo,TAP Air Portugal,landing,arrivee,600,243.2,90.8,6.0,64.56,,
2026-09-01,04:46:17,TAP074,CS-TUC,Airbus A330-900neo,TAP Air Portugal,landing,arrivee,600,257.1,94.8,9.22,101.72,,
2026-09-01,04:58:34,TAP082,CS-TUO,Airbus A330-900neo,TAP Air Portugal,landing,arrivee,575,253.2,93.9,7.54,104.43,,
2026-09-01,05:18:22,4952a1,CS-TUA,Airbus A330-900neo,TAP Air Portugal,landing,arrivee,600,245.6,92.8,7.67,95.48,,
2026-09-01,05:21:11,TAP218,CS-TXI,Airbus A321neo,TAP Air Portugal,landing,arrivee,625,256.5,92.7,6.16,48.81,,
2026-09-01,05:37:13,49530d,CS-TXM,Airbus A321,TAP Air Portugal,landing,arrivee,600,265.6,88.8,4.45,59.37,,
2026-09-01,05:43:28,TAP232Y,CS-TXE,Airbus A321neo,TAP Air Portugal,landing,arrivee,625,260.8,89.3,6.72,49.83,,
2026-09-01,05:45:57,495154,,,TAP Air Portugal,landing,arrivee,625,247.2,89.6,7.02,54.93,,
2026-09-01,05:48:37,TAP1484,,,TAP Air Portugal,landing,arrivee,650,246.9,88.0,6.41,47.72,,
2026-09-01,06:03:20,TAP1937,CS-TPV,Embraer E190,TAP Air Portugal,approach,arrivee,600,0.0,91.4,5.84,74.16,,
2026-09-01,06:06:41,4952ce,CS-TVN,Airbus A320neo,TAP Air Portugal,landing,arrivee,625,234.8,90.3,5.58,45.8,,
2026-09-01,06:22:14,495218,CS-TPX,Embraer E190,TAP Air Portugal,landing,arrivee,625,230.0,90.2,6.41,56.22,,
2026-09-01,06:24:56,TAP1544,CS-TJK,Airbus A321neo,TAP Air Portugal,landing,arrivee,600,279.7,91.5,4.98,68.86,,
2026-09-01,06:27:53,4952a7,CS-TUG,Airbus A330-900neo,TAP Air Portugal,landing,arrivee,650,248.0,89.7,8.62,78.35,,
2026-09-01,06:30:59,TAP058,CS-TUS,Airbus A330-900neo,TAP Air Portugal,landing,arrivee,625,275.6,92.7,7.1,109.89,,
2026-09-01,06:34:04,06a0aa,A7-BCF,Boeing 787-8,Qatar Airways,landing,arrivee,600,252.4,92.9,6.5,62.5,,
2026-09-01,06:37:40,c06aab,C-GOKG,Airbus A321neo,,landing,arrivee,600,253.5,90.2,6.6,71.42,,
2026-09-01,06:40:34,440d93,,,Iberia,landing,arrivee,600,261.7,93.8,7.02,53.75,,
2026-09-01,06:43:26,0900f1,D2-TEK,Boeing 777-300ER,TAAG Angola Airlines,landing,arrivee,600,283.0,95.2,10.33,178.55,,
2026-09-01,06:46:15,34745a,EC-NZN,Boeing 737-800,Air Europa,landing,arrivee,600,264.8,91.4,7.56,134.35,,
2026-09-01,06:48:49,4951d1,CS-TNQ,Airbus A320,TAP Air Portugal,landing,arrivee,625,265.2,90.3,6.14,53.2,,
2026-09-01,06:52:09,TAP1908,CS-TVK,Airbus A320neo,TAP Air Portugal,landing,arrivee,600,234.8,89.4,4.09,51.6,,
2026-09-01,06:54:39,ETD7LG,A6-BLG,Boeing 787-9,Etihad Airways,landing,arrivee,600,280.6,92.8,5.58,75.89,,
2026-09-01,06:58:16,TAP41SN,CS-TPO,Embraer E190,TAP Air Portugal,landing,arrivee,600,228.2,88.2,6.07,54.53,,
2026-09-01,07:11:46,TAM8146,PT-MUE,Boeing 777-300ER,LATAM Airlines,landing,arrivee,600,256.5,95.5,7.98,144.77,,
2026-09-01,07:14:42,SRR6646,OY-SYC,B763,,descending,arrivee,575,234.3,93.8,7.55,65.89,,
2026-09-01,07:20:41,IBE05TR,EC-NTO,Airbus A320neo,Iberia,approach,arrivee,575,232.4,89.2,6.73,56.46,,
2026-09-01,07:23:53,TAP98CX,CS-TJR,Airbus A321neo,TAP Air Portugal,landing,arrivee,625,266.3,90.9,5.75,53.01,,
2026-09-01,07:27:53,BCS2FC,D-AEAS,A300 B4-622RF,Lufthansa,landing,arrivee,575,224.3,97.0,9.73,94.99,,
2026-09-01,07:30:52,4952c1,CS-TVA,Airbus A320neo,TAP Air Portugal,cruise,,700,0.0,90.1,6.59,50.83,,
2026-09-01,07:38:21,4952c6,CS-TVF,Airbus A320neo,TAP Air Portugal,cruise,,675,0.0,87.1,5.86,49.26,,
2026-09-01,07:41:01,UAL64,N14011,Boeing 787-10,United Airlines,landing,arrivee,575,274.5,92.7,7.31,108.78,,
2026-09-01,07:44:04,4952ca,CS-TVJ,Airbus A320neo,TAP Air Portugal,cruise,,575,0.0,86.2,5.62,48.03,,
2026-09-01,07:54:45,EZS79YP,HB-JXN,Airbus A320,Austrian Airlines,landing,arrivee,575,241.7,91.7,6.64,69.45,,
2026-09-01,07:57:37,4952c9,CS-TVI,Airbus A320neo,TAP Air Portugal,landing,arrivee,600,255.4,85.7,6.27,54.11,,
2026-09-01,08:00:56,TAP1023,CS-TVM,Airbus A320neo,TAP Air Portugal,landing,arrivee,550,255.6,88.4,4.82,53.03,,
2026-09-01,08:03:42,4951d8,CS-TNX,Airbus A320,TAP Air Portugal,landing,arrivee,600,238.4,91.1,6.55,72.04,,
2026-09-01,08:06:23,TAP8RL,CS-TJM,Airbus A321neo,TAP Air Portugal,landing,arrivee,575,267.8,88.3,5.49,41.32,,
2026-09-01,08:09:37,AZU8750,,,Azul,landing,arrivee,525,245.6,95.9,8.39,66.6,,
2026-09-01,08:12:30,4951d2,CS-TNR,Airbus A320,TAP Air Portugal,landing,arrivee,550,258.0,89.4,5.93,45.13,,
2026-09-01,08:15:13,346690,EC-NLV,Airbus A321,Vueling,landing,arrivee,625,254.8,89.8,6.39,70.71,,
2026-09-01,08:18:00,4952d1,CS-TVQ,Airbus A320neo,TAP Air Portugal,landing,arrivee,600,268.2,90.9,4.81,53.72,,
2026-09-01,08:20:41,WPT3154,EC-OND,Airbus A330-300,,landing,arrivee,550,258.0,94.0,8.32,75.54,,
2026-09-01,08:23:20,TAP575,CS-TJP,Airbus A321neo,TAP Air Portugal,landing,arrivee,600,280.4,89.7,6.39,53.8,,
2026-09-01,08:26:07,DAL272,N412DX,Airbus A330-900neo,Delta Air Lines,landing,arrivee,575,254.1,92.4,7.28,119.46,,
2026-09-01,08:28:41,4ca97a,EI-ESS,Boeing 737-800,Ryanair,landing,arrivee,575,280.6,91.5,7.49,128.21,,
2026-09-01,08:31:12,ab4e94,N828AA,Boeing 787-9,American Airlines,landing,arrivee,600,277.2,93.5,6.74,104.86,,
2026-09-01,08:33:21,4869bd,PH-YHF,Airbus A321neo,Transavia,approach,arrivee,625,0.0,91.6,5.2,57.04,,
2026-09-01,08:36:14,AFR35VY,F-GUGP,A318 111,Air France,landing,arrivee,600,231.9,90.3,5.98,58.83,,
2026-09-01,08:39:07,TAP63GL,CS-TVG,Airbus A320neo,TAP Air Portugal,landing,arrivee,625,254.7,90.7,4.83,44.07,,
2026-09-01,08:42:06,4ca6fb,EI-DYX,Boeing 737-800,Ryanair,landing,arrivee,575,278.2,93.5,7.26,93.03,,
2026-09-01,08:46:41,RYR63TC,EI-IKE,Boeing 737 MAX 8,Ryanair,landing,arrivee,550,273.4,89.6,5.31,42.72,,
2026-09-01,08:49:18,TVF55WH,F-HXSZ,Airbus A320neo,Transavia France,landing,arrivee,575,236.3,87.6,5.76,39.82,,
2026-09-01,08:51:12,4854c7,,,,landing,arrivee,550,273.5,93.2,5.49,70.61,,
2026-09-01,08:56:15,EJU76WL,OE-ICI,Airbus A320,easyJet Europe,landing,arrivee,575,248.4,91.2,7.38,72.85,,
2026-09-01,09:02:50,RYR4ZF,9H-QCK,Boeing 737-800,Malta Air,landing,arrivee,550,263.2,88.8,5.43,71.54,,
2026-09-01,09:07:26,EZY16AT,G-EZUF,Airbus A320,easyJet,landing,arrivee,550,244.6,88.5,5.38,63.34,,
2026-09-01,09:10:04,TAP072,CS-TUK,Airbus A330-900neo,TAP Air Portugal,landing,arrivee,600,252.2,94.5,7.13,89.7,,
2026-09-01,09:12:47,TAP675,CS-TJL,Airbus A321neo,TAP Air Portugal,landing,arrivee,600,268.2,89.8,5.08,41.39,,
2026-09-01,09:15:30,4952b0,CS-TUP,Airbus A330-900neo,TAP Air Portugal,landing,arrivee,625,261.5,92.4,8.72,74.79,,
2026-09-01,09:19:34,4952c5,CS-TVE,Airbus A320neo,TAP Air Portugal,landing,arrivee,625,234.3,90.4,6.22,52.9,,
2026-09-01,09:24:23,TSC480,C-GUBA,Cabri G2,Air Transat,landing,arrivee,575,232.4,96.2,8.44,77.91,,
2026-09-01,09:33:01,OBS852,,,TAP Air Portugal,landing,arrivee,625,238.2,94.6,10.78,73.2,,
2026-09-01,09:35:57,4952c2,CS-TVB,Airbus A320neo,TAP Air Portugal,landing,arrivee,525,260.8,88.7,6.83,49.41,,
2026-09-01,09:40:01,ACA812,C-GEGP,Airbus A330-300,Air Canada,landing,arrivee,550,248.0,98.1,8.03,78.0,,
2026-09-01,09:42:34,495304,CS-TXD,Airbus A321neo,TAP Air Portugal,landing,arrivee,600,258.9,87.7,6.03,42.96,,
2026-09-01,09:45:31,THY3WE,TC-LTI,Airbus A321neo,Turkish Airlines,landing,arrivee,575,242.4,56.6,,,,
2026-09-01,09:51:26,495217,CS-TPW,Embraer E190,TAP Air Portugal,landing,arrivee,550,243.0,91.8,6.44,39.64,,
2026-09-01,09:54:04,BAW50P,G-TTOB,Airbus A320,British Airways,landing,arrivee,575,261.5,91.2,7.06,55.85,,
2026-09-01,09:56:48,TAP254,CS-TXK,Airbus A321,TAP Air Portugal,approach,arrivee,550,240.0,94.6,55.63,43.7,,
2026-09-01,09:59:38,495210,CS-TPP,Embraer E190,TAP Air Portugal,landing,arrivee,575,224.3,88.7,9.12,39.71,,
2026-09-01,10:02:13,3480ce,,,,landing,arrivee,525,243.0,98.2,9.26,77.34,,
2026-09-01,10:04:58,TAP1921,,,TAP Air Portugal,landing,arrivee,575,252.2,88.9,5.77,43.37,,
2026-09-01,10:11:13,495303,CS-TXC,Airbus A321neo,TAP Air Portugal,landing,arrivee,525,271.3,94.4,5.77,68.16,,
2026-09-01,10:14:28,EJU97VT,OE-IBF,Airbus A320,easyJet Europe,landing,arrivee,575,251.5,91.8,8.39,74.77,,
2026-09-01,10:18:08,495307,CS-TXG,Airbus A321neo,TAP Air Portugal,landing,arrivee,575,269.7,90.2,65.98,53.78,,
2026-09-01,10:20:56,RYR32KG,9H-QAK,Boeing 737-800,Malta Air,landing,arrivee,650,271.3,93.6,6.78,54.53,,
2026-09-01,10:29:21,TAP13LH,,,TAP Air Portugal,landing,arrivee,525,268.7,90.7,6.54,60.49,,
2026-09-01,10:32:31,TAP204A,CS-TOO,Airbus A330-200,TAP Air Portugal,landing,arrivee,550,236.3,98.5,9.39,70.16,,
2026-09-01,10:35:05,4cacdf,EI-GJS,Boeing 737-800,Ryanair,landing,arrivee,500,264.8,92.5,6.0,73.76,,
2026-09-01,10:37:40,ACA810,C-FIUL,Boeing 777-300ER,Air Canada,landing,arrivee,550,260.8,96.0,11.47,105.38,,
2026-09-01,10:40:28,TAP1826,CS-TVH,Airbus A320neo,TAP Air Portugal,landing,arrivee,525,257.1,89.4,6.23,49.26,,
2026-09-01,10:45:23,a4dfa6,N413DX,Airbus A330-900neo,Delta Air Lines,landing,arrivee,575,250.8,92.8,7.67,101.52,,
2026-09-01,10:48:14,495215,CS-TPU,Embraer E190,TAP Air Portugal,landing,arrivee,525,244.8,89.9,6.83,53.15,,
2026-09-01,10:50:57,4ca647,EI-DYE,Boeing 737-800,Ryanair,landing,arrivee,550,265.8,93.3,6.0,76.18,,
2026-09-01,10:53:27,TAP088,CS-TUI,Airbus A330-900neo,TAP Air Portugal,landing,arrivee,550,244.6,97.2,9.1,114.89,,
2026-09-01,10:56:10,TAP052,CS-TXH,Airbus A321neo,TAP Air Portugal,landing,arrivee,550,255.6,90.7,7.06,58.32,,
2026-09-01,10:59:15,495277,CS-TSW,Boeing 777-200,Azul,landing,arrivee,600,244.8,96.4,9.7,88.6,,
2026-09-01,11:01:49,344217,EC-LPQ,Boeing 737-800,Air Europa,landing,arrivee,550,263.9,92.7,7.39,84.14,,
2026-09-01,11:04:18,RYR98HW,EI-DLW,Boeing 737-800,Ryanair,landing,arrivee,550,267.1,96.1,5.77,71.7,,
2026-09-01,11:06:37,TAP3185,CS-TUN,Airbus A330-900neo,TAP Air Portugal,landing,arrivee,600,254.7,94.7,10.69,82.31,,
2026-09-01,11:09:10,TAP68JP,CS-TTZ,Embraer E195,TAP Air Portugal,landing,arrivee,550,257.2,93.0,7.47,63.5,,
2026-09-01,11:11:11,aa9d6e,N783UA,Boeing 777-200,United Airlines,landing,arrivee,575,248.0,99.8,8.21,88.64,,
2026-09-01,11:14:36,TAP262M,CS-TXA,Airbus A321neo,TAP Air Portugal,landing,arrivee,550,255.2,92.6,5.04,58.32,,
2026-09-01,11:17:24,48418b,PH-BXP,Boeing 737-900,KLM,landing,arrivee,550,278.0,94.6,6.68,96.18,,
2026-09-01,11:20:22,TAP1923,CS-TNM,Airbus A320,TAP Air Portugal,landing,arrivee,525,251.5,93.8,6.04,48.53,,
2026-09-01,11:23:14,440115,OE-LUE,Airbus A320neo,easyJet Europe,landing,arrivee,550,257.2,88.9,6.42,45.38,,
2026-09-01,11:25:43,3985a1,F-HBNB,Airbus A320,Air France,landing,arrivee,525,252.4,94.1,6.18,56.7,,
2026-09-01,11:28:37,BEL2DY,OO-TCV,Airbus A320,Brussels Airlines,landing,arrivee,525,254.8,91.7,6.64,51.79,,
2026-09-01,11:31:19,VLG39HL,EC-KDX,Airbus A320,Vueling,landing,arrivee,550,249.8,90.9,7.32,46.69,,
2026-09-01,11:34:01,4952ad,CS-TUM,Airbus A330-900neo,TAP Air Portugal,landing,arrivee,575,258.9,96.4,7.82,104.78,,
2026-09-01,11:36:49,4952d3,CS-TVS,Airbus A321neo,TAP Air Portugal,landing,arrivee,550,239.1,94.0,5.85,43.33,,
2026-09-01,11:39:34,DLH39X,D-AIOA,Airbus A321neo,Lufthansa,landing,arrivee,525,249.8,93.0,6.18,45.65,,
2026-09-01,11:42:19,346147,EC-NCM,Airbus A320neo,Iberia,landing,arrivee,575,234.3,92.8,6.03,41.65,,
2026-09-01,11:45:13,TAP028,CS-TUE,Airbus A330-900neo,TAP Air Portugal,landing,arrivee,525,261.5,95.0,10.96,104.26,,
2026-09-01,11:48:02,4cae58,EI-IJH,Boeing 737 MAX 8,Ryanair,landing,arrivee,550,271.3,91.5,6.53,64.47,,
2026-09-01,11:51:21,495171,CS-TKQ,Airbus A320,TAP Air Portugal,landing,arrivee,525,251.5,93.2,6.38,44.45,,
2026-09-01,11:54:14,4951cc,CS-TNL,Airbus A320,TAP Air Portugal,landing,arrivee,600,251.7,91.7,8.88,51.58,,
2026-09-01,11:59:46,4951d8,CS-TNX,Airbus A320,TAP Air Portugal,landing,arrivee,575,243.2,93.4,7.2,44.54,,
2026-09-01,12:10:34,TAP429,CS-TPT,Embraer E190,TAP Air Portugal,landing,arrivee,575,236.7,89.4,6.16,46.21,,
2026-09-01,12:18:10,EWG37V,D-AEWJ,Airbus A320,Eurowings,landing,arrivee,575,251.5,89.5,6.72,42.38,,
2026-09-01,12:20:58,TAP1123,CS-TPX,Embraer E190,TAP Air Portugal,landing,arrivee,550,260.0,93.0,6.6,71.16,,
2026-09-01,12:24:54,40780e,G-NEOY,Airbus A321neo,British Airways,landing,arrivee,575,234.8,89.9,8.47,51.47,,
2026-09-01,12:30:50,8963d5,A6-EPF,Boeing 777-300ER,Emirates,landing,arrivee,550,269.7,96.9,8.78,136.94,,
2026-09-01,12:34:25,440b1e,OE-IWW,Airbus A320,easyJet Europe,landing,arrivee,550,247.2,88.8,5.56,59.55,,
2026-09-01,12:37:13,4952ce,CS-TVN,Airbus A320neo,TAP Air Portugal,landing,arrivee,600,231.5,91.4,5.96,45.49,,
2026-09-01,12:39:51,LGL51P,,,Luxair,landing,arrivee,575,249.1,90.0,6.8,50.9,,
2026-09-01,12:45:28,BOH111,,,,descending,arrivee,575,215.8,85.4,4.24,32.22,,
2026-09-01,12:49:25,RYR12VQ,EI-HAW,Boeing 737 MAX 8,Ryanair,landing,arrivee,550,273.9,92.1,5.49,59.3,,
2026-09-01,13:05:24,EJU56VP,OE-IDX,Airbus A320,easyJet Europe,landing,arrivee,575,248.0,91.0,7.37,66.96,,
2026-09-01,13:08:06,TAP9701,CS-TPR,Embraer E190,TAP Air Portugal,landing,arrivee,550,210.8,93.1,8.1,62.05,,
2026-09-01,13:10:29,440c33,OE-LSK,Airbus A320neo,easyJet Europe,cruise,,575,0.0,87.9,5.22,51.64,,
2026-09-01,13:13:16,TAP145W,CS-TPQ,Embraer E190,TAP Air Portugal,landing,arrivee,550,247.2,92.0,9.27,59.97,,
2026-09-01,13:15:52,TAP1151,CS-TTP,Airbus A319,TAP Air Portugal,landing,arrivee,550,254.1,89.3,6.34,55.02,,
2026-09-01,13:19:15,EJU9046,OE-IDO,Airbus A320,easyJet Europe,landing,arrivee,525,223.2,87.9,7.33,55.85,,
2026-09-01,13:22:27,3c64a3,D-AIEC,Airbus A321neo,Lufthansa,cruise,,625,0.0,92.4,6.48,56.68,,
2026-09-01,13:25:44,49514a,CS-TJJ,Airbus A321neo,TAP Air Portugal,landing,arrivee,600,240.0,89.8,6.88,51.13,,
2026-09-01,13:28:14,4952d2,CS-TVR,Airbus A320neo,TAP Air Portugal,landing,arrivee,575,243.9,91.0,6.03,51.82,,
2026-09-01,13:33:58,TAP1736,CS-TAW,Embraer E195,TAP Air Portugal,landing,arrivee,575,255.9,90.1,6.49,53.44,,
2026-09-01,13:39:20,EJU98EV,OE-INJ,Airbus A320,easyJet Europe,landing,arrivee,525,250.0,93.5,6.07,62.34,,
2026-09-01,13:42:05,345314,EC-MOO,Airbus A321,Vueling,landing,arrivee,575,256.5,92.6,5.9,70.22,,
2026-09-01,13:44:56,4952c4,CS-TVD,Airbus A320neo,TAP Air Portugal,landing,arrivee,600,235.9,93.4,6.77,49.51,,
2026-09-01,13:47:30,4caff6,EI-ILK,Boeing 737 MAX 8,Ryanair,landing,arrivee,550,275.2,91.3,5.87,50.76,,
2026-09-01,13:50:17,TAP43JD,CS-TJH,Airbus A321,TAP Air Portugal,landing,arrivee,550,262.4,92.1,6.6,49.06,,
2026-09-01,13:52:50,4b1a1f,HB-JXF,Airbus A320,Austrian Airlines,landing,arrivee,575,257.2,92.1,6.25,60.64,,
2026-09-01,13:55:28,TAP110,CS-TOP,Airbus A330-200,TAP Air Portugal,landing,arrivee,575,256.3,90.9,8.2,80.06,,
2026-09-01,13:57:55,TAP36GS,CS-TVP,Airbus A320neo,TAP Air Portugal,landing,arrivee,575,246.9,91.7,6.63,56.05,,
2026-09-01,14:00:57,49530a,CS-TXJ,Airbus A321neo,TAP Air Portugal,landing,arrivee,575,261.5,88.2,4.95,55.91,,
2026-09-01,14:03:48,495292,CS-TTR,Airbus A319,TAP Air Portugal,landing,arrivee,575,243.9,89.6,7.62,52.14,,
2026-09-01,14:06:31,TAP823,CS-TJF,Airbus A321,TAP Air Portugal,landing,arrivee,575,256.5,98.4,6.65,71.58,,
2026-09-01,14:09:41,TAP1013,CS-TPV,Embraer E190,TAP Air Portugal,landing,arrivee,600,240.8,88.6,7.8,54.05,,
2026-09-01,14:12:18,TAP1860,CS-TJO,Airbus A321neo,TAP Air Portugal,landing,arrivee,575,260.8,88.5,6.01,57.74,,
2026-09-01,14:14:56,3964ef,F-GZHP,Boeing 737-800,Transavia France,landing,arrivee,525,269.7,92.3,6.0,88.41,,
2026-09-01,14:17:28,SWR32F,HB-JCG,C Series 300,Swiss,landing,arrivee,550,243.2,91.1,5.49,62.19,,
2026-09-01,14:20:42,495213,CS-TPS,Embraer E190,TAP Air Portugal,landing,arrivee,550,223.2,92.0,7.34,78.48,,
2026-09-01,14:23:19,EJU14GP,OE-IBS,Airbus A320,easyJet Europe,landing,arrivee,575,249.1,93.9,7.24,63.59,,
2026-09-01,14:24:49,TAP88TM,CS-TNQ,Airbus A320,TAP Air Portugal,landing,arrivee,575,256.5,91.2,6.65,53.72,,
2026-09-01,14:26:19,TAP210,CS-TON,Airbus A330-200,TAP Air Portugal,landing,arrivee,550,254.7,95.3,8.64,101.75,,
2026-09-01,14:28:56,KLM97N,PH-AXM,Airbus A321neo,KLM,landing,arrivee,600,248.4,91.7,7.41,56.96,,
2026-09-01,14:31:26,RZO122,CS-TSI,Airbus A321neo,TAP Air Portugal,landing,arrivee,625,247.2,89.1,6.35,69.29,,
2026-09-01,14:35:44,RZO150,CS-TKP,Airbus A320,TAP Air Portugal,landing,arrivee,575,246.3,94.2,7.68,70.52,,
2026-09-01,14:38:20,TAP869,CS-TNY,Airbus A320,TAP Air Portugal,landing,arrivee,575,253.2,90.5,6.16,62.37,,
2026-09-01,14:41:23,SWR2BK,HB-JPC,Airbus A321,Swiss,landing,arrivee,575,268.0,90.8,5.78,54.55,,
2026-09-01,14:44:24,440d6f,OE-LSR,Airbus A320,easyJet Europe,landing,arrivee,600,264.1,91.5,4.89,52.03,,
2026-09-01,14:47:03,495219,CS-TPY,Embraer E190,TAP Air Portugal,landing,arrivee,575,229.1,92.3,7.43,47.21,,
2026-09-01,14:49:54,4952b2,CS-TUR,Airbus A330-900neo,TAP Air Portugal,landing,arrivee,600,249.3,93.9,7.54,79.32,,
2026-09-01,14:52:21,4aca45,SE-RRE,Boeing 737-800,Norwegian Air Sweden,landing,arrivee,575,268.9,91.1,5.8,93.58,,
2026-09-01,14:54:59,4951d3,CS-TNS,Airbus A320,TAP Air Portugal,landing,arrivee,600,241.7,94.2,7.37,56.82,,
2026-09-01,14:57:34,406014,G-EZTJ,Airbus A320,easyJet,landing,arrivee,600,248.7,91.4,7.33,42.97,,
2026-09-01,15:00:08,AFR37EQ,F-HEPK,Airbus A320,Air France,landing,arrivee,600,248.0,95.4,6.55,61.65,,
2026-09-01,15:03:22,495298,CS-TTX,Embraer E195,TAP Air Portugal,landing,arrivee,550,251.5,91.1,6.68,69.81,,
2026-09-01,15:05:55,RYR8HG,9H-QCG,Boeing 737-800,Malta Air,landing,arrivee,600,268.2,96.1,6.21,86.72,,
2026-09-01,15:08:46,440224,,,easyJet Europe,landing,arrivee,575,257.2,89.9,6.43,52.62,,
2026-09-01,15:11:38,4952c9,CS-TVI,Airbus A320neo,TAP Air Portugal,landing,arrivee,625,236.7,91.4,6.35,52.68,,
2026-09-01,15:14:30,HFM002,9H-MIR,Challenger 604,,landing,arrivee,600,229.8,86.4,5.28,32.44,,
2026-09-01,15:17:46,495039,,,TAP Air Portugal,landing,arrivee,625,246.7,88.2,7.68,46.61,,
2026-09-01,15:20:54,34745a,EC-NZN,Boeing 737-800,Air Europa,landing,arrivee,575,277.2,92.6,7.68,62.4,,
2026-09-01,15:24:04,502d5d,YL-ABL,A220-300,Air Baltic,landing,arrivee,600,247.6,88.7,6.56,63.6,,
2026-09-01,15:27:08,407b8f,G-TTNP,Airbus A320neo,British Airways,cruise,,625,0.0,90.0,7.73,52.9,,
2026-09-01,15:29:37,346088,EC-MYB,Airbus A320,Vueling,landing,arrivee,700,247.2,93.7,64.0,62.14,,
2026-09-01,15:32:13,FIN96W,OH-LZN,Airbus A321,Finnair,landing,arrivee,575,264.1,95.4,6.56,107.6,,
2026-09-01,15:35:34,4c01f4,,,,landing,arrivee,600,244.8,91.3,8.01,92.96,,
2026-09-01,15:37:51,49520f,CS-TPO,Embraer E190,TAP Air Portugal,landing,arrivee,575,231.5,93.1,7.56,58.98,,
2026-09-01,15:40:50,3c64ae,D-AIEN,Airbus A321neo,Lufthansa,landing,arrivee,650,255.6,89.7,61.56,59.88,,
2026-09-01,15:43:56,495215,CS-TPU,Embraer E190,TAP Air Portugal,landing,arrivee,550,240.6,91.1,7.73,70.06,,
2026-09-01,15:46:14,THY4GH,TC-JNO,Airbus A330-300,Turkish Airlines,landing,arrivee,575,261.5,92.7,10.65,79.92,,
2026-09-01,15:49:05,4952a8,CS-TUH,Airbus A330-900neo,TAP Air Portugal,landing,arrivee,625,256.3,93.0,9.22,107.46,,
2026-09-01,15:51:52,TAP553R,CS-TVJ,Airbus A320neo,TAP Air Portugal,landing,arrivee,625,257.6,90.1,5.88,53.45,,
2026-09-01,15:54:50,TAP83RS,CS-TJE,Airbus A321,TAP Air Portugal,landing,arrivee,575,256.5,92.3,7.05,63.4,,
2026-09-01,15:57:50,LOT4HT,SP-LVI,Boeing 737 MAX 8,LOT Polish Airlines,landing,arrivee,550,275.8,93.1,6.0,61.64,,
2026-09-01,16:00:51,4952cf,,,TAP Air Portugal,landing,arrivee,600,255.6,91.6,5.63,71.16,,
2026-09-01,16:03:50,40836c,G-ZXIC,Airbus A321neo,,landing,arrivee,600,258.9,89.2,6.69,69.17,,
2026-09-01,16:06:31,TAP31DB,CS-TNT,Airbus A320,TAP Air Portugal,landing,arrivee,625,267.6,92.4,6.57,61.24,,
2026-09-01,16:09:51,4952c1,CS-TVA,Airbus A320neo,TAP Air Portugal,landing,arrivee,625,265.6,89.3,6.42,57.23,,
2026-09-01,16:12:18,RYR9PX,EI-HAW,Boeing 737 MAX 8,Ryanair,landing,arrivee,600,267.2,95.9,6.31,63.43,,
2026-09-01,16:16:32,344545,EC-MAF,ATR 72 500F,Swiftair,landing,arrivee,600,189.3,90.8,9.23,56.32,,
2026-09-01,16:19:16,TAP10NL,CS-TPW,Embraer E190,TAP Air Portugal,landing,arrivee,550,227.4,90.6,7.47,54.14,,
2026-09-01,16:22:13,49514b,CS-TJK,Airbus A321neo,TAP Air Portugal,landing,arrivee,600,267.2,91.3,5.81,44.25,,
2026-09-01,16:25:09,ANE91TE,EC-MOX,Bombardier CRJ-1000,Air Nostrum,landing,arrivee,550,254.7,93.7,7.26,41.32,,
2026-09-01,16:27:30,TAP120R,CS-TVC,Airbus A320neo,TAP Air Portugal,landing,arrivee,625,243.2,89.8,5.38,54.73,,
2026-09-01,16:30:18,495150,CS-TJP,Airbus A321neo,TAP Air Portugal,landing,arrivee,600,244.8,91.0,6.54,48.31,,
2026-09-01,16:32:40,4ca812,EI-EKS,Boeing 737-800,Ryanair,landing,arrivee,600,271.3,94.5,6.51,110.88,,
2026-09-01,16:35:46,TAP1359,CS-TVG,Airbus A320neo,TAP Air Portugal,landing,arrivee,625,234.8,91.6,6.93,47.09,,
2026-09-01,16:38:34,440cf8,OE-IBF,Airbus A320,easyJet Europe,landing,arrivee,600,252.4,90.2,6.27,52.22,,
2026-09-01,16:41:23,49521a,CS-TPZ,Embraer E190,TAP Air Portugal,landing,arrivee,575,233.2,92.4,7.28,61.84,,
2026-09-01,16:43:55,RYR29TL,EI-ENI,Boeing 737-800,Ryanair,landing,arrivee,575,268.0,94.6,6.66,98.75,,
2026-09-01,16:47:14,AEE2PT,SX-NEI,Airbus A320,Aegean Airlines,landing,arrivee,625,234.3,91.5,6.93,44.6,,
2026-09-01,16:50:00,RYR67UV,9H-QAH,Boeing 737-800,Malta Air,landing,arrivee,550,255.4,97.2,6.76,106.47,,
2026-09-01,16:57:40,4952c5,CS-TVE,Airbus A320neo,TAP Air Portugal,cruise,,650,0.0,92.8,5.39,62.25,,
2026-09-01,17:00:33,495038,CS-TAX,Embraer E195,TAP Air Portugal,landing,arrivee,600,261.5,91.7,7.34,74.85,,
2026-09-01,17:06:08,3c6490,D-AIDP,Airbus A321,Eurowings,landing,arrivee,625,270.8,95.8,7.88,61.48,,
2026-09-01,17:09:02,TAM8150,CC-BGS,Boeing 787-9,LATAM Airlines,landing,arrivee,600,258.9,92.2,8.2,67.55,,
2026-09-01,17:13:01,502dac,YL-BTC,Airbus A220-300,,landing,arrivee,625,246.7,91.7,6.38,60.65,,
2026-09-01,17:17:48,TAP15NC,CS-TNL,Airbus A320,TAP Air Portugal,landing,arrivee,650,252.8,93.8,6.74,68.36,,
2026-09-01,17:20:54,345398,EC-MQE,Airbus A320,Vueling,landing,arrivee,625,262.2,91.0,5.86,69.27,,
2026-09-01,17:23:41,48c2b9,SP-RZQ,Boeing 737 MAX 8,,landing,arrivee,600,266.5,91.6,5.92,72.99,,
2026-09-01,17:26:17,EJU95BR,OE-IWW,Airbus A320,easyJet Europe,landing,arrivee,600,247.2,89.0,7.86,44.86,,
2026-09-01,17:28:57,02005b,CN-ROC,Boeing 737-800,Royal Air Maroc,landing,arrivee,575,264.7,94.8,6.38,74.29,,
2026-09-01,17:32:16,VKA181,UR-CQE,An-26 B,Vulkan Air,descending,arrivee,600,195.4,96.0,8.5,36.28,,
2026-09-01,17:34:48,4cacdf,EI-GJS,Boeing 737-800,Ryanair,landing,arrivee,550,258.9,92.3,5.9,129.25,,
2026-09-01,17:37:25,4952b1,CS-TUQ,Airbus A330-900neo,TAP Air Portugal,landing,arrivee,600,244.3,94.9,8.65,89.37,,
2026-09-01,17:40:12,BAW506,G-EUYB,Airbus A320,British Airways,landing,arrivee,600,242.4,94.5,6.87,65.33,,
2026-09-01,17:43:03,ELY371,4X-EKJ,Boeing 737-800,El Al,landing,arrivee,550,262.8,94.0,6.42,87.3,,
2026-09-01,17:45:47,AFR24MF,F-HEPD,Airbus A320,Air France,landing,arrivee,600,234.3,93.5,7.19,75.84,,
2026-09-01,17:48:43,TAP643,CS-TVQ,Airbus A320neo,TAP Air Portugal,landing,arrivee,550,246.7,90.3,6.34,56.67,,
2026-09-01,17:51:21,4d221e,9H-QEB,Boeing 737-800,Malta Air,landing,arrivee,650,249.8,92.3,6.25,91.16,,
2026-09-01,17:54:14,EJU81TJ,OE-LUE,Airbus A320neo,easyJet Europe,landing,arrivee,600,249.8,88.7,6.61,52.64,,
2026-09-01,17:57:15,EZY25BM,G-UZLV,Airbus A320,easyJet,cruise,,600,0.0,90.2,5.71,52.22,,
2026-09-01,18:04:12,440132,OE-LQI,Airbus A319,easyJet Europe,landing,arrivee,600,232.4,91.4,6.88,50.94,,
2026-09-01,18:08:13,TVF46GH,F-HUYZ,Boeing 737-800,Transavia France,landing,arrivee,575,254.1,91.6,7.13,99.1,,
2026-09-01,18:12:06,EZY47LC,G-UZMM,Airbus A321neo,easyJet,landing,arrivee,600,264.1,90.1,6.45,59.65,,
2026-09-01,18:20:25,TAP1542,CS-TVM,Airbus A320neo,TAP Air Portugal,landing,arrivee,550,254.8,90.4,7.4,52.09,,
2026-09-01,18:23:32,TAP1478,CS-TJN,Airbus A321neo,TAP Air Portugal,landing,arrivee,600,260.8,87.3,5.5,62.75,,
2026-09-01,18:26:17,4cad2b,EI-HEW,Boeing 737 MAX 8,Ryanair,landing,arrivee,550,275.8,95.7,7.12,64.31,,
2026-09-01,18:29:50,495218,CS-TPX,Embraer E190,TAP Air Portugal,landing,arrivee,550,236.7,87.4,5.73,55.15,,
2026-09-01,18:32:44,RZO124,CS-TSK,Airbus A320,TAP Air Portugal,landing,arrivee,600,240.8,87.2,6.52,46.24,,
2026-09-01,18:35:28,TAP1017,CS-TTR,Airbus A319,TAP Air Portugal,landing,arrivee,600,240.8,90.3,5.97,51.63,,
2026-09-01,18:38:10,495155,,,TAP Air Portugal,approach,arrivee,575,253.2,91.4,6.36,60.26,,
2026-09-01,18:40:55,4952cb,CS-TVK,Airbus A320neo,TAP Air Portugal,landing,arrivee,550,229.1,87.8,5.32,41.17,,
2026-09-01,18:43:35,3452c9,EC-MNZ,Airbus A320,Vueling,landing,arrivee,575,254.1,89.2,4.82,66.33,,
2026-09-01,18:46:45,440d93,,,Iberia,landing,arrivee,575,237.4,90.9,7.53,53.11,,
2026-09-01,18:49:19,495154,,,TAP Air Portugal,landing,arrivee,600,257.2,88.5,6.23,55.53,,
2026-09-01,18:52:08,TAP1455,CS-TPR,Embraer E190,TAP Air Portugal,landing,arrivee,575,227.4,91.3,7.49,56.16,,
2026-09-01,18:54:45,TAP1931,CS-TNQ,Airbus A320,TAP Air Portugal,landing,arrivee,550,242.4,95.1,7.15,44.53,,
2026-09-01,18:57:23,4403f0,OE-LQF,Airbus A319,easyJet Europe,cruise,,625,0.0,90.9,6.67,52.72,,
2026-09-01,19:00:18,4951cd,CS-TNM,Airbus A320,TAP Air Portugal,landing,arrivee,575,241.5,92.1,66.32,49.63,,
2026-09-01,19:03:10,TAP1906,,,TAP Air Portugal,landing,arrivee,575,244.3,92.5,8.14,58.4,,
2026-09-01,19:05:33,49514c,CS-TJL,Airbus A321neo,TAP Air Portugal,landing,arrivee,600,264.8,89.8,5.64,59.52,,
2026-09-01,19:08:15,BEL2DT,OO-TCV,Airbus A320,Brussels Airlines,landing,arrivee,600,239.1,92.5,6.48,63.16,,
2026-09-01,19:10:45,TAP671,CS-TVF,Airbus A320neo,TAP Air Portugal,cruise,,650,0.0,89.1,4.78,46.07,,
2026-09-01,19:13:41,4868f7,PH-AXP,Airbus A321neo,Transavia,landing,arrivee,575,232.4,92.4,7.12,54.16,,
2026-09-01,19:17:49,TAP825,,,TAP Air Portugal,landing,arrivee,575,210.8,87.2,6.8,38.31,,
2026-09-01,19:22:00,495213,CS-TPS,Embraer E190,TAP Air Portugal,cruise,,625,0.0,96.6,6.23,49.28,,
2026-09-01,19:27:16,RYR68VC,SP-RSS,Boeing 737-800,Buzz,landing,arrivee,550,261.5,95.0,5.87,94.84,,
2026-09-01,19:30:15,RYR7VL,9H-QDV,Boeing 737-800,Malta Air,landing,arrivee,525,263.9,93.4,6.36,106.11,,
2026-09-01,19:33:04,WZZ477,HA-LDE,Airbus A321neo,Wizz Air,landing,arrivee,575,243.9,92.8,67.09,61.85,,
2026-09-01,19:36:07,UAE5M,A6-EPI,Boeing 777-300ER,Emirates,landing,arrivee,550,267.2,99.8,10.14,91.01,,
2026-09-01,19:39:35,TAP403Z,CS-TPQ,Embraer E190,TAP Air Portugal,landing,arrivee,525,217.4,87.8,7.02,57.84,,
2026-09-01,19:41:36,TRA69R,,,Transavia,approach,arrivee,550,240.8,94.0,7.74,45.35,,
2026-09-01,19:43:56,TAP69UX,CS-TNR,Airbus A320,TAP Air Portugal,landing,arrivee,550,255.6,97.1,6.53,61.56,,
2026-09-01,19:48:23,406e69,G-EZOX,Airbus A320,,landing,arrivee,575,241.5,91.1,6.46,50.76,,
2026-09-01,19:51:31,TAP543W,CS-TPT,Embraer E190,TAP Air Portugal,landing,arrivee,575,221.5,92.3,6.24,45.66,,
2026-09-01,19:54:47,ANE44TG,EC-OOQ,Bombardier CRJ-1000,Air Nostrum,landing,arrivee,575,231.9,91.3,5.43,30.88,,
2026-09-01,19:57:23,AEA1157,EC-OBJ,Boeing 737-800,Air Europa,landing,arrivee,525,253.9,92.3,6.04,91.73,,
2026-09-01,19:59:39,RYR647X,EI-DWP,Boeing 737-800,Ryanair,landing,arrivee,575,262.2,96.7,6.56,67.18,,
2026-09-01,20:02:28,DTA652,D2-TEG,Boeing 777-300ER,TAAG Angola,landing,arrivee,575,264.1,97.1,14.29,118.58,,
2026-09-01,20:05:51,TAP10EV,CS-TPY,Embraer E190,TAP Air Portugal,landing,arrivee,575,234.3,91.2,7.78,45.78,,
2026-09-01,20:08:42,TAP543W,CS-TPP,Embraer E190,TAP Air Portugal,landing,arrivee,550,229.8,91.6,6.53,46.51,,
2026-09-01,20:11:29,TAP4TL,CS-TAW,Embraer E195,TAP Air Portugal,landing,arrivee,600,247.2,89.2,7.07,51.41,,
2026-09-01,20:14:05,TAP48M,CS-TTY,Embraer E195,TAP Air Portugal,landing,arrivee,550,251.5,90.8,5.86,61.59,,
2026-09-01,20:16:51,RYR14SC,EI-IHP,Boeing 737 MAX 8,Ryanair,landing,arrivee,600,252.4,110.2,69.02,58.0,,
2026-09-01,20:19:51,495293,CS-TTS,Airbus A319,TAP Air Portugal,landing,arrivee,575,239.8,89.5,6.67,44.78,,
2026-09-01,20:22:43,TAP93ZS,CS-TVN,Airbus A320neo,TAP Air Portugal,landing,arrivee,600,256.3,87.1,5.76,53.95,,
2026-09-01,20:25:22,4cac36,EI-RZD,Boeing 737 MAX 8,Neos,landing,arrivee,625,272.4,91.7,5.65,81.17,,
2026-09-01,20:28:23,WMT537,HA-LDJ,Airbus A321neo,SAS Scandinavian,landing,arrivee,575,240.6,91.0,6.91,57.71,,
2026-09-01,20:31:24,TAP1019,CS-TPO,Embraer E190,TAP Air Portugal,landing,arrivee,550,241.5,89.6,6.65,51.83,,
2026-09-01,20:34:04,345043,EC-MHS,Airbus A321,Vueling,landing,arrivee,575,249.1,90.3,6.51,50.42,,
2026-09-01,20:37:04,RYR65MU,9H-QDD,Boeing 737-800,Malta Air,landing,arrivee,550,260.8,94.4,6.63,74.27,,
2026-09-01,20:39:52,3451d5,EC-MKO,Airbus A320,Vueling,landing,arrivee,575,249.8,91.5,5.32,67.8,,
2026-09-01,20:45:09,RYR4RL,EI-DCZ,Boeing 737-800,Ryanair,landing,arrivee,575,265.4,97.9,71.52,117.09,,
2026-09-01,20:58:39,4cae91,EI-IKC,Boeing 737 MAX 8,Ryanair,landing,arrivee,525,268.2,94.9,6.8,65.33,,
2026-09-01,21:01:43,EIN4PT,EI-NSC,Airbus A320neo,Aer Lingus,landing,arrivee,575,233.9,98.6,6.3,40.34,,
2026-09-01,21:07:08,495215,CS-TPU,Embraer E190,TAP Air Portugal,landing,arrivee,550,232.4,90.3,7.4,62.89,,
2026-09-01,21:09:36,4951d8,CS-TNX,Airbus A320,TAP Air Portugal,landing,arrivee,575,251.7,91.4,7.53,43.39,,
2026-09-01,21:12:35,TAP37CN,CS-TTX,Embraer E195,TAP Air Portugal,landing,arrivee,600,251.5,94.1,6.33,110.53,,
2026-09-01,21:15:17,RYR76ZW,EI-ILK,Boeing 737 MAX 8,Ryanair,landing,arrivee,525,264.8,93.0,6.13,50.46,,
2026-09-01,21:17:45,495305,CS-TXE,Airbus A321neo,TAP Air Portugal,landing,arrivee,575,253.2,88.6,6.01,46.55,,
2026-09-01,21:20:23,RYR8AT,EI-EKN,Boeing 737-800,Ryanair,landing,arrivee,625,263.2,93.9,7.01,86.4,,
2026-09-01,21:23:31,491d84,CS-GLD,Global 6000,NetJets,landing,arrivee,600,198.2,85.7,6.84,25.25,,
2026-09-01,21:25:51,4d253b,9H-EUQ,Airbus A320,Lauda Europe,landing,arrivee,575,248.4,90.4,6.42,48.09,,
2026-09-01,21:28:27,TCV606,D4-CCJ,Boeing 737 MAX 8,,landing,arrivee,500,276.5,93.7,6.9,84.02,,
2026-09-01,21:31:17,49514d,CS-TJM,Airbus A321neo,TAP Air Portugal,landing,arrivee,525,252.4,96.6,6.07,45.6,,
2026-09-01,21:33:53,TAP863Y,CS-TTP,Airbus A319,TAP Air Portugal,landing,arrivee,525,236.7,93.4,8.54,46.06,,
2026-09-01,21:36:31,495216,CS-TPV,Embraer E190,TAP Air Portugal,landing,arrivee,575,258.9,91.2,6.27,53.22,,
2026-09-01,21:38:49,RYR9QJ,EI-DHF,Boeing 737-800,Ryanair,landing,arrivee,525,263.9,92.2,7.41,85.13,,
2026-09-01,21:41:28,4952c2,CS-TVB,Airbus A320neo,TAP Air Portugal,landing,arrivee,575,248.0,94.5,6.79,48.67,,
2026-09-01,21:44:19,484498,,,Turkish Airlines,landing,arrivee,550,199.8,82.7,5.38,24.32,,
2026-09-01,21:47:01,TAP827V,CS-TJF,Airbus A321,TAP Air Portugal,landing,arrivee,525,236.7,91.6,6.98,44.22,,
2026-09-01,21:49:52,4bb847,TC-NBG,Airbus A320neo,Pegasus,landing,arrivee,550,241.5,89.8,6.27,42.79,,
2026-09-01,21:52:36,EJU7680,OE-IBS,Airbus A320,easyJet Europe,landing,arrivee,525,243.9,90.3,7.01,47.35,,
2026-09-01,21:55:21,3991e7,F-HEPH,Airbus A320,Air France,cruise,,625,0.0,92.1,7.28,69.52,,
2026-09-01,21:58:33,3c65da,D-AINZ,Airbus A320neo,Lufthansa,landing,arrivee,575,248.4,91.0,6.5,66.13,,
2026-09-01,22:01:15,4952d2,CS-TVR,Airbus A320neo,TAP Air Portugal,landing,arrivee,575,252.4,90.1,6.78,54.44,,
2026-09-01,22:04:00,TAP7EN,CS-TVH,Airbus A320neo,TAP Air Portugal,landing,arrivee,525,257.2,91.7,5.46,48.87,,
2026-09-01,22:07:16,TAP837,CS-TJO,Airbus A321neo,TAP Air Portugal,landing,arrivee,575,239.1,87.4,5.86,53.99,,
2026-09-01,22:09:03,3964e1,F-GZHB,Boeing 737-800,Transavia France,landing,arrivee,525,255.6,93.4,6.39,91.06,,
2026-09-01,22:12:04,TAP1369,CS-TVP,Airbus A320neo,TAP Air Portugal,landing,arrivee,525,229.1,86.5,7.17,43.4,,
2026-09-01,22:15:22,440db0,OE-IDX,Airbus A320,easyJet Europe,landing,arrivee,500,244.8,93.5,6.89,51.47,,
2026-09-01,22:18:06,495171,CS-TKQ,Airbus A320,TAP Air Portugal,landing,arrivee,525,264.1,92.6,5.95,52.63,,
2026-09-01,22:20:48,TAP5AS,CS-TVS,Airbus A321neo,TAP Air Portugal,landing,arrivee,525,257.2,87.4,4.96,42.15,,
2026-09-01,22:23:24,RYR20EE,EI-DWS,Boeing 737-800,Ryanair,landing,arrivee,550,267.6,93.1,7.39,101.85,,
2026-09-01,22:26:29,495218,CS-TPX,Embraer E190,TAP Air Portugal,landing,arrivee,525,223.9,91.7,5.97,51.9,,
2026-09-01,22:28:23,AEE7PT,SX-NAC,Airbus A321neo,Aegean Airlines,landing,arrivee,550,239.8,90.0,9.08,56.16,,
2026-09-01,22:31:28,3475c9,EC-OCT,Airbus A321,,landing,arrivee,525,268.0,94.4,6.43,98.77,,
2026-09-01,22:33:36,4cacdf,EI-GJS,Boeing 737-800,Ryanair,landing,arrivee,525,251.5,94.9,6.93,71.17,,
2026-09-01,22:36:19,DLH64P,D-AINQ,Airbus A320neo,Lufthansa,landing,arrivee,550,236.7,88.2,8.06,57.79,,
2026-09-01,22:39:16,TAP21MM,CS-TPZ,Embraer E190,TAP Air Portugal,landing,arrivee,500,213.4,89.4,5.48,47.78,,
2026-09-01,22:41:54,4d223a,9H-QCG,Boeing 737-800,Malta Air,landing,arrivee,475,256.3,95.1,6.49,93.66,,
2026-09-01,22:44:28,EJU74EP,OE-IBF,Airbus A320,easyJet Europe,landing,arrivee,525,241.5,94.9,6.74,62.14,,
2026-09-01,22:46:47,KLM35W,,,KLM,landing,arrivee,550,251.5,91.5,67.37,53.36,,
2026-09-01,22:49:40,495152,CS-TJR,Airbus A321neo,TAP Air Portugal,landing,arrivee,550,247.2,95.2,5.09,49.25,,
2026-09-01,22:52:26,BAW508,G-TTND,Airbus A320neo,British Airways,approach,arrivee,575,205.0,87.4,8.59,44.2,,
2026-09-01,22:54:26,TAP43RY,CS-TJE,Airbus A321,TAP Air Portugal,landing,arrivee,550,236.3,90.4,6.36,42.5,,
2026-09-01,22:56:21,EJU64TB,OE-IDO,Airbus A320,easyJet Europe,landing,arrivee,475,244.3,91.4,5.77,56.31,,
2026-09-01,22:59:24,4ca95e,EI-HAW,Boeing 737 MAX 8,Ryanair,landing,arrivee,550,268.9,93.7,5.96,51.18,,
2026-09-01,23:02:36,TAP645,CS-TNS,Airbus A320,TAP Air Portugal,landing,arrivee,525,231.5,92.5,7.56,63.39,,
2026-09-01,23:09:30,IBE0539,EC-NFI,Airbus A320neo,Iberia,landing,arrivee,550,225.0,86.4,6.91,56.3,,
2026-09-01,23:16:18,4951d6,CS-TNV,Airbus A320,TAP Air Portugal,landing,arrivee,575,226.7,88.7,6.02,55.68,,
2026-09-01,23:20:43,TAP64M,CS-TVJ,Airbus A320neo,TAP Air Portugal,landing,arrivee,575,252.4,88.3,6.24,48.52,,
2026-09-01,23:23:16,440b1e,OE-IWW,Airbus A320,easyJet Europe,landing,arrivee,550,212.6,91.5,7.66,53.11,,
2026-09-01,23:24:54,RZO126,CS-TSJ,Airbus A321neo,TAP Air Portugal,landing,arrivee,525,259.7,91.3,5.85,55.11,,
2026-09-01,23:27:24,EJU36BG,OE-LSR,Airbus A320,easyJet Europe,landing,arrivee,525,239.1,88.6,4.88,52.6,,
2026-09-01,23:30:05,3c6482,D-AIDB,Airbus A321,Lufthansa,landing,arrivee,575,258.4,92.5,7.42,54.38,,
2026-09-01,23:33:07,THY2ES,TC-JHM,Boeing 737-800,Turkish Airlines,landing,arrivee,525,264.7,93.3,6.77,77.13,,
2026-09-01,23:35:15,4952c1,CS-TVA,Airbus A320neo,TAP Air Portugal,landing,arrivee,600,250.8,91.3,6.38,57.87,,
2026-09-01,23:37:19,SWR755L,HB-JDJ,Airbus A320neo,Swiss,landing,arrivee,525,253.2,87.5,6.52,50.09,,
2026-09-01,23:39:17,EJU69VE,OE-LUE,Airbus A320neo,easyJet Europe,landing,arrivee,525,247.2,91.7,6.63,53.5,,
2026-09-01,23:42:08,TVF47RH,F-HUYF,Boeing 737-800,Transavia France,landing,arrivee,525,258.0,96.8,6.9,82.48,,
2026-09-01,23:44:48,EJU78QH,,,easyJet Europe,landing,arrivee,550,246.7,93.6,5.33,54.93,,
2026-09-01,23:55:57,TAP39PT,CS-TAX,Embraer E195,TAP Air Portugal,landing,arrivee,550,240.8,87.6,6.12,52.47,,
2026-09-02,00:57:41,49526b,CS-TSK,Airbus A320,TAP Air Portugal,landing,arrivee,525,260.8,91.9,5.47,54.2,,
2026-09-02,04:34:05,KLM268,PH-BQA,Boeing 777-200,KLM,landing,arrivee,525,243.2,95.7,7.69,80.6,,
2026-09-02,04:43:59,TAP202A,CS-TXK,Airbus A321,TAP Air Portugal,landing,arrivee,575,258.9,87.3,6.09,42.48,,
2026-09-02,04:50:28,TAP074,CS-TUF,Airbus A330-900neo,TAP Air Portugal,landing,arrivee,575,246.7,95.1,8.26,114.27,,
2026-09-02,05:03:07,TAP232Y,CS-TXI,Airbus A321neo,TAP Air Portugal,landing,arrivee,550,258.9,90.8,5.62,43.52,,
2026-09-02,05:23:10,TAP082,CS-TUB,Airbus A330-900neo,TAP Air Portugal,landing,arrivee,550,243.9,98.2,8.29,68.17,,
2026-09-02,05:30:16,TAP25YZ,CS-TXM,Airbus A321,TAP Air Portugal,landing,arrivee,575,257.2,93.6,6.13,52.17,,
2026-09-02,05:34:34,49530c,CS-TXL,Airbus A321neo,TAP Air Portugal,landing,arrivee,600,258.9,88.2,6.37,47.88,,
2026-09-02,05:39:21,TAP224,CS-TUK,Airbus A330-900neo,TAP Air Portugal,landing,arrivee,600,255.6,95.4,7.55,85.55,,
2026-09-02,05:52:40,4952d0,CS-TVP,Airbus A320neo,TAP Air Portugal,landing,arrivee,575,244.8,90.0,6.33,39.75,,
2026-09-02,05:55:14,495213,CS-TPS,Embraer E190,TAP Air Portugal,landing,arrivee,575,225.9,88.8,6.62,70.95,,
2026-09-02,06:02:08,TAP1550,CS-TJN,Airbus A321neo,TAP Air Portugal,landing,arrivee,625,254.8,97.0,5.88,60.9,,
2026-09-02,06:04:29,TAP1544,,,TAP Air Portugal,landing,arrivee,550,250.8,89.5,5.18,39.13,,
2026-09-02,06:07:10,VJT630,9H-ILY,Challenger 850,VistaJet,landing,arrivee,600,236.9,87.8,6.24,21.57,,
2026-09-02,06:09:51,4951d8,CS-TNX,Airbus A320,TAP Air Portugal,landing,arrivee,600,248.0,95.8,6.63,61.73,,
2026-09-02,06:12:37,TAP1484,,,TAP Air Portugal,landing,arrivee,575,246.7,91.0,6.35,40.56,,
2026-09-02,06:18:31,348342,EC-OND,Airbus A330-300,,landing,arrivee,550,240.8,93.3,8.68,71.98,,
2026-09-02,06:21:32,495170,CS-TKP,Airbus A320,TAP Air Portugal,landing,arrivee,575,246.7,99.3,7.01,68.27,,
2026-09-02,06:24:34,TAP11VP,CS-TPQ,Embraer E190,TAP Air Portugal,landing,arrivee,550,225.0,90.9,6.49,47.19,,
2026-09-02,06:26:10,440d93,,,Iberia,landing,arrivee,550,260.4,99.1,71.03,67.69,,
2026-09-02,06:30:24,TSC680,C-GUBT,Airbus A330-200,Air Transat,landing,arrivee,500,240.6,95.2,72.16,66.99,,
2026-09-02,06:33:39,RYR8AT,EI-DYE,Boeing 737-800,Ryanair,landing,arrivee,575,258.9,93.9,6.91,80.31,,
2026-09-02,06:37:22,4952b3,CS-TUS,Airbus A330-900neo,TAP Air Portugal,landing,arrivee,575,244.8,94.0,7.93,108.26,,
2026-09-02,06:39:43,344297,EC-LQX,Boeing 737-800,Air Europa,landing,arrivee,575,254.8,94.0,6.37,62.16,,
2026-09-02,06:42:54,4951d7,CS-TNW,Airbus A320,TAP Air Portugal,landing,arrivee,575,241.5,94.2,6.85,45.66,,
2026-09-02,06:45:45,4951d2,CS-TNR,Airbus A320,TAP Air Portugal,landing,arrivee,550,236.7,94.5,7.53,58.75,,
2026-09-02,06:48:12,TAP104,CS-TUG,Airbus A330-900neo,TAP Air Portugal,landing,arrivee,525,254.7,92.3,8.68,62.4,,
2026-09-02,06:56:22,e48ba9,PT-MUG,Boeing 777-300ER,LATAM Airlines,landing,arrivee,575,264.8,97.9,8.71,120.32,,
2026-09-02,06:59:32,0900f1,D2-TEK,Boeing 777-300ER,TAAG Angola,landing,arrivee,525,273.2,97.3,9.16,132.25,,
2026-09-02,07:07:08,495212,CS-TPR,Embraer E190,TAP Air Portugal,landing,arrivee,575,222.6,89.2,7.5,49.49,,
2026-09-02,07:10:09,4952d1,,,TAP Air Portugal,cruise,,575,0.0,86.9,5.07,39.96,,
2026-09-02,07:12:53,TAP98CX,CS-TJL,Airbus A321neo,TAP Air Portugal,landing,arrivee,550,240.8,92.0,6.12,45.6,,
2026-09-02,07:15:27,8964bc,A6-BLL,Boeing 787-9,Etihad Airways,landing,arrivee,550,278.9,93.6,6.1,69.83,,
2026-09-02,07:19:08,3c5422,D-AEAB,A300 B4-622RF,DHL Air,landing,arrivee,575,237.4,97.7,9.57,97.22,,
2026-09-02,07:23:41,TAP945,CS-TVK,Airbus A320neo,TAP Air Portugal,landing,arrivee,600,217.4,87.3,6.51,32.97,,
2026-09-02,07:26:31,347344,EC-NVS,Airbus A320,Iberia,landing,arrivee,575,232.4,88.5,7.0,40.41,,
2026-09-02,07:29:17,TAP9ML,CS-TNQ,Airbus A320,TAP Air Portugal,landing,arrivee,550,238.2,92.4,8.18,86.26,,
2026-09-02,07:32:08,EZS79YP,HB-JXN,Airbus A320,Austrian Airlines,landing,arrivee,600,253.2,91.6,6.15,58.28,,
2026-09-02,07:35:06,RYR63TC,EI-DCL,Boeing 737-800,Ryanair,landing,arrivee,550,274.8,92.9,6.02,90.08,,
2026-09-02,07:38:33,DAL272,N436DX,Airbus A330-900neo,Delta Air Lines,landing,arrivee,575,254.8,95.0,7.55,97.45,,
2026-09-02,07:41:57,SRR6646,,,,landing,arrivee,575,219.1,96.5,8.55,81.93,,
2026-09-02,07:53:03,TAP1023,CS-TVI,Airbus A320neo,TAP Air Portugal,landing,arrivee,625,230.8,89.1,7.54,47.38,,
2026-09-02,07:56:59,4952c3,CS-TVC,Airbus A320neo,TAP Air Portugal,landing,arrivee,575,230.6,88.9,6.92,36.47,,
2026-09-02,07:59:52,4951d4,CS-TNT,Airbus A320,TAP Air Portugal,landing,arrivee,575,236.7,95.7,7.34,49.47,,
2026-09-02,08:04:22,EJU15DB,OE-7120,EuroFox,easyJet Europe,landing,arrivee,550,249.8,91.8,5.71,51.31,,
2026-09-02,08:07:27,TAP1939,CS-TPO,Embraer E190,TAP Air Portugal,cruise,,525,225.9,90.5,7.69,49.21,,
2026-09-02,08:10:13,EWG25P,D-AIDV,Airbus A321,Eurowings,landing,arrivee,550,270.8,92.1,6.01,51.55,,
2026-09-02,08:16:36,4952cf,,,TAP Air Portugal,landing,arrivee,550,250.8,89.2,6.35,56.93,,
2026-09-02,08:19:42,4951d9,CS-TNY,Airbus A320,TAP Air Portugal,landing,arrivee,575,257.2,92.0,6.49,52.09,,
2026-09-02,08:22:51,TAP63GL,CS-TJP,Airbus A321neo,TAP Air Portugal,landing,arrivee,525,227.4,92.2,7.02,49.71,,
2026-09-02,08:25:41,3964f1,F-GZHR,Boeing 737-800,Transavia France,landing,arrivee,525,253.2,93.2,6.89,59.41,,
2026-09-02,08:30:14,AFR35VY,F-HEPJ,Airbus A320,Air France,landing,arrivee,550,223.2,102.1,69.63,62.55,,
2026-09-02,08:33:04,VLG46AX,EC-MVD,Airbus A320,Vueling,landing,arrivee,550,253.2,87.4,5.24,40.07,,
2026-09-02,08:35:57,TRA97Q,PH-HBN,Boeing 737-800,,landing,arrivee,500,270.8,95.3,5.89,75.09,,
2026-09-02,08:38:48,4951cd,CS-TNM,Airbus A320,TAP Air Portugal,landing,arrivee,575,242.4,94.5,7.62,60.41,,
2026-09-02,08:41:35,4951cc,CS-TNL,Airbus A320,TAP Air Portugal,landing,arrivee,600,244.8,93.4,6.67,61.53,,
2026-09-02,08:46:46,4d2228,9H-QCC,Boeing 737-800,Malta Air,landing,arrivee,550,267.8,93.9,7.14,86.72,,
2026-09-02,08:51:16,4d223a,9H-QCG,Boeing 737-800,Malta Air,landing,arrivee,550,270.8,91.7,6.62,71.45,,
2026-09-02,08:57:30,49514b,CS-TJK,Airbus A321neo,TAP Air Portugal,landing,arrivee,550,230.0,84.5,5.72,37.66,,
2026-09-02,09:00:12,4ca809,EI-EKJ,Boeing 737-800,Ryanair,landing,arrivee,500,276.5,90.0,5.85,57.64,,
2026-09-02,09:02:39,UAL64,N12004,Boeing 787-10,United Airlines,landing,arrivee,500,272.4,91.9,5.73,64.14,,
2026-09-02,09:08:28,TAP675,CS-TVE,Airbus A320neo,TAP Air Portugal,landing,arrivee,550,226.7,89.6,6.66,39.28,,
2026-09-02,09:13:19,495303,CS-TXC,Airbus A321neo,TAP Air Portugal,cruise,,575,0.0,92.8,6.5,45.72,,
2026-09-02,09:17:50,484c59,PH-HSB,Boeing 737-800,Turkish Airlines,landing,arrivee,550,268.9,93.9,6.61,63.88,,
2026-09-02,09:22:00,406016,G-EZTM,Airbus A320,easyJet,landing,arrivee,550,236.7,88.0,39.62,48.76,,
2026-09-02,09:26:18,c051e2,C-GFAF,Airbus A330-300,Air Canada,cruise,,525,0.0,94.0,7.58,75.87,,
2026-09-02,09:31:19,RYR24SE,EI-EKH,Boeing 737-800,Ryanair,landing,arrivee,550,273.2,94.7,7.47,77.2,,
2026-09-02,09:35:36,TAP012,CS-TUR,Airbus A330-900neo,TAP Air Portugal,landing,arrivee,550,258.9,92.6,66.14,89.74,,
2026-09-02,09:38:08,4952c4,CS-TVD,Airbus A320neo,TAP Air Portugal,landing,arrivee,550,258.9,88.8,5.35,42.46,,
2026-09-02,09:42:52,BAW50P,G-NEOX,Airbus A321neo,British Airways,landing,arrivee,550,239.1,88.1,5.49,57.69,,
2026-09-02,09:46:53,TAP216L,CS-TXH,Airbus A321neo,TAP Air Portugal,landing,arrivee,575,247.2,89.6,6.02,48.95,,
2026-09-02,09:49:27,THY3WE,TC-LSD,Airbus A321neo,Turkish Airlines,landing,arrivee,575,243.2,91.3,5.9,52.33,,
2026-09-02,09:57:44,46b82b,SX-NAK,Airbus A321,Aegean Airlines,landing,arrivee,600,244.8,89.9,6.23,63.84,,
2026-09-02,10:08:07,440d6f,OE-LSR,Airbus A320,easyJet Europe,landing,arrivee,525,252.4,89.4,6.27,43.17,,
2026-09-02,10:14:27,TAP11SV,CS-TPW,Embraer E190,TAP Air Portugal,landing,arrivee,525,237.4,89.0,6.96,55.88,,
2026-09-02,10:17:09,AAL258,N822AN,Boeing 787-9,American Airlines,landing,arrivee,525,273.9,93.4,5.89,64.71,,
2026-09-02,10:21:12,a4bf95,N405DX,Airbus A330-900neo,Delta Air Lines,landing,arrivee,525,270.8,94.1,9.78,79.37,,
2026-09-02,10:23:59,4952c7,CS-TVG,Airbus A320neo,TAP Air Portugal,landing,arrivee,550,266.5,85.9,5.57,45.24,,
2026-09-02,10:26:49,AEA1153,EC-LPR,Boeing 737-800,Air Europa,landing,arrivee,525,268.9,94.6,5.09,74.69,,
2026-09-02,10:29:35,3480ce,,,,landing,arrivee,525,255.6,93.3,8.31,69.56,,
2026-09-02,10:32:03,TAP13LH,,,TAP Air Portugal,landing,arrivee,525,253.2,88.7,5.34,55.04,,
2026-09-02,10:34:46,TAP1826,CS-TVF,Airbus A320neo,TAP Air Portugal,landing,arrivee,525,241.5,88.5,6.76,42.6,,
2026-09-02,10:37:17,4952ae,CS-TUN,Airbus A330-900neo,TAP Air Portugal,landing,arrivee,525,255.6,97.2,9.1,113.48,,
2026-09-02,10:40:15,LGL51P,LX-LGV,Boeing 737-800,Luxair,landing,arrivee,500,276.3,92.8,6.28,99.77,,
2026-09-02,10:42:50,OBS864,,,TAP Air Portugal,landing,arrivee,575,265.6,92.4,8.19,93.84,,
2026-09-02,10:45:27,RYR3WD,EI-GJS,Boeing 737-800,Ryanair,landing,arrivee,500,283.7,94.8,5.53,105.68,,
2026-09-02,10:48:01,ACA810,CA-FITL,Boeing 777-300ER,Air Canada,landing,arrivee,525,279.7,97.9,7.65,126.5,,
2026-09-02,10:50:51,KLM1579,,,KLM,landing,arrivee,525,282.4,91.6,6.66,57.3,,
2026-09-02,10:53:39,TAP68JP,CS-TJR,Airbus A321neo,TAP Air Portugal,landing,arrivee,575,274.5,89.3,6.62,45.47,,
2026-09-02,10:56:27,PTN73A,,,,landing,arrivee,525,220.2,88.6,2.32,23.07,,
2026-09-02,10:59:15,RYR21UN,SP-RKS,Boeing 737-800,Buzz,landing,arrivee,500,290.6,93.0,5.48,86.3,,
2026-09-02,11:02:24,SWR36K,,,Swiss,landing,arrivee,500,259.7,89.0,5.74,45.38,,
2026-09-02,11:05:05,EJU74EF,OE-LSK,Airbus A320neo,easyJet Europe,cruise,,550,0.0,88.7,5.92,52.48,,
2026-09-02,11:08:07,EJU69VE,OE-IBF,Airbus A320,easyJet Europe,landing,arrivee,525,249.8,92.3,7.15,61.89,,
2026-09-02,11:11:06,UAL942,N78005,Boeing 777-200,United Airlines,landing,arrivee,525,256.9,102.5,10.19,93.95,,
2026-09-02,11:13:42,346047,EC-MXP,Airbus A320,Vueling,landing,arrivee,525,260.0,89.3,6.13,45.6,,
2026-09-02,11:16:33,AFR41GW,F-HOZE,Airbus A220-300,Air France,landing,arrivee,525,258.0,88.2,6.28,68.42,,
2026-09-02,11:19:19,44cc43,OO-SBC,Airbus A320,Brussels Airlines,landing,arrivee,650,268.2,91.0,6.4,40.6,,
2026-09-02,11:23:57,TAP234Y,CS-TXA,Airbus A321neo,TAP Air Portugal,landing,arrivee,575,255.6,92.4,6.43,55.34,,
2026-09-02,11:26:36,DLH39X,D-AIEM,Airbus A321neo,Lufthansa,landing,arrivee,650,258.4,91.8,7.06,70.14,,
2026-09-02,11:29:37,34260e,EC-KHM,Airbus A319,Iberia,landing,arrivee,575,257.2,90.8,6.51,48.3,,
2026-09-02,11:33:01,AZU8900,CS-TSW,Boeing 777-200,Azul,landing,arrivee,525,267.2,94.6,7.82,131.73,,
2026-09-02,11:35:58,TAP048,CS-TXD,Airbus A321neo,TAP Air Portugal,landing,arrivee,525,275.6,90.4,7.03,61.31,,
2026-09-02,11:43:38,TAP429,CS-TPX,Embraer E190,TAP Air Portugal,landing,arrivee,525,252.4,89.4,6.24,50.99,,
2026-09-02,11:49:28,4951f0,CS-TOP,Airbus A330-200,TAP Air Portugal,landing,arrivee,525,268.0,95.4,8.14,97.4,,
2026-09-02,11:52:44,49521a,CS-TPZ,Embraer E190,TAP Air Portugal,landing,arrivee,500,247.2,89.7,6.64,61.67,,
2026-09-02,11:55:36,4952c8,CS-TVH,Airbus A320neo,TAP Air Portugal,landing,arrivee,550,249.1,89.3,4.95,49.92,,
2026-09-02,12:04:12,EWG37V,9H-EWI,Airbus A320,Eurowings,landing,arrivee,550,266.5,94.1,9.15,63.17,,
2026-09-02,12:07:06,4912c9,,,,cruise,,600,0.0,85.2,4.83,28.5,,
2026-09-02,12:09:01,RYR59QQ,EI-ILK,Boeing 737 MAX 8,Ryanair,landing,arrivee,525,283.0,93.3,5.98,60.7,,
2026-09-02,12:11:32,440115,OE-LUE,Airbus A320neo,easyJet Europe,landing,arrivee,550,267.2,89.4,5.61,55.7,,
2026-09-02,12:13:58,TAP1902,CS-TNY,Airbus A320,TAP Air Portugal,landing,arrivee,525,253.2,95.9,8.77,54.06,,
2026-09-02,12:16:52,8963da,A6-EPK,Boeing 777-300ER,Emirates,landing,arrivee,600,278.9,93.2,59.56,118.37,,
2026-09-02,12:19:43,EJU32WQ,OE-IDO,Airbus A320,easyJet Europe,landing,arrivee,525,260.8,90.1,6.46,50.83,,
2026-09-02,12:22:21,440b1e,OE-IWW,Airbus A320,easyJet Europe,landing,arrivee,525,265.6,88.7,5.06,56.43,,
2026-09-02,12:25:00,LOT4HT,SP-LVH,Boeing 737 MAX 8,LOT Polish Airlines,landing,arrivee,500,286.5,92.6,4.93,67.9,,
2026-09-02,12:27:33,40690a,G-EZWI,Airbus A320,easyJet,landing,arrivee,500,268.9,92.4,7.0,61.78,,
2026-09-02,12:33:22,495269,CS-TSI,Airbus A321neo,TAP Air Portugal,landing,arrivee,575,283.0,91.0,6.23,55.06,,
2026-09-02,12:40:00,495146,CS-TJF,Airbus A321,TAP Air Portugal,landing,arrivee,550,283.0,93.3,7.6,58.72,,
2026-09-02,12:43:22,495148,CS-TJH,Airbus A321,TAP Air Portugal,landing,arrivee,550,273.2,93.3,6.98,75.81,,
2026-09-02,12:46:30,495219,CS-TPY,Embraer E190,TAP Air Portugal,landing,arrivee,525,241.5,88.1,6.5,48.66,,
2026-09-02,12:49:07,4952a1,CS-TUA,Airbus A330-900neo,TAP Air Portugal,landing,arrivee,575,263.2,93.6,8.18,108.48,,
2026-09-02,12:52:17,EZY31FV,G-EZOM,Airbus A320,easyJet,landing,arrivee,550,271.3,90.8,6.51,52.51,,
2026-09-02,12:55:10,EJU76WL,OE-IVV,Airbus A320,easyJet Europe,landing,arrivee,525,266.5,89.0,5.84,59.32,,
2026-09-02,12:57:53,TAP143P,CS-TNQ,Airbus A320,TAP Air Portugal,landing,arrivee,500,262.4,93.8,7.04,64.75,,
2026-09-02,13:00:22,440d10,OE-IBS,Airbus A320,easyJet Europe,landing,arrivee,550,268.9,91.3,6.75,50.02,,
2026-09-02,13:03:34,TAP145W,CS-TTR,Airbus A319,TAP Air Portugal,landing,arrivee,525,239.8,93.9,9.98,56.97,,
2026-09-02,13:06:18,495299,CS-TTY,Embraer E195,TAP Air Portugal,landing,arrivee,550,267.2,91.1,6.64,53.0,,
2026-09-02,13:10:32,495215,CS-TPU,Embraer E190,TAP Air Portugal,landing,arrivee,550,252.4,91.0,68.22,50.78,,
2026-09-02,13:13:35,345207,EC-MLD,Airbus A321,Vueling,cruise,,600,0.0,91.3,6.75,47.94,,
2026-09-02,13:16:19,TVF46JB,F-HUYH,Boeing 737-800,Transavia France,landing,arrivee,525,283.7,96.2,6.72,78.66,,
2026-09-02,13:19:16,495037,CS-TAW,Embraer E195,TAP Air Portugal,landing,arrivee,550,269.7,89.6,5.91,56.55,,
2026-09-02,13:24:14,DLH47T,D-AIEI,Airbus A321neo,Lufthansa,landing,arrivee,550,258.9,93.3,6.01,67.02,,
2026-09-02,13:27:02,TAP23V,CS-TPS,Embraer E190,TAP Air Portugal,landing,arrivee,650,255.9,90.5,5.96,44.51,,
2026-09-02,13:30:12,TAP43JD,CS-TVR,Airbus A320neo,TAP Air Portugal,landing,arrivee,575,247.2,90.4,7.03,48.87,,
2026-09-02,13:32:37,RYR977W,EI-GXG,Boeing 737-800,Ryanair,landing,arrivee,525,290.4,97.6,6.95,76.74,,
2026-09-02,13:35:32,4952c1,CS-TVA,Airbus A320neo,TAP Air Portugal,landing,arrivee,675,258.7,90.6,5.51,49.91,,
2026-09-02,13:38:34,495298,CS-TTX,Embraer E195,TAP Air Portugal,landing,arrivee,575,267.2,89.7,7.52,56.07,,
2026-09-02,13:41:06,TAP831,CS-TVB,Airbus A320neo,TAP Air Portugal,landing,arrivee,550,263.2,91.8,6.43,44.52,,
2026-09-02,13:43:58,TAP481,CS-TPQ,Embraer E190,TAP Air Portugal,landing,arrivee,525,255.6,87.5,5.4,52.59,,
2026-09-02,13:46:20,TAP088,CS-TUP,Airbus A330-900neo,TAP Air Portugal,landing,arrivee,700,285.6,96.0,9.56,99.25,,
2026-09-02,13:49:19,TAP204A,CS-TON,Airbus A330-200,TAP Air Portugal,landing,arrivee,525,266.5,93.1,9.27,61.56,,
2026-09-02,13:51:56,SWR32F,HB-JCJ,C Series 300,Swiss,landing,arrivee,550,262.4,88.2,6.88,50.74,,
2026-09-02,13:55:04,TAP86GM,CS-TVS,Airbus A321neo,TAP Air Portugal,landing,arrivee,550,259.7,89.2,6.14,47.88,,
2026-09-02,13:57:57,TAP1736,CS-TJE,Airbus A321,TAP Air Portugal,landing,arrivee,550,277.2,89.7,7.86,53.43,,
2026-09-02,13:59:43,344545,EC-MAF,ATR 72 500F,Swiftair,landing,arrivee,600,205.8,92.6,8.15,47.8,,
2026-09-02,14:03:11,495170,CS-TKP,Airbus A320,TAP Air Portugal,landing,arrivee,600,271.3,90.7,8.22,59.07,,
2026-09-02,14:05:49,495212,CS-TPR,Embraer E190,TAP Air Portugal,landing,arrivee,550,253.9,87.7,67.0,57.04,,
2026-09-02,14:08:45,495214,CS-TPT,Embraer E190,TAP Air Portugal,landing,arrivee,550,249.1,90.0,7.15,48.73,,
2026-09-02,14:11:17,TAP36GS,,,TAP Air Portugal,cruise,,675,0.0,89.6,7.75,52.23,,
2026-09-02,14:13:53,4951ef,CS-TOO,Airbus A330-200,TAP Air Portugal,landing,arrivee,575,263.2,93.1,7.69,73.31,,
2026-09-02,14:16:44,TAP11EG,CS-TPV,Embraer E190,TAP Air Portugal,landing,arrivee,525,249.8,88.1,6.12,47.31,,
2026-09-02,14:19:02,4868f7,PH-AXP,Airbus A321neo,Transavia,landing,arrivee,625,263.2,93.9,6.39,52.09,,
2026-09-02,14:22:15,TAP1013,CS-TPO,Embraer E190,TAP Air Portugal,landing,arrivee,550,253.9,91.3,5.46,48.93,,
2026-09-02,14:24:36,440065,OE-LQZ,Airbus A319,easyJet Europe,landing,arrivee,650,258.4,92.6,6.44,46.12,,
2026-09-02,14:28:27,TAP941,CS-TTP,Airbus A319,TAP Air Portugal,landing,arrivee,550,253.9,89.0,8.72,45.08,,
2026-09-02,14:31:35,440db0,OE-IDX,Airbus A320,easyJet Europe,landing,arrivee,575,278.5,89.9,6.87,48.45,,
2026-09-02,14:34:04,AFR37EQ,F-GKXY,Airbus A320,Air France,landing,arrivee,525,284.1,94.0,8.03,58.47,,
2026-09-02,14:36:34,4ca623,EI-DWW,Boeing 737-800,Ryanair,landing,arrivee,550,299.8,92.8,5.93,72.11,,
2026-09-02,14:39:10,BAW52T,G-EUYF,Airbus A320,British Airways,landing,arrivee,550,273.2,93.3,7.64,52.12,,
2026-09-02,14:41:51,4951cd,CS-TNM,Airbus A320,TAP Air Portugal,landing,arrivee,625,271.3,91.5,7.34,50.73,,
2026-09-02,14:44:33,TAP691P,CS-TNX,Airbus A320,TAP Air Portugal,landing,arrivee,625,266.5,95.4,7.38,46.02,,
2026-09-02,14:47:01,096028,D4-CCJ,Boeing 737 MAX 8,,landing,arrivee,525,298.2,90.8,5.98,59.75,,
2026-09-02,14:50:01,TAP1860,CS-TUF,Airbus A330-900neo,TAP Air Portugal,landing,arrivee,600,271.3,94.1,11.26,97.0,,
2026-09-02,14:52:35,SWR2BK,HB-JPG,Airbus A321neo,Swiss,landing,arrivee,575,278.9,88.6,6.9,50.98,,
2026-09-02,14:55:02,4ca303,EI-DLX,Boeing 737-800,Ryanair,landing,arrivee,575,289.7,93.7,7.39,104.15,,
2026-09-02,14:57:44,406445,G-EZGH,Airbus A319,,landing,arrivee,700,254.1,92.0,8.17,48.14,,
2026-09-02,15:00:51,TAP118,CS-TUI,Airbus A330-900neo,TAP Air Portugal,landing,arrivee,575,278.0,94.4,21.81,84.74,,
2026-09-02,15:03:21,4951d6,CS-TNV,Airbus A320,TAP Air Portugal,landing,arrivee,675,260.0,93.4,6.95,55.65,,
2026-09-02,15:05:54,4d223a,9H-QCG,Boeing 737-800,Malta Air,landing,arrivee,525,293.0,95.9,6.53,85.29,,
2026-09-02,15:08:56,EJU41HA,,,easyJet Europe,landing,arrivee,600,258.9,88.4,7.13,36.88,,
2026-09-02,15:14:11,440417,OE-LYX,Airbus A319,Eurowings Europe,landing,arrivee,600,234.8,80.7,4.01,30.95,,
2026-09-02,15:16:52,EJU81TJ,OE-LSR,Airbus A320,easyJet Europe,landing,arrivee,575,258.9,89.1,6.86,42.29,,
2026-09-02,15:19:36,TAP1532,CS-TXG,Airbus A321neo,TAP Air Portugal,landing,arrivee,575,273.9,90.4,6.87,46.82,,
2026-09-02,15:22:50,495038,CS-TAX,Embraer E195,TAP Air Portugal,landing,arrivee,525,279.7,92.1,7.03,55.44,,
2026-09-02,15:25:36,THY4GH,TC-LSC,Airbus A321neo,Turkish Airlines,landing,arrivee,650,267.2,92.1,6.55,52.85,,
2026-09-02,15:28:24,461fa5,OH-LZP,Airbus A321,Finnair,landing,arrivee,550,288.2,91.3,7.77,48.18,,
2026-09-02,15:31:22,4952d1,,,TAP Air Portugal,landing,arrivee,575,254.8,88.9,6.88,41.19,,
2026-09-02,15:33:54,3c6489,D-AIDI,Airbus A321,Lufthansa,landing,arrivee,625,298.2,91.3,7.95,53.59,,
2026-09-02,15:36:51,4951d4,CS-TNT,Airbus A320,TAP Air Portugal,landing,arrivee,650,278.7,93.6,7.44,50.74,,
2026-09-02,15:39:45,495039,,,TAP Air Portugal,landing,arrivee,550,284.5,88.5,6.5,44.99,,
2026-09-02,15:42:44,495217,CS-TPW,Embraer E190,TAP Air Portugal,landing,arrivee,550,261.5,92.8,7.02,39.31,,
2026-09-02,15:45:25,TAP31DB,CS-TNW,Airbus A320,TAP Air Portugal,landing,arrivee,600,273.2,93.7,8.04,42.2,,
2026-09-02,15:48:35,4952d0,CS-TVP,Airbus A320neo,TAP Air Portugal,landing,arrivee,525,261.5,90.3,6.01,43.16,,
2026-09-02,15:51:04,4952cd,,,TAP Air Portugal,cruise,,700,0.0,90.7,5.58,53.13,,
2026-09-02,15:54:14,49514a,CS-TJJ,Airbus A321neo,TAP Air Portugal,landing,arrivee,675,266.5,91.2,7.64,58.37,,
2026-09-02,15:57:35,4951d2,CS-TNR,Airbus A320,TAP Air Portugal,landing,arrivee,525,291.3,94.2,7.31,49.11,,
2026-09-02,15:59:35,3451da,EC-MJQ,Bombardier CRJ-1000,Air Nostrum,landing,arrivee,600,272.4,89.2,5.75,38.99,,
2026-09-02,16:01:28,495150,CS-TJP,Airbus A321neo,TAP Air Portugal,landing,arrivee,575,274.8,91.1,7.06,47.8,,
2026-09-02,16:04:55,495268,CS-TSH,Airbus A321neo,TAP Air Portugal,landing,arrivee,650,284.8,91.8,8.1,50.76,,
2026-09-02,16:06:47,48c2a1,SP-RZB,Boeing 737 MAX 8,Buzz,cruise,,650,0.0,98.0,6.46,73.12,,
2026-09-02,16:09:25,TAP433,CS-TNL,Airbus A320,TAP Air Portugal,landing,arrivee,600,273.2,94.5,5.93,57.51,,
2026-09-02,16:11:51,4cae91,EI-IKC,Boeing 737 MAX 8,Ryanair,approach,arrivee,600,0.0,92.7,6.26,71.94,,
2026-09-02,16:14:47,4952cb,CS-TVK,Airbus A320neo,TAP Air Portugal,landing,arrivee,550,253.2,89.8,7.01,46.38,,
2026-09-02,16:17:13,3c49d4,D-ABNT,Airbus A320,Eurowings,landing,arrivee,675,278.9,92.4,56.54,59.06,,
2026-09-02,16:21:48,344217,EC-LPQ,Boeing 737-800,Air Europa,landing,arrivee,575,284.1,93.7,6.4,63.74,,
2026-09-02,16:25:38,QTR29C,A7-BDA,Boeing 787-8,Qatar Airways,landing,arrivee,575,277.2,91.5,6.97,68.54,,
2026-09-02,16:28:51,TAP084,CS-TUM,Airbus A330-900neo,TAP Air Portugal,landing,arrivee,675,274.1,94.7,8.55,81.8,,
2026-09-02,16:31:37,RYR9PX,EI-DWE,Boeing 737-800,Ryanair,landing,arrivee,550,294.1,93.2,6.48,54.87,,
2026-09-02,16:34:25,49514d,CS-TJM,Airbus A321neo,TAP Air Portugal,landing,arrivee,625,250.8,88.5,5.93,43.45,,
2026-09-02,16:45:19,TAP298,CS-TUD,Airbus A330-900neo,TAP Air Portugal,landing,arrivee,600,262.4,94.3,9.07,93.1,,
2026-09-02,16:48:03,RYR67UV,EI-EVO,Boeing 737-800,Ryanair,landing,arrivee,550,271.3,95.2,8.06,110.1,,
2026-09-02,16:50:40,VLG9QY,EC-MQB,Airbus A321,Vueling,landing,arrivee,650,275.6,92.0,8.7,47.07,,
2026-09-02,16:53:18,4952a5,CS-TUE,Airbus A330-900neo,TAP Air Portugal,cruise,,675,0.0,94.8,8.73,,,
2026-09-02,16:56:20,3c54a5,D-AEEE,Airbus A321,Eurowings,landing,arrivee,600,270.8,91.0,8.29,57.32,,
2026-09-02,16:59:19,4ca847,EI-EKY,Boeing 737-800,Ryanair,landing,arrivee,575,284.5,93.8,67.64,79.64,,
2026-09-02,17:02:11,4952c5,CS-TVE,Airbus A320neo,TAP Air Portugal,landing,arrivee,600,251.5,90.8,7.18,41.74,,
2026-09-02,17:09:18,440c33,OE-LSK,Airbus A320neo,easyJet Europe,landing,arrivee,625,242.2,91.4,65.47,32.81,,
2026-09-02,17:15:12,4ca2d5,EI-DLI,Boeing 737-800,Ryanair,landing,arrivee,575,287.2,96.5,7.69,74.54,,
2026-09-02,17:30:16,AFR24MF,,,Air France,landing,arrivee,575,255.6,90.7,7.3,44.62,,
2026-09-02,17:32:53,TAP15NC,CS-TTS,Airbus A319,TAP Air Portugal,landing,arrivee,550,260.0,90.3,6.22,53.13,,
2026-09-02,17:35:22,4952c4,CS-TVD,Airbus A320neo,TAP Air Portugal,landing,arrivee,575,252.4,90.4,6.89,42.75,,
2026-09-02,17:39:12,BAW506,G-NEOU,Airbus A321neo,British Airways,landing,arrivee,600,254.8,89.4,6.77,52.05,,
2026-09-02,17:42:19,RAM982,CN-RGV,Boeing 737-800,Royal Air Maroc,landing,arrivee,550,291.3,94.9,6.21,68.4,,
2026-09-02,17:45:05,47a218,LN-ENR,Boeing 737-800,Norwegian,landing,arrivee,550,293.0,91.1,7.3,59.94,,
2026-09-02,17:53:20,4400f3,OE-IDO,Airbus A320,easyJet Europe,landing,arrivee,600,265.6,90.5,6.0,56.07,,
2026-09-02,17:55:56,4952af,CS-TUO,Airbus A330-900neo,TAP Air Portugal,landing,arrivee,600,263.9,91.1,8.05,85.33,,
2026-09-02,17:59:35,TRA9H,PH-HXO,Boeing 737-800,,landing,arrivee,575,288.0,94.0,62.25,76.4,,
2026-09-02,18:04:34,TAP435,,,TAP Air Portugal,landing,arrivee,550,231.5,89.4,6.51,44.92,,
2026-09-02,18:07:39,TAP1439,CS-TPS,Embraer E190,TAP Air Portugal,landing,arrivee,575,249.8,90.8,6.37,44.1,,
2026-09-02,18:10:16,RYR668T,EI-GJS,Boeing 737-800,Ryanair,landing,arrivee,525,279.7,92.2,5.91,72.83,,
2026-09-02,18:12:33,TVF72AP,F-HUYS,Boeing 737-800,Transavia France,landing,arrivee,575,269.7,95.1,6.5,76.06,,
2026-09-02,18:15:15,TAP1017,CS-TAW,Embraer E195,TAP Air Portugal,landing,arrivee,550,268.0,92.5,7.13,54.05,,
2026-09-02,18:19:30,4952c9,CS-TVI,Airbus A320neo,TAP Air Portugal,landing,arrivee,600,249.1,91.3,6.01,51.39,,
2026-09-02,18:22:02,39d303,F-HUYD,Boeing 737-800,Transavia France,landing,arrivee,550,272.1,97.9,7.02,68.42,,
2026-09-02,18:25:51,495218,CS-TPX,Embraer E190,TAP Air Portugal,landing,arrivee,575,235.6,90.6,6.36,43.51,,
2026-09-02,18:28:19,EZY46AK,G-EZTD,Airbus A320,easyJet,landing,arrivee,600,263.9,91.7,6.73,56.33,,
2026-09-02,18:30:52,3443d3,EC-LVO,Airbus A320,Vueling,landing,arrivee,575,266.3,94.6,6.28,55.66,,
2026-09-02,18:33:43,RYR85MR,9H-IBJ,Airbus A320,Lauda Europe,landing,arrivee,575,249.8,90.2,6.01,57.05,,
2026-09-02,18:38:23,KLM71Y,,,KLM,landing,arrivee,600,254.8,90.1,7.0,49.88,,
2026-09-02,18:41:01,495299,CS-TTY,Embraer E195,TAP Air Portugal,landing,arrivee,575,264.8,92.3,7.02,52.44,,
2026-09-02,18:43:12,495155,,,TAP Air Portugal,landing,arrivee,600,268.2,90.2,6.27,43.94,,
2026-09-02,18:44:55,RZO124,CS-TKQ,Airbus A320,TAP Air Portugal,landing,arrivee,575,256.3,95.6,7.4,43.52,,
2026-09-02,18:47:07,440d93,,,Iberia,cruise,,600,0.0,90.2,6.48,47.31,,
2026-09-02,18:48:42,BEL2DT,OO-SNE,Airbus A320,Brussels Airlines,landing,arrivee,600,259.7,94.2,7.02,58.22,,
2026-09-02,18:51:25,IBE05RP,EC-IZR,Airbus A320,Iberia,landing,arrivee,600,244.8,95.7,6.72,49.0,,
2026-09-02,18:54:05,TAP1906,CS-TAX,Embraer E195,TAP Air Portugal,landing,arrivee,575,250.8,92.5,7.07,66.44,,
2026-09-02,18:56:36,TAP35BL,CS-TPY,Embraer E190,TAP Air Portugal,landing,arrivee,575,247.2,91.9,7.26,52.44,,
2026-09-02,18:58:06,RYR40MN,9H-QCK,Boeing 737-800,Malta Air,landing,arrivee,500,258.9,94.1,5.97,118.1,,
2026-09-02,19:00:54,49514b,CS-TJK,Airbus A321neo,TAP Air Portugal,landing,arrivee,625,247.2,92.2,5.89,49.22,,
2026-09-02,19:03:54,44061d,OE-LQQ,Airbus A319,easyJet Europe,landing,arrivee,600,234.8,88.7,5.21,52.04,,
2026-09-02,19:06:20,AEA1157,EC-LPR,Boeing 737-800,Air Europa,landing,arrivee,550,275.6,93.8,6.02,77.02,,
2026-09-02,19:09:09,4952a8,CS-TUH,Airbus A330-900neo,TAP Air Portugal,landing,arrivee,625,257.2,96.4,9.97,75.89,,
2026-09-02,19:11:49,TAP781,EC-OCT,Airbus A321,TAP Air Portugal,landing,arrivee,575,273.2,95.0,6.48,68.9,,
2026-09-02,19:14:39,495152,CS-TJR,Airbus A321neo,TAP Air Portugal,landing,arrivee,600,246.7,88.5,6.11,56.14,,
2026-09-02,19:17:24,471f69,HA-LXH,Airbus A321,Wizz Air,landing,arrivee,550,263.2,90.3,6.48,60.55,,
2026-09-02,19:20:13,440018,OE-LKP,Airbus A319,easyJet Europe,landing,arrivee,600,251.3,92.9,6.68,63.46,,
2026-09-02,19:22:54,WZZ477,HA-LDR,Airbus A321neo,Wizz Air,landing,arrivee,600,241.5,90.8,8.55,47.97,,
2026-09-02,19:25:45,440cf8,OE-IBF,Airbus A320,easyJet Europe,landing,arrivee,575,255.6,92.4,6.37,49.25,,
2026-09-02,19:28:52,8963de,A6-EPO,Boeing 777-300ER,Emirates,landing,arrivee,600,260.8,96.4,7.88,87.07,,
2026-09-02,19:32:05,4952c3,CS-TVC,Airbus A320neo,TAP Air Portugal,landing,arrivee,600,259.7,89.5,5.46,54.27,,
2026-09-02,19:35:17,49521a,CS-TPZ,Embraer E190,TAP Air Portugal,landing,arrivee,550,226.7,89.5,6.75,60.34,,
2026-09-02,19:38:06,4cae61,EI-IJL,Boeing 737 MAX 8,Ryanair,landing,arrivee,575,280.2,91.4,6.16,51.07,,
2026-09-02,19:41:33,a339c2,N307EL,GVII-G500,Eli Lilly & Co,landing,arrivee,600,252.4,83.6,6.55,26.92,,
2026-09-02,19:44:54,TAP671,CS-TJN,Airbus A321neo,TAP Air Portugal,landing,arrivee,600,244.8,90.0,6.13,42.42,,
2026-09-02,19:48:00,TAP543W,CS-TPP,Embraer E190,TAP Air Portugal,landing,arrivee,625,237.4,87.3,6.63,42.13,,
2026-09-02,19:51:03,495215,CS-TPU,Embraer E190,TAP Air Portugal,landing,arrivee,575,229.1,93.3,8.61,51.83,,
2026-09-02,19:55:25,TAP871,CS-TVH,Airbus A320neo,TAP Air Portugal,landing,arrivee,600,238.4,86.8,5.81,39.81,,
2026-09-02,19:58:18,ANE44TG,EC-LPN,Bombardier CRJ-1000,Air Nostrum,landing,arrivee,550,247.2,85.3,4.99,33.15,,
2026-09-02,20:01:05,495216,CS-TPV,Embraer E190,TAP Air Portugal,landing,arrivee,575,240.8,89.1,6.79,49.3,,
2026-09-02,20:03:58,RYR4ZF,EI-EFK,Boeing 737-800,Ryanair,landing,arrivee,600,257.2,96.2,11.57,82.82,,
2026-09-02,20:06:35,DTA652,D2-TEG,Boeing 777-300ER,TAAG Angola,landing,arrivee,600,279.7,98.4,9.65,122.58,,
2026-09-02,20:09:31,TAP69UX,CS-TNY,Airbus A320,TAP Air Portugal,landing,arrivee,575,247.2,92.2,7.18,45.41,,
2026-09-02,20:12:21,71c084,HL8084,Boeing 787-9,Korean Air,landing,arrivee,575,265.6,93.2,9.95,67.49,,
2026-09-02,20:14:59,49514f,CS-TJO,Airbus A321neo,TAP Air Portugal,landing,arrivee,600,260.8,94.9,6.45,54.58,,
2026-09-02,20:17:34,VLG8UE,EC-MGZ,Airbus A321,Vueling,cruise,,575,0.0,92.0,7.36,49.48,,
2026-09-02,20:20:22,4952c6,CS-TVF,Airbus A320neo,TAP Air Portugal,landing,arrivee,600,257.2,91.2,6.56,39.76,,
2026-09-02,20:23:04,4d20fd,,,,landing,arrivee,600,246.7,91.0,6.88,68.15,,
2026-09-02,20:28:36,TAP1155,CS-TPQ,Embraer E190,TAP Air Portugal,landing,arrivee,575,225.0,91.9,6.18,39.36,,
2026-09-02,20:31:03,RYR5BP,EI-DWS,Boeing 737-800,Ryanair,landing,arrivee,575,269.5,94.0,5.94,78.5,,
2026-09-02,20:33:48,495146,CS-TJF,Airbus A321,TAP Air Portugal,landing,arrivee,600,254.8,92.9,7.08,56.42,,
2026-09-02,20:36:48,4952c1,CS-TVA,Airbus A320neo,TAP Air Portugal,landing,arrivee,650,250.8,90.8,6.46,43.09,,
2026-09-02,20:39:25,RYR384,,,Ryanair,landing,arrivee,550,270.8,90.1,5.75,62.31,,
2026-09-02,20:42:04,EZY15UP,G-UZHJ,Airbus A320neo,easyJet,landing,arrivee,600,249.1,90.4,5.68,45.85,,
2026-09-02,20:44:38,VLG14YF,EC-MVO,Airbus A320,Vueling,landing,arrivee,600,253.2,92.1,6.66,51.29,,
2026-09-02,20:47:13,TAP1207,CS-TJL,Airbus A321neo,TAP Air Portugal,landing,arrivee,600,263.2,95.0,6.06,59.2,,
2026-09-02,20:49:44,RYR7GJ,EI-EMO,Boeing 737-800,Ryanair,landing,arrivee,600,276.5,97.3,5.76,79.85,,
2026-09-02,20:52:45,TAM8144,,,LATAM Airlines,landing,arrivee,575,257.2,93.2,7.58,55.24,,
2026-09-02,20:55:24,ELY375,4X-EKO,Boeing 737-800,El Al,landing,arrivee,525,287.2,95.0,6.93,68.26,,
2026-09-02,20:57:59,4d223a,9H-QCG,Boeing 737-800,Malta Air,landing,arrivee,575,265.6,96.1,5.64,89.32,,
2026-09-02,21:00:44,N166QS,N166QS,Global 6000,NetJets,landing,arrivee,575,207.8,89.1,6.8,26.25,,
2026-09-02,21:03:24,495039,,,TAP Air Portugal,landing,arrivee,575,255.6,97.3,9.09,62.94,,
2026-09-02,21:06:12,495212,CS-TPR,Embraer E190,TAP Air Portugal,landing,arrivee,575,234.8,93.1,6.86,48.41,,
2026-09-02,21:08:56,LBT6846,TS-INQ,Airbus A320,,landing,arrivee,625,246.3,89.5,5.78,50.8,,
2026-09-02,21:16:17,495292,CS-TTR,Airbus A319,TAP Air Portugal,landing,arrivee,600,223.9,91.2,7.77,59.79,,
2026-09-02,21:22:01,VOE54GD,EC-NOM,Airbus A320,Volotea,landing,arrivee,600,240.8,93.6,6.58,54.07,,
2026-09-02,21:25:23,TAP57W,,,TAP Air Portugal,landing,arrivee,575,244.8,92.7,5.64,54.2,,
2026-09-02,21:28:54,4caff6,EI-ILK,Boeing 737 MAX 8,Ryanair,landing,arrivee,600,273.5,93.9,6.65,69.34,,
2026-09-02,21:32:41,PGT1561,TC-NCD,Airbus A320neo,Pegasus,landing,arrivee,575,228.4,90.2,7.3,44.05,,
2026-09-02,21:35:15,WJA32,,,WestJet,landing,arrivee,525,253.9,93.6,6.97,70.06,,
2026-09-02,21:38:07,TAP827V,CS-TNQ,Airbus A320,TAP Air Portugal,landing,arrivee,575,227.6,92.3,7.58,57.71,,
2026-09-02,21:43:33,JME750A,,,,landing,arrivee,550,191.7,84.2,5.02,32.7,,
2026-09-02,21:45:59,4952c2,CS-TVB,Airbus A320neo,TAP Air Portugal,landing,arrivee,575,223.9,94.1,7.07,38.54,,
2026-09-02,21:48:35,EIN4PT,EI-DEI,Airbus A320,Aer Lingus,landing,arrivee,600,242.2,92.9,6.27,49.66,,
2026-09-02,21:51:39,RZO152,CS-TKP,Airbus A320,TAP Air Portugal,landing,arrivee,575,251.5,89.1,6.35,51.28,,
2026-09-02,21:56:00,504e7e,,,,landing,arrivee,575,252.2,94.2,7.65,68.59,,
2026-09-02,21:59:29,SEH922,SX-TEC,Airbus A320neo,Swiss,landing,arrivee,575,227.4,93.7,6.1,45.25,,
2026-09-02,22:02:41,440b1e,OE-IWW,Airbus A320,easyJet Europe,landing,arrivee,575,248.0,89.4,5.89,46.58,,
2026-09-02,22:05:41,440224,,,easyJet Europe,landing,arrivee,600,251.5,87.5,5.86,43.96,,
2026-09-02,22:07:34,LZB563,LZ-ROM,A220-300,,landing,arrivee,575,241.1,86.7,6.61,43.31,,
2026-09-02,22:09:29,DLH34J,D-AIEB,Airbus A321neo,Lufthansa,landing,arrivee,600,254.7,90.6,6.47,62.52,,
2026-09-02,22:12:19,TVF34QV,F-HTVI,Boeing 737-800,Transavia France,landing,arrivee,550,262.4,89.6,6.35,65.79,,
2026-09-02,22:15:34,49520f,CS-TPO,Embraer E190,TAP Air Portugal,landing,arrivee,550,221.5,91.2,7.51,49.22,,
2026-09-02,22:17:04,AFR64PQ,F-HEPD,Airbus A320,Air France,landing,arrivee,575,245.6,90.8,7.67,52.29,,
2026-09-02,22:19:17,4952c7,CS-TVG,Airbus A320neo,TAP Air Portugal,landing,arrivee,550,268.0,90.2,69.88,61.4,,
2026-09-02,22:21:31,440db0,OE-IDX,Airbus A320,easyJet Europe,landing,arrivee,575,244.8,88.5,6.9,50.21,,
2026-09-02,22:23:02,EJU69GW,OE-IBS,Airbus A320,easyJet Europe,landing,arrivee,575,253.9,90.5,7.63,59.37,,
2026-09-02,22:24:55,3c65cc,D-AINL,Airbus A320neo,Lufthansa,landing,arrivee,575,239.1,89.4,6.52,62.76,,
2026-09-02,22:26:58,4952d3,,,TAP Air Portugal,landing,arrivee,550,219.1,88.8,7.41,44.44,,
2026-09-02,22:28:59,TAP21MM,CS-TPT,Embraer E190,TAP Air Portugal,landing,arrivee,550,229.8,90.2,5.94,68.47,,
2026-09-02,22:31:49,EJU86ME,OE-LSR,Airbus A320,easyJet Europe,landing,arrivee,575,249.1,88.9,6.48,49.6,,
2026-09-02,22:34:59,4951cd,CS-TNM,Airbus A320,TAP Air Portugal,landing,arrivee,575,240.8,95.3,7.98,65.14,,
2026-09-02,22:37:23,EJU74EP,OE-LSK,Airbus A320neo,easyJet Europe,landing,arrivee,600,250.8,91.5,5.87,49.76,,
2026-09-02,22:40:10,TAP555,CS-TJH,Airbus A321,TAP Air Portugal,landing,arrivee,575,246.7,91.9,7.03,48.93,,
2026-09-02,22:42:51,49526d,CS-TSM,Airbus A320,TAP Air Portugal,landing,arrivee,625,242.4,92.8,6.62,46.57,,
2026-09-02,22:45:18,4cae91,EI-IKC,Boeing 737 MAX 8,Ryanair,landing,arrivee,575,272.1,92.0,6.39,62.65,,
2026-09-02,22:48:12,TAP64M,,,TAP Air Portugal,landing,arrivee,550,261.5,93.2,5.35,56.88,,
2026-09-02,22:50:50,4951d4,CS-TNT,Airbus A320,TAP Air Portugal,landing,arrivee,575,240.8,90.4,6.36,43.25,,
2026-09-02,22:53:46,AEE7PT,SX-NAK,Airbus A321,Aegean Airlines,landing,arrivee,575,241.5,89.6,7.52,83.0,,
2026-09-02,22:56:52,010275,SU-RSC,Boeing 737-800,,landing,arrivee,550,278.9,93.2,6.22,78.24,,
2026-09-02,22:59:37,4cadda,EI-SIY,Airbus A320neo,Scandinavian Airlines Ireland Limited,landing,arrivee,600,235.6,89.8,4.98,49.99,,
2026-09-02,23:02:01,RYR65MU,EI-GXM,Boeing 737-800,Ryanair,landing,arrivee,550,261.5,93.9,6.15,73.67,,
2026-09-02,23:04:47,TVF47RH,F-HTVA,Boeing 737-800,Transavia France,landing,arrivee,575,257.6,93.1,7.04,83.14,,
2026-09-02,23:07:30,THY2ES,TC-LTA,Airbus A321neo,Turkish Airlines,landing,arrivee,675,240.8,91.4,7.19,57.97,,
2026-09-02,23:10:15,EJU7690,OE-IDO,Airbus A320,easyJet Europe,landing,arrivee,575,241.5,87.8,6.24,48.77,,
2026-09-02,23:12:42,3423c4,EC-JRE,Airbus A321,Iberia,cruise,,625,0.0,92.6,8.05,54.42,,
2026-09-02,23:15:21,4868f7,PH-AXP,Airbus A321neo,Transavia,landing,arrivee,625,262.4,89.4,6.28,50.31,,
2026-09-02,23:18:02,DLH23C,D-AIQW,Airbus A320,Lufthansa,landing,arrivee,625,256.5,92.6,6.65,55.21,,
2026-09-02,23:20:41,495298,CS-TTX,Embraer E195,TAP Air Portugal,landing,arrivee,575,249.1,89.3,6.93,79.68,,
2026-09-02,23:23:25,SWR755L,HB-JDI,Airbus A320neo,Swiss,landing,arrivee,575,263.2,93.1,5.28,61.56,,
2026-09-02,23:26:27,BAW508,G-EUUF,Airbus A320,British Airways,landing,arrivee,550,239.1,90.4,7.53,62.62,,
2026-09-02,23:29:17,495268,CS-TSH,Airbus A321neo,TAP Air Portugal,landing,arrivee,575,249.1,91.7,6.66,51.74,,
2026-09-02,23:32:17,440115,OE-LUE,Airbus A320neo,easyJet Europe,landing,arrivee,575,241.5,93.8,6.94,51.44,,
2026-09-02,23:42:10,TAP35MT,CS-TNL,Airbus A320,TAP Air Portugal,landing,arrivee,625,243.2,87.9,5.94,47.46,,
2026-09-03,00:53:44,TAP39PT,EC-OCT,Airbus A321,TAP Air Portugal,landing,arrivee,575,243.2,91.3,66.06,64.01,,
2026-09-03,04:42:35,TAP082,CS-TUQ,Airbus A330-900neo,TAP Air Portugal,landing,arrivee,625,262.2,94.5,7.92,90.64,,
2026-09-03,04:51:09,TAP074,CS-TUB,Airbus A330-900neo,TAP Air Portugal,landing,arrivee,575,256.5,98.4,8.75,85.73,,
2026-09-03,05:07:08,49530c,CS-TXL,Airbus A321neo,TAP Air Portugal,landing,arrivee,600,258.9,87.2,5.21,43.3,,
2026-09-03,05:10:26,495305,CS-TXE,Airbus A321neo,TAP Air Portugal,landing,arrivee,625,241.5,91.1,6.02,54.64,,
2026-09-03,05:46:06,49514e,CS-TJN,Airbus A321neo,TAP Air Portugal,landing,arrivee,625,244.8,91.7,7.32,41.45,,
2026-09-03,05:50:24,TAP1937,CS-TTP,Airbus A319,TAP Air Portugal,landing,arrivee,600,226.7,103.0,7.76,75.59,,
2026-09-03,05:53:16,TAP218,CS-TXJ,Airbus A321neo,TAP Air Portugal,landing,arrivee,600,260.0,91.3,5.86,51.09,,
2026-09-03,05:56:50,495303,CS-TXC,Airbus A321neo,TAP Air Portugal,landing,arrivee,650,243.2,91.7,6.38,45.18,,
2026-09-03,06:03:31,TAP96AW,CS-TJL,Airbus A321neo,TAP Air Portugal,landing,arrivee,600,244.8,90.1,4.86,36.82,,
2026-09-03,06:05:13,49514b,CS-TJK,Airbus A321neo,TAP Air Portugal,landing,arrivee,600,249.1,92.6,5.09,59.71,,
2026-09-03,06:10:33,495215,CS-TPU,Embraer E190,TAP Air Portugal,landing,arrivee,550,241.7,89.8,6.51,44.71,,
2026-09-03,06:13:46,TAP104,CS-TUS,Airbus A330-900neo,TAP Air Portugal,landing,arrivee,600,251.5,93.1,9.44,77.73,,
2026-09-03,06:19:59,TAP11VP,CS-TPV,Embraer E190,TAP Air Portugal,landing,arrivee,550,220.8,89.5,6.4,36.64,,
2026-09-03,06:25:25,440201,OE-IXS,Boeing 737-800,Iberia,landing,arrivee,550,266.5,89.6,7.52,57.16,,
2026-09-03,06:28:06,495037,CS-TAW,Embraer E195,TAP Air Portugal,landing,arrivee,575,250.8,88.3,6.12,45.27,,
2026-09-03,06:31:13,TAP85CE,CS-TPO,Embraer E190,TAP Air Portugal,landing,arrivee,575,220.8,89.7,8.02,36.28,,
2026-09-03,06:35:25,4952ab,CS-TUK,Airbus A330-900neo,TAP Air Portugal,landing,arrivee,600,258.0,93.1,8.31,85.05,,
2026-09-03,06:37:52,e48df6,PT-MUI,Boeing 777-300ER,LATAM Airlines,landing,arrivee,575,268.9,96.5,8.56,123.79,,
2026-09-03,06:40:32,TSC680,C-GUBT,Airbus A330-200,Air Transat,landing,arrivee,550,239.1,91.9,9.05,60.74,,
2026-09-03,06:43:13,DTA650,D2-TEK,Boeing 777-300ER,TAAG Angola,landing,arrivee,575,278.0,96.2,8.04,113.38,,
2026-09-03,06:46:04,TAP1544,,,TAP Air Portugal,landing,arrivee,625,249.1,90.8,5.18,53.19,,
2026-09-03,06:48:45,AEA1159,EC-LUT,Boeing 737-800,Air Europa,landing,arrivee,550,253.2,91.4,7.52,71.34,,
2026-09-03,06:51:23,495293,CS-TTS,Airbus A319,TAP Air Portugal,landing,arrivee,625,223.9,91.9,7.27,47.89,,
2026-09-03,06:54:25,TAP1908,CS-TVH,Airbus A320neo,TAP Air Portugal,landing,arrivee,600,222.2,88.8,7.0,37.89,,
2026-09-03,06:56:52,TAP25YZ,CS-TXK,Airbus A321,TAP Air Portugal,landing,arrivee,600,263.2,90.1,5.53,46.28,,
2026-09-03,07:02:31,TAP058,CS-TUR,Airbus A330-900neo,TAP Air Portugal,landing,arrivee,575,253.2,93.3,9.1,91.31,,
2026-09-03,07:05:25,ETD7LG,A6-BLK,Boeing 787-9,Etihad Airways,landing,arrivee,575,281.3,92.4,6.79,67.18,,
2026-09-03,07:10:44,4951cd,CS-TNM,Airbus A320,TAP Air Portugal,landing,arrivee,575,253.2,91.1,7.51,47.07,,
2026-09-03,07:17:32,TAP40MR,CS-TPS,Embraer E190,TAP Air Portugal,landing,arrivee,550,245.9,89.7,7.53,51.64,,
2026-09-03,07:20:17,TAP495Y,CS-TTY,Embraer E195,TAP Air Portugal,landing,arrivee,550,243.2,87.7,7.02,43.03,,
2026-09-03,07:23:14,45ce4d,OY-SRM,767 25EBDSF,,landing,arrivee,575,218.2,93.2,9.15,58.83,,
2026-09-03,07:25:55,IBE05TR,EC-OCS,Airbus A320,Iberia,landing,arrivee,575,247.2,89.1,5.09,47.04,,
2026-09-03,07:28:48,TAP901,CS-TVK,Airbus A320neo,TAP Air Portugal,landing,arrivee,550,253.2,93.0,5.75,49.64,,
2026-09-03,07:31:38,TAP441,CS-TVE,Airbus A320neo,TAP Air Portugal,landing,arrivee,575,217.4,87.0,6.23,52.54,,
2026-09-03,07:34:30,4952cf,,,TAP Air Portugal,landing,arrivee,600,226.7,87.9,5.89,48.42,,
2026-09-03,07:37:17,EZS98FK,HB-JYA,Airbus A320,easyJet Europe,landing,arrivee,550,250.8,95.1,7.19,45.96,,
2026-09-03,07:40:10,TAP9ML,CS-TJR,Airbus A321neo,TAP Air Portugal,landing,arrivee,625,234.8,94.2,6.24,54.23,,
2026-09-03,07:43:00,4951ca,CS-TNJ,Airbus A320,TAP Air Portugal,landing,arrivee,575,240.8,87.8,7.54,53.11,,
2026-09-03,07:46:02,BCS2FC,D-AZMQ,A306,,landing,arrivee,575,231.5,100.2,8.94,81.6,,
2026-09-03,07:49:00,4952c6,CS-TVF,Airbus A320neo,TAP Air Portugal,landing,arrivee,625,232.4,88.8,7.96,46.37,,
2026-09-03,07:51:55,342592,EC-KJD,Airbus A320,Vueling,landing,arrivee,575,239.1,91.8,7.11,59.4,,
2026-09-03,07:54:36,RYR24SE,EI-DYX,Boeing 737-800,Ryanair,landing,arrivee,525,265.6,94.2,7.02,66.77,,
2026-09-03,07:59:48,4952d0,CS-TVP,Airbus A320neo,TAP Air Portugal,landing,arrivee,550,239.8,89.4,6.38,40.46,,
2026-09-03,08:02:46,TAP575,CS-TJM,Airbus A321neo,TAP Air Portugal,landing,arrivee,600,258.9,91.8,5.96,51.55,,
2026-09-03,08:05:35,34538d,EC-MQL,Airbus A321,Vueling,landing,arrivee,550,249.1,90.7,6.54,48.78,,
2026-09-03,08:08:28,495145,CS-TJE,Airbus A321,TAP Air Portugal,landing,arrivee,575,231.5,92.6,7.53,55.96,,
2026-09-03,08:11:54,DAL272,N402DX,Airbus A330-900neo,Delta Air Lines,landing,arrivee,550,247.2,91.9,8.44,75.68,,
2026-09-03,08:14:26,TAP53EI,CS-TNX,Airbus A320,TAP Air Portugal,landing,arrivee,575,242.2,91.1,7.13,50.26,,
2026-09-03,08:17:36,4950e4,,,Azul,cruise,,575,0.0,94.5,7.85,70.79,,
2026-09-03,08:23:07,495066,,,TAP Air Portugal,landing,arrivee,575,249.1,91.5,8.48,76.0,,
2026-09-03,08:26:00,4952d1,,,TAP Air Portugal,landing,arrivee,575,221.5,91.8,6.01,37.75,,
2026-09-03,08:34:31,392af5,F-GKXV,Airbus A320,Air France,landing,arrivee,575,234.8,94.2,7.37,61.8,,
2026-09-03,08:38:45,3c4b4c,D-ABZL,Airbus A320,Eurowings,landing,arrivee,575,245.6,91.1,7.75,62.11,,
2026-09-03,08:41:18,40643d,G-EZUC,Airbus A320,easyJet,landing,arrivee,575,247.2,91.0,6.8,51.93,,
2026-09-03,08:44:04,RYR4XW,EI-HEW,Boeing 737 MAX 8,Ryanair,landing,arrivee,525,260.8,93.1,6.34,52.29,,
2026-09-03,08:47:05,AAL258,N839AA,Boeing 787-9,American Airlines,landing,arrivee,525,264.8,92.4,6.98,78.93,,
2026-09-03,08:49:51,39d315,F-HUYV,Boeing 737-800,Transavia France,landing,arrivee,575,259.3,94.9,6.63,83.38,,
2026-09-03,08:53:00,495274,CS-TST,767 34PER,Azul,landing,arrivee,575,248.4,97.1,8.19,125.96,,
2026-09-03,08:56:01,EZY47LC,G-UZHV,Airbus A320neo,easyJet,landing,arrivee,600,239.1,91.8,6.67,52.04,,
2026-09-03,08:58:47,TAP443,CS-TVD,Airbus A320neo,TAP Air Portugal,landing,arrivee,550,209.1,89.1,6.97,39.97,,
2026-09-03,09:01:43,TAP757P,CS-TVL,Airbus A320,TAP Air Portugal,landing,arrivee,550,236.9,94.2,6.39,43.11,,
2026-09-03,09:04:25,EJU71TK,OE-IZL,Airbus A320,easyJet Europe,landing,arrivee,525,238.7,92.0,7.0,68.42,,
2026-09-03,09:07:02,4952ca,CS-TVJ,Airbus A320neo,TAP Air Portugal,landing,arrivee,600,238.4,88.7,5.63,45.16,,
2026-09-03,09:09:37,RYR98HW,EI-IHM,Boeing 737 MAX 8,Ryanair,landing,arrivee,550,257.2,88.7,6.15,55.22,,
2026-09-03,09:12:38,EZY79RV,G-EZPD,Airbus A320,easyJet,landing,arrivee,500,238.2,91.6,8.05,51.12,,
2026-09-03,09:15:25,TRA97Q,PH-YHY,Airbus A321neo,Transavia,landing,arrivee,550,257.2,90.6,6.42,51.01,,
2026-09-03,09:23:13,4952ae,CS-TUN,Airbus A330-900neo,TAP Air Portugal,landing,arrivee,550,237.4,94.0,7.88,80.0,,
2026-09-03,09:25:53,THY3WE,TC-LTI,Airbus A321neo,Turkish Airlines,landing,arrivee,575,249.8,90.2,6.48,59.51,,
2026-09-03,09:28:52,3480ce,,,,landing,arrivee,550,235.6,96.2,8.46,73.49,,
2026-09-03,09:35:20,4951ee,CS-TON,Airbus A330-200,TAP Air Portugal,landing,arrivee,575,243.2,98.4,9.03,82.4,,
2026-09-03,09:37:55,497c81,,,,approach,arrivee,625,231.9,94.2,7.45,97.25,,
2026-09-03,09:41:01,UAL64,N12004,Boeing 787-10,United Airlines,landing,arrivee,525,259.7,93.2,7.01,59.82,,
2026-09-03,09:44:25,c07a0f,C-GUFU,Airbus A330-200,,takeoff,depart,2550,312.2,70.1,0.08,23.71,,
2026-09-03,09:55:09,TAP210,CS-TOO,Airbus A330-200,TAP Air Portugal,landing,arrivee,575,242.4,94.1,8.69,75.39,,
2026-09-03,09:58:04,TAP66PD,CS-TJO,Airbus A321neo,TAP Air Portugal,landing,arrivee,575,244.3,90.8,6.22,38.03,,
2026-09-03,10:00:50,4aca99,SE-RTY,Boeing 737 MAX 8,,landing,arrivee,575,263.2,93.2,62.24,66.55,,
2026-09-03,10:04:42,TSC480,C-GUFU,Airbus A330-200,Air Transat,landing,arrivee,550,230.8,94.3,9.42,72.74,,
2026-09-03,10:07:49,AEE2PT,SX-NEI,Airbus A320,Aegean Airlines,landing,arrivee,550,225.0,88.8,7.32,51.9,,
2026-09-03,10:11:25,BAW50P,G-TTSI,Airbus A320neo,British Airways,landing,arrivee,550,229.1,90.2,6.38,51.58,,
2026-09-03,10:14:26,TAP216L,CS-TXD,Airbus A321neo,TAP Air Portugal,landing,arrivee,525,254.8,88.5,6.23,45.32,,
2026-09-03,10:17:10,TAP254,CS-TXH,Airbus A321neo,TAP Air Portugal,landing,arrivee,550,255.6,90.0,5.32,50.89,,
2026-09-03,10:19:56,RYR3WD,EI-IKC,Boeing 737 MAX 8,Ryanair,landing,arrivee,500,263.2,90.7,6.99,51.45,,
2026-09-03,10:22:41,EJU97VT,,,easyJet Europe,landing,arrivee,550,242.4,87.6,6.56,40.31,,
2026-09-03,10:25:31,TAP11SV,,,TAP Air Portugal,landing,arrivee,525,241.5,91.9,8.17,55.65,,
2026-09-03,10:28:12,TAP1921,,,TAP Air Portugal,landing,arrivee,550,236.7,89.8,5.99,57.14,,
2026-09-03,10:31:09,TAP1826,CS-TVA,Airbus A320neo,TAP Air Portugal,landing,arrivee,575,233.9,91.0,8.72,41.23,,
2026-09-03,10:33:43,495153,,,TAP Air Portugal,landing,arrivee,550,262.4,92.9,6.46,38.54,,
2026-09-03,10:36:34,AEA1153,EC-LPQ,Boeing 737-800,Air Europa,landing,arrivee,550,266.3,92.4,60.64,86.66,,
2026-09-03,10:39:13,4ca63a,EI-DVG,Airbus A320,Aer Lingus,landing,arrivee,550,236.7,91.5,7.92,51.72,,
2026-09-03,10:41:50,aaa125,N784UA,Boeing 777-200,United Airlines,landing,arrivee,550,260.8,95.6,7.08,97.51,,
2026-09-03,10:44:37,ACA812,C-GOFW,Airbus A330-300,Air Canada,landing,arrivee,525,246.3,95.4,9.18,70.61,,
2026-09-03,10:47:31,495210,CS-TPP,Embraer E190,TAP Air Portugal,landing,arrivee,500,234.3,91.0,7.2,52.69,,
2026-09-03,10:50:13,a4ffb7,,,Unknown US,landing,arrivee,550,258.0,92.3,7.9,80.85,,
2026-09-03,10:54:13,TAP052,CS-TXM,Airbus A321,TAP Air Portugal,landing,arrivee,550,257.2,89.2,4.8,37.44,,
2026-09-03,10:56:55,TAP68JP,,,TAP Air Portugal,landing,arrivee,575,265.6,91.0,63.91,56.24,,
2026-09-03,11:00:36,486897,PH-AXL,Airbus A321neo,KLM,landing,arrivee,550,242.4,90.1,5.45,55.72,,
2026-09-03,11:03:40,TAP262M,CS-TXA,Airbus A321neo,TAP Air Portugal,landing,arrivee,525,263.2,91.0,6.12,54.5,,
2026-09-03,11:06:56,440c33,OE-LSK,Airbus A320neo,easyJet Europe,landing,arrivee,550,246.7,90.6,6.47,55.28,,
2026-09-03,11:09:41,39bdae,,,,landing,arrivee,550,235.9,88.3,5.26,39.59,,
2026-09-03,11:12:12,TAP23SL,CS-TUG,Airbus A330-900neo,TAP Air Portugal,landing,arrivee,550,255.6,92.4,8.05,86.59,,
2026-09-03,11:15:03,TAP234Y,CS-TXG,Airbus A321neo,TAP Air Portugal,landing,arrivee,550,263.2,94.9,6.39,54.03,,
2026-09-03,11:18:09,TAP11WQ,CS-TTS,Airbus A319,TAP Air Portugal,landing,arrivee,550,230.8,90.8,6.85,58.82,,
2026-09-03,11:20:47,c0173f,C-FIUW,Boeing 777-300ER,Air Canada,landing,arrivee,550,261.5,98.4,7.52,120.88,,
2026-09-03,11:23:22,TAP088,CS-TUA,Airbus A330-900neo,TAP Air Portugal,landing,arrivee,575,253.0,93.8,9.15,91.47,,
2026-09-03,11:26:05,TAP204A,CS-TUM,Airbus A330-900neo,TAP Air Portugal,landing,arrivee,550,256.3,94.9,66.36,89.26,,
2026-09-03,11:28:44,4402f0,OE-INO,Airbus A320,easyJet Europe,landing,arrivee,575,243.2,90.1,6.11,56.22,,
2026-09-03,11:31:50,4952a9,CS-TUI,Airbus A330-900neo,TAP Air Portugal,landing,arrivee,575,264.8,94.7,7.67,119.2,,
2026-09-03,11:34:33,44d076,OO-TCV,Airbus A320,Brussels Airlines,landing,arrivee,575,244.8,92.3,7.29,74.14,,
2026-09-03,11:37:28,DLH39X,D-AIOA,Airbus A321neo,Lufthansa,landing,arrivee,550,251.5,90.5,6.6,48.43,,
2026-09-03,11:40:16,4ca4f0,EI-DPL,Boeing 737-800,Ryanair,landing,arrivee,525,272.4,92.8,6.65,82.17,,
2026-09-03,11:43:11,IBE05FV,EC-IZR,Airbus A320,Iberia,landing,arrivee,525,246.7,90.3,8.43,60.02,,
2026-09-03,11:45:51,RAM980E,CN-ROH,Boeing 737-800,Royal Air Maroc,landing,arrivee,550,266.3,89.9,6.94,89.27,,
2026-09-03,11:49:00,TAP110,CS-TOP,Airbus A330-200,TAP Air Portugal,landing,arrivee,525,246.7,93.6,8.59,84.15,,
2026-09-03,11:56:04,TAP1925,CS-TTX,Embraer E195,TAP Air Portugal,landing,arrivee,550,254.8,91.6,8.47,57.12,,
2026-09-03,11:58:48,RYR95SN,EI-ILK,Boeing 737 MAX 8,Ryanair,landing,arrivee,500,277.2,92.8,6.12,80.2,,
2026-09-03,12:01:43,RZO120,CS-TSJ,Airbus A321neo,TAP Air Portugal,landing,arrivee,600,254.8,91.9,6.75,53.41,,
2026-09-03,12:04:54,4d23a4,9H-GKK,Airbus A320,,landing,arrivee,575,249.8,92.5,7.66,62.8,,
2026-09-03,12:07:31,343499,EC-LEB,Global Express XRS,Gestair Executive Jet SA,landing,arrivee,550,231.5,85.2,5.72,31.12,,
2026-09-03,12:10:13,440d6f,OE-LSR,Airbus A320,easyJet Europe,landing,arrivee,525,253.2,90.3,5.33,36.47,,
2026-09-03,12:12:13,RYR63TC,EI-GJS,Boeing 737-800,Ryanair,landing,arrivee,475,276.5,90.9,6.27,92.55,,
2026-09-03,12:14:22,UAE3MV,A6-EPI,Boeing 777-300ER,Emirates,landing,arrivee,550,273.2,97.1,7.61,106.7,,
2026-09-03,12:22:26,EJU91FK,OE-IBF,Airbus A320,easyJet Europe,landing,arrivee,550,260.8,89.8,5.85,44.41,,
2026-09-03,12:32:20,348342,,,,landing,arrivee,525,256.5,91.1,7.15,67.2,,
2026-09-03,12:34:51,EJU38DF,OE-IDX,Airbus A320,easyJet Europe,landing,arrivee,550,261.5,89.3,6.54,47.18,,
2026-09-03,12:37:46,495214,CS-TPT,Embraer E190,TAP Air Portugal,landing,arrivee,550,239.1,77.7,2.08,44.04,,
2026-09-03,12:43:39,EJU76WL,OE-ICR,Airbus A320,easyJet Europe,landing,arrivee,525,261.5,91.6,6.39,54.43,,
2026-09-03,12:48:30,495148,CS-TJH,Airbus A321,TAP Air Portugal,landing,arrivee,600,270.8,91.5,5.62,57.18,,
2026-09-03,12:51:23,49520f,CS-TPO,Embraer E190,TAP Air Portugal,landing,arrivee,575,258.4,89.2,6.21,51.36,,
2026-09-03,12:54:04,495037,CS-TAW,Embraer E195,TAP Air Portugal,landing,arrivee,575,260.8,91.5,6.5,58.04,,
2026-09-03,12:58:50,4d211c,,,,cruise,,925,167.6,64.0,0.0,24.72,,
2026-09-03,13:03:13,VLG8JM,EC-MLD,Airbus A321,Vueling,landing,arrivee,500,273.9,89.9,5.73,54.13,,
2026-09-03,13:06:07,344158,EC-LOP,Airbus A320,Vueling,landing,arrivee,600,263.2,91.2,7.42,44.72,,
2026-09-03,13:08:56,495215,CS-TPU,Embraer E190,TAP Air Portugal,landing,arrivee,525,244.3,89.0,5.99,49.85,,
2026-09-03,13:13:06,44028c,OE-INI,Airbus A320,easyJet Europe,landing,arrivee,600,260.8,91.6,6.11,43.23,,
2026-09-03,13:15:54,RZO122,CS-TSI,Airbus A321neo,TAP Air Portugal,landing,arrivee,575,277.2,89.2,5.86,46.02,,
2026-09-03,13:18:36,DLH47T,D-AIEI,Airbus A321neo,Lufthansa,landing,arrivee,575,255.6,90.5,7.09,52.9,,
2026-09-03,13:20:59,4951cc,CS-TNL,Airbus A320,TAP Air Portugal,landing,arrivee,625,267.2,91.0,8.2,43.58,,
2026-09-03,13:23:37,EJU14GP,OE-IWW,Airbus A320,easyJet Europe,landing,arrivee,625,263.2,89.3,5.87,39.97,,
2026-09-03,13:26:23,4b17ff,HB-JCH,C Series 300,Swiss,landing,arrivee,625,256.5,90.7,5.98,40.76,,
2026-09-03,13:29:33,TAP1335,CS-TNY,Airbus A320,TAP Air Portugal,landing,arrivee,625,260.8,90.7,7.26,53.72,,
2026-09-03,13:32:34,SWT131,EC-MAF,ATR 72 500F,Swiftair,landing,arrivee,650,192.6,90.8,8.67,33.41,,
2026-09-03,13:35:36,495309,CS-TXI,Airbus A321neo,TAP Air Portugal,landing,arrivee,675,273.2,87.5,0.89,49.58,,
2026-09-03,13:40:11,TAP641,CS-TNV,Airbus A320,TAP Air Portugal,landing,arrivee,625,267.2,89.4,7.56,49.4,,
2026-09-03,13:45:25,TAP1013,CS-TPW,Embraer E190,TAP Air Portugal,landing,arrivee,525,243.2,90.9,7.13,50.3,,
2026-09-03,13:48:58,4952b0,CS-TUP,Airbus A330-900neo,TAP Air Portugal,landing,arrivee,650,273.9,91.7,8.81,88.24,,
2026-09-03,13:51:31,440488,OE-INJ,Airbus A320,Iberia,landing,arrivee,650,258.9,92.1,6.47,48.34,,
2026-09-03,13:54:03,49514c,CS-TJL,Airbus A321neo,TAP Air Portugal,landing,arrivee,650,265.6,91.1,12.04,44.22,,
2026-09-03,13:56:52,495152,CS-TJR,Airbus A321neo,TAP Air Portugal,landing,arrivee,625,255.6,89.4,5.37,43.48,,
2026-09-03,13:59:42,TAP1860,CS-TVG,Airbus A320neo,TAP Air Portugal,landing,arrivee,575,244.3,92.3,5.54,34.94,,
2026-09-03,14:02:18,400980,G-EUUE,Airbus A320,British Airways,landing,arrivee,625,255.6,88.9,6.84,59.0,,
2026-09-03,14:05:08,495038,CS-TAX,Embraer E195,TAP Air Portugal,landing,arrivee,600,264.8,90.2,6.31,36.44,,
2026-09-03,14:08:10,TAP86GM,CS-TPY,Embraer E190,TAP Air Portugal,landing,arrivee,525,243.2,92.4,6.44,47.11,,
2026-09-03,14:10:42,EJU94NF,OE-IBS,Airbus A320,easyJet Europe,landing,arrivee,575,268.2,89.3,5.91,45.23,,
2026-09-03,14:12:58,RYR3663,9H-QEI,Boeing 737-800,Malta Air,landing,arrivee,550,282.1,91.9,6.16,57.96,,
2026-09-03,14:16:50,495170,CS-TKP,Airbus A320,TAP Air Portugal,landing,arrivee,600,268.9,93.1,6.56,35.2,,
2026-09-03,14:19:37,096023,D4-CCI,Boeing 737-700,,landing,arrivee,525,258.9,90.2,6.91,48.41,,
2026-09-03,14:24:06,4867c1,,,Transavia,landing,arrivee,650,258.9,92.6,6.48,39.99,,
2026-09-03,14:27:53,4951d3,CS-TNS,Airbus A320,TAP Air Portugal,cruise,,675,0.0,90.7,6.68,34.49,,
2026-09-03,14:33:03,4952c9,CS-TVI,Airbus A320neo,TAP Air Portugal,landing,arrivee,650,249.8,89.6,6.84,38.01,,
2026-09-03,14:37:29,440115,OE-LUE,Airbus A320neo,easyJet Europe,landing,arrivee,675,274.8,90.3,5.67,37.29,,
2026-09-03,14:40:11,3985a7,F-HBNH,Airbus A320,Air France,landing,arrivee,700,274.1,94.9,7.32,42.78,,
2026-09-03,14:42:54,TAP691P,CS-TVR,Airbus A320neo,TAP Air Portugal,landing,arrivee,550,263.2,89.8,5.79,35.68,,
2026-09-03,14:45:37,SWR2BK,HB-JPD,Airbus A321,Swiss,landing,arrivee,650,270.8,92.0,6.93,37.87,,
2026-09-03,14:55:46,4952c8,CS-TVH,Airbus A320neo,TAP Air Portugal,landing,arrivee,625,254.8,91.1,7.37,33.84,,
2026-09-03,14:59:09,39cea0,F-HTVA,Boeing 737-800,Transavia France,cruise,,675,0.0,92.0,5.92,49.19,,
2026-09-03,15:06:57,TAP541W,CS-TNQ,Airbus A320,TAP Air Portugal,landing,arrivee,600,250.0,91.2,8.09,47.44,,
2026-09-03,15:10:17,EZY35DC,G-EZUF,Airbus A320,easyJet,landing,arrivee,575,261.5,91.5,5.8,41.91,,
2026-09-03,15:12:56,4951d7,CS-TNW,Airbus A320,TAP Air Portugal,landing,arrivee,675,254.1,94.1,7.07,45.34,,
2026-09-03,15:15:54,4d2115,9H-MIR,Challenger 604,,landing,arrivee,600,242.4,87.4,5.8,26.15,,
2026-09-03,15:19:18,4bb1e3,TC-LOC,Airbus A330-300,Turkish Airlines,landing,arrivee,550,268.9,95.0,8.12,59.95,,
2026-09-03,15:22:15,TAP27GC,CS-TPV,Embraer E190,TAP Air Portugal,landing,arrivee,550,249.1,88.6,6.84,35.62,,
2026-09-03,15:25:23,BAW5DW,G-NEOU,Airbus A321neo,British Airways,landing,arrivee,650,277.2,94.9,6.32,35.98,,
2026-09-03,15:29:17,495150,CS-TJP,Airbus A321neo,TAP Air Portugal,landing,arrivee,625,273.2,91.2,6.03,33.37,,
2026-09-03,15:32:11,4d2288,9H-QBK,Boeing 737-800,Malta Air,landing,arrivee,550,284.8,92.6,6.58,54.62,,
2026-09-03,15:35:25,SVW24JM,LX-GJM,Challenger 350,Global Jet Luxembourg SA,landing,arrivee,550,246.7,86.0,5.42,27.89,,
2026-09-03,15:38:08,344216,EC-LPR,Boeing 737-800,Air Europa,landing,arrivee,550,283.7,91.8,6.45,70.25,,
2026-09-03,15:42:32,3c65c1,D-AINA,Airbus A320neo,Lufthansa,landing,arrivee,600,260.8,90.8,7.08,37.65,,
2026-09-03,15:45:19,TAP1137,CS-TPP,Embraer E190,TAP Air Portugal,landing,arrivee,575,250.0,88.9,5.68,35.15,,
2026-09-03,15:48:02,FIN96W,OH-LZO,Airbus A321,Finnair,landing,arrivee,525,278.9,91.5,6.2,48.3,,
2026-09-03,15:51:01,4951cd,CS-TNM,Airbus A320,TAP Air Portugal,landing,arrivee,625,256.5,94.9,7.38,43.59,,
2026-09-03,15:53:48,495145,CS-TJE,Airbus A321,TAP Air Portugal,landing,arrivee,600,288.9,91.4,6.56,38.51,,
2026-09-03,15:56:36,RYR76ZW,9H-QCG,Boeing 737-800,Malta Air,landing,arrivee,575,285.6,94.4,6.97,59.78,,
2026-09-03,15:59:39,40836d,,,,landing,arrivee,725,280.4,91.4,6.2,42.13,,
2026-09-03,16:02:59,440224,,,easyJet Europe,landing,arrivee,600,258.4,90.9,6.6,29.48,,
2026-09-03,16:05:41,3475c9,EC-OCT,Airbus A321,,landing,arrivee,600,285.6,91.1,5.93,53.98,,
2026-09-03,16:08:26,TAP571,CS-TTP,Airbus A319,TAP Air Portugal,landing,arrivee,625,248.0,93.5,6.46,46.23,,
2026-09-03,16:10:50,495146,CS-TJF,Airbus A321,TAP Air Portugal,landing,arrivee,600,271.7,91.2,6.92,38.77,,
2026-09-03,16:13:23,495299,CS-TTY,Embraer E195,TAP Air Portugal,landing,arrivee,550,261.5,88.3,6.39,38.08,,
2026-09-03,16:14:53,4952c3,CS-TVC,Airbus A320neo,TAP Air Portugal,cruise,,825,0.0,92.1,5.91,34.48,,
2026-09-03,16:17:21,TAP1143,,,TAP Air Portugal,landing,arrivee,600,263.2,92.9,6.84,48.0,,
2026-09-03,16:18:54,49514a,CS-TJJ,Airbus A321neo,TAP Air Portugal,landing,arrivee,650,275.6,90.5,6.19,34.03,,
2026-09-03,16:21:44,3c6490,D-AIDP,Airbus A321,Eurowings,landing,arrivee,625,278.9,92.7,6.64,45.44,,
2026-09-03,16:24:20,ANE91TE,EC-MVZ,Bombardier CRJ-1000,Air Nostrum,landing,arrivee,625,271.3,91.2,19.0,27.26,,
2026-09-03,16:27:07,MPORT,M-PORT,Global 5000,Flight Assist NW Ltd,landing,arrivee,600,234.8,83.4,6.32,21.74,,
2026-09-03,16:29:59,EJU95BR,OE-LSK,Airbus A320neo,easyJet Europe,landing,arrivee,600,275.6,91.4,5.96,32.2,,
2026-09-03,16:32:30,4952cc,CS-TVL,Airbus A320,TAP Air Portugal,cruise,,675,0.0,87.3,6.31,28.87,,
2026-09-03,16:35:12,RYR32KG,EI-DWW,Boeing 737-800,Ryanair,landing,arrivee,575,286.9,91.9,6.8,73.45,,
2026-09-03,16:37:44,RYR4ZF,EI-ENG,Boeing 737-800,Ryanair,landing,arrivee,575,292.1,94.4,6.8,66.48,,
2026-09-03,16:40:34,RYR85MR,9H-LOQ,Airbus A320,Lauda Europe,landing,arrivee,575,263.2,91.7,7.24,38.67,,
2026-09-03,16:43:22,TAP1359,,,TAP Air Portugal,landing,arrivee,625,271.3,92.2,7.01,49.28,,
2026-09-03,16:46:16,VLG9QY,EC-LVS,Airbus A320,Vueling,landing,arrivee,600,263.2,89.1,7.07,40.49,,
2026-09-03,16:48:50,AAN181,OK-PHN,E55P,,landing,arrivee,600,221.5,80.7,2.9,15.43,,
2026-09-03,16:51:28,4cae91,EI-IKC,Boeing 737 MAX 8,Ryanair,cruise,,600,0.0,90.0,5.31,64.06,,
2026-09-03,16:54:15,495302,CS-TXB,Airbus A321neo,TAP Air Portugal,landing,arrivee,625,249.1,88.8,6.56,34.06,,
2026-09-03,16:56:59,4cae64,,,Ryanair,landing,arrivee,600,290.6,91.3,5.18,54.72,,
2026-09-03,17:00:15,4952a5,CS-TUE,Airbus A330-900neo,TAP Air Portugal,landing,arrivee,625,275.6,90.9,7.81,65.07,,
2026-09-03,17:02:48,TAP15NC,CS-TVP,Airbus A320neo,TAP Air Portugal,landing,arrivee,575,257.2,92.6,6.34,32.72,,
2026-09-03,17:05:17,WMT1489,9H-WBQ,Airbus A320,Lauda Europe,landing,arrivee,600,257.2,91.8,7.1,46.56,,
2026-09-03,17:07:45,4ca9d3,EI-EVK,Boeing 737-800,Ryanair,landing,arrivee,600,282.1,90.5,6.57,68.99,,
2026-09-03,17:11:09,TAP1824,CS-TJM,Airbus A321neo,TAP Air Portugal,landing,arrivee,600,279.7,91.2,6.49,31.89,,
2026-09-03,17:16:22,TRA27L,PH-HSA,Boeing 737-800,Turkish Airlines,landing,arrivee,600,281.3,90.2,6.6,57.53,,
2026-09-03,17:20:00,497c81,,,,landing,arrivee,775,249.8,93.0,8.49,73.37,,
2026-09-03,17:24:45,TAP17RA,CS-TTR,Airbus A319,TAP Air Portugal,landing,arrivee,625,256.5,90.8,6.65,37.32,,
2026-09-03,17:27:30,02007d,CN-ROR,Boeing 737-800,Royal Air Maroc,landing,arrivee,575,291.3,91.4,6.6,56.86,,
2026-09-03,17:30:21,RYR7GJ,EI-DCM,Boeing 737-800,Ryanair,landing,arrivee,575,286.1,93.7,6.96,60.41,,
2026-09-03,17:33:04,EJU45HZ,OE-IBF,Airbus A320,easyJet Europe,landing,arrivee,625,260.8,88.8,7.4,41.96,,
2026-09-03,17:35:47,TAP1337,,,TAP Air Portugal,landing,arrivee,600,277.2,90.4,6.96,37.31,,
2026-09-03,17:38:06,39bdb7,,,,landing,arrivee,625,260.8,89.1,4.31,36.76,,
2026-09-03,17:40:40,TVF72AP,F-HTVZ,Boeing 737-800,Transavia France,landing,arrivee,550,275.6,90.6,6.23,57.49,,
2026-09-03,17:44:52,4854ca,PH-HBK,Boeing 737-800,Transavia,landing,arrivee,600,289.3,91.0,7.05,63.0,,
2026-09-03,17:48:51,3964ee,F-GZHO,Boeing 737-800,Transavia France,landing,arrivee,600,278.9,88.7,5.55,46.51,,
2026-09-03,17:52:17,TAP553R,,,TAP Air Portugal,landing,arrivee,600,276.3,93.1,5.03,36.06,,
2026-09-03,17:59:34,TAP1558,CS-TJK,Airbus A321neo,TAP Air Portugal,landing,arrivee,600,285.6,90.1,5.27,40.99,,
2026-09-03,18:02:55,3c0f0b,,,Condor,landing,arrivee,600,252.4,90.8,7.97,46.2,,
2026-09-03,18:05:57,VLG5YW,EC-LUO,Airbus A320,Vueling,landing,arrivee,550,263.2,88.8,6.44,45.88,,
2026-09-03,18:10:39,4952a4,CS-TUD,Airbus A330-900neo,TAP Air Portugal,cruise,,650,0.0,91.4,8.29,67.41,,
2026-09-03,18:13:34,TAP1542,CS-TVK,Airbus A320neo,TAP Air Portugal,landing,arrivee,600,275.6,89.4,5.84,35.22,,
2026-09-03,18:16:32,4952c1,CS-TVA,Airbus A320neo,TAP Air Portugal,landing,arrivee,625,260.8,92.7,7.29,41.65,,
2026-09-03,18:20:19,4952cd,,,TAP Air Portugal,landing,arrivee,625,269.7,88.3,5.3,29.87,,
2026-09-03,18:23:21,TAP1017,CS-TPY,Embraer E190,TAP Air Portugal,landing,arrivee,550,267.2,90.7,6.93,45.13,,
2026-09-03,18:26:12,405b67,G-EZDN,Airbus A319,easyJet,landing,arrivee,625,258.0,93.0,5.68,42.41,,
2026-09-03,18:28:52,4aca84,SE-RTD,Boeing 737 MAX 8,Norwegian Air Sweden AOC AB,landing,arrivee,600,295.4,89.4,5.28,45.4,,
2026-09-03,18:31:11,4868bc,,,KLM,cruise,,800,0.0,89.9,6.28,39.11,,
2026-09-03,18:34:17,44061d,OE-LQQ,Airbus A319,easyJet Europe,landing,arrivee,625,261.5,87.5,6.44,36.62,,
2026-09-03,18:36:47,4ca2bf,EI-DLB,Boeing 737-800,Ryanair,landing,arrivee,625,290.6,90.6,6.2,57.7,,
2026-09-03,18:39:30,TAP1439,CS-TNY,Airbus A320,TAP Air Portugal,landing,arrivee,600,269.7,88.8,6.96,36.17,,
2026-09-03,18:42:34,RZO124,CS-TKQ,Airbus A320,TAP Air Portugal,landing,arrivee,575,273.2,91.3,7.33,42.98,,
2026-09-03,18:45:27,RYR5KT,EI-ENV,Boeing 737-800,Ryanair,landing,arrivee,550,286.1,93.1,5.52,67.95,,
2026-09-03,18:48:13,495038,CS-TAX,Embraer E195,TAP Air Portugal,landing,arrivee,600,260.8,87.5,5.91,42.24,,
2026-09-03,18:51:14,495212,CS-TPR,Embraer E190,TAP Air Portugal,cruise,,600,0.0,90.0,5.4,40.63,,
2026-09-03,18:56:59,8963db,A6-EPL,Boeing 777-300ER,Emirates,landing,arrivee,625,288.9,95.2,9.0,103.58,,
2026-09-03,19:02:11,TAY2MN,OE-IXS,Boeing 737-800,Iberia,landing,arrivee,600,262.2,85.8,5.27,34.94,,
2026-09-03,19:05:07,TRA951N,PH-YHV,Airbus A321neo,Transavia,landing,arrivee,600,260.8,88.3,5.67,39.57,,
2026-09-03,19:08:57,AEA1157,EC-LPQ,Boeing 737-800,Air Europa,landing,arrivee,575,287.2,91.6,7.0,64.61,,
2026-09-03,19:24:20,RYR20EE,EI-DCR,Boeing 737-800,Ryanair,landing,arrivee,575,283.7,91.5,5.96,44.72,,
2026-09-03,19:32:45,QTR343,A7-BCL,Boeing 787-8,Qatar Airways,landing,arrivee,625,280.6,90.3,7.44,51.76,,
2026-09-03,19:35:23,39d310,F-HUYQ,Boeing 737-800,Transavia France,landing,arrivee,625,271.3,90.0,6.45,58.81,,
2026-09-03,19:38:05,4952c6,CS-TVF,Airbus A320neo,TAP Air Portugal,landing,arrivee,625,254.8,85.4,6.33,32.99,,
2026-09-03,19:40:47,TAP10EV,CS-TPZ,Embraer E190,TAP Air Portugal,landing,arrivee,575,258.4,89.2,7.08,41.53,,
2026-09-03,19:43:27,4d240f,9H-EUX,Airbus A320,Lauda Europe,landing,arrivee,600,271.3,92.2,7.26,45.92,,
2026-09-03,19:48:29,44cc45,OO-SBE,Airbus A320neo,,landing,arrivee,675,257.2,86.0,61.43,35.26,,
2026-09-03,19:51:08,4d2020,9H-AEJ,Airbus A319,,landing,arrivee,625,259.7,89.6,7.01,48.54,,
2026-09-03,19:54:15,49514f,CS-TJO,Airbus A321neo,TAP Air Portugal,landing,arrivee,675,282.1,92.7,5.31,51.18,,
2026-09-03,19:57:20,TAP671,CS-TVD,Airbus A320neo,TAP Air Portugal,landing,arrivee,625,255.6,90.4,6.43,44.92,,
2026-09-03,20:00:07,ANE44TG,EC-MUG,Bombardier CRJ-1000,Air Nostrum,landing,arrivee,600,267.1,87.1,4.39,36.39,,
2026-09-03,20:02:56,TAP4TL,CS-TPW,Embraer E190,TAP Air Portugal,landing,arrivee,575,247.2,93.1,7.73,40.32,,
2026-09-03,20:05:38,TAP871,CS-TNJ,Airbus A320,TAP Air Portugal,landing,arrivee,600,247.6,93.3,8.63,43.41,,
2026-09-03,20:08:12,408388,G-ZXIF,Airbus A321neo,,landing,arrivee,625,259.7,92.9,6.62,36.24,,
2026-09-03,20:10:28,DTA652,D2-TEG,Boeing 777-300ER,TAAG Angola,landing,arrivee,625,289.7,97.0,8.77,95.52,,
2026-09-03,20:13:21,4caff6,EI-ILK,Boeing 737 MAX 8,Ryanair,landing,arrivee,575,289.7,91.4,5.07,35.01,,
2026-09-03,20:16:12,495215,CS-TPU,Embraer E190,TAP Air Portugal,cruise,,600,0.0,91.1,12.29,48.41,,
2026-09-03,20:18:54,4951d8,CS-TNX,Airbus A320,TAP Air Portugal,landing,arrivee,625,270.8,91.7,6.47,35.82,,
2026-09-03,20:21:35,4cae9a,,,Ryanair,landing,arrivee,600,296.9,91.7,62.1,56.79,,
2026-09-03,20:25:10,TAP94VA,CS-TTS,Airbus A319,TAP Air Portugal,landing,arrivee,650,248.4,95.3,7.77,38.43,,
2026-09-03,20:27:50,TAP1019,CS-TPP,Embraer E190,TAP Air Portugal,landing,arrivee,600,251.9,90.1,7.17,37.66,,
2026-09-03,20:30:25,49520f,CS-TPO,Embraer E190,TAP Air Portugal,landing,arrivee,650,261.7,88.3,6.07,37.64,,
2026-09-03,20:33:11,345212,EC-MLM,Airbus A321,Vueling,landing,arrivee,600,272.4,90.4,7.69,47.19,,
2026-09-03,20:36:11,RYR59QQ,9H-QDM,Boeing 737-800,Malta Air,landing,arrivee,600,288.9,92.1,6.78,47.38,,
2026-09-03,20:39:15,VLG14YF,EC-JYX,Airbus A320,Vueling,landing,arrivee,600,266.3,92.3,8.23,50.99,,
2026-09-03,20:42:22,ELY375,4X-EKU,Boeing 737-800,El Al,landing,arrivee,600,315.2,95.5,6.55,70.4,,
2026-09-03,20:45:17,PGT1741,TC-NBZ,Airbus A320neo,Pegasus,landing,arrivee,600,257.2,93.6,6.99,42.21,,
2026-09-03,20:47:57,TAP48M,CS-TTX,Embraer E195,TAP Air Portugal,landing,arrivee,625,264.8,89.5,6.31,60.11,,
2026-09-03,20:50:50,495037,CS-TAW,Embraer E195,TAP Air Portugal,landing,arrivee,575,260.8,90.4,6.2,41.85,,
2026-09-03,20:54:26,495213,CS-TPS,Embraer E190,TAP Air Portugal,landing,arrivee,575,247.2,90.0,6.2,37.77,,
2026-09-03,21:00:18,348508,EC-OOV,Airbus A320,,landing,arrivee,625,257.6,88.7,6.5,39.02,,
2026-09-03,21:08:46,WMT537,,,,landing,arrivee,600,255.6,88.7,7.22,50.0,,
2026-09-03,21:10:52,TAP37CN,CS-TVR,Airbus A320neo,TAP Air Portugal,landing,arrivee,550,250.4,90.5,5.97,39.67,,
2026-09-03,21:14:50,TAP1931,CS-TNM,Airbus A320,TAP Air Portugal,landing,arrivee,575,271.3,91.3,5.88,38.75,,
2026-09-03,21:19:33,ICE578,TF-ICT,Boeing 737 MAX 8,Icelandair,landing,arrivee,550,278.2,91.7,6.34,49.19,,
2026-09-03,21:22:43,49514c,CS-TJL,Airbus A321neo,TAP Air Portugal,landing,arrivee,600,256.5,90.2,6.42,46.2,,
2026-09-03,21:26:00,ASL41G,YU-APL,Airbus A319,Air Serbia,landing,arrivee,600,253.2,91.1,7.35,39.49,,
2026-09-03,21:27:59,495299,CS-TTY,Embraer E195,TAP Air Portugal,landing,arrivee,550,276.5,89.7,6.57,47.46,,
2026-09-03,21:30:19,398e49,F-HDSJ,Airbus A319,Amelia International,landing,arrivee,550,246.7,89.1,6.99,60.82,,
2026-09-03,21:32:59,4952ca,CS-TVJ,Airbus A320neo,TAP Air Portugal,landing,arrivee,600,253.9,90.4,6.11,39.83,,
2026-09-03,21:35:39,TAP885,CS-TPT,Embraer E190,TAP Air Portugal,landing,arrivee,575,253.2,88.9,6.46,41.16,,
2026-09-03,21:41:53,495309,CS-TXI,Airbus A321neo,TAP Air Portugal,cruise,,600,0.0,92.0,5.9,51.14,,
2026-09-03,21:44:32,RYR7VL,EI-GJS,Boeing 737-800,Ryanair,landing,arrivee,550,288.9,91.1,6.39,63.46,,
2026-09-03,21:47:18,495152,CS-TJR,Airbus A321neo,TAP Air Portugal,landing,arrivee,575,263.2,92.3,5.49,44.57,,
2026-09-03,21:50:17,RZO134,CS-TSM,Airbus A320,TAP Air Portugal,approach,arrivee,600,0.0,86.9,5.43,42.63,,
2026-09-03,21:52:49,RYR8AT,9H-QEL,Boeing 737-800,Malta Air,landing,arrivee,550,280.6,92.1,6.68,54.91,,
2026-09-03,21:55:23,4d2349,9H-VUJ,Boeing 737 MAX 8,Malta Air,landing,arrivee,575,270.8,92.4,6.77,56.79,,
2026-09-03,21:58:15,TAP783,,,TAP Air Portugal,landing,arrivee,575,250.8,88.9,7.11,43.33,,
2026-09-03,22:00:51,TAP827V,CS-TVG,Airbus A320neo,TAP Air Portugal,landing,arrivee,575,241.5,91.8,5.69,42.93,,
2026-09-03,22:03:13,TAP67U,,,TAP Air Portugal,landing,arrivee,575,279.7,91.9,5.2,44.32,,
2026-09-03,22:05:59,4951d2,CS-TNR,Airbus A320,TAP Air Portugal,cruise,,575,0.0,90.5,7.38,43.29,,
2026-09-03,22:07:38,4952c5,CS-TVE,Airbus A320neo,TAP Air Portugal,landing,arrivee,600,256.5,89.9,5.08,45.93,,
2026-09-03,22:09:55,EJU74EP,OE-LSK,Airbus A320neo,easyJet Europe,landing,arrivee,525,250.8,93.5,6.47,35.16,,
2026-09-03,22:11:29,3c65c6,D-AINF,Airbus A320neo,Lufthansa,landing,arrivee,600,260.8,92.7,7.38,49.72,,
2026-09-03,22:13:22,TAP127M,CS-TUI,Airbus A330-900neo,TAP Air Portugal,landing,arrivee,525,268.2,93.8,8.01,94.93,,
2026-09-03,22:16:02,AEE7PT,SX-NAJ,Airbus A321neo,Aegean Airlines,landing,arrivee,550,262.4,92.6,7.09,48.9,,
2026-09-03,22:18:34,4951d6,CS-TNV,Airbus A320,TAP Air Portugal,landing,arrivee,575,270.8,90.3,5.87,41.57,,
2026-09-03,22:21:17,495301,CS-TXA,Airbus A321neo,TAP Air Portugal,landing,arrivee,575,261.5,95.1,6.68,46.2,,
2026-09-03,22:23:40,EJU69GW,,,easyJet Europe,landing,arrivee,575,288.0,93.0,4.57,38.62,,
2026-09-03,22:25:18,3c6677,D-AISW,Airbus A321,Lufthansa,landing,arrivee,550,295.4,93.0,7.14,52.24,,
2026-09-03,22:28:01,392af4,F-GKXU,Airbus A320,Air France,landing,arrivee,575,284.8,90.9,6.45,51.7,,
2026-09-03,22:30:14,EJU32GK,OE-IDX,Airbus A320,easyJet Europe,landing,arrivee,550,264.1,91.2,6.95,50.96,,
2026-09-03,22:32:04,4952c9,CS-TVI,Airbus A320neo,TAP Air Portugal,landing,arrivee,575,255.6,90.9,7.44,32.88,,
2026-09-03,22:34:34,EJU91TW,OE-IWW,Airbus A320,easyJet Europe,landing,arrivee,525,290.6,91.7,4.82,48.94,,
2026-09-03,22:37:21,EJU7690,OE-IBF,Airbus A320,easyJet Europe,landing,arrivee,550,288.9,86.9,7.5,40.88,,
2026-09-03,22:40:15,39c40c,F-HRAM,ERJ-145 LU,Amelia International,landing,arrivee,575,268.0,86.5,4.15,32.21,,
2026-09-03,22:43:20,495216,CS-TPV,Embraer E190,TAP Air Portugal,landing,arrivee,550,256.5,89.4,5.56,41.48,,
2026-09-03,22:45:43,39d312,F-HUYS,Boeing 737-800,Transavia France,landing,arrivee,575,303.7,91.1,65.4,58.69,,
2026-09-03,22:48:13,KLM35W,PH-AXK,Airbus A321neo,KLM,landing,arrivee,575,291.3,91.6,4.02,51.18,,
2026-09-03,22:51:00,EJU93ZB,OE-LSR,Airbus A320,easyJet Europe,landing,arrivee,525,297.2,89.2,6.48,37.86,,
2026-09-03,22:54:02,TAP645,CS-TNS,Airbus A320,TAP Air Portugal,landing,arrivee,550,281.3,93.3,7.21,56.88,,
2026-09-03,23:03:43,40688a,G-EUYO,Airbus A320,British Airways,landing,arrivee,550,280.6,88.6,6.45,48.33,,
2026-09-03,23:06:20,TAP1325,CS-TPQ,Embraer E190,TAP Air Portugal,landing,arrivee,525,289.7,89.3,5.43,40.17,,
2026-09-03,23:09:34,HFM105P,9H-MIR,Challenger 604,,landing,arrivee,550,264.1,84.0,65.81,37.85,,
2026-09-03,23:14:50,DLH23C,D-AIZQ,Airbus A320,Lufthansa,cruise,,600,0.0,91.3,6.44,63.97,,
2026-09-03,23:17:43,TAP1361,,,TAP Air Portugal,landing,arrivee,550,278.0,88.5,67.74,53.13,,
2026-09-03,23:20:13,SWR755L,HB-JPA,Airbus A321neo,Swiss,landing,arrivee,575,305.4,96.5,6.43,51.67,,
2026-09-03,23:22:39,4951d9,CS-TNY,Airbus A320,TAP Air Portugal,landing,arrivee,600,269.7,88.7,6.56,40.43,,
2026-09-03,23:25:28,4caff6,EI-ILK,Boeing 737 MAX 8,Ryanair,landing,arrivee,550,287.2,89.4,6.6,50.48,,
2026-09-03,23:27:54,440d10,OE-IBS,Airbus A320,easyJet Europe,landing,arrivee,550,265.6,89.6,5.91,44.32,,
2026-09-03,23:29:24,THY2ES,,,Turkish Airlines,takeoff,depart,1900,358.2,80.8,5.29,24.59,,
2026-09-03,23:31:04,34224e,EC-JLI,Airbus A321,Iberia,landing,arrivee,575,293.7,94.2,8.14,51.69,,
2026-09-03,23:33:17,TAP3834,CS-TPX,Embraer E190,TAP Air Portugal,landing,arrivee,575,272.4,90.4,6.56,36.82,,
2026-09-03,23:35:46,49514e,CS-TJN,Airbus A321neo,TAP Air Portugal,landing,arrivee,625,287.2,89.5,6.05,47.31,,
2026-09-03,23:37:44,EJU36BG,,,easyJet Europe,landing,arrivee,575,270.8,90.5,5.31,44.57,,
2026-09-03,23:41:28,EJU64TB,OE-IDO,Airbus A320,easyJet Europe,landing,arrivee,575,267.2,89.1,6.04,55.52,,
2026-09-03,23:43:00,4d223a,9H-QCG,Boeing 737-800,Malta Air,landing,arrivee,575,289.7,91.0,6.08,63.62,,
2026-09-03,23:53:04,TAP39PT,EC-OCT,Airbus A321,TAP Air Portugal,landing,arrivee,550,258.9,90.5,7.21,50.97,,
2026-09-03,23:55:48,4cae91,EI-IKC,Boeing 737 MAX 8,Ryanair,landing,arrivee,575,286.5,90.4,4.91,59.88,,
2026-09-04,00:12:16,495145,CS-TJE,Airbus A321,TAP Air Portugal,landing,arrivee,600,292.1,90.2,5.43,55.38,,
2026-09-04,00:20:55,39d30e,F-HUYO,Boeing 737-800,Transavia France,landing,arrivee,575,276.9,89.9,5.31,73.74,,
2026-09-04,00:44:50,TAP64M,CS-TUE,Airbus A330-900neo,TAP Air Portugal,landing,arrivee,550,267.2,94.0,8.37,69.59,,
2026-09-04,01:12:06,RZO128,CS-TSJ,Airbus A321neo,TAP Air Portugal,landing,arrivee,600,283.0,90.6,6.45,51.92,,
2026-09-04,02:04:12,RZO3142,CS-TKP,Airbus A320,TAP Air Portugal,landing,arrivee,600,268.9,90.8,6.72,58.24,,
2026-09-04,05:14:52,3c65c6,D-AINF,Airbus A320neo,Lufthansa,takeoff,depart,1375,289.7,79.9,3.14,30.73,,
2026-09-04,05:18:23,486836,PH-AXK,Airbus A321neo,KLM,takeoff,depart,1150,302.2,80.0,4.3,33.88,,
2026-09-04,05:39:40,49530b,CS-TXK,Airbus A321,TAP Air Portugal,landing,arrivee,600,257.2,89.9,6.35,40.64,,
2026-09-04,05:42:59,4952b3,CS-TUS,Airbus A330-900neo,TAP Air Portugal,landing,arrivee,625,279.7,91.7,8.61,86.03,,
2026-09-04,05:45:46,TAP9012,CS-TVG,Airbus A320neo,TAP Air Portugal,landing,arrivee,650,249.8,87.4,5.91,45.81,,
2026-09-04,06:00:38,TAP1544,CS-TVB,Airbus A320neo,TAP Air Portugal,landing,arrivee,625,263.2,89.5,6.2,52.47,,
2026-09-04,06:02:31,495304,CS-TXD,Airbus A321neo,TAP Air Portugal,landing,arrivee,600,268.9,88.6,5.37,40.4,,
2026-09-04,06:05:20,TAP96AW,CS-TNX,Airbus A320,TAP Air Portugal,landing,arrivee,600,263.2,88.2,6.05,58.87,,
2026-09-04,06:07:39,4951d6,CS-TNV,Airbus A320,TAP Air Portugal,landing,arrivee,600,265.8,90.3,5.95,56.02,,
2026-09-04,06:10:13,TAM8146,PT-MUD,Boeing 777-300ER,LATAM Airlines,landing,arrivee,575,277.2,95.7,7.98,87.77,,
2026-09-04,06:13:07,TAP104,CS-TUB,Airbus A330-900neo,TAP Air Portugal,landing,arrivee,550,267.2,93.1,7.21,78.31,,
2026-09-04,06:15:30,4952b2,CS-TUR,Airbus A330-900neo,TAP Air Portugal,landing,arrivee,575,308.9,92.0,8.18,96.83,,
2026-09-04,06:21:11,9HGME,,,,descending,arrivee,650,111.5,64.3,0.0,20.3,,
2026-09-04,06:24:56,495215,CS-TPU,Embraer E190,TAP Air Portugal,takeoff,depart,1225,303.7,80.3,12.04,42.63,,
2026-09-04,06:26:53,495038,,,TAP Air Portugal,climb,depart,3950,454.3,65.2,0.0,20.43,,
2026-09-04,06:38:12,495216,CS-TPV,Embraer E190,TAP Air Portugal,takeoff,depart,2325,248.4,72.1,0.49,31.06,,
2026-09-04,06:41:30,DLH06E,D-AISW,Airbus A321,Lufthansa,takeoff,depart,1800,298.5,72.9,69.9,40.28,,
2026-09-04,06:43:46,4caff6,EI-ILK,Boeing 737 MAX 8,Ryanair,takeoff,depart,1250,299.8,83.2,5.63,44.66,,
2026-09-04,06:46:24,EJU7695,,,easyJet Europe,takeoff,depart,1175,301.3,74.5,2.54,24.38,,
2026-09-04,06:49:36,RYR13QK,9H-QCG,Boeing 737-800,Malta Air,takeoff,depart,1125,303.5,87.4,9.67,91.26,,
2026-09-04,06:52:16,TAP1685,CS-TNS,Airbus A320,TAP Air Portugal,takeoff,depart,1250,286.1,87.0,7.96,47.81,,
2026-09-04,06:55:12,49514e,CS-TJN,Airbus A321neo,TAP Air Portugal,takeoff,depart,1100,289.8,81.0,5.55,31.47,,
2026-09-04,06:57:41,39d30e,F-HUYO,Boeing 737-800,Transavia France,cruise,,750,0.0,87.4,17.16,90.58,,
2026-09-04,06:59:38,440224,,,easyJet Europe,takeoff,depart,1400,303.5,72.0,70.13,25.29,,
2026-09-04,07:03:23,4cacdf,EI-GJS,Boeing 737-800,Ryanair,takeoff,depart,1125,289.7,86.9,15.19,84.82,,
2026-09-04,07:05:20,IBE05WK,EC-JLI,Airbus A321,Iberia,climb,depart,1775,278.2,64.1,0.0,23.27,,
2026-09-04,07:15:00,4952c9,CS-TVI,Airbus A320neo,TAP Air Portugal,takeoff,depart,1250,285.8,73.1,3.91,26.54,,
2026-09-04,07:21:28,4952c7,CS-TVG,Airbus A320neo,TAP Air Portugal,takeoff,depart,1475,272.8,69.1,0.0,23.26,,
2026-09-04,07:28:10,440b1e,OE-IWW,Airbus A320,easyJet Europe,takeoff,depart,1200,305.4,84.0,9.7,62.4,,
2026-09-04,07:30:58,4400f3,OE-IDO,Airbus A320,easyJet Europe,takeoff,depart,1325,285.8,82.0,7.27,59.85,,
2026-09-04,07:33:53,TAP874H,CS-TPW,Embraer E190,TAP Air Portugal,takeoff,depart,1125,288.9,80.6,2.45,39.4,,
2026-09-04,07:39:52,9HGME,,,,cruise,,400,31.5,57.6,0.0,21.21,,
2026-09-04,07:45:20,AAN181,OK-PHN,E55P,,takeoff,depart,1625,332.1,81.1,6.03,36.58,,
2026-09-04,07:47:48,440c33,OE-LSK,Airbus A320neo,easyJet Europe,takeoff,depart,1450,307.4,71.8,0.08,25.81,,
2026-09-04,07:50:43,TAP86PZ,CS-TJF,Airbus A321,TAP Air Portugal,takeoff,depart,1225,314.1,86.8,8.78,140.87,,
2026-09-04,07:53:21,EJU75WQ,OE-IBF,Airbus A320,easyJet Europe,takeoff,depart,1375,294.5,81.9,71.46,42.61,,
2026-09-04,07:56:09,TAP13J,CS-TAW,Embraer E195,TAP Air Portugal,takeoff,depart,1100,291.7,81.3,3.92,40.32,,
2026-09-04,07:59:25,TAP34A,CS-TVR,Airbus A320neo,TAP Air Portugal,takeoff,depart,2275,345.4,56.2,0.0,20.88,,
2026-09-04,08:01:43,TAP1310,CS-TPZ,Embraer E190,TAP Air Portugal,takeoff,depart,1100,286.5,80.5,4.02,40.36,,
2026-09-04,08:04:27,BAW509,G-EUYO,Airbus A320,British Airways,takeoff,depart,1375,278.2,83.4,8.16,55.09,,
2026-09-04,08:08:02,440db0,OE-IDX,Airbus A320,easyJet Europe,takeoff,depart,1300,290.6,83.1,7.72,50.71,,
2026-09-04,08:10:57,4951d7,CS-TNW,Airbus A320,TAP Air Portugal,takeoff,depart,1125,284.8,84.9,10.35,79.32,,
2026-09-04,08:13:33,DLH99Y,D-AIZQ,Airbus A320,Lufthansa,takeoff,depart,1475,279.7,82.9,6.44,87.72,,
2026-09-04,08:16:26,TAP1102,CS-TPQ,Embraer E190,TAP Air Portugal,takeoff,depart,1125,285.8,83.6,8.97,57.64,,
2026-09-04,08:19:35,TAP30BC,CS-TJE,Airbus A321,TAP Air Portugal,takeoff,depart,1125,296.9,88.7,7.93,147.76,,
2026-09-04,08:24:56,TAP882,CS-TPT,Embraer E190,TAP Air Portugal,takeoff,depart,1100,302.1,83.0,4.62,66.2,,
2026-09-04,08:28:35,TAP53LB,CS-TVB,Airbus A320neo,TAP Air Portugal,takeoff,depart,1250,286.9,80.2,4.6,33.97,,
2026-09-04,08:31:50,RYR9CZ,EI-IKC,Boeing 737 MAX 8,Ryanair,takeoff,depart,1100,325.4,68.8,0.0,23.33,,
2026-09-04,08:34:16,4951d1,CS-TNQ,Airbus A320,TAP Air Portugal,takeoff,depart,1175,294.1,84.1,7.68,77.84,,
2026-09-04,08:36:49,344297,EC-LQX,Boeing 737-800,Air Europa,cruise,,775,0.0,88.4,9.1,111.81,,
2026-09-04,08:40:02,495170,CS-TKP,Airbus A320,TAP Air Portugal,takeoff,depart,1225,304.1,86.4,11.43,116.67,,
2026-09-04,08:43:16,TAP1922,,,TAP Air Portugal,takeoff,depart,1100,305.0,85.7,70.52,77.03,,
2026-09-04,08:44:49,DAL272,N406DX,Airbus A330-900neo,Delta Air Lines,climb,depart,3225,403.4,56.9,0.0,21.75,,
2026-09-04,08:55:07,4951d8,CS-TNX,Airbus A320,TAP Air Portugal,takeoff,depart,1300,288.5,86.0,5.79,71.63,,
2026-09-04,08:57:36,TAP1859,CS-TUE,Airbus A330-900neo,TAP Air Portugal,takeoff,depart,1325,307.1,81.2,3.9,34.95,,
2026-09-04,09:01:15,TAP780,EC-OCT,Airbus A321,TAP Air Portugal,takeoff,depart,1325,304.7,87.3,13.61,129.0,,
2026-09-04,09:03:23,TAP34CC,CS-TTY,Embraer E195,TAP Air Portugal,climb,depart,1600,342.6,80.8,2.73,34.61,,
2026-09-04,09:06:48,4951d6,CS-TNV,Airbus A320,TAP Air Portugal,takeoff,depart,1125,299.7,88.1,8.97,92.73,,
2026-09-04,09:09:49,TAP5DL,,,TAP Air Portugal,takeoff,depart,1100,294.5,82.0,4.86,58.88,,
2026-09-04,09:11:50,TAP48N,CS-TPS,Embraer E190,TAP Air Portugal,takeoff,depart,1275,311.9,81.8,10.19,51.36,,
2026-09-04,09:13:37,4951cc,CS-TNL,Airbus A320,TAP Air Portugal,takeoff,depart,1250,302.2,85.4,7.96,62.92,,
2026-09-04,09:15:17,TAP1356,,,TAP Air Portugal,takeoff,depart,1800,294.1,63.2,0.0,20.83,,
2026-09-04,09:31:57,39de40,F-HXSA,Airbus A320neo,,landing,arrivee,550,278.9,90.2,5.03,57.41,,
2026-09-04,09:35:09,495149,CS-TJI,Airbus A321neo,TAP Air Portugal,landing,arrivee,525,293.0,92.5,7.33,60.52,,
2026-09-04,09:44:01,345595,EC-MSC,Global 6000,Mercadona SA,landing,arrivee,550,260.8,85.3,4.92,31.26,,
2026-09-04,09:49:34,TAP012,CS-TUP,Airbus A330-900neo,TAP Air Portugal,landing,arrivee,550,292.1,93.0,7.34,76.77,,
2026-09-04,09:52:22,RZO1126,CS-TKQ,Airbus A320,TAP Air Portugal,landing,arrivee,550,275.6,92.3,5.96,49.88,,
2026-09-04,09:54:43,EZY79RV,G-EZUI,Airbus A320,easyJet,landing,arrivee,525,268.9,93.4,6.91,68.24,,
2026-09-04,09:57:33,3480ce,,,,landing,arrivee,525,265.6,95.3,7.72,82.46,,
2026-09-04,10:04:00,4952a7,CS-TUG,Airbus A330-900neo,TAP Air Portugal,landing,arrivee,550,299.7,90.3,7.11,74.98,,
2026-09-04,10:07:32,4952d1,,,TAP Air Portugal,landing,arrivee,525,267.2,88.1,5.56,46.08,,
2026-09-04,10:10:18,BAW50P,G-DBCK,Airbus A319,British Airways,landing,arrivee,575,270.8,90.0,6.71,36.07,,
2026-09-04,10:14:30,RYR668T,,,Ryanair,landing,arrivee,525,287.2,93.8,6.29,57.41,,
2026-09-04,10:17:13,c07996,C-GUBD,Airbus A330-200,Air Transat,landing,arrivee,525,298.5,91.5,6.31,70.58,,
2026-09-04,10:20:27,TAP216L,CS-TXG,Airbus A321neo,TAP Air Portugal,landing,arrivee,550,298.9,91.2,5.95,54.53,,
2026-09-04,10:23:09,4ca808,EI-EKI,Boeing 737-800,Ryanair,landing,arrivee,525,276.5,95.3,7.68,96.44,,
2026-09-04,10:26:27,TAP1826,CS-TVD,Airbus A320neo,TAP Air Portugal,landing,arrivee,550,263.9,93.6,5.6,41.79,,
2026-09-04,10:29:06,347306,,,,landing,arrivee,550,297.2,93.6,5.82,75.87,,
2026-09-04,10:32:17,TAP11SV,CS-TPQ,Embraer E190,TAP Air Portugal,landing,arrivee,525,263.2,90.6,5.92,57.34,,
2026-09-04,10:41:33,4d00f5,LX-LGV,Boeing 737-800,Luxair,landing,arrivee,575,282.1,95.2,42.98,87.78,,
2026-09-04,10:45:06,RYR8HM,EI-DHZ,Boeing 737-800,Ryanair,takeoff,depart,1100,314.3,85.4,9.16,95.89,,
2026-09-04,10:48:17,4952cd,,,TAP Air Portugal,takeoff,depart,1275,304.7,71.5,6.08,25.65,,
2026-09-04,10:50:05,4952d3,,,TAP Air Portugal,takeoff,depart,1250,307.1,80.7,2.53,30.99,,
2026-09-04,10:53:24,TAP103,CS-TUB,Airbus A330-900neo,TAP Air Portugal,takeoff,depart,1125,346.7,87.0,6.44,97.93,,
2026-09-04,10:55:53,495150,CS-TJP,Airbus A321neo,TAP Air Portugal,takeoff,depart,1125,324.7,82.0,3.69,48.72,,
2026-09-04,10:58:27,4952c8,CS-TVH,Airbus A320neo,TAP Air Portugal,takeoff,depart,1200,298.2,72.0,2.77,33.51,,
2026-09-04,11:01:18,ECMSC,EC-MSC,Global 6000,Mercadona SA,takeoff,depart,1875,339.8,80.6,7.92,41.96,,
2026-09-04,11:07:07,4952cb,CS-TVK,Airbus A320neo,TAP Air Portugal,takeoff,depart,1225,294.8,81.3,3.73,30.88,,
2026-09-04,11:09:50,EZY36CZ,G-EZTG,Airbus A320,easyJet,takeoff,depart,1100,331.5,89.2,6.67,104.87,,
2026-09-04,11:12:39,TAP16AL,CS-TTS,Airbus A319,TAP Air Portugal,takeoff,depart,1100,314.7,82.2,4.15,37.75,,
2026-09-04,11:15:22,UAL65,N12004,Boeing 787-10,United Airlines,takeoff,depart,1100,369.1,79.7,1.56,38.87,,
2026-09-04,11:20:50,TAP52TP,CS-TJK,Airbus A321neo,TAP Air Portugal,takeoff,depart,1300,357.3,79.0,4.26,27.99,,
2026-09-04,11:23:44,4952b2,CS-TUR,Airbus A330-900neo,TAP Air Portugal,takeoff,depart,1300,321.5,85.0,9.62,60.51,,
2026-09-04,11:33:54,TAP1923,,,TAP Air Portugal,landing,arrivee,500,271.3,89.7,5.67,55.78,,
2026-09-04,11:36:33,4867eb,PH-YHO,Airbus A321neo,Transavia,landing,arrivee,525,263.2,87.0,5.84,54.36,,
2026-09-04,11:39:21,49526a,CS-TSJ,Airbus A321neo,TAP Air Portugal,landing,arrivee,550,289.7,88.5,6.2,52.07,,
2026-09-04,11:42:08,EJU74EF,OE-LSK,Airbus A320neo,easyJet Europe,landing,arrivee,525,280.6,86.0,5.95,60.68,,
2026-09-04,11:44:45,TAP028,CS-TUM,Airbus A330-900neo,TAP Air Portugal,landing,arrivee,525,273.2,92.5,8.57,107.28,,
2026-09-04,11:47:18,IBE05FV,EC-KUB,Airbus A319,Iberia,landing,arrivee,550,267.1,90.1,6.44,53.32,,
2026-09-04,11:50:18,EJU15PC,OE-IDO,Airbus A320,easyJet Europe,landing,arrivee,500,263.2,92.9,6.03,74.6,,
2026-09-04,11:52:53,3c6658,D-AIRX,Airbus A321,Lufthansa,landing,arrivee,525,287.2,92.6,5.72,70.2,,
2026-09-04,11:55:37,4951d8,CS-TNX,Airbus A320,TAP Air Portugal,landing,arrivee,525,264.8,92.2,6.96,53.68,,
2026-09-04,11:58:18,49530d,CS-TXM,Airbus A321,TAP Air Portugal,landing,arrivee,525,264.1,93.7,6.96,41.34,,
2026-09-04,12:01:11,TAP11MG,CS-TTY,Embraer E195,TAP Air Portugal,landing,arrivee,525,267.2,90.4,7.23,52.55,,
2026-09-04,12:03:54,EJU14YR,OE-IBF,Airbus A320,easyJet Europe,landing,arrivee,525,273.2,91.9,6.81,51.14,,
2026-09-04,12:06:32,TAP429,CS-TPP,Embraer E190,TAP Air Portugal,landing,arrivee,500,241.7,89.7,7.37,51.54,,
2026-09-04,12:09:07,40768c,G-UZME,Airbus A321neo,easyJet,landing,arrivee,525,276.5,91.9,6.28,49.33,,
2026-09-04,12:12:08,8963dc,A6-EPM,Boeing 777-300ER,Emirates,cruise,,650,0.0,97.7,8.2,110.53,,
2026-09-04,12:15:07,EWG8602,D-AEWK,Airbus A320,Eurowings,landing,arrivee,500,268.9,87.7,6.72,60.77,,
2026-09-04,12:17:56,TAP23SL,CS-TUK,Airbus A330-900neo,TAP Air Portugal,landing,arrivee,500,258.9,93.5,9.21,88.96,,
2026-09-04,12:21:46,EJM51,N550RP,G550,Executive Jet Management,cruise,,550,235.6,81.2,6.64,31.11,,
2026-09-04,12:27:10,4d2378,9H-AMV,Airbus A320,Lauda Europe,landing,arrivee,575,262.2,91.2,6.44,49.8,,
2026-09-04,12:29:58,TAP1902,CS-TNM,Airbus A320,TAP Air Portugal,landing,arrivee,525,261.5,93.7,8.19,50.8,,
2026-09-04,12:32:59,TVF46JB,F-HUYO,Boeing 737-800,Transavia France,landing,arrivee,525,283.0,90.4,6.56,66.14,,
2026-09-04,12:57:26,RYR16GW,9H-QCG,Boeing 737-800,Malta Air,landing,arrivee,525,283.0,82.2,6.96,89.35,,
2026-09-04,13:00:56,QTR29C,A7-BCF,Boeing 787-8,Qatar Airways,landing,arrivee,575,276.5,89.5,7.04,75.24,,
2026-09-04,13:03:43,4402ae,OE-IVZ,Airbus A320,easyJet Europe,landing,arrivee,550,267.2,91.7,6.28,53.27,,
2026-09-04,13:06:23,4951ef,CS-TOO,Airbus A330-200,TAP Air Portugal,landing,arrivee,500,258.0,91.9,7.73,65.97,,
2026-09-04,13:09:07,495216,CS-TPV,Embraer E190,TAP Air Portugal,landing,arrivee,475,254.8,91.7,6.57,68.37,,
2026-09-04,13:12:07,N307EL,N307EL,GVII-G500,Eli Lilly & Co,landing,arrivee,525,258.9,87.0,3.87,29.58,,
2026-09-04,13:16:41,TAP1031,CS-TJE,Airbus A321,TAP Air Portugal,landing,arrivee,500,288.9,90.2,6.44,60.91,,
2026-09-04,13:21:01,TAP831,CS-TJN,Airbus A321neo,TAP Air Portugal,landing,arrivee,525,287.2,88.6,65.01,40.64,,
2026-09-04,13:23:52,EJU78QH,OE-LSR,Airbus A320,easyJet Europe,landing,arrivee,500,273.2,89.0,4.27,64.74,,
2026-09-04,13:26:25,EJU38DF,OE-IWW,Airbus A320,easyJet Europe,landing,arrivee,525,272.4,89.2,7.08,48.78,,
2026-09-04,13:29:17,VLG8JM,EC-MLD,Airbus A321,Vueling,landing,arrivee,500,268.9,89.6,5.79,56.67,,
2026-09-04,13:33:27,49514d,CS-TJM,Airbus A321neo,TAP Air Portugal,landing,arrivee,550,278.9,88.4,6.43,43.39,,
2026-09-04,13:36:19,4952c8,CS-TVH,Airbus A320neo,TAP Air Portugal,landing,arrivee,500,254.8,89.7,6.19,41.81,,
2026-09-04,13:39:05,DLH47T,D-AIEI,Airbus A321neo,Lufthansa,landing,arrivee,525,271.3,92.3,7.21,62.91,,
2026-09-04,13:42:03,495215,CS-TPU,Embraer E190,TAP Air Portugal,landing,arrivee,475,273.2,92.2,6.59,54.53,,
2026-09-04,13:44:50,4b1808,HB-JCQ,A220 300,Swiss,landing,arrivee,500,268.9,89.1,5.91,49.43,,
2026-09-04,13:47:40,4952d2,CS-TVR,Airbus A320neo,TAP Air Portugal,landing,arrivee,525,246.7,90.2,6.56,45.59,,
2026-09-04,13:50:24,TAP23V,CS-TAW,Embraer E195,TAP Air Portugal,landing,arrivee,550,276.5,91.1,6.48,53.5,,
2026-09-04,13:53:01,RZO122,CS-TSF,Airbus A321neo,TAP Air Portugal,landing,arrivee,550,275.6,94.6,7.08,52.67,,
2026-09-04,13:55:44,4951d5,CS-TNU,Airbus A320,TAP Air Portugal,landing,arrivee,550,255.6,92.4,7.45,76.35,,
2026-09-04,13:58:18,440713,OE-IJE,Airbus A320,easyJet Europe,landing,arrivee,525,273.2,91.8,6.43,52.45,,
2026-09-04,14:01:11,4952ae,CS-TUN,Airbus A330-900neo,TAP Air Portugal,landing,arrivee,500,264.8,95.6,8.85,87.17,,
2026-09-04,14:05:46,4cac85,EI-HGH,Boeing 737 MAX 8,Ryanair,landing,arrivee,550,295.0,92.9,5.32,55.9,,
2026-09-04,14:08:48,RZO150,CS-TKP,Airbus A320,TAP Air Portugal,landing,arrivee,525,271.3,91.3,6.95,71.19,,
2026-09-04,14:11:48,TAP1860,CS-TUE,Airbus A330-900neo,TAP Air Portugal,landing,arrivee,500,260.0,93.2,8.69,63.32,,
2026-09-04,14:16:15,348342,,,,landing,arrivee,525,268.2,95.0,8.51,80.75,,
2026-09-04,14:19:12,TAP084,CS-TUA,Airbus A330-900neo,TAP Air Portugal,landing,arrivee,525,260.0,95.0,9.38,123.84,,
2026-09-04,14:21:51,48af07,SP-LVH,Boeing 737 MAX 8,Buzz,landing,arrivee,525,283.7,93.1,6.31,66.16,,
2026-09-04,14:24:49,TCV612,D4-CCI,Boeing 737-700,,landing,arrivee,475,253.2,89.7,6.84,44.0,,
2026-09-04,14:31:02,495298,CS-TTX,Embraer E195,TAP Air Portugal,landing,arrivee,550,256.5,91.0,5.48,55.48,,
2026-09-04,14:34:16,aaa125,N784UA,Boeing 777-200,United Airlines,cruise,,600,0.0,97.4,8.61,112.82,,
2026-09-04,14:37:52,49521a,CS-TPZ,Embraer E190,TAP Air Portugal,landing,arrivee,550,230.8,90.0,6.52,51.09,,
2026-09-04,14:41:03,TAP88TM,CS-TJP,Airbus A321neo,TAP Air Portugal,landing,arrivee,525,268.9,94.3,5.31,66.91,,
2026-09-04,14:43:59,TAP8RT,CS-TPW,Embraer E190,TAP Air Portugal,landing,arrivee,525,239.8,93.1,7.49,62.78,,
2026-09-04,14:46:50,SWR2BK,HB-JPC,Airbus A321,Swiss,landing,arrivee,575,278.9,88.6,6.85,54.9,,
2026-09-04,14:49:49,TAP91TL,CS-TPX,Embraer E190,TAP Air Portugal,landing,arrivee,550,242.4,89.4,6.31,48.59,,
2026-09-04,14:52:17,4867c2,,,KLM,landing,arrivee,575,285.6,92.5,4.54,45.19,,
2026-09-04,14:55:26,TAP823,CS-TNQ,Airbus A320,TAP Air Portugal,landing,arrivee,525,289.7,90.8,6.57,46.57,,
2026-09-04,14:58:43,495066,,,TAP Air Portugal,landing,arrivee,550,279.7,89.0,10.14,61.17,,
2026-09-04,15:01:00,440115,,,easyJet Europe,landing,arrivee,525,291.3,87.8,6.59,48.17,,
2026-09-04,15:04:24,407689,G-UZHU,Airbus A320neo,easyJet,landing,arrivee,550,274.8,85.7,6.31,37.82,,
2026-09-04,15:07:36,SWT131,EC-MAF,ATR 72 500F,Swiftair,landing,arrivee,550,235.6,93.5,10.42,62.49,,
2026-09-04,15:10:00,TAP86GM,CS-TJF,Airbus A321,TAP Air Portugal,landing,arrivee,500,302.1,91.1,8.6,60.41,,
2026-09-04,15:12:45,TAP1143,CS-TVK,Airbus A320neo,TAP Air Portugal,landing,arrivee,500,300.6,89.1,4.56,44.16,,
2026-09-04,15:15:23,TAP36GS,,,TAP Air Portugal,landing,arrivee,525,279.7,92.3,5.92,75.56,,
2026-09-04,15:17:54,TAP43JD,CS-TJH,Airbus A321,TAP Air Portugal,landing,arrivee,525,301.3,96.0,7.2,64.63,,
2026-09-04,15:20:50,EJU51EP,,,easyJet Europe,landing,arrivee,525,264.8,89.6,5.79,40.46,,
2026-09-04,15:23:42,495212,CS-TPR,Embraer E190,TAP Air Portugal,landing,arrivee,525,270.0,91.9,6.4,43.02,,
2026-09-04,15:26:31,3985a1,F-HBNB,Airbus A320,Air France,landing,arrivee,550,287.2,94.1,7.88,46.39,,
2026-09-04,15:28:42,RYR9PX,EI-IFV,Boeing 737 MAX 8,Ryanair,landing,arrivee,500,304.7,91.4,5.31,57.01,,
2026-09-04,15:32:28,THY4GH,TC-LTL,Airbus A321neo,Turkish Airlines,landing,arrivee,550,268.9,89.5,8.44,63.38,,
2026-09-04,15:35:12,ASL53X,YU-APS,Airbus A320,Air Serbia,landing,arrivee,525,276.5,90.1,6.46,50.34,,
2026-09-04,15:37:57,TAP481,CS-TPS,Embraer E190,TAP Air Portugal,landing,arrivee,500,254.8,90.6,6.72,48.97,,
2026-09-04,15:41:17,4951f0,CS-TOP,Airbus A330-200,TAP Air Portugal,landing,arrivee,500,270.8,94.9,9.38,73.9,,
2026-09-04,15:44:21,BTI7FR,YL-ABC,A220 300,Air Baltic,landing,arrivee,475,281.3,89.8,5.92,46.74,,
2026-09-04,15:46:51,DLH03H,D-AISZ,Airbus A321,Lufthansa,landing,arrivee,500,304.7,93.2,6.96,56.26,,
2026-09-04,15:49:19,VLG7PA,EC-LVO,Airbus A320,Vueling,landing,arrivee,550,298.9,89.3,6.83,58.08,,
2026-09-04,15:51:20,495039,,,TAP Air Portugal,landing,arrivee,500,294.1,90.5,4.39,58.8,,
2026-09-04,15:53:26,TAP941,CS-TXI,Airbus A321neo,TAP Air Portugal,landing,arrivee,525,275.6,90.4,7.6,50.14,,
2026-09-04,15:55:37,495292,CS-TTR,Airbus A319,TAP Air Portugal,landing,arrivee,525,272.4,92.1,6.81,45.52,,
2026-09-04,15:58:34,4080e4,,,,landing,arrivee,550,274.5,89.7,5.79,36.31,,
2026-09-04,16:01:07,4952c9,CS-TVI,Airbus A320neo,TAP Air Portugal,landing,arrivee,525,283.0,87.3,5.67,43.23,,
2026-09-04,16:02:43,495219,CS-TPY,Embraer E190,TAP Air Portugal,landing,arrivee,500,278.2,86.4,4.46,45.8,,
2026-09-04,16:05:24,TAP883,CS-TPT,Embraer E190,TAP Air Portugal,landing,arrivee,450,283.7,90.0,5.55,49.63,,
2026-09-04,16:06:55,AEA12AT,EC-LTM,Boeing 737-800,Air Europa,landing,arrivee,450,308.9,92.0,6.01,64.37,,
2026-09-04,16:08:56,ANE91TE,EC-MJQ,Bombardier CRJ-1000,Air Nostrum,landing,arrivee,500,285.6,90.6,4.91,45.22,,
2026-09-04,16:10:43,TAP869,CS-TNW,Airbus A320,TAP Air Portugal,landing,arrivee,525,277.2,91.6,6.44,56.21,,
2026-09-04,16:12:26,TAP17RA,CS-TTS,Airbus A319,TAP Air Portugal,landing,arrivee,525,284.8,90.9,5.59,45.95,,
2026-09-04,16:15:27,4952c2,CS-TVB,Airbus A320neo,TAP Air Portugal,landing,arrivee,525,286.5,88.1,6.31,57.74,,
2026-09-04,16:18:22,EJU81TJ,OE-IDX,Airbus A320,easyJet Europe,landing,arrivee,500,289.7,90.7,5.43,68.42,,
2026-09-04,16:20:46,TAP1105,CS-TPQ,Embraer E190,TAP Air Portugal,landing,arrivee,500,280.6,89.8,6.84,55.08,,
2026-09-04,16:23:29,495290,CS-TTP,Airbus A319,TAP Air Portugal,cruise,,525,0.0,93.5,5.8,54.15,,
2026-09-04,16:25:13,RYR12SN,EI-EBO,Boeing 737-800,Ryanair,landing,arrivee,500,326.1,92.6,7.49,85.85,,
2026-09-04,16:30:56,407689,G-UZHU,Airbus A320neo,easyJet,takeoff,depart,1325,285.6,73.0,2.74,25.82,,
2026-09-04,16:32:39,495154,,,TAP Air Portugal,takeoff,depart,1150,314.7,80.7,5.24,31.94,,
2026-09-04,16:35:54,4952cb,CS-TVK,Airbus A320neo,TAP Air Portugal,takeoff,depart,1175,294.5,81.1,2.81,35.11,,
2026-09-04,16:38:59,4951d1,CS-TNQ,Airbus A320,TAP Air Portugal,takeoff,depart,1200,300.6,86.3,7.96,85.77,,
2026-09-04,16:41:33,TAP1930,CS-TPR,Embraer E190,TAP Air Portugal,takeoff,depart,1100,288.7,84.3,6.93,53.76,,
2026-09-04,16:44:13,VLG35PE,EC-LVO,Airbus A320,Vueling,takeoff,depart,1200,298.9,83.2,7.62,62.76,,
2026-09-04,16:49:26,TAP1905,CS-TPX,Embraer E190,TAP Air Portugal,takeoff,depart,1100,295.4,85.3,6.64,76.19,,
2026-09-04,16:52:05,AFR99MY,F-HBNB,Airbus A320,Air France,takeoff,depart,1100,315.8,82.5,71.17,65.43,,
2026-09-04,16:54:47,WPT3161,,,,takeoff,depart,1125,345.6,86.1,7.56,81.68,,
2026-09-04,16:58:13,4d211f,,,,cruise,,500,0.0,57.5,0.0,19.89,,
2026-09-04,17:01:27,4c01f2,YU-APS,Airbus A320,Air Serbia,takeoff,depart,1150,328.7,86.7,6.87,91.81,,
2026-09-04,17:04:33,49521a,CS-TPZ,Embraer E190,TAP Air Portugal,takeoff,depart,1300,324.5,82.0,5.74,40.47,,
2026-09-04,17:06:48,EJU15RE,OE-LSR,Airbus A320,easyJet Europe,takeoff,depart,1300,325.4,79.4,3.01,26.22,,
2026-09-04,17:09:40,TAP472C,CS-TPS,Embraer E190,TAP Air Portugal,takeoff,depart,1125,304.5,72.1,0.08,25.86,,
2026-09-04,17:12:15,TCV607,D4-CCI,Boeing 737-700,,takeoff,depart,1100,336.3,59.1,0.0,19.45,,
2026-09-04,17:15:14,UAL943,N784UA,Boeing 777-200,United Airlines,takeoff,depart,1125,361.1,83.0,2.33,42.58,,
2026-09-04,17:17:44,4080e4,,,,takeoff,depart,1175,289.8,73.2,2.37,26.97,,
2026-09-04,17:21:01,9HGMF,,,,cruise,,775,0.0,89.2,10.87,93.11,,
2026-09-04,17:22:35,DLH42Y,D-AISZ,Airbus A321,Lufthansa,takeoff,depart,2400,377.4,57.7,0.0,19.19,,
2026-09-04,17:32:34,4952c5,CS-TVE,Airbus A320neo,TAP Air Portugal,landing,arrivee,625,243.9,88.6,6.68,50.31,,
2026-09-04,17:35:23,TAP15NC,CS-TTY,Embraer E195,TAP Air Portugal,landing,arrivee,525,260.0,94.3,5.67,46.48,,
2026-09-04,17:38:14,440d10,OE-IBS,Airbus A320,easyJet Europe,landing,arrivee,550,247.2,90.5,6.72,70.49,,
2026-09-04,17:40:54,0200ea,CN-RGG,Boeing 737-800,Royal Air Maroc,landing,arrivee,525,277.2,92.1,6.72,86.96,,
2026-09-04,17:55:52,4952cc,CS-TVL,Airbus A320,TAP Air Portugal,landing,arrivee,575,236.7,92.6,6.75,41.81,,
2026-09-04,17:58:34,BAW506,G-TTNC,Airbus A320neo,British Airways,landing,arrivee,575,234.8,90.7,6.08,46.83,,
2026-09-04,18:01:15,RYR59QQ,EI-IGW,Boeing 737 MAX 8,Ryanair,landing,arrivee,550,274.1,90.4,5.55,59.93,,
2026-09-04,18:04:00,39d312,F-HUYS,Boeing 737-800,Transavia France,landing,arrivee,575,269.7,94.1,6.6,75.54,,
2026-09-04,18:06:50,3985a7,F-HBNH,Airbus A320,Air France,landing,arrivee,600,246.7,96.7,7.93,66.51,,
2026-09-04,18:09:32,TRA27L,PH-HXO,Boeing 737-800,,landing,arrivee,575,251.5,92.7,7.6,119.15,,
2026-09-04,18:12:18,VLG5YW,EC-NYE,Airbus A321,Vueling,landing,arrivee,600,239.1,90.6,5.96,52.72,,
2026-09-04,18:15:09,EJU69VE,OE-IBF,Airbus A320,easyJet Europe,landing,arrivee,575,242.4,92.6,7.96,60.63,,
2026-09-04,18:17:49,0a0028,7T-VJU,737NG 6D6,Air Algerie,landing,arrivee,550,239.1,97.1,5.96,69.85,,
2026-09-04,18:20:21,4951cc,CS-TNL,Airbus A320,TAP Air Portugal,landing,arrivee,600,249.1,90.6,6.88,60.95,,
2026-09-04,18:23:30,IBE05RP,EC-NTI,Airbus A320neo,Iberia,landing,arrivee,575,240.8,88.5,5.56,40.9,,
2026-09-04,18:26:10,EWG25P,D-AIDV,Airbus A321,Eurowings,landing,arrivee,550,263.2,91.9,6.13,71.71,,
2026-09-04,18:29:13,4952d1,,,TAP Air Portugal,landing,arrivee,550,239.8,91.2,5.83,45.72,,
2026-09-04,18:31:54,3475c9,EC-OCT,Airbus A321,,landing,arrivee,575,265.6,94.0,5.92,129.56,,
2026-09-04,18:34:57,4951d5,CS-TNU,Airbus A320,TAP Air Portugal,landing,arrivee,575,244.8,96.1,7.09,67.7,,
2026-09-04,18:37:49,495153,,,TAP Air Portugal,landing,arrivee,575,257.2,89.8,6.93,43.14,,
2026-09-04,18:40:11,TAP435,,,TAP Air Portugal,landing,arrivee,600,240.8,90.2,6.33,49.3,,
2026-09-04,18:42:57,TAP15CV,CS-TJO,Airbus A321neo,TAP Air Portugal,landing,arrivee,600,233.2,89.9,6.43,50.18,,
2026-09-04,18:45:52,TAP35BL,CS-TPP,Embraer E190,TAP Air Portugal,landing,arrivee,550,237.4,90.7,6.84,49.41,,
2026-09-04,18:50:35,406b90,G-EZWX,Airbus A320,easyJet,landing,arrivee,575,238.4,93.2,7.61,67.68,,
2026-09-04,18:53:43,495216,CS-TPV,Embraer E190,TAP Air Portugal,landing,arrivee,575,223.2,90.0,8.46,45.61,,
2026-09-04,18:56:34,495218,CS-TPX,Embraer E190,TAP Air Portugal,landing,arrivee,550,234.3,91.1,6.95,51.26,,
2026-09-04,18:59:09,EJU67HP,OE-LQQ,Airbus A319,easyJet Europe,landing,arrivee,600,241.5,93.3,7.11,51.33,,
2026-09-04,19:02:05,WMT6155,HA-LZY,Airbus A321,Wizz Air,landing,arrivee,575,257.2,90.8,6.6,60.4,,
2026-09-04,19:04:53,KLM71Y,,,KLM,landing,arrivee,600,237.4,88.7,5.67,57.11,,
2026-09-04,19:10:02,495212,CS-TPR,Embraer E190,TAP Air Portugal,landing,arrivee,600,237.4,91.3,6.56,59.53,,
2026-09-04,19:12:45,440051,OE-IVD,Airbus A320,easyJet Europe,landing,arrivee,600,254.8,89.8,66.0,56.96,,
2026-09-04,19:15:36,495171,CS-TKQ,Airbus A320,TAP Air Portugal,landing,arrivee,575,257.2,92.6,6.31,58.75,,
2026-09-04,19:18:39,4952ca,CS-TVJ,Airbus A320neo,TAP Air Portugal,landing,arrivee,600,233.2,90.8,7.08,47.59,,
2026-09-04,19:21:39,345595,EC-MSC,Global 6000,Mercadona SA,landing,arrivee,600,206.7,84.3,4.67,36.22,,
2026-09-04,19:24:12,8963da,A6-EPK,Boeing 777-300ER,Emirates,landing,arrivee,550,267.2,96.3,7.44,122.14,,
2026-09-04,19:27:04,TAP825,CS-TNS,Airbus A320,TAP Air Portugal,landing,arrivee,575,254.8,89.0,6.73,42.86,,
2026-09-04,19:30:45,FPO4999,,,,landing,arrivee,575,205.0,91.9,7.56,58.6,,
2026-09-04,19:32:31,RYR21WA,SP-RZP,Boeing 737 MAX 8,Ryanair,landing,arrivee,525,258.9,91.2,6.56,62.76,,
2026-09-04,19:35:23,TVF90KW,F-GZHY,Boeing 737-800,Transavia France,landing,arrivee,550,258.9,93.8,8.36,95.68,,
2026-09-04,19:38:15,WZZ477,HA-LDJ,Airbus A321neo,Wizz Air,landing,arrivee,600,232.4,87.6,6.85,66.39,,
2026-09-04,19:41:14,495037,CS-TAW,Embraer E195,TAP Air Portugal,landing,arrivee,525,244.6,88.7,6.48,45.65,,
2026-09-04,19:43:47,TAP69UX,CS-TVA,Airbus A320neo,TAP Air Portugal,landing,arrivee,600,249.1,91.8,6.45,41.35,,
2026-09-04,19:46:40,4b1a1a,HB-JXA,Airbus A320,Austrian Airlines,landing,arrivee,575,250.8,90.1,6.56,54.1,,
2026-09-04,19:50:56,TRA951N,PH-YHZ,Airbus A320,Transavia,landing,arrivee,625,236.7,88.7,6.44,42.14,,
2026-09-04,19:53:33,4951d8,CS-TNX,Airbus A320,TAP Air Portugal,landing,arrivee,600,258.7,91.4,6.56,47.07,,
2026-09-04,19:56:54,MMZ352,,,Condor,landing,arrivee,575,245.6,95.1,7.97,88.27,,
2026-09-04,19:59:35,RYR32KG,9H-QEH,Boeing 737-800,Malta Air,landing,arrivee,600,265.6,91.4,5.91,69.0,,
2026-09-04,20:02:26,KAL921,HL7208,Boeing 787-9,Korean Air,landing,arrivee,575,258.9,90.7,7.11,78.48,,
2026-09-04,20:05:16,495038,,,TAP Air Portugal,landing,arrivee,575,253.2,90.9,61.8,57.25,,
2026-09-04,20:08:06,DTA652,D2-TEG,Boeing 777-300ER,TAAG Angola,landing,arrivee,600,268.9,98.3,8.13,147.75,,
2026-09-04,20:11:10,RYR95SN,EI-EVB,Boeing 737-800,Ryanair,landing,arrivee,575,263.2,95.3,7.18,74.38,,
2026-09-04,20:16:09,WMT537,9H-WMF,Airbus A321neo,,landing,arrivee,575,237.4,96.5,7.41,53.81,,
2026-09-04,20:18:48,EWG37V,OK-TSU,Boeing 737-800,Eurowings,landing,arrivee,550,266.5,94.2,5.67,78.03,,
2026-09-04,20:21:37,EJU4763,OE-INO,Airbus A320,easyJet Europe,landing,arrivee,600,245.6,88.1,6.09,53.99,,
2026-09-04,20:24:27,344501,EC-MBT,Airbus A320,Vueling,landing,arrivee,600,243.2,92.5,6.22,54.97,,
2026-09-04,20:30:12,495266,CS-TSF,Airbus A321neo,TAP Air Portugal,landing,arrivee,600,251.5,88.4,5.4,41.79,,
2026-09-04,20:33:03,TAP94VA,CS-TVH,Airbus A320neo,TAP Air Portugal,landing,arrivee,575,240.8,88.3,6.8,50.12,,
2026-09-04,20:35:52,TAP93ZS,CS-TNM,Airbus A320,TAP Air Portugal,landing,arrivee,575,245.6,91.1,9.11,59.68,,
2026-09-04,20:38:33,VLG39HL,EC-LVU,Airbus A320,Vueling,landing,arrivee,550,249.1,91.1,6.32,59.83,,
2026-09-04,20:41:16,344459,EC-LVR,Boeing 737-800,Air Europa,landing,arrivee,575,250.0,93.0,7.15,66.11,,
2026-09-04,20:43:55,4d223a,9H-QCG,Boeing 737-800,Malta Air,landing,arrivee,600,255.6,91.3,6.8,76.84,,
2026-09-04,20:46:41,EZY25BM,,,easyJet,landing,arrivee,600,249.8,87.1,6.27,50.21,,
2026-09-04,20:49:29,49520f,CS-TPO,Embraer E190,TAP Air Portugal,landing,arrivee,550,223.2,89.1,6.98,50.19,,
2026-09-04,21:10:11,EIN4PT,EI-DEG,Airbus A320,Aer Lingus,landing,arrivee,575,247.2,89.4,7.49,60.77,,
2026-09-04,21:13:47,406a91,G-EZWP,Airbus A320,easyJet,landing,arrivee,575,242.4,91.8,7.33,87.76,,
2026-09-04,21:16:36,44cdc2,OO-SNB,Airbus A320,Brussels Airlines,landing,arrivee,600,245.6,88.8,6.43,62.26,,
2026-09-04,21:19:52,TAP67U,CS-TJM,Airbus A321neo,TAP Air Portugal,landing,arrivee,600,256.3,85.6,5.19,57.77,,
2026-09-04,21:22:40,VLG4JP,,,,landing,arrivee,575,241.5,89.6,65.29,56.79,,
2026-09-04,21:26:14,TAP877,CS-TPU,Embraer E190,TAP Air Portugal,landing,arrivee,550,215.8,85.0,6.21,48.34,,
2026-09-04,21:30:16,4bb873,TC-NCS,Airbus A320neo,Pegasus,landing,arrivee,600,227.4,89.4,4.95,43.62,,
2026-09-04,21:32:43,RYR76WW,EI-IJY,Boeing 737 MAX 8,Ryanair,landing,arrivee,575,253.9,88.1,6.19,48.3,,
2026-09-04,21:39:32,495149,CS-TJI,Airbus A321neo,TAP Air Portugal,landing,arrivee,575,256.5,87.9,5.19,42.72,,
2026-09-04,21:42:19,FIA5811,,,Fly One,landing,arrivee,575,244.8,87.0,7.54,74.74,,
2026-09-04,21:45:03,49514e,CS-TJN,Airbus A321neo,TAP Air Portugal,landing,arrivee,600,257.2,88.4,65.87,48.13,,
2026-09-04,21:47:55,RYR3WD,EI-GJS,Boeing 737-800,Ryanair,landing,arrivee,525,267.2,92.5,6.36,95.17,,
2026-09-04,21:50:27,347641,,,,landing,arrivee,600,249.1,89.1,5.85,55.43,,
2026-09-04,21:53:02,TAP1692,CS-TJH,Airbus A321,TAP Air Portugal,landing,arrivee,500,276.5,96.8,7.07,93.21,,
2026-09-04,21:56:00,RZO152,CS-TKP,Airbus A320,TAP Air Portugal,landing,arrivee,550,250.0,91.7,6.99,68.74,,
2026-09-04,21:58:42,TAP5AS,CS-TVF,Airbus A320neo,TAP Air Portugal,landing,arrivee,575,253.9,94.3,5.43,52.81,,
2026-09-04,22:01:37,DLH34J,D-AIDI,Airbus A321,Lufthansa,landing,arrivee,600,268.2,88.1,6.74,76.38,,
2026-09-04,22:04:35,RZO134,CS-TSM,Airbus A320,TAP Air Portugal,landing,arrivee,550,245.6,88.5,4.83,53.61,,
2026-09-04,22:07:08,4951d1,CS-TNQ,Airbus A320,TAP Air Portugal,landing,arrivee,575,251.5,89.1,6.25,57.67,,
2026-09-04,22:09:56,TAP7EN,CS-TVD,Airbus A320neo,TAP Air Portugal,landing,arrivee,575,263.2,91.7,4.74,45.04,,
2026-09-04,22:12:54,TAP1207,CS-TJL,Airbus A321neo,TAP Air Portugal,landing,arrivee,625,247.2,86.5,5.65,51.15,,
2026-09-04,22:15:52,468e45,SX-CRE,Airbus A320neo,,landing,arrivee,575,237.4,88.6,5.96,45.86,,
2026-09-04,22:18:50,TAP473H,CS-TPS,Embraer E190,TAP Air Portugal,landing,arrivee,600,225.0,85.4,7.12,54.91,,
2026-09-04,22:20:32,4952ce,CS-TVN,Airbus A320neo,TAP Air Portugal,landing,arrivee,550,232.4,89.2,5.7,52.69,,
2026-09-04,22:23:11,495298,CS-TTX,Embraer E195,TAP Air Portugal,landing,arrivee,550,258.9,88.3,6.95,77.58,,
2026-09-04,22:25:53,TAP837,CS-TTW,Embraer E195,TAP Air Portugal,landing,arrivee,550,255.6,88.9,6.44,50.61,,
2026-09-04,22:29:06,34654b,EC-NLJ,Airbus A321,Privilege Style,landing,arrivee,575,230.8,86.7,6.35,63.43,,
2026-09-04,22:31:08,440d10,OE-IBS,Airbus A320,easyJet Europe,landing,arrivee,550,258.9,96.3,6.02,60.68,,
2026-09-04,22:33:08,49521a,CS-TPZ,Embraer E190,TAP Air Portugal,landing,arrivee,550,244.8,88.9,4.1,55.0,,
2026-09-04,22:36:03,46b838,,,,landing,arrivee,625,244.8,89.1,6.36,61.65,,
2026-09-04,22:38:07,3c65d1,D-AINQ,Airbus A320neo,Lufthansa,landing,arrivee,650,244.8,88.7,6.59,69.41,,
2026-09-04,22:40:53,EJU74EP,OE-LSK,Airbus A320neo,easyJet Europe,landing,arrivee,575,260.8,87.3,5.85,43.88,,
2026-09-04,22:43:38,486836,PH-AXK,Airbus A321neo,KLM,approach,arrivee,625,0.0,86.5,4.55,41.14,,
2026-09-04,22:46:29,4952d2,CS-TVR,Airbus A320neo,TAP Air Portugal,landing,arrivee,575,258.9,86.0,7.01,47.59,,
2026-09-04,22:49:16,TAP1369,,,TAP Air Portugal,landing,arrivee,475,264.8,88.1,2.13,41.79,,
2026-09-04,22:51:38,THY2ES,TC-LTF,Airbus A321neo,Turkish Airlines,landing,arrivee,600,250.8,87.3,6.08,70.17,,
2026-09-04,22:53:34,TAP21MM,CS-TTY,Embraer E195,TAP Air Portugal,landing,arrivee,575,253.2,86.9,4.9,52.93,,
2026-09-04,22:55:06,TVF34QV,F-GZHR,Boeing 737-800,Transavia France,landing,arrivee,550,271.3,89.6,5.3,68.35,,
2026-09-04,22:57:22,3964ea,F-GZHK,Boeing 737-800,Transavia France,landing,arrivee,575,282.1,90.0,6.08,110.23,,
2026-09-04,22:59:26,EJU15UG,OE-IDX,Airbus A320,easyJet Europe,landing,arrivee,575,264.8,89.8,4.8,70.61,,
2026-09-04,23:01:34,RYR68VC,EI-HGH,Boeing 737 MAX 8,Ryanair,landing,arrivee,575,288.2,86.1,4.79,48.55,,
2026-09-04,23:04:41,TAP37CN,,,TAP Air Portugal,landing,arrivee,375,239.1,59.9,0.0,11.03,,
2026-09-04,23:06:51,440d6f,OE-LSR,Airbus A320,easyJet Europe,landing,arrivee,575,276.5,83.8,3.55,52.58,,
2026-09-04,23:08:56,440224,,,easyJet Europe,landing,arrivee,575,260.8,88.7,4.3,38.33,,
2026-09-04,23:13:04,TAP645,CS-TVK,Airbus A320neo,TAP Air Portugal,landing,arrivee,600,258.9,84.7,4.32,46.84,,
2026-09-04,23:15:18,IBE0539,EC-JRE,Airbus A321,Iberia,landing,arrivee,600,276.5,88.5,4.94,66.28,,
2026-09-04,23:19:05,392aef,F-GKXP,Airbus A320,Air France,landing,arrivee,600,269.7,90.7,6.12,93.31,,
2026-09-04,23:22:04,495219,CS-TPY,Embraer E190,TAP Air Portugal,landing,arrivee,575,273.9,87.8,4.43,64.68,,
2026-09-04,23:24:47,440da5,OE-IDS,Airbus A320,easyJet Europe,landing,arrivee,575,278.0,89.3,4.92,66.01,,
2026-09-04,23:27:51,BAW508,G-TTND,Airbus A320neo,British Airways,landing,arrivee,600,254.8,89.7,4.56,45.41,,
2026-09-04,23:30:10,RYR7GJ,EI-DLW,Boeing 737-800,Ryanair,landing,arrivee,575,295.4,92.6,5.4,83.16,,
2026-09-04,23:33:08,4b1950,HB-JPG,Airbus A321neo,,landing,arrivee,600,277.2,89.4,4.81,65.15,,
2026-09-04,23:36:08,TAP35MT,CS-TNW,Airbus A320,TAP Air Portugal,landing,arrivee,625,258.0,88.8,6.21,43.95,,
2026-09-04,23:39:52,EJU95BR,OE-IBF,Airbus A320,easyJet Europe,landing,arrivee,600,284.8,87.6,6.72,60.79,,
2026-09-04,23:42:48,RYR63TC,EI-EBO,Boeing 737-800,Ryanair,landing,arrivee,525,298.0,90.6,6.04,90.5,,
2026-09-04,23:46:59,DLH23C,D-AIEP,Airbus A321,Lufthansa,landing,arrivee,575,280.6,88.4,6.05,65.28,,
2026-09-04,23:49:48,4d2215,9H-QBS,Boeing 737-800,Malta Air,landing,arrivee,575,300.6,91.3,5.96,70.88,,
2026-09-04,23:53:11,WJA32,C-GXAX,Boeing 737 MAX 8,WestJet,landing,arrivee,575,302.1,90.3,4.79,56.09,,
2026-09-04,23:58:05,RYR4RL,9H-QCO,Boeing 737-800,Malta Air,landing,arrivee,600,288.0,89.4,6.34,70.1,,
2026-09-05,00:06:06,4d252a,9H-WND,Airbus A321neo,,landing,arrivee,575,264.8,89.9,5.43,54.65,,
2026-09-05,00:09:41,495211,CS-TPQ,Embraer E190,TAP Air Portugal,landing,arrivee,575,257.2,86.6,5.04,67.05,,
2026-09-05,00:15:52,TAP94KM,CS-TJF,Airbus A321,TAP Air Portugal,landing,arrivee,575,293.0,89.7,5.93,63.17,,
2026-09-05,00:33:50,495152,CS-TJR,Airbus A321neo,TAP Air Portugal,landing,arrivee,600,288.9,88.5,4.55,42.14,,
2026-09-05,00:36:49,3475c9,EC-OCT,Airbus A321,,landing,arrivee,575,276.5,90.8,5.44,98.95,,
2026-09-05,03:19:42,RZO128,CS-TSF,Airbus A321neo,TAP Air Portugal,landing,arrivee,650,261.5,90.1,4.85,48.16,,
2026-09-05,04:32:33,TAP074,CS-TUI,Airbus A330-900neo,TAP Air Portugal,landing,arrivee,600,263.2,94.6,7.57,75.53,,
2026-09-05,04:56:56,TAP082,CS-TUJ,Airbus A330-900neo,TAP Air Portugal,landing,arrivee,625,265.6,95.6,7.05,84.17,,
2026-09-05,04:59:47,TAP202A,CS-TXG,Airbus A321neo,TAP Air Portugal,landing,arrivee,625,252.4,92.7,5.39,46.03,,
2026-09-05,05:28:16,495305,CS-TXE,Airbus A321neo,TAP Air Portugal,landing,arrivee,625,266.5,88.0,5.07,55.65,,
2026-09-05,05:41:18,495301,CS-TXA,Airbus A321neo,TAP Air Portugal,landing,arrivee,650,250.4,93.4,4.92,53.61,,
2026-09-05,05:45:35,49530a,CS-TXJ,Airbus A321neo,TAP Air Portugal,landing,arrivee,625,253.9,89.5,5.19,51.77,,
2026-09-05,05:47:25,4952b2,CS-TUR,Airbus A330-900neo,TAP Air Portugal,landing,arrivee,600,256.3,96.0,7.13,98.82,,
2026-09-05,05:50:57,495153,,,TAP Air Portugal,landing,arrivee,650,245.6,92.5,4.95,53.05,,
2026-09-05,05:54:56,4952cd,,,TAP Air Portugal,landing,arrivee,650,243.2,89.8,5.68,50.02,,
2026-09-05,06:03:01,TAP96AW,CS-TTR,Airbus A319,TAP Air Portugal,landing,arrivee,625,248.7,89.7,5.92,38.48,,
2026-09-05,06:05:35,TAP1937,CS-TVD,Airbus A320neo,TAP Air Portugal,landing,arrivee,575,231.5,91.5,4.95,41.17,,
2026-09-05,06:18:02,TAP1528,,,TAP Air Portugal,landing,arrivee,625,233.9,87.8,5.52,41.22,,
2026-09-05,06:20:52,495216,CS-TPV,Embraer E190,TAP Air Portugal,landing,arrivee,625,216.7,91.1,5.56,40.75,,
2026-09-05,06:23:48,TAP1097,CS-TPX,Embraer E190,TAP Air Portugal,landing,arrivee,600,236.7,90.0,5.16,50.63,,
2026-09-05,06:26:01,4952a2,CS-TUB,Airbus A330-900neo,TAP Air Portugal,landing,arrivee,575,247.2,93.5,7.57,83.98,,
2026-09-05,06:29:51,49514e,CS-TJN,Airbus A321neo,TAP Air Portugal,landing,arrivee,650,252.4,89.0,4.26,48.16,,
2026-09-05,06:32:55,c07a14,,,,landing,arrivee,625,243.2,93.9,7.05,70.09,,
2026-09-05,06:35:11,TAP296,CS-TUM,Airbus A330-900neo,TAP Air Portugal,landing,arrivee,625,243.9,94.0,8.1,78.05,,
2026-09-05,06:41:41,344341,EC-LTM,Boeing 737-800,Air Europa,cruise,,650,0.0,90.7,6.37,88.9,,
2026-09-05,06:44:26,TAP1484,CS-TJO,Airbus A321neo,TAP Air Portugal,landing,arrivee,625,259.7,90.3,4.92,46.4,,
2026-09-05,06:47:20,TAP41SN,CS-TTP,Airbus A319,TAP Air Portugal,landing,arrivee,600,228.9,94.9,6.73,54.7,,
2026-09-05,06:50:47,TAP1023,CS-TNM,Airbus A320,TAP Air Portugal,landing,arrivee,625,237.4,91.4,6.44,72.44,,
2026-09-05,06:53:44,781134,B-8982,Airbus A330-200,Capital Airlines,landing,arrivee,600,233.2,94.0,7.94,62.19,,
2026-09-05,06:56:53,TAM8146,PT-MUD,Boeing 777-300ER,LATAM Airlines,landing,arrivee,600,253.2,98.5,8.1,107.82,,
2026-09-05,07:00:44,4952c6,CS-TVF,Airbus A320neo,TAP Air Portugal,landing,arrivee,625,224.3,91.0,5.03,46.89,,
2026-09-05,07:03:33,TAP1139,CS-TPP,Embraer E190,TAP Air Portugal,landing,arrivee,625,225.8,90.6,5.59,47.52,,
2026-09-05,07:06:54,4952b1,CS-TUQ,Airbus A330-900neo,TAP Air Portugal,landing,arrivee,625,241.5,91.1,7.33,67.93,,
2026-09-05,07:15:42,TAP40MR,,,TAP Air Portugal,landing,arrivee,575,248.4,91.3,6.07,58.79,,
2026-09-05,07:18:30,4951d5,CS-TNU,Airbus A320,TAP Air Portugal,landing,arrivee,625,250.8,90.5,5.43,63.89,,
2026-09-05,07:21:24,e4910e,PR-AIW,Airbus A330-200,Azul,landing,arrivee,575,253.2,93.9,7.6,93.2,,
2026-09-05,07:23:54,3964f8,F-GZHY,Boeing 737-800,Transavia France,landing,arrivee,625,255.6,92.5,5.43,82.26,,
2026-09-05,07:26:29,DTA650,,,,landing,arrivee,600,277.2,94.5,6.11,83.2,,
2026-09-05,07:29:26,TAP647,CS-TNL,Airbus A320,TAP Air Portugal,landing,arrivee,625,247.6,94.8,6.56,49.84,,
2026-09-05,07:32:01,4952c5,CS-TVE,Airbus A320neo,TAP Air Portugal,cruise,,725,0.0,89.6,3.53,52.22,,
2026-09-05,07:34:52,4952c8,CS-TVH,Airbus A320neo,TAP Air Portugal,landing,arrivee,625,256.5,88.9,4.42,38.42,,
2026-09-05,07:37:29,346458,EC-NJU,Airbus A320neo,Iberia,landing,arrivee,625,259.7,87.7,4.67,40.46,,
2026-09-05,07:40:14,4952d0,,,TAP Air Portugal,landing,arrivee,650,249.1,87.8,4.78,32.51,,
2026-09-05,07:43:24,DAL272,N412DX,Airbus A330-900neo,Delta Air Lines,landing,arrivee,575,263.2,92.8,6.8,114.72,,
2026-09-05,07:51:44,4952a7,CS-TUG,Airbus A330-900neo,TAP Air Portugal,landing,arrivee,600,257.2,90.2,6.47,71.45,,
2026-09-05,07:54:22,4951d3,CS-TNS,Airbus A320,TAP Air Portugal,landing,arrivee,600,265.6,90.3,6.07,51.67,,
2026-09-05,07:57:25,TAP1939,CS-TNT,Airbus A320,TAP Air Portugal,landing,arrivee,600,258.9,92.1,5.4,50.75,,
2026-09-05,08:01:27,TAP575,CS-TJJ,Airbus A321neo,TAP Air Portugal,landing,arrivee,625,253.2,92.3,5.17,57.77,,
2026-09-05,08:09:10,345042,EC-MHB,Airbus A321,Vueling,landing,arrivee,600,267.2,91.8,5.42,59.55,,
2026-09-05,08:12:53,495212,CS-TPR,Embraer E190,TAP Air Portugal,landing,arrivee,600,246.7,89.9,6.07,54.02,,
2026-09-05,08:19:22,TAP9RH,CS-TNV,Airbus A320,TAP Air Portugal,landing,arrivee,600,265.6,90.0,4.91,48.26,,
2026-09-05,08:28:59,49514b,CS-TJK,Airbus A321neo,TAP Air Portugal,landing,arrivee,625,255.6,90.8,5.56,45.32,,
2026-09-05,08:31:54,TAP557H,CS-TVL,Airbus A320,TAP Air Portugal,landing,arrivee,575,274.8,89.6,5.15,56.01,,
2026-09-05,08:34:46,TAP072,CS-TUH,Airbus A330-900neo,TAP Air Portugal,landing,arrivee,600,263.2,93.1,7.34,68.97,,
2026-09-05,08:37:43,TAP56DP,CS-TVC,Airbus A320neo,TAP Air Portugal,landing,arrivee,600,247.2,89.8,4.43,44.83,,
2026-09-05,08:41:00,4952c2,CS-TVB,Airbus A320neo,TAP Air Portugal,landing,arrivee,600,248.0,91.2,5.44,42.43,,
2026-09-05,08:43:46,4951d2,CS-TNR,Airbus A320,TAP Air Portugal,landing,arrivee,600,263.9,90.8,5.23,56.15,,
2026-09-05,08:48:29,4952c9,CS-TVI,Airbus A320neo,TAP Air Portugal,landing,arrivee,625,271.3,90.3,4.91,43.26,,
2026-09-05,08:51:40,40775c,G-RUKA,Boeing 737-800,Ryanair UK,landing,arrivee,550,287.2,96.7,6.16,77.76,,
2026-09-05,08:55:54,3950ce,F-GUGO,A318 111,Air France,approach,arrivee,625,0.0,88.9,7.2,46.29,,
2026-09-05,08:59:23,TAP443,,,TAP Air Portugal,landing,arrivee,600,245.6,87.4,4.39,45.74,,
2026-09-05,09:02:45,3c1bac,,,,landing,arrivee,600,230.8,93.2,8.24,59.65,,
2026-09-05,09:05:14,4853d4,PH-HXK,Boeing 737-800,Transavia,landing,arrivee,575,279.7,94.1,5.92,63.96,,
2026-09-05,09:11:39,RYR2JL,SP-RND,Boeing 737-800,Ryanair,landing,arrivee,575,285.6,95.3,5.71,86.41,,
2026-09-05,09:14:14,RYR4XW,EI-EVP,Boeing 737-800,Ryanair,landing,arrivee,575,277.2,93.7,6.08,67.38,,
2026-09-05,09:18:57,RYR24SE,EI-GSH,Boeing 737-800,Ryanair,landing,arrivee,600,275.6,93.4,6.17,61.14,,
2026-09-05,09:21:31,RYR85KH,SP-RSE,Boeing 737-800,Buzz,landing,arrivee,575,277.2,94.7,6.56,86.18,,
2026-09-05,09:25:11,TRA97Q,PH-HXB,Boeing 737-800,Transavia,cruise,,575,0.0,92.9,5.07,58.86,,
2026-09-05,09:35:49,THY3WE,TC-LUP,Airbus A321,Turkish Airlines,landing,arrivee,600,253.2,91.4,5.95,62.93,,
2026-09-05,09:39:58,TAP66PD,CS-TJP,Airbus A321neo,TAP Air Portugal,landing,arrivee,600,258.9,91.0,5.04,42.44,,
2026-09-05,09:42:36,495304,CS-TXD,Airbus A321neo,TAP Air Portugal,landing,arrivee,600,271.3,89.0,4.99,53.88,,
2026-09-05,09:45:22,AAL258,N822AN,Boeing 787-9,American Airlines,landing,arrivee,575,275.6,92.9,5.58,63.57,,
2026-09-05,09:48:26,3480ce,,,,landing,arrivee,550,257.2,92.7,7.57,62.58,,
2026-09-05,09:51:11,ACA812,C-GEFA,Airbus A330-300,Air Canada,landing,arrivee,550,256.5,94.3,7.04,72.59,,
2026-09-05,09:54:31,AEE2PT,,,,landing,arrivee,600,243.2,89.4,4.94,42.1,,
2026-09-05,09:57:18,348342,,,,landing,arrivee,550,258.9,95.9,6.73,83.13,,
2026-09-05,09:59:56,TAP2480,CS-TXH,Airbus A321neo,TAP Air Portugal,landing,arrivee,575,247.2,91.6,5.19,46.16,,
2026-09-05,10:02:46,4951d8,CS-TNX,Airbus A320,TAP Air Portugal,landing,arrivee,600,247.6,94.0,5.43,46.91,,
2026-09-05,10:06:20,TAP210,CS-TUK,Airbus A330-900neo,TAP Air Portugal,landing,arrivee,575,257.2,95.1,7.72,91.51,,
2026-09-05,10:09:13,4952a5,CS-TUE,Airbus A330-900neo,TAP Air Portugal,cruise,,575,0.0,95.2,7.43,96.1,,
2026-09-05,10:12:00,TAP254,CS-TXK,Airbus A321,TAP Air Portugal,landing,arrivee,575,248.0,91.6,4.91,62.3,,
2026-09-05,10:14:37,405a4a,G-EUYB,Airbus A320,British Airways,landing,arrivee,600,257.2,89.4,5.52,51.24,,
2026-09-05,10:17:20,4952c1,CS-TVA,Airbus A320neo,TAP Air Portugal,landing,arrivee,600,235.6,90.7,5.44,33.17,,
2026-09-05,10:20:41,TAP216L,CS-TXL,Airbus A321neo,TAP Air Portugal,landing,arrivee,575,243.2,90.8,6.04,47.54,,
2026-09-05,10:23:25,47880f,LN-FGE,Boeing 737 MAX 8,Flyr,landing,arrivee,550,272.4,91.8,5.27,47.23,,
2026-09-05,10:26:38,DAL124,N402DX,Airbus A330-900neo,Delta Air Lines,landing,arrivee,550,256.5,94.2,7.08,91.98,,
2026-09-05,10:29:15,EIN82T,EI-DVI,Airbus A320,Aer Lingus,landing,arrivee,600,250.8,98.3,6.59,66.86,,
2026-09-05,10:32:22,TAP204A,CS-TON,Airbus A330-200,TAP Air Portugal,landing,arrivee,575,247.1,97.4,7.45,65.03,,
2026-09-05,10:35:22,495302,CS-TXB,Airbus A321neo,TAP Air Portugal,landing,arrivee,625,268.9,93.5,4.55,42.92,,
2026-09-05,10:38:04,EZY79RV,G-EZBI,Airbus A319,easyJet,landing,arrivee,575,246.7,91.3,6.09,59.5,,
2026-09-05,10:41:17,440db0,OE-IDX,Airbus A320,easyJet Europe,landing,arrivee,600,246.7,91.9,5.95,63.75,,
2026-09-05,10:43:53,TAP11SV,,,TAP Air Portugal,landing,arrivee,525,258.9,90.5,5.39,68.53,,
2026-09-05,10:47:07,495277,CS-TSW,Boeing 777-200,Azul,landing,arrivee,600,250.0,96.2,7.72,78.74,,
2026-09-05,10:49:42,49530d,CS-TXM,Airbus A321,TAP Air Portugal,landing,arrivee,600,271.3,89.9,5.43,47.76,,
2026-09-05,10:52:21,UAL942,N784UA,Boeing 777-200,United Airlines,landing,arrivee,575,266.5,94.2,7.32,101.35,,
2026-09-05,10:55:14,4952ca,CS-TVJ,Airbus A320neo,TAP Air Portugal,landing,arrivee,600,258.4,91.1,5.32,53.23,,
2026-09-05,10:57:59,4868f8,PH-AXR,Airbus A321neo,,landing,arrivee,625,284.8,90.2,5.44,52.66,,
2026-09-05,11:00:38,TAP234Y,CS-TXI,Airbus A321neo,TAP Air Portugal,landing,arrivee,575,270.8,88.5,4.91,45.29,,
2026-09-05,11:05:23,347306,,,,landing,arrivee,575,273.2,91.2,5.46,74.94,,
2026-09-05,11:08:05,495148,CS-TJH,Airbus A321,TAP Air Portugal,landing,arrivee,625,271.3,92.5,6.2,65.64,,
2026-09-05,11:11:15,495219,CS-TPY,Embraer E190,TAP Air Portugal,landing,arrivee,550,244.8,90.0,6.08,41.84,,
2026-09-05,11:13:47,TAP1923,CS-TTY,Embraer E195,TAP Air Portugal,landing,arrivee,550,270.8,90.7,5.43,58.83,,
2026-09-05,11:16:35,502ce3,YL-CSI,C Series 300,Swiss,landing,arrivee,550,264.8,92.4,5.67,48.96,,
2026-09-05,11:19:19,4952b0,CS-TUP,Airbus A330-900neo,TAP Air Portugal,landing,arrivee,625,273.2,95.6,7.17,96.89,,
2026-09-05,11:21:51,AFR41GW,F-GKXV,Airbus A320,Air France,landing,arrivee,600,262.4,96.8,6.72,74.31,,
2026-09-05,11:23:44,BEL2DY,OO-SNL,Airbus A320,Brussels Airlines,landing,arrivee,575,260.8,95.1,5.55,51.21,,
2026-09-05,11:27:00,c01725,C-FITW,Boeing 777-300ER,Air Canada,landing,arrivee,575,283.7,102.0,7.61,103.97,,
2026-09-05,11:30:14,EJU74EF,OE-LSR,Airbus A320,easyJet Europe,landing,arrivee,550,273.2,92.4,4.91,44.74,,
2026-09-05,11:33:11,4952b3,CS-TUS,Airbus A330-900neo,TAP Air Portugal,landing,arrivee,625,270.0,93.6,6.84,86.87,,
2026-09-05,11:36:32,452135,LZ-FSB,Airbus A320,Fly2Sky,landing,arrivee,650,229.1,90.9,5.55,49.24,,
2026-09-05,11:39:13,TAP11WQ,CS-TVF,Airbus A320neo,TAP Air Portugal,landing,arrivee,575,249.1,90.0,4.38,59.77,,
2026-09-05,11:41:51,RZO120,CS-TSF,Airbus A321neo,TAP Air Portugal,landing,arrivee,650,258.4,95.3,4.9,51.43,,
2026-09-05,11:44:51,DLH39X,,,Lufthansa,landing,arrivee,600,262.4,91.6,6.56,60.37,,
2026-09-05,11:47:23,4cacdf,EI-GJS,Boeing 737-800,Ryanair,landing,arrivee,550,278.9,95.1,6.44,69.15,,
2026-09-05,11:50:21,495290,CS-TTP,Airbus A319,TAP Air Portugal,landing,arrivee,550,254.8,91.3,5.55,55.68,,
2026-09-05,11:54:04,VJT473,,,,landing,arrivee,575,228.4,87.7,1.09,25.89,,
2026-09-05,11:56:27,34324f,EC-LEI,Airbus A319,Iberia,cruise,,650,0.0,93.7,3.9,49.26,,
2026-09-05,11:59:43,440b1e,OE-IWW,Airbus A320,easyJet Europe,landing,arrivee,600,264.8,90.5,5.4,42.35,,
2026-09-05,12:02:54,TVF46JB,F-GZHE,Boeing 737-800,Transavia France,landing,arrivee,575,286.5,91.7,6.1,81.26,,
2026-09-05,12:05:57,TAP1123,CS-TPO,Embraer E190,TAP Air Portugal,landing,arrivee,550,243.2,91.8,5.61,51.73,,
2026-09-05,12:08:38,TAP1902,CS-TNS,Airbus A320,TAP Air Portugal,landing,arrivee,575,252.4,95.4,7.36,62.83,,
2026-09-05,12:11:31,440c33,OE-LSK,Airbus A320neo,easyJet Europe,landing,arrivee,575,249.1,92.8,5.07,43.04,,
2026-09-05,12:14:13,495066,,,TAP Air Portugal,landing,arrivee,575,273.2,92.7,6.56,85.52,,
2026-09-05,12:16:57,UAE3MV,A6-EPD,Boeing 777-300ER,Emirates,landing,arrivee,575,281.3,99.1,8.22,89.41,,
2026-09-05,12:20:01,TAP1031,CS-TVK,Airbus A320neo,TAP Air Portugal,landing,arrivee,575,247.2,90.3,6.03,42.36,,
2026-09-05,12:25:44,RYR95SN,,,Ryanair,landing,arrivee,550,283.0,92.9,4.91,47.72,,
2026-09-05,12:31:56,RYR29TL,EI-GXM,Boeing 737-800,Ryanair,landing,arrivee,550,283.7,95.7,4.78,82.87,,
2026-09-05,12:38:27,495268,CS-TSH,Airbus A321neo,Azores Airlines,landing,arrivee,625,263.2,91.7,5.55,38.52,,
2026-09-05,12:46:36,495212,CS-TPR,Embraer E190,TAP Air Portugal,landing,arrivee,550,250.0,92.1,6.07,51.46,,
2026-09-05,12:51:01,440d10,OE-IBS,Airbus A320,easyJet Europe,landing,arrivee,600,268.9,92.6,5.83,42.32,,
2026-09-05,13:00:15,RYR56BR,9H-QCG,Boeing 737-800,Malta Air,landing,arrivee,600,283.7,93.3,6.55,72.21,,
2026-09-05,13:04:11,4951d4,CS-TNT,Airbus A320,TAP Air Portugal,landing,arrivee,600,254.8,89.9,6.2,52.78,,
2026-09-05,13:11:22,UAL64,N91007,Boeing 787-10,United Airlines,landing,arrivee,575,282.1,95.8,5.68,69.4,,
2026-09-05,13:14:03,4951d9,CS-TNY,Airbus A320,TAP Air Portugal,landing,arrivee,600,259.7,92.6,6.68,54.67,,
2026-09-05,13:16:09,4951d6,CS-TNV,Airbus A320,TAP Air Portugal,landing,arrivee,625,262.4,90.3,6.91,60.83,,
2026-09-05,13:18:28,4952ae,CS-TUN,Airbus A330-900neo,TAP Air Portugal,landing,arrivee,600,270.8,94.8,7.56,91.88,,
2026-09-05,13:21:44,T7AVI,,,,landing,arrivee,600,253.0,85.6,2.34,25.12,,
2026-09-05,13:24:28,VLG8JM,EC-MHA,Airbus A321,Vueling,landing,arrivee,575,274.5,92.3,6.07,47.29,,
2026-09-05,13:27:09,EJU38DF,OE-IDS,Airbus A320,easyJet Europe,landing,arrivee,600,265.6,95.9,7.36,66.5,,
2026-09-05,13:29:54,EJU94NF,,,easyJet Europe,landing,arrivee,600,256.5,93.1,5.52,34.75,,
2026-09-05,13:32:25,DLH47T,D-AIEH,Airbus A321neo,Lufthansa,landing,arrivee,600,263.2,92.5,5.67,55.3,,
2026-09-05,13:35:12,495218,CS-TPX,Embraer E190,TAP Air Portugal,landing,arrivee,600,278.0,89.4,5.44,39.22,,
2026-09-05,13:37:50,RZO150,CS-TKQ,Airbus A320,TAP Air Portugal,landing,arrivee,600,261.5,91.9,6.4,46.0,,
2026-09-05,13:40:34,49521a,CS-TPZ,Embraer E190,TAP Air Portugal,cruise,,600,0.0,92.4,5.4,57.75,,
2026-09-05,13:43:07,TAP641,CS-TVR,Airbus A320neo,TAP Air Portugal,landing,arrivee,600,258.0,90.0,5.4,48.46,,
2026-09-05,13:45:48,TAP8RT,CS-TPU,Embraer E190,TAP Air Portugal,landing,arrivee,550,250.8,90.1,5.92,42.39,,
2026-09-05,13:50:27,TAP11EG,CS-TTW,Embraer E195,TAP Air Portugal,landing,arrivee,625,282.1,92.1,6.72,45.2,,
2026-09-05,13:58:10,EWG37V,OK-TVL,Boeing 737-800,Eurowings,landing,arrivee,550,298.9,94.1,5.43,75.79,,
2026-09-05,14:01:00,TAP1013,CS-TTX,Embraer E195,TAP Air Portugal,landing,arrivee,600,274.1,91.0,6.56,48.72,,
2026-09-05,14:03:17,4951d7,CS-TNW,Airbus A320,TAP Air Portugal,landing,arrivee,600,272.8,94.8,6.77,49.27,,
2026-09-05,14:06:10,TAP481,CS-TPQ,Embraer E190,TAP Air Portugal,landing,arrivee,575,261.5,92.5,6.21,52.69,,
2026-09-05,14:08:42,TAP1335,CS-TPS,Embraer E190,TAP Air Portugal,landing,arrivee,575,253.2,89.4,5.06,33.31,,
2026-09-05,14:11:16,495037,,,TAP Air Portugal,landing,arrivee,625,282.4,92.4,5.94,46.59,,
2026-09-05,14:13:49,495039,,,TAP Air Portugal,landing,arrivee,550,278.9,91.8,5.72,54.94,,
2026-09-05,14:16:35,TAP36GS,,,TAP Air Portugal,landing,arrivee,625,253.2,89.7,4.38,38.0,,
2026-09-05,14:19:16,EJM51,N550RP,G550,Executive Jet Management,landing,arrivee,600,259.7,87.0,3.5,40.12,,
2026-09-05,14:21:42,TAP23V,CS-TPW,Embraer E190,TAP Air Portugal,landing,arrivee,550,244.8,95.3,6.96,103.39,,
2026-09-05,14:23:56,4ca738,EI-EBO,Boeing 737-800,Ryanair,approach,arrivee,600,0.0,98.2,6.56,144.15,,
2026-09-05,14:27:12,TCV606,D4-CCI,Boeing 737-700,Cabo Verde Airlines,landing,arrivee,550,277.6,92.5,5.67,41.0,,
2026-09-05,14:29:24,EZS79YP,HB-JXN,Airbus A320,Austrian Airlines,landing,arrivee,625,263.2,88.5,6.56,54.61,,
2026-09-05,14:32:04,TAP43JD,CS-TJM,Airbus A321neo,TAP Air Portugal,landing,arrivee,600,267.2,91.3,5.65,39.99,,
2026-09-05,14:35:11,495146,CS-TJF,Airbus A321,TAP Air Portugal,approach,arrivee,575,288.0,91.4,6.2,39.97,,
2026-09-05,14:37:48,4951ef,CS-TOO,Airbus A330-200,TAP Air Portugal,approach,arrivee,575,264.1,95.7,8.22,60.3,,
2026-09-05,14:40:19,KLM97N,PH-AXA,Airbus A321neo,KLM,landing,arrivee,575,269.7,91.1,5.55,45.6,,
2026-09-05,14:43:05,495210,CS-TPP,Embraer E190,TAP Air Portugal,landing,arrivee,600,258.4,92.4,5.04,30.3,,
2026-09-05,14:45:55,SWR2BK,HB-JPA,Airbus A321neo,Swiss,landing,arrivee,600,301.3,91.0,5.52,46.98,,
2026-09-05,14:48:43,TAP823,CS-TJR,Airbus A321neo,TAP Air Portugal,landing,arrivee,600,277.2,90.7,5.96,47.73,,
2026-09-05,14:51:30,440224,,,easyJet Europe,landing,arrivee,600,257.2,89.9,5.92,38.71,,
2026-09-05,14:53:57,TAP941,CS-TVE,Airbus A320neo,TAP Air Portugal,landing,arrivee,600,278.9,89.7,5.31,38.5,,
2026-09-05,14:56:41,394c09,F-GTAJ,Airbus A321,Air France,landing,arrivee,575,284.1,93.8,5.93,64.88,,
2026-09-05,14:58:29,RYR8HG,9H-QCB,Boeing 737-800,Malta Air,landing,arrivee,525,302.1,90.9,5.52,73.31,,
2026-09-05,15:06:40,4d211f,,,,cruise,,825,160.0,61.9,0.0,13.53,,
2026-09-05,15:12:21,40757f,G-UZHP,Airbus A320neo,easyJet,landing,arrivee,600,279.7,90.2,4.91,53.05,,
2026-09-05,15:16:32,TAP931L,CS-TJN,Airbus A321neo,TAP Air Portugal,landing,arrivee,625,291.3,92.8,4.9,47.45,,
2026-09-05,15:21:47,TAP883,CS-TVD,Airbus A320neo,TAP Air Portugal,landing,arrivee,575,260.8,93.7,5.27,36.27,,
2026-09-05,15:25:14,3c6488,D-AIDH,Airbus A321,Lufthansa,landing,arrivee,675,293.0,92.6,5.55,43.19,,
2026-09-05,15:28:09,TAP1137,CS-TTY,Embraer E195,TAP Air Portugal,landing,arrivee,575,278.0,92.2,6.03,50.81,,
2026-09-05,15:30:05,4d211f,,,,cruise,,300,0.0,62.4,0.0,13.52,,
2026-09-05,15:34:40,502d95,,,Swiss,landing,arrivee,625,271.3,91.3,5.06,62.33,,
2026-09-05,15:37:14,AEA12AT,EC-LPR,Boeing 737-800,Air Europa,landing,arrivee,575,273.9,96.3,7.93,86.19,,
2026-09-05,15:40:10,4951d2,CS-TNR,Airbus A320,TAP Air Portugal,landing,arrivee,600,283.0,95.9,6.04,57.62,,
2026-09-05,15:42:39,TAP10NL,CS-TNU,Airbus A320,TAP Air Portugal,landing,arrivee,600,281.3,92.6,5.43,37.59,,
2026-09-05,15:45:21,4952a1,CS-TUA,Airbus A330-900neo,TAP Air Portugal,landing,arrivee,600,275.6,96.0,9.21,67.92,,
2026-09-05,15:47:50,THY4GH,TC-LOE,Airbus A330-300,Turkish Airlines,landing,arrivee,575,284.8,95.4,8.19,84.16,,
2026-09-05,15:50:45,FIN96W,OH-LZS,Airbus A321,Finnair,landing,arrivee,600,289.7,94.3,6.57,50.87,,
2026-09-05,15:53:05,TAP27GC,CS-TNL,Airbus A320,TAP Air Portugal,landing,arrivee,625,271.3,93.1,7.08,55.96,,
2026-09-05,15:56:07,TAP1860,CS-TUB,Airbus A330-900neo,TAP Air Portugal,landing,arrivee,650,275.6,96.6,7.58,66.95,,
2026-09-05,15:58:45,440db0,OE-IDX,Airbus A320,easyJet Europe,landing,arrivee,650,282.4,92.9,5.55,40.69,,
2026-09-05,16:01:36,495292,CS-TTR,Airbus A319,TAP Air Portugal,landing,arrivee,650,263.2,92.5,0.08,41.49,,
2026-09-05,16:04:13,ANE91TE,EC-MOX,Bombardier CRJ-1000,Air Nostrum,landing,arrivee,650,281.7,89.7,3.51,35.36,,
2026-09-05,16:06:23,4d211c,,,,approach,arrivee,750,138.7,65.8,0.0,12.16,,
2026-09-05,16:10:00,495145,CS-TJE,Airbus A321,TAP Air Portugal,landing,arrivee,650,294.8,92.5,6.2,49.32,,
2026-09-05,16:11:44,71000c,,,,landing,arrivee,625,280.6,93.3,5.41,52.13,,
2026-09-05,16:14:52,SWT131,EC-MAF,ATR 72 500F,Swiftair,landing,arrivee,625,222.2,91.6,4.54,39.07,,
2026-09-05,16:17:24,TAP1143,,,TAP Air Portugal,landing,arrivee,650,285.6,90.8,5.03,51.82,,
2026-09-05,16:20:14,TAP1241,,,TAP Air Portugal,landing,arrivee,650,270.8,92.9,5.42,38.51,,
2026-09-05,16:22:56,4952ce,CS-TVN,Airbus A320neo,TAP Air Portugal,landing,arrivee,700,268.9,93.2,5.55,35.6,,
2026-09-05,16:25:34,RYR9PX,9H-QCG,Boeing 737-800,Malta Air,landing,arrivee,600,297.4,94.9,6.04,70.92,,
2026-09-05,16:28:45,BAW5DW,G-NEOT,Airbus A321neo,British Airways,landing,arrivee,650,278.0,91.9,5.96,46.71,,
2026-09-05,16:31:26,4951cd,CS-TNM,Airbus A320,TAP Air Portugal,landing,arrivee,650,274.8,93.8,7.61,62.46,,
2026-09-05,16:34:06,49530a,CS-TXJ,Airbus A321neo,TAP Air Portugal,landing,arrivee,600,292.2,91.4,5.44,46.52,,
2026-09-05,16:36:41,TAP553R,CS-TVH,Airbus A320neo,TAP Air Portugal,landing,arrivee,625,267.2,89.9,5.56,38.0,,
2026-09-05,16:39:24,EJU81TJ,OE-LSR,Airbus A320,easyJet Europe,landing,arrivee,625,260.8,89.8,5.04,37.72,,
2026-09-05,16:42:15,TAP88TM,CS-TUK,Airbus A330-900neo,TAP Air Portugal,landing,arrivee,625,274.8,93.6,7.69,98.26,,
2026-09-05,16:45:15,9HGME,,,,cruise,,700,0.0,61.7,0.0,12.82,,
2026-09-05,16:47:37,4b1806,HB-JCO,C Series 300,Swiss,landing,arrivee,600,266.5,88.9,4.27,42.07,,
2026-09-05,16:50:12,3c54a3,D-AEEC,Airbus A321,Eurowings,landing,arrivee,675,290.6,90.7,4.66,47.48,,
2026-09-05,16:53:11,495170,CS-TKP,Airbus A320,TAP Air Portugal,landing,arrivee,625,278.9,91.0,5.43,51.32,,
2026-09-05,16:56:18,TAP15NC,CS-TTP,Airbus A319,TAP Air Portugal,landing,arrivee,575,262.4,92.1,6.15,40.68,,
2026-09-05,16:58:56,3964f7,F-GZHX,Boeing 737-800,Transavia France,landing,arrivee,600,297.2,91.5,5.15,64.59,,
2026-09-05,17:01:42,4ca8e4,EI-ENR,Boeing 737-800,Ryanair,landing,arrivee,650,301.3,90.9,5.03,49.26,,
2026-09-05,17:05:00,TAP1929,,,TAP Air Portugal,landing,arrivee,625,263.2,89.5,5.92,35.68,,
2026-09-05,17:07:33,LOT4HT,,,LOT Polish Airlines,landing,arrivee,550,296.5,91.9,5.51,40.21,,
2026-09-05,17:10:19,3c54a2,D-AEEB,Airbus A321,Eurowings,landing,arrivee,650,272.4,91.5,4.51,45.65,,
2026-09-05,17:13:09,TAP1824,CS-TJP,Airbus A321neo,TAP Air Portugal,landing,arrivee,625,268.2,91.9,5.03,50.2,,
2026-09-05,17:15:46,344409,EC-LVS,Airbus A320,Vueling,landing,arrivee,625,275.6,93.6,4.39,50.72,,
2026-09-05,17:18:19,RYR12SN,9H-VUI,Boeing 737 MAX 8,Malta Air,landing,arrivee,600,302.2,88.7,4.43,53.56,,
2026-09-05,17:21:22,RYR5KT,EI-DWX,Boeing 737-800,Ryanair,landing,arrivee,625,284.8,94.7,5.63,72.31,,
2026-09-05,17:24:24,TAP1359,CS-TVB,Airbus A320neo,TAP Air Portugal,landing,arrivee,625,261.5,89.2,5.15,39.14,,
2026-09-05,17:29:13,3475c9,EC-OCT,Airbus A321,,cruise,,650,0.0,93.7,5.52,56.3,,
2026-09-05,17:33:39,0200ea,CN-RGG,Boeing 737-800,Royal Air Maroc,landing,arrivee,600,298.0,96.1,5.81,53.94,,
2026-09-05,17:38:36,4cacdf,EI-GJS,Boeing 737-800,Ryanair,landing,arrivee,575,298.9,93.2,5.64,65.62,,
2026-09-05,17:41:40,4d2210,9H-QBT,Boeing 737-800,Malta Air,landing,arrivee,625,283.4,95.6,6.08,77.27,,
2026-09-05,17:46:27,EJU45HZ,OE-IWW,Airbus A320,easyJet Europe,landing,arrivee,625,275.6,93.7,4.91,42.8,,
2026-09-05,17:49:24,4080ea,G-TNEE,Airbus A321neo,,landing,arrivee,600,270.0,92.6,4.39,40.44,,
2026-09-05,17:51:59,TAP643,CS-TNX,Airbus A320,TAP Air Portugal,landing,arrivee,650,284.8,93.5,5.56,49.43,,
2026-09-05,17:57:05,AFR24MF,F-HZUD,A220 300,Air France,landing,arrivee,600,275.6,87.9,3.91,44.71,,
2026-09-05,18:02:06,495212,CS-TPR,Embraer E190,TAP Air Portugal,landing,arrivee,600,282.4,88.2,4.95,43.46,,
2026-09-05,18:04:52,4ca760,EI-EFE,Boeing 737-800,Ryanair,landing,arrivee,625,321.5,91.4,4.4,71.93,,
2026-09-05,18:15:56,TAP4BE,CS-TTR,Airbus A319,TAP Air Portugal,takeoff,depart,1175,275.6,86.0,6.58,69.15,,
2026-09-05,18:21:58,344409,EC-LVS,Airbus A320,Vueling,cruise,,1075,285.2,85.1,3.87,38.18,,
2026-09-05,18:24:57,495066,,,TAP Air Portugal,takeoff,depart,1225,316.1,85.3,5.44,57.25,,
2026-09-05,18:30:16,4952d0,,,TAP Air Portugal,cruise,,1350,0.0,69.6,0.0,20.77,,
2026-09-05,18:34:05,9HGMF,,,,approach,arrivee,825,166.3,74.7,0.08,17.62,,
2026-09-05,18:39:54,TAP1863,CS-TJL,Airbus A321neo,TAP Air Portugal,takeoff,depart,1350,317.6,73.5,0.32,25.68,,
2026-09-05,18:43:01,TAP233,CS-TXI,Airbus A321neo,TAP Air Portugal,takeoff,depart,1375,337.1,86.3,0.09,28.22,,
2026-09-05,18:45:53,3480ce,,,,takeoff,depart,1250,302.2,83.9,6.03,63.05,,
2026-09-05,18:48:23,TAP215,CS-TXJ,Airbus A321neo,TAP Air Portugal,takeoff,depart,1450,343.5,68.4,0.0,22.49,,
2026-09-05,18:51:34,RYR9CZ,9H-VUI,Boeing 737 MAX 8,Malta Air,takeoff,depart,1800,368.4,58.2,0.0,15.43,,
2026-09-05,18:53:33,3c54a3,D-AEEC,Airbus A321,Eurowings,takeoff,depart,1100,314.7,83.8,4.18,39.65,,
2026-09-05,18:56:37,4ca624,EI-DWX,Boeing 737-800,Ryanair,takeoff,depart,1175,300.9,87.2,7.74,92.73,,
2026-09-05,18:59:05,TAP1932,CS-TJE,Airbus A321,TAP Air Portugal,cruise,,900,0.0,86.9,10.27,69.78,,
2026-09-05,19:02:25,LOT7KU,,,LOT Polish Airlines,takeoff,depart,1875,357.8,58.5,0.0,15.91,,
2026-09-05,19:04:27,49530d,CS-TXM,Airbus A321,TAP Air Portugal,takeoff,depart,1500,328.7,81.7,0.57,28.56,,
2026-09-05,19:06:55,EJU17CM,OE-IWW,Airbus A320,easyJet Europe,takeoff,depart,1550,299.7,72.0,0.08,30.88,,
2026-09-05,19:09:49,495150,CS-TJP,Airbus A321neo,TAP Air Portugal,takeoff,depart,1125,309.1,86.0,3.26,31.31,,
2026-09-05,19:13:04,EWG16F,D-AEEB,Airbus A321,Eurowings,takeoff,depart,1100,308.5,83.3,3.26,34.16,,
2026-09-05,19:14:49,TAP440,CS-TVH,Airbus A320neo,TAP Air Portugal,takeoff,depart,1700,290.6,61.5,0.0,15.4,,
2026-09-05,19:17:36,9HGMF,,,,cruise,,750,0.0,88.9,8.13,98.33,,
2026-09-05,19:19:10,TVF17NU,F-GZHX,Boeing 737-800,Transavia France,takeoff,depart,2400,395.2,59.9,0.0,15.06,,
2026-09-05,19:22:38,4d2210,9H-QBT,Boeing 737-800,Malta Air,cruise,,1000,0.0,92.0,9.85,119.24,,
2026-09-05,19:24:59,TAP38KJ,EC-OCT,Airbus A321,TAP Air Portugal,takeoff,depart,1375,310.6,89.6,10.71,122.04,,
2026-09-05,19:27:31,4952ab,CS-TUK,Airbus A330-900neo,TAP Air Portugal,takeoff,depart,1275,314.3,82.6,2.22,39.26,,
2026-09-05,19:31:16,TAP6CY,,,TAP Air Portugal,takeoff,depart,2150,367.6,86.6,8.49,85.32,,
2026-09-05,19:32:33,RAM983,CN-RGG,Boeing 737-800,Royal Air Maroc,takeoff,depart,2400,289.7,59.3,0.0,15.64,,
2026-09-05,19:34:55,49514e,CS-TJN,Airbus A321neo,TAP Air Portugal,takeoff,depart,1125,298.0,84.3,3.15,40.79,,
2026-09-05,19:36:49,AFR53MJ,F-HZUD,A220 300,Air France,takeoff,depart,1550,254.7,70.6,0.08,17.88,,
2026-09-05,19:38:46,4cacdf,EI-GJS,Boeing 737-800,Ryanair,cruise,,725,0.0,90.1,12.55,92.93,,
2026-09-05,19:44:33,TAP556,CS-TVN,Airbus A320neo,TAP Air Portugal,takeoff,depart,1325,281.3,73.8,0.36,22.71,,
2026-09-05,19:47:53,4952a1,CS-TUA,Airbus A330-900neo,TAP Air Portugal,takeoff,depart,1250,315.0,82.1,3.42,29.76,,
2026-09-05,19:51:08,RYR22RD,EI-EFE,Boeing 737-800,Ryanair,takeoff,depart,1100,321.0,88.3,5.98,114.34,,
2026-09-05,19:53:29,34768f,,,,takeoff,depart,1225,303.4,85.7,5.99,62.06,,
2026-09-05,19:56:34,BAW507,G-TNEE,Airbus A321neo,British Airways,takeoff,depart,1325,307.8,71.4,0.08,27.96,,
2026-09-05,20:02:43,440132,OE-LQI,Airbus A319,easyJet Europe,takeoff,depart,1175,288.7,83.6,2.89,46.66,,
2026-09-05,20:05:24,TRA87Y,PH-HBM,Boeing 737-800,Transavia,takeoff,depart,1100,319.5,91.5,7.09,89.66,,
2026-09-05,20:07:17,TAP58Y,CS-TVB,Airbus A320neo,TAP Air Portugal,takeoff,depart,1400,280.0,75.2,0.65,21.82,,
2026-09-05,20:09:55,TAP1737,,,TAP Air Portugal,takeoff,depart,1400,315.4,73.3,0.08,20.57,,
2026-09-05,20:12:50,495038,,,TAP Air Portugal,takeoff,depart,1175,274.8,86.8,7.77,61.26,,
2026-09-05,20:14:27,TAP1934,CS-TPW,Embraer E190,TAP Air Portugal,takeoff,depart,1600,274.5,69.5,0.0,23.08,,
2026-09-05,20:17:04,TAP20L,CS-TPR,Embraer E190,TAP Air Portugal,takeoff,depart,1100,282.4,83.2,3.54,38.8,,
2026-09-05,20:19:38,TAP442,,,TAP Air Portugal,takeoff,depart,1175,304.1,83.1,3.08,29.87,,
2026-09-05,20:22:51,EZY28CU,G-EZDV,Airbus A319,easyJet,takeoff,depart,1100,293.0,84.0,4.06,54.06,,
2026-09-05,20:25:32,39d314,F-HUYU,Boeing 737-800,Transavia France,cruise,,625,0.0,88.5,9.38,89.85,,
2026-09-05,20:28:25,EJU13EQ,OE-LSK,Airbus A320neo,easyJet Europe,takeoff,depart,1350,294.1,79.6,0.48,22.79,,
2026-09-05,20:31:12,TAP944,CS-TVI,Airbus A320neo,TAP Air Portugal,takeoff,depart,1200,272.4,73.7,0.24,20.75,,
2026-09-05,22:01:38,N889CG,N889CG,GIV SP,Prima Air LLC,takeoff,depart,1225,376.0,78.5,0.08,16.49,,
2026-09-05,22:04:17,TAP900,CS-TVJ,Airbus A320neo,TAP Air Portugal,takeoff,depart,1125,288.9,73.7,0.24,41.89,,
2026-09-05,22:07:21,VLG8463,EC-MNZ,Airbus A320,Vueling,takeoff,depart,1775,321.3,60.5,0.0,14.73,,
2026-09-05,22:10:00,4952cb,CS-TVK,Airbus A320neo,TAP Air Portugal,takeoff,depart,1100,275.8,80.1,0.61,19.04,,
2026-09-05,22:14:36,4ca9ed,EI-EVP,Boeing 737-800,Ryanair,takeoff,depart,1100,323.9,92.3,7.59,52.7,,
2026-09-05,22:21:48,BTI3HK,YL-CSJ,A220 300,Air Baltic,takeoff,depart,1100,287.2,71.7,0.12,17.2,,
2026-09-05,22:24:36,RYR2JJ,9H-QDV,Boeing 737-800,Malta Air,takeoff,depart,1125,327.8,80.2,0.85,33.24,,
2026-09-05,22:26:58,EZY65CG,G-EZBI,Airbus A319,easyJet,takeoff,depart,1100,298.0,85.2,5.38,38.61,,
2026-09-05,22:29:28,4952d1,,,,takeoff,depart,725,0.0,76.1,0.73,16.82,,
2026-09-05,22:32:28,406754,G-EZWC,Airbus A320,easyJet,takeoff,depart,1125,302.2,87.5,7.24,46.02,,
2026-09-05,22:38:28,PGT1742,TC-NCT,Airbus A320neo,Pegasus,takeoff,depart,1150,309.5,73.3,0.08,19.47,,
2026-09-05,22:41:13,RYR420Z,EI-EME,Boeing 737-800,Ryanair,takeoff,depart,1125,331.0,90.2,5.7,66.29,,
2026-09-05,22:43:43,UAE194,A6-ENT,Boeing 777-300ER,Emirates,takeoff,depart,1100,368.0,87.5,4.03,44.21,,
2026-09-05,22:49:38,RYR83ZV,EI-EKS,Boeing 737-800,Ryanair,takeoff,depart,1125,322.6,87.3,8.29,64.48,,
2026-09-05,22:51:58,WMT511,9H-WMP,Airbus A321neo,,takeoff,depart,1100,323.9,86.1,1.98,23.2,,
2026-09-05,22:54:26,49520f,CS-TPO,Embraer E190,TAP Air Portugal,cruise,,825,0.0,82.1,3.51,32.79,,
2026-09-05,22:57:16,TAP16LN,CS-TJK,Airbus A321neo,TAP Air Portugal,takeoff,depart,1125,324.5,83.0,1.89,23.34,,
2026-09-05,23:00:13,RYR7TT,EI-ESV,Boeing 737-800,Ryanair,takeoff,depart,1175,320.2,85.5,3.63,60.44,,
2026-09-05,23:02:49,VLG3647,EC-MKM,Airbus A320,Vueling,takeoff,depart,1750,294.1,68.4,0.0,16.96,,
2026-09-05,23:06:10,EWG6TR,9H-EUS,Airbus A320,Eurowings,takeoff,depart,1150,313.7,84.5,4.97,56.79,,
2026-09-05,23:08:57,TAP65PD,CS-TVA,Airbus A320neo,TAP Air Portugal,takeoff,depart,2125,349.5,50.2,0.0,13.19,,
2026-09-05,23:11:36,TAP1040,CS-TNW,Airbus A320,TAP Air Portugal,takeoff,depart,1100,297.4,85.0,4.56,47.96,,
2026-09-05,23:14:33,QTR42U,A7-BCW,Boeing 787-8,Qatar Airways,takeoff,depart,1100,321.0,81.6,1.21,21.35,,
2026-09-05,23:20:22,EIN4RL,EI-EDS,Airbus A320,Aer Lingus,takeoff,depart,1100,311.0,85.0,4.51,49.15,,
2026-09-05,23:22:48,RZO127,CS-TSM,Airbus A320,TAP Air Portugal,takeoff,depart,1250,297.8,81.3,0.6,25.27,,
2026-09-05,23:26:07,4951cd,CS-TNM,Airbus A320,TAP Air Portugal,takeoff,depart,1125,289.8,81.4,1.47,30.37,,
2026-09-05,23:30:08,LBT6149,TS-INE,Airbus A320,Nouvelair Tunisie,takeoff,depart,1175,296.5,86.1,7.08,60.16,,
2026-09-05,23:33:21,DTA653,D2-TEG,Boeing 777-300ER,TAAG Angola,takeoff,depart,1100,383.5,69.0,0.0,21.03,,
2026-09-05,23:38:36,4cad86,EI-SIR,Airbus A320neo,Scandinavian Airlines Ireland Limited,takeoff,depart,1100,288.2,74.1,0.2,20.07,,
2026-09-05,23:41:48,VLG630A,EC-MVO,Airbus A320,Vueling,takeoff,depart,1125,295.8,85.0,5.44,55.06,,
2026-09-05,23:45:13,FIA5812,ER-00003,Airbus A321,Fly One,takeoff,depart,1100,307.4,90.9,7.1,88.83,,
2026-09-05,23:47:46,ASL14C,YU-APA,Airbus A319,Air Serbia,takeoff,depart,1700,339.8,52.0,0.0,13.23,,
2026-09-05,23:49:46,TAP486,CS-TTY,Embraer E195,TAP Air Portugal,takeoff,depart,1675,319.5,57.1,0.0,14.19,,
2026-09-05,23:52:58,LZB564,LZ-ROM,A220-300,Bulgaria Air,takeoff,depart,1150,299.7,72.3,0.04,18.31,,
2026-09-05,23:56:03,49514d,CS-TJM,Airbus A321neo,TAP Air Portugal,takeoff,depart,1100,301.7,81.2,1.61,26.42,,
2026-09-05,23:58:55,TAP9003,CS-TVR,Airbus A320neo,TAP Air Portugal,takeoff,depart,1100,287.6,76.9,0.6,21.55,,
2026-09-06,00:02:49,TAP087,CS-TUD,Airbus A330-900neo,TAP Air Portugal,takeoff,depart,1100,330.6,86.5,5.68,39.94,,
2026-09-06,00:10:12,4952c5,CS-TVE,Airbus A320neo,TAP Air Portugal,cruise,,750,0.0,72.3,0.08,19.45,,
2026-09-06,00:55:08,46b8af,SX-NEO,Airbus A320neo,Aegean Airlines,takeoff,depart,1125,306.1,81.9,3.54,27.6,,
2026-09-06,01:21:00,4d211c,,,,descending,arrivee,575,70.6,57.3,0.0,13.08,,
2026-09-06,01:26:53,9HGMF,,,,cruise,,1325,213.0,62.3,0.0,13.51,,
2026-09-06,02:25:58,9HGME,,,,cruise,,425,46.9,55.4,0.0,12.86,,
2026-09-06,04:28:50,49526d,CS-TSM,Airbus A320,TAP Air Portugal,landing,arrivee,975,262.4,87.9,5.47,44.33,,
2026-09-06,04:50:07,4952a3,CS-TUC,Airbus A330-900neo,TAP Air Portugal,landing,arrivee,950,261.5,93.2,7.14,91.12,,
2026-09-06,04:52:29,495305,CS-TXE,Airbus A321neo,TAP Air Portugal,landing,arrivee,875,251.5,89.3,5.44,45.68,,
2026-09-06,04:55:42,TAP202A,CS-TXH,Airbus A321neo,TAP Air Portugal,landing,arrivee,875,271.3,87.3,4.49,43.03,,
2026-09-06,05:13:15,TAP232Y,CS-TXL,Airbus A321neo,TAP Air Portugal,landing,arrivee,925,254.8,89.2,4.96,46.14,,
2026-09-06,05:15:39,49530b,CS-TXK,Airbus A321,TAP Air Portugal,cruise,,1025,0.0,90.7,4.92,61.71,,
2026-09-06,05:23:54,4952ad,CS-TUM,Airbus A330-900neo,TAP Air Portugal,cruise,,975,0.0,92.4,7.61,77.39,,
2026-09-06,05:26:55,4952af,CS-TUO,Airbus A330-900neo,TAP Air Portugal,landing,arrivee,925,271.3,95.3,7.25,78.34,,
2026-09-06,05:41:13,495307,CS-TXG,Airbus A321neo,TAP Air Portugal,landing,arrivee,950,270.8,90.8,5.08,42.62,,
2026-09-06,05:55:44,49514f,CS-TJO,Airbus A321neo,TAP Air Portugal,landing,arrivee,875,268.9,91.5,5.06,37.81,,
2026-09-06,06:02:18,49514b,CS-TJK,Airbus A321neo,TAP Air Portugal,landing,arrivee,900,250.0,92.4,4.96,43.56,,
2026-09-06,06:05:19,4952a9,CS-TUI,Airbus A330-900neo,TAP Air Portugal,cruise,,925,0.0,92.3,7.45,60.75,,
2026-09-06,06:11:53,495145,CS-TJE,Airbus A321,TAP Air Portugal,landing,arrivee,950,268.2,91.6,5.96,69.75,,
2026-09-06,06:16:15,TAP1484,CS-TJI,Airbus A321neo,TAP Air Portugal,landing,arrivee,875,257.2,88.3,5.72,47.74,,
2026-09-06,06:18:00,TAP104,CS-TUG,Airbus A330-900neo,TAP Air Portugal,landing,arrivee,950,258.4,90.5,6.96,94.11,,
2026-09-06,06:21:44,495219,CS-TPY,Embraer E190,TAP Air Portugal,landing,arrivee,725,244.8,89.8,5.79,44.91,,
2026-09-06,06:24:08,495152,CS-TJR,Airbus A321neo,TAP Air Portugal,landing,arrivee,900,251.5,87.8,4.79,55.17,,
2026-09-06,06:27:28,49520f,CS-TPO,Embraer E190,TAP Air Portugal,landing,arrivee,850,235.6,90.1,5.32,52.36,,
2026-09-06,06:34:35,4951cd,CS-TNM,Airbus A320,TAP Air Portugal,landing,arrivee,925,258.0,90.1,4.78,58.84,,
2026-09-06,06:37:30,c06a88,CA-GOIX,Airbus A321,Air Transat,landing,arrivee,925,257.2,92.0,5.31,61.28,,
2026-09-06,06:40:26,4950e4,,,Azul,landing,arrivee,950,244.8,96.0,7.05,84.22,,
2026-09-06,06:45:42,4952cb,CS-TVK,Airbus A320neo,TAP Air Portugal,landing,arrivee,900,240.6,88.6,5.57,49.47,,
2026-09-06,06:49:49,4951d7,CS-TNW,Airbus A320,TAP Air Portugal,landing,arrivee,1125,266.3,89.3,5.11,59.81,,
2026-09-06,06:54:36,090150,,,,landing,arrivee,950,282.4,92.7,6.03,95.99,,
2026-09-06,06:57:20,344459,EC-LVR,Boeing 737-800,Air Europa,landing,arrivee,875,260.8,90.2,5.92,79.16,,
2026-09-06,06:59:53,8964fa,A6-BLU,Boeing 787-9,Etihad Airways,cruise,,1000,0.0,91.3,6.08,74.93,,
2026-09-06,07:02:48,TAP9004,CS-TVR,Airbus A320neo,TAP Air Portugal,landing,arrivee,1000,248.7,89.3,5.18,71.02,,
2026-09-06,07:10:00,4952a5,CS-TUE,Airbus A330-900neo,TAP Air Portugal,landing,arrivee,875,263.2,89.7,6.57,64.5,,
2026-09-06,07:13:12,TAP1139,CS-TPQ,Embraer E190,TAP Air Portugal,landing,arrivee,800,249.1,89.4,5.43,50.26,,
2026-09-06,07:15:49,4952ca,CS-TVJ,Airbus A320neo,TAP Air Portugal,landing,arrivee,850,261.5,90.3,4.4,33.99,,
2026-09-06,07:18:16,4952d1,,,,landing,arrivee,975,257.6,86.6,5.28,34.67,,
2026-09-06,07:21:24,495210,CS-TPP,Embraer E190,TAP Air Portugal,landing,arrivee,625,233.2,87.3,5.8,43.52,,
2026-09-06,07:24:05,DAL272,N409DX,Airbus A330-900neo,Delta Air Lines,landing,arrivee,850,258.9,93.1,6.69,60.67,,
2026-09-06,07:26:21,495154,,,,landing,arrivee,1050,260.8,88.9,4.79,44.42,,
2026-09-06,07:29:17,495299,CS-TTY,Embraer E195,TAP Air Portugal,landing,arrivee,850,254.8,90.2,6.17,57.62,,
2026-09-06,07:33:20,TAP98CX,CS-TJM,Airbus A321neo,TAP Air Portugal,landing,arrivee,925,268.9,87.9,4.63,50.3,,
2026-09-06,07:35:58,4952c9,CS-TVI,Airbus A320neo,TAP Air Portugal,landing,arrivee,850,234.8,87.4,4.76,40.99,,
2026-09-06,07:38:23,TAP9ML,CS-TNS,Airbus A320,TAP Air Portugal,landing,arrivee,825,253.2,91.3,5.52,40.7,,
2026-09-06,07:43:15,e48df5,PT-MUJ,Boeing 777-300ER,LATAM Airlines,landing,arrivee,850,267.2,98.7,8.06,82.3,,
2026-09-06,07:47:49,TAP244,CS-TUH,Airbus A330-900neo,TAP Air Portugal,landing,arrivee,750,255.2,91.1,7.04,66.73,,
2026-09-06,07:50:27,4951cc,CS-TNL,Airbus A320,TAP Air Portugal,landing,arrivee,750,248.7,91.1,6.55,70.46,,
2026-09-06,07:52:49,495304,CS-TXD,Airbus A321neo,TAP Air Portugal,landing,arrivee,950,281.3,89.4,4.42,52.29,,
2026-09-06,07:56:08,UAL64,N12003,Boeing 787-10,United Airlines,landing,arrivee,800,275.6,91.5,6.17,57.96,,
2026-09-06,07:58:38,49514e,CS-TJN,Airbus A321neo,TAP Air Portugal,cruise,,850,0.0,89.4,4.94,33.73,,
2026-09-06,08:01:07,4951d2,CS-TNR,Airbus A320,TAP Air Portugal,landing,arrivee,1075,258.0,93.6,6.48,52.43,,
2026-09-06,08:04:19,495216,CS-TPV,Embraer E190,TAP Air Portugal,landing,arrivee,800,236.3,89.5,4.94,42.92,,
2026-09-06,08:06:44,EJU64TB,OE-IVS,Airbus A320,easyJet Europe,landing,arrivee,825,257.2,90.4,5.35,60.05,,
2026-09-06,08:09:25,4b0274,HB-AYE,Airbus A320neo,easyJet Switzerland,cruise,,925,0.0,87.0,4.78,44.8,,
2026-09-06,08:12:25,TAP557H,CS-TVN,Airbus A320neo,TAP Air Portugal,landing,arrivee,825,254.8,85.7,4.98,43.6,,
2026-09-06,08:14:11,EWG66L,D-AEWL,Airbus A320,Eurowings,landing,arrivee,900,254.1,90.9,7.07,66.15,,
2026-09-06,08:15:46,348205,,,,landing,arrivee,850,248.4,89.3,5.31,48.17,,
2026-09-06,08:18:57,4952d0,,,TAP Air Portugal,landing,arrivee,825,245.6,88.2,5.03,45.01,,
2026-09-06,08:24:30,495292,CS-TTR,Airbus A319,TAP Air Portugal,cruise,,950,0.0,90.0,5.56,53.72,,
2026-09-06,08:30:57,4952cd,,,TAP Air Portugal,landing,arrivee,900,273.9,88.5,4.27,34.0,,
2026-09-06,08:40:20,ab5fc9,N832AA,Boeing 787-9,American Airlines,landing,arrivee,825,268.9,92.3,6.47,59.96,,
2026-09-06,08:42:35,392af2,F-GKXS,Airbus A320,Air France,landing,arrivee,900,251.5,92.5,6.44,59.81,,
2026-09-06,08:45:19,4951ca,CS-TNJ,Airbus A320,TAP Air Portugal,landing,arrivee,825,233.2,89.6,5.44,46.69,,
2026-09-06,08:47:56,495153,,,TAP Air Portugal,cruise,,925,0.0,91.1,4.91,48.28,,
2026-09-06,08:50:30,4952c8,CS-TVH,Airbus A320neo,TAP Air Portugal,landing,arrivee,1000,268.9,87.0,4.28,34.58,,
2026-09-06,09:00:40,RYR8AT,EI-DCY,Boeing 737-800,Ryanair,landing,arrivee,925,280.6,93.6,5.48,78.98,,
2026-09-06,09:07:01,495150,CS-TJP,Airbus A321neo,TAP Air Portugal,cruise,,950,274.1,88.6,4.52,50.36,,
2026-09-06,09:10:18,EZY25MD,G-EZOF,Airbus A320,easyJet,landing,arrivee,525,247.2,91.4,7.04,74.29,,
2026-09-06,09:16:56,EZY46AK,G-UZHM,Airbus A320neo,easyJet,landing,arrivee,1000,254.8,87.5,4.02,35.73,,
2026-09-06,09:19:20,3964f0,F-GZHQ,Boeing 737-800,Transavia France,landing,arrivee,850,268.0,91.4,5.04,82.54,,
2026-09-06,09:22:10,RYR4ZF,EI-IHV,Boeing 737 MAX 8,Ryanair,landing,arrivee,825,273.9,90.0,5.15,47.99,,
2026-09-06,09:25:01,TAP66PD,CS-TVA,Airbus A320neo,TAP Air Portugal,landing,arrivee,875,238.4,87.6,4.91,39.63,,
2026-09-06,09:27:38,NSZ3616,,,,landing,arrivee,900,270.8,88.8,4.8,54.32,,
2026-09-06,09:30:22,LOT4HT,SP-LVI,Boeing 737 MAX 8,LOT Polish Airlines,landing,arrivee,825,273.2,90.2,5.04,74.09,,
2026-09-06,09:33:30,4bb2b0,TC-LUP,Airbus A321,Turkish Airlines,landing,arrivee,975,274.8,89.3,4.92,84.72,,
2026-09-06,09:43:44,40123f,G-EUUS,Airbus A320,British Airways,landing,arrivee,875,241.5,90.2,5.8,53.1,,
2026-09-06,09:46:15,c0273f,C-FOWK,Challenger 650,Image Air Charter,landing,arrivee,950,229.1,83.1,2.73,32.68,,
2026-09-06,09:48:40,4cad7f,,,Aer Lingus,landing,arrivee,925,233.5,89.6,5.91,40.8,,
2026-09-06,09:51:23,c06e45,C-GPTS,Airbus A330-200,Air Transat,landing,arrivee,850,246.7,90.8,7.04,53.75,,
2026-09-06,09:53:52,495303,CS-TXC,Airbus A321neo,TAP Air Portugal,landing,arrivee,900,261.5,87.5,4.31,38.18,,
2026-09-06,09:56:27,RYR9PX,9H-QAC,Boeing 737-800,Malta Air,landing,arrivee,775,272.8,90.2,6.08,65.76,,
2026-09-06,09:59:13,4952a2,CS-TUB,Airbus A330-900neo,TAP Air Portugal,cruise,,950,0.0,91.4,6.93,72.6,,
2026-09-06,10:02:03,a1fcc5,N227UA,Boeing 777-200,United Airlines,landing,arrivee,825,249.8,98.8,7.58,84.8,,
2026-09-06,10:04:49,TAP1921,,,TAP Air Portugal,landing,arrivee,850,233.2,85.0,4.79,37.08,,
2026-09-06,10:07:42,440115,,,easyJet Europe,landing,arrivee,825,255.6,85.7,4.34,54.13,,
2026-09-06,10:10:53,TAP036,,,TAP Air Portugal,landing,arrivee,750,252.2,92.1,7.1,71.54,,
2026-09-06,10:13:46,4952c3,CS-TVC,Airbus A320neo,TAP Air Portugal,landing,arrivee,800,246.7,88.7,4.31,35.33,,
2026-09-06,10:16:16,TAP088,CS-TUR,Airbus A330-900neo,TAP Air Portugal,landing,arrivee,825,266.5,92.2,6.6,81.08,,
2026-09-06,10:18:55,EZY79RV,G-EZBV,Airbus A319,easyJet,cruise,,800,0.0,91.2,4.79,52.7,,
2026-09-06,10:22:17,4952c2,CS-TVB,Airbus A320neo,TAP Air Portugal,cruise,,1225,0.0,87.4,4.58,53.88,,
2026-09-06,10:25:35,4cae97,,,,landing,arrivee,725,281.3,87.2,4.51,63.02,,
2026-09-06,10:28:41,a5124c,,,,cruise,,875,0.0,87.6,7.21,70.22,,
2026-09-06,10:31:30,344446,EC-LUT,Boeing 737-800,Air Europa,landing,arrivee,750,281.3,91.1,4.38,68.08,,
2026-09-06,10:34:32,TAP11MG,CS-TPR,Embraer E190,TAP Air Portugal,landing,arrivee,700,243.2,87.5,5.05,52.85,,
2026-09-06,10:40:59,c02cf1,C-FRAM,Boeing 777-300ER,Air Canada,landing,arrivee,800,281.3,98.1,7.09,85.28,,
2026-09-06,10:45:40,4952c5,CS-TVE,Airbus A320neo,TAP Air Portugal,landing,arrivee,975,244.8,86.4,4.52,38.32,,
2026-09-06,10:48:33,TAP234Y,CS-TXI,Airbus A321neo,TAP Air Portugal,landing,arrivee,850,274.8,88.7,5.33,53.36,,
2026-09-06,10:51:40,495297,CS-TTW,Embraer E195,TAP Air Portugal,landing,arrivee,600,277.2,91.0,5.15,52.78,,
2026-09-06,10:54:03,JSD750,HA-JEX,Citation VI,Jet-Stream Ltd,landing,arrivee,825,242.2,82.3,2.13,20.97,,
2026-09-06,10:57:04,RYR3RB,EI-EFN,Boeing 737-800,Ryanair,landing,arrivee,725,281.3,93.1,5.44,73.64,,
2026-09-06,10:59:30,440da5,OE-IDS,Airbus A320,easyJet Europe,landing,arrivee,825,266.5,90.9,5.31,50.87,,
2026-09-06,11:02:25,3443d5,EC-LVU,Airbus A320,Vueling,landing,arrivee,875,258.4,89.8,5.68,49.58,,
2026-09-06,11:06:55,39bda8,,,,landing,arrivee,850,249.8,90.4,6.04,47.49,,
2026-09-06,11:11:10,49530d,CS-TXM,Airbus A321,TAP Air Portugal,landing,arrivee,900,264.8,91.8,5.44,51.92,,
2026-09-06,11:16:14,4951cd,CS-TNM,Airbus A320,TAP Air Portugal,landing,arrivee,825,248.4,94.8,7.08,43.43,,
2026-09-06,11:22:52,4952b1,CS-TUQ,Airbus A330-900neo,TAP Air Portugal,landing,arrivee,825,260.8,93.4,7.93,55.89,,
2026-09-06,11:25:35,TAP204A,CS-TUA,Airbus A330-900neo,TAP Air Portugal,landing,arrivee,950,256.5,91.4,7.35,70.26,,
2026-09-06,11:28:25,348342,,,,landing,arrivee,850,257.2,92.8,7.58,60.44,,
2026-09-06,11:30:59,44d068,OO-TCH,Airbus A320,Brussels Airlines,cruise,,825,0.0,90.5,5.56,64.25,,
2026-09-06,11:33:58,495267,CS-TSG,Airbus A321neo,TAP Air Portugal,landing,arrivee,825,280.6,89.0,4.39,46.43,,
2026-09-06,11:38:28,4cacdf,EI-GJS,Boeing 737-800,Ryanair,landing,arrivee,925,272.4,91.3,5.55,78.75,,
2026-09-06,11:45:07,440cf8,OE-IBF,Airbus A320,easyJet Europe,landing,arrivee,775,267.2,89.1,5.16,52.92,,
2026-09-06,11:47:38,IBE05FV,EC-KHM,Airbus A319,Iberia,landing,arrivee,1025,287.4,89.9,6.56,39.45,,
2026-09-06,11:51:47,TAP1123,,,TAP Air Portugal,landing,arrivee,700,233.2,92.6,5.43,48.91,,
2026-09-06,11:54:51,495217,CS-TPW,Embraer E190,TAP Air Portugal,landing,arrivee,750,258.9,90.5,5.39,64.92,,
2026-09-06,11:57:18,39cea6,F-HTVG,Boeing 737-800,Transavia France,landing,arrivee,800,280.6,91.3,5.48,62.51,,
2026-09-06,12:00:23,4d2210,9H-QBT,Boeing 737-800,Malta Air,landing,arrivee,600,288.2,91.2,6.2,61.38,,
2026-09-06,12:02:51,3c65e2,,,,landing,arrivee,875,258.4,90.8,5.43,41.51,,
2026-09-06,12:05:57,TAP1925,CS-TNU,Airbus A320,TAP Air Portugal,landing,arrivee,625,265.6,93.2,4.3,45.5,,
2026-09-06,12:08:24,440d6f,OE-LSR,Airbus A320,easyJet Europe,cruise,,975,0.0,86.7,4.95,41.72,,
2026-09-06,12:11:18,440d10,OE-IBS,Airbus A320,easyJet Europe,landing,arrivee,900,253.5,89.7,5.45,52.27,,
2026-09-06,12:15:21,440224,,,easyJet Europe,landing,arrivee,850,264.8,88.6,5.39,37.6,,
2026-09-06,12:17:49,896315,A6-ENS,Boeing 777-300ER,Emirates,landing,arrivee,950,280.0,94.1,6.56,81.0,,
2026-09-06,12:21:04,4951ee,CS-TON,Airbus A330-200,TAP Air Portugal,landing,arrivee,800,256.3,95.8,8.49,62.94,,
2026-09-06,12:23:31,RYR14SC,EI-IJE,Boeing 737 MAX 8,Ryanair,landing,arrivee,975,290.6,89.1,5.55,48.55,,
2026-09-06,12:26:24,4952ce,CS-TVN,Airbus A320neo,TAP Air Portugal,landing,arrivee,875,272.4,91.7,4.55,52.75,,
2026-09-06,12:29:13,40768c,G-UZME,Airbus A321neo,easyJet,landing,arrivee,800,272.1,89.6,4.79,55.16,,
2026-09-06,12:31:50,TAP1031,CS-TNV,Airbus A320,TAP Air Portugal,landing,arrivee,950,263.2,90.8,5.91,53.92,,
2026-09-06,12:34:26,440db0,OE-IDX,Airbus A320,easyJet Europe,landing,arrivee,850,265.6,88.7,5.95,45.21,,
2026-09-06,12:37:16,495299,CS-TTY,Embraer E195,TAP Air Portugal,landing,arrivee,725,263.2,90.9,5.59,41.91,,
2026-09-06,12:41:01,TAP028,CS-TOO,Airbus A330-200,TAP Air Portugal,landing,arrivee,875,263.2,93.6,8.37,66.58,,
2026-09-06,12:43:34,440c33,OE-LSK,Airbus A320neo,easyJet Europe,cruise,,925,0.0,87.5,4.54,41.14,,
2026-09-06,12:48:03,49d13d,OK-TVL,Boeing 737-800,Eurowings,landing,arrivee,825,279.7,93.0,5.52,63.39,,
2026-09-06,12:52:02,4951d9,CS-TNY,Airbus A320,TAP Air Portugal,cruise,,800,0.0,93.7,6.0,40.27,,
2026-09-06,12:54:51,4cafd2,EI-GXM,Boeing 737-800,Ryanair,landing,arrivee,750,273.2,93.3,5.45,47.46,,
2026-09-06,12:57:34,RZO122,CS-TSJ,Airbus A321neo,TAP Air Portugal,landing,arrivee,900,280.6,94.6,4.9,53.77,,
2026-09-06,13:00:25,495216,CS-TPV,Embraer E190,TAP Air Portugal,cruise,,750,0.0,94.2,6.03,63.49,,
2026-09-06,13:02:26,495066,,,TAP Air Portugal,landing,arrivee,900,267.2,96.8,7.09,68.51,,
2026-09-06,13:05:50,495213,CS-TPS,Embraer E190,TAP Air Portugal,landing,arrivee,775,247.6,90.4,6.09,47.34,,
2026-09-06,13:08:18,4952a6,CS-TUF,Airbus A330-900neo,TAP Air Portugal,cruise,,925,0.0,96.8,7.84,68.15,,
2026-09-06,13:12:39,TAP831,CS-TNX,Airbus A320,TAP Air Portugal,landing,arrivee,850,260.8,96.0,6.94,48.27,,
2026-09-06,13:15:21,49514b,CS-TJK,Airbus A321neo,TAP Air Portugal,landing,arrivee,775,252.4,95.2,6.03,39.26,,
2026-09-06,13:17:46,345248,EC-MMH,Airbus A321,Vueling,landing,arrivee,825,265.6,95.0,6.32,64.83,,
2026-09-06,13:20:12,4952c9,CS-TVI,Airbus A320neo,TAP Air Portugal,landing,arrivee,925,272.4,93.3,6.19,42.47,,
2026-09-06,13:23:31,4951d3,CS-TNS,Airbus A320,TAP Air Portugal,landing,arrivee,925,264.8,97.1,6.31,55.44,,
2026-09-06,13:26:48,EJU98EV,OE-INJ,Airbus A320,easyJet Europe,landing,arrivee,825,263.9,96.7,6.48,53.94,,
2026-09-06,13:30:02,49520f,CS-TPO,Embraer E190,TAP Air Portugal,cruise,,825,0.0,92.2,6.08,48.98,,
2026-09-06,13:34:55,3c64a1,D-AIEA,Airbus A321neo,Lufthansa,cruise,,950,0.0,93.7,6.68,43.03,,
2026-09-06,13:37:23,TAP641,CS-TNT,Airbus A320,TAP Air Portugal,approach,arrivee,900,258.4,94.7,6.96,42.89,,
2026-09-06,13:41:31,TAP1860,CS-TJO,Airbus A321neo,TAP Air Portugal,landing,arrivee,775,280.6,93.7,5.91,60.6,,
2026-09-06,13:48:11,495215,CS-TPU,Embraer E190,TAP Air Portugal,landing,arrivee,775,238.2,92.1,5.96,50.0,,
2026-09-06,13:50:54,RZO140,CS-TKP,Airbus A320,TAP Air Portugal,landing,arrivee,850,267.6,91.8,6.04,45.38,,
2026-09-06,13:53:46,495214,CS-TPT,Embraer E190,TAP Air Portugal,cruise,,875,0.0,94.7,6.2,43.79,,
2026-09-06,13:56:39,4952c6,CS-TVF,Airbus A320neo,TAP Air Portugal,landing,arrivee,950,254.8,91.6,5.93,44.81,,
2026-09-06,13:58:42,096028,D4-CCJ,Boeing 737 MAX 8,TACV Cabo Verde Airlines,landing,arrivee,800,283.0,91.0,5.43,41.6,,
2026-09-06,14:02:26,495211,CS-TPQ,Embraer E190,TAP Air Portugal,cruise,,800,0.0,89.7,6.44,41.48,,
2026-09-06,14:07:09,495146,CS-TJF,Airbus A321,TAP Air Portugal,landing,arrivee,800,263.9,99.0,6.8,71.58,,
2026-09-06,14:09:14,TAP88TM,,,TAP Air Portugal,landing,arrivee,925,273.2,92.1,5.44,46.59,,
2026-09-06,14:10:58,495218,CS-TPX,Embraer E190,TAP Air Portugal,landing,arrivee,775,242.4,95.1,5.51,46.98,,
2026-09-06,14:13:14,4cae94,,,,approach,arrivee,950,0.0,93.8,6.45,50.19,,
2026-09-06,14:16:39,4952ae,CS-TUN,Airbus A330-900neo,TAP Air Portugal,landing,arrivee,775,260.0,95.7,8.76,65.27,,
2026-09-06,14:19:22,495039,,,TAP Air Portugal,landing,arrivee,750,262.4,93.6,6.56,49.12,,
2026-09-06,14:22:10,4869c4,,,,landing,arrivee,950,250.0,94.5,6.19,41.26,,
2026-09-06,14:24:26,495293,CS-TTS,Airbus A319,TAP Air Portugal,landing,arrivee,850,255.6,93.2,6.56,50.47,,
2026-09-06,14:27:18,495298,CS-TTX,Embraer E195,TAP Air Portugal,landing,arrivee,800,261.7,93.2,6.56,67.6,,
2026-09-06,14:32:07,440005,OE-ING,Airbus A320,easyJet Europe,landing,arrivee,900,248.4,96.3,7.45,56.42,,
2026-09-06,14:45:36,4b1801,HB-JCJ,C Series 300,Swiss,cruise,,800,0.0,94.4,5.41,41.21,,
2026-09-06,14:48:24,RZO1156,CS-TKQ,Airbus A320,TAP Air Portugal,landing,arrivee,875,267.6,94.0,6.67,40.06,,
2026-09-06,14:50:51,495290,CS-TTP,Airbus A319,TAP Air Portugal,landing,arrivee,875,272.4,91.5,6.08,52.07,,
2026-09-06,14:53:43,RYR76ZW,EI-EBR,Boeing 737-800,Ryanair,landing,arrivee,825,282.4,98.9,5.44,74.26,,
2026-09-06,14:56:41,3985a3,F-HBND,Airbus A320,Air France,landing,arrivee,925,305.8,94.0,6.8,62.61,,
2026-09-06,14:59:33,407689,G-UZHU,Airbus A320neo,easyJet,landing,arrivee,925,264.1,95.9,5.91,42.2,,
2026-09-06,15:04:14,4952ca,CS-TVJ,Airbus A320neo,TAP Air Portugal,cruise,,875,0.0,92.9,5.43,50.49,,
2026-09-06,15:06:38,4952b0,CS-TUP,Airbus A330-900neo,TAP Air Portugal,landing,arrivee,975,257.2,96.3,7.73,64.11,,
2026-09-06,15:09:27,EJU81TJ,,,easyJet Europe,landing,arrivee,825,274.1,93.1,5.91,42.1,,
2026-09-06,15:11:55,495292,CS-TTR,Airbus A319,TAP Air Portugal,cruise,,900,0.0,91.8,5.39,48.64,,
2026-09-06,15:16:29,4b194c,HB-JPC,Airbus A321,Swiss,cruise,,1000,0.0,91.1,5.92,60.03,,
2026-09-06,15:22:11,4952cc,CS-TVL,Airbus A320,TAP Air Portugal,landing,arrivee,875,270.4,90.4,5.44,52.17,,
2026-09-06,15:24:57,495210,CS-TPP,Embraer E190,TAP Air Portugal,cruise,,825,0.0,91.5,5.96,61.2,,
2026-09-06,15:29:39,4bb289,TC-LTI,Airbus A321neo,Turkish Airlines,landing,arrivee,850,266.9,94.0,7.08,64.48,,
2026-09-06,15:32:21,AEA12AT,EC-MKL,Boeing 737-800,Air Europa,landing,arrivee,850,278.2,94.0,5.67,64.93,,
2026-09-06,15:35:25,TAP3185,CS-TUK,Airbus A330-900neo,TAP Air Portugal,landing,arrivee,900,250.0,94.8,7.6,69.09,,
2026-09-06,15:38:11,461f9d,OH-LZH,Airbus A321,Finnair,landing,arrivee,900,274.1,92.7,6.2,49.7,,
2026-09-06,15:41:11,4951d7,CS-TNW,Airbus A320,TAP Air Portugal,landing,arrivee,850,260.0,92.6,5.99,46.11,,
2026-09-06,15:43:44,495297,CS-TTW,Embraer E195,TAP Air Portugal,landing,arrivee,775,272.4,92.2,5.44,54.35,,
2026-09-06,15:46:27,3c64af,D-AIEO,Airbus A321neo,Lufthansa,cruise,,875,0.0,91.5,6.04,56.59,,
2026-09-06,15:49:03,RYR21WA,,,Ryanair,landing,arrivee,850,283.0,92.2,5.07,51.32,,
2026-09-06,15:51:56,495308,CS-TXH,Airbus A321neo,TAP Air Portugal,landing,arrivee,850,270.8,88.9,5.59,41.34,,
2026-09-06,15:54:14,49514a,CS-TJJ,Airbus A321neo,TAP Air Portugal,landing,arrivee,900,275.6,90.0,5.57,48.81,,
2026-09-06,15:56:21,495150,CS-TJP,Airbus A321neo,TAP Air Portugal,landing,arrivee,775,268.2,90.3,5.7,56.87,,
2026-09-06,15:58:31,TAP763,EC-OCT,Airbus A321,TAP Air Portugal,landing,arrivee,950,271.7,93.1,6.19,56.24,,
2026-09-06,16:01:35,4952b3,CS-TUS,Airbus A330-900neo,TAP Air Portugal,landing,arrivee,900,268.2,95.5,7.09,63.89,,
2026-09-06,16:04:43,4952cd,,,TAP Air Portugal,landing,arrivee,900,235.9,88.3,5.96,39.16,,
2026-09-06,16:07:48,4952d3,,,,landing,arrivee,925,239.1,89.5,5.32,43.32,,
2026-09-06,16:11:04,3451d9,EC-MJP,Bombardier CRJ-1000,Air Nostrum,approach,arrivee,875,256.5,85.3,4.14,35.7,,
2026-09-06,16:13:50,TAP1105,,,TAP Air Portugal,landing,arrivee,750,262.2,91.6,4.91,57.57,,
2026-09-06,16:16:22,4951cc,CS-TNL,Airbus A320,TAP Air Portugal,landing,arrivee,850,259.3,91.7,6.49,50.33,,
2026-09-06,16:19:01,4952cb,CS-TVK,Airbus A320neo,TAP Air Portugal,landing,arrivee,900,264.1,92.7,4.78,45.23,,
2026-09-06,16:21:41,40822d,G-TTSH,Airbus A320neo,,landing,arrivee,850,250.8,89.5,6.08,48.0,,
2026-09-06,16:24:18,440da5,OE-IDS,Airbus A320,easyJet Europe,cruise,,1000,0.0,93.6,6.28,63.0,,
2026-09-06,16:26:07,4cadf0,EI-IHF,Boeing 737 MAX 8,Ryanair,landing,arrivee,800,277.6,91.6,5.55,77.74,,
2026-09-06,16:28:24,49530c,CS-TXL,Airbus A321neo,TAP Air Portugal,landing,arrivee,850,258.4,91.1,4.95,43.08,,
2026-09-06,16:30:40,495148,CS-TJH,Airbus A321,TAP Air Portugal,landing,arrivee,875,287.2,92.6,5.52,61.72,,
2026-09-06,16:33:54,398e28,,,,landing,arrivee,775,209.1,86.4,4.91,33.99,,
2026-09-06,16:36:21,4cae97,,,,landing,arrivee,950,275.8,89.4,5.43,77.15,,
2026-09-06,16:39:22,495302,CS-TXB,Airbus A321neo,TAP Air Portugal,landing,arrivee,925,268.2,89.3,4.79,42.67,,
2026-09-06,16:41:33,TAP15NC,CS-TPY,Embraer E190,TAP Air Portugal,landing,arrivee,775,243.2,85.0,5.44,46.36,,
2026-09-06,16:44:09,34530e,EC-MNR,Bombardier CRJ-1000,,landing,arrivee,975,253.5,89.3,4.92,39.39,,
2026-09-06,16:48:56,4951d9,CS-TNY,Airbus A320,TAP Air Portugal,cruise,,925,0.0,90.6,4.27,50.84,,
2026-09-06,16:55:08,4952d2,CS-TVR,Airbus A320neo,TAP Air Portugal,landing,arrivee,825,274.5,87.4,5.45,45.31,,
2026-09-06,16:58:48,48597e,PH-HXO,Boeing 737-800,Transavia,landing,arrivee,850,273.4,91.2,5.67,87.09,,
2026-09-06,17:01:52,3c6494,D-AIDT,Airbus A321,Eurowings,cruise,,925,0.0,90.3,5.92,60.46,,
2026-09-06,17:08:21,4aca86,SE-RTF,Boeing 737 MAX 8,Norwegian Air Sweden AOC AB,approach,arrivee,1025,0.0,90.5,5.84,46.32,,
2026-09-06,17:15:01,TAP1824,CS-TJM,Airbus A321neo,TAP Air Portugal,cruise,,950,0.0,90.1,4.96,49.18,,
2026-09-06,17:19:30,440d10,OE-IBS,Airbus A320,easyJet Europe,landing,arrivee,900,252.4,90.0,5.41,51.26,,
2026-09-06,17:21:42,4ca9ea,EI-EVM,Boeing 737-800,Ryanair,landing,arrivee,1000,263.9,93.9,6.57,128.41,,
2026-09-06,17:24:40,RYR384,EI-GJS,Boeing 737-800,Ryanair,landing,arrivee,800,274.1,93.7,5.39,93.05,,
2026-09-06,17:27:25,RYR85MR,9H-LMG,Airbus A320,Lauda Europe,landing,arrivee,950,246.7,89.4,4.92,54.44,,
2026-09-06,17:30:09,4cafc0,EI-GSK,Boeing 737-800,Ryanair,cruise,,975,0.0,92.6,6.92,111.35,,
2026-09-06,17:35:03,RAM982,CN-RGH,Boeing 737-800,Royal Air Maroc,landing,arrivee,625,277.2,89.9,5.44,67.53,,
2026-09-06,17:37:10,4854cd,PH-HBM,Boeing 737-800,Transavia,landing,arrivee,975,282.4,94.4,5.43,91.69,,
2026-09-06,17:41:27,EJU15PC,OE-LSR,Airbus A320,easyJet Europe,landing,arrivee,275,254.8,51.0,0.0,16.37,,
2026-09-06,17:43:01,4952a5,CS-TUE,Airbus A330-900neo,TAP Air Portugal,landing,arrivee,900,250.8,90.5,6.84,64.41,,
2026-09-06,17:46:14,495153,,,TAP Air Portugal,landing,arrivee,1050,275.8,88.0,5.55,37.21,,
2026-09-06,17:49:09,4081c0,,,,landing,arrivee,925,232.4,85.6,4.76,36.57,,
2026-09-06,17:58:58,4d00ee,LX-LBL,Boeing 737 MAX 8,Luxair,approach,arrivee,1650,287.4,82.9,3.91,61.13,,
2026-09-06,18:10:26,TVF72AP,F-GZHZ,Boeing 737-800,Transavia France,landing,arrivee,975,272.4,89.8,5.03,74.48,,
2026-09-06,18:14:42,4d00ee,LX-LBL,Boeing 737 MAX 8,Luxair,cruise,,950,0.0,87.5,4.55,75.36,,
2026-09-06,18:17:22,342592,EC-KJD,Airbus A320,Vueling,landing,arrivee,900,250.0,89.1,5.36,54.88,,
2026-09-06,18:20:24,QTR29C,A7-BCQ,Boeing 787-8,Qatar Airways,landing,arrivee,950,266.5,91.1,6.2,63.99,,
2026-09-06,18:23:28,TAP15CV,CS-TJN,Airbus A321neo,TAP Air Portugal,landing,arrivee,950,241.5,87.5,4.43,39.6,,
2026-09-06,18:26:30,TAP1558,,,TAP Air Portugal,landing,arrivee,950,260.0,84.9,4.91,53.34,,
2026-09-06,18:29:25,4952c2,CS-TVB,Airbus A320neo,TAP Air Portugal,landing,arrivee,825,258.9,88.3,3.5,41.1,,
2026-09-06,18:31:58,4951cd,CS-TNM,Airbus A320,TAP Air Portugal,landing,arrivee,900,253.2,87.5,4.39,48.27,,
2026-09-06,18:34:54,495039,,,TAP Air Portugal,landing,arrivee,800,262.4,86.8,4.91,47.16,,
2026-09-06,18:37:41,IBE05RP,EC-LRG,Airbus A320,Iberia,landing,arrivee,800,262.2,88.7,5.43,72.56,,
2026-09-06,18:40:18,3985a9,F-HBNJ,Airbus A320,Air France,landing,arrivee,900,244.3,90.5,6.2,77.23,,
2026-09-06,18:42:58,4952d1,,,,landing,arrivee,900,244.3,89.1,5.43,46.54,,
2026-09-06,18:45:52,440b1e,OE-IWW,Airbus A320,easyJet Europe,landing,arrivee,950,244.3,88.7,5.2,50.6,,
2026-09-06,18:50:18,4951d8,CS-TNX,Airbus A320,TAP Air Portugal,landing,arrivee,850,247.2,88.6,4.9,44.8,,
2026-09-06,18:53:56,495216,CS-TPV,Embraer E190,TAP Air Portugal,landing,arrivee,825,236.7,85.2,4.19,36.79,,
2026-09-06,18:56:39,49520f,CS-TPO,Embraer E190,TAP Air Portugal,landing,arrivee,750,233.9,84.4,4.31,48.24,,
2026-09-06,18:59:11,BEL2DT,OO-TCQ,Airbus A320,Brussels Airlines,landing,arrivee,925,241.7,87.8,5.39,59.85,,
2026-09-06,19:02:15,AEA1157,EC-LPQ,Boeing 737-800,Air Europa,landing,arrivee,800,268.9,88.9,5.59,97.05,,
2026-09-06,19:04:55,495266,CS-TSF,Airbus A321neo,TAP Air Portugal,landing,arrivee,875,262.4,86.8,4.83,47.8,,
2026-09-06,19:07:47,EZY47LC,G-EZUZ,Airbus A320,easyJet,landing,arrivee,875,260.8,88.9,3.74,51.85,,
2026-09-06,19:11:13,8963d2,A6-EPC,Boeing 777-300ER,Emirates,landing,arrivee,800,270.8,93.7,7.72,98.81,,
2026-09-06,19:13:57,484506,PH-HZO,Boeing 737-800,Transavia,landing,arrivee,875,265.8,91.4,4.55,86.85,,
2026-09-06,19:16:58,TAP1439,CS-TTS,Airbus A319,TAP Air Portugal,landing,arrivee,800,242.4,93.0,4.39,64.53,,
2026-09-06,19:19:52,TVF35GD,F-GZHO,Boeing 737-800,Transavia France,landing,arrivee,750,261.5,87.5,5.56,93.95,,
2026-09-06,19:22:20,RYR647X,9H-QET,Boeing 737-800,Malta Air,landing,arrivee,775,268.9,88.9,4.96,71.18,,
2026-09-06,19:25:00,4952c1,CS-TVA,Airbus A320neo,TAP Air Portugal,landing,arrivee,850,261.5,88.0,4.31,51.32,,
2026-09-06,19:27:43,TAP825,CS-TJL,Airbus A321neo,TAP Air Portugal,landing,arrivee,800,260.8,84.4,4.91,40.05,,
2026-09-06,19:30:07,39cea1,F-HTVB,Boeing 737-800,Transavia France,landing,arrivee,900,258.9,90.2,5.44,85.54,,
2026-09-06,19:32:58,KLM71Y,PH-AXK,Airbus A321neo,KLM,landing,arrivee,800,243.2,89.6,4.91,56.73,,
2026-09-06,19:35:52,4d2115,9H-MIR,Challenger 604,HiFly Malta,landing,arrivee,900,228.4,85.7,3.38,30.09,,
2026-09-06,19:38:33,440132,OE-LQI,Airbus A319,easyJet Europe,landing,arrivee,900,249.1,87.4,5.43,52.76,,
2026-09-06,19:40:53,RYR9654,9H-VUV,Boeing 737 MAX 8,Malta Air,landing,arrivee,825,264.8,89.2,4.79,43.03,,
2026-09-06,19:43:40,4952c5,CS-TVE,Airbus A320neo,TAP Air Portugal,landing,arrivee,875,255.9,87.7,3.78,53.26,,
2026-09-06,19:47:14,495217,CS-TPW,Embraer E190,TAP Air Portugal,landing,arrivee,625,220.8,86.6,5.43,44.83,,
2026-09-06,19:49:46,TAP835,CS-TVH,Airbus A320neo,TAP Air Portugal,landing,arrivee,800,231.5,89.2,4.95,39.58,,
2026-09-06,19:52:54,TAP4TL,CS-TPU,Embraer E190,TAP Air Portugal,landing,arrivee,775,232.4,86.2,5.43,46.76,,
2026-09-06,19:55:23,497c81,,,,landing,arrivee,825,265.8,90.0,5.96,115.59,,
2026-09-06,19:58:31,4d2493,9H-WDM,Airbus A321,Lauda Europe,landing,arrivee,850,233.9,89.6,5.27,41.06,,
2026-09-06,20:01:26,49521a,CS-TPZ,Embraer E190,TAP Air Portugal,landing,arrivee,775,232.4,88.2,5.03,54.29,,
2026-09-06,20:04:12,4d24d4,9H-WDV,Airbus A321,Lauda Europe,landing,arrivee,950,225.0,87.9,5.44,59.15,,
2026-09-06,20:06:59,TAP1862,CS-TVN,Airbus A320neo,TAP Air Portugal,landing,arrivee,850,250.0,87.0,4.33,45.15,,
2026-09-06,20:09:43,345543,EC-MRI,Bombardier CRJ-1000,Air Nostrum,landing,arrivee,950,215.8,83.7,4.29,30.43,,
2026-09-06,20:11:33,4952d0,,,TAP Air Portugal,landing,arrivee,925,240.0,84.8,5.09,44.9,,
2026-09-06,20:14:38,71ba06,HL7206,Boeing 787-9,Korean Air,cruise,,875,0.0,90.0,5.97,64.64,,
2026-09-06,20:17:27,407f66,G-EJCI,Airbus A320,easyJet,landing,arrivee,825,243.2,90.7,6.04,67.86,,
2026-09-06,20:19:58,0900bb,D2-TEG,Boeing 777-300ER,TAAG Angola,landing,arrivee,950,252.4,93.9,7.83,118.94,,
2026-09-06,20:22:51,4951d2,CS-TNR,Airbus A320,TAP Air Portugal,landing,arrivee,850,250.0,87.2,4.81,66.65,,
2026-09-06,20:26:18,73806e,4X-EKJ,Boeing 737-800,El Al,landing,arrivee,700,249.3,90.5,5.44,70.23,,
2026-09-06,20:28:57,4cae9b,,,,landing,arrivee,750,242.4,88.9,3.77,68.96,,
2026-09-06,20:31:42,495154,,,,landing,arrivee,875,238.4,86.4,4.94,42.29,,
2026-09-06,20:34:33,48c1a5,,,,landing,arrivee,775,246.7,90.6,6.21,105.4,,
2026-09-06,20:39:54,VLG14YF,EC-KDX,Airbus A320,Vueling,landing,arrivee,900,239.1,90.4,5.45,63.51,,
2026-09-06,20:44:58,4d241f,,,,landing,arrivee,800,232.4,87.0,4.99,69.22,,
2026-09-06,20:48:13,345042,EC-MHB,Airbus A321,Vueling,landing,arrivee,875,246.7,88.9,4.44,50.64,,
2026-09-06,20:52:03,TAP1692,CS-TTW,Embraer E195,TAP Air Portugal,landing,arrivee,675,236.3,87.5,5.74,71.61,,
2026-09-06,20:54:53,RZO152,CS-TKP,Airbus A320,TAP Air Portugal,landing,arrivee,900,243.9,89.3,5.4,58.8,,
2026-09-06,21:00:01,495213,CS-TPS,Embraer E190,TAP Air Portugal,landing,arrivee,800,207.4,87.6,4.8,43.24,,
2026-09-06,21:03:05,EZY25BM,G-UZHI,Airbus A320neo,easyJet,landing,arrivee,950,230.0,88.4,4.32,45.72,,
2026-09-06,21:07:07,VLG8UE,EC-MUM,Airbus A320,Vueling,landing,arrivee,925,246.7,86.2,4.92,63.55,,
2026-09-06,21:13:21,RZO134,CS-TSM,Airbus A320,TAP Air Portugal,landing,arrivee,1250,253.0,91.1,3.72,51.53,,
2026-09-06,21:18:44,TAP57W,CS-TVF,Airbus A320neo,TAP Air Portugal,landing,arrivee,850,233.5,85.6,3.8,66.87,,
2026-09-06,21:25:15,4ca6c4,EI-DVI,Airbus A320,Aer Lingus,landing,arrivee,900,238.4,87.0,5.34,75.61,,
2026-09-06,21:28:03,TAP437X,CS-TTP,Airbus A319,TAP Air Portugal,landing,arrivee,750,244.8,88.1,3.9,59.01,,
2026-09-06,21:30:29,TAP67U,CS-TJK,Airbus A321neo,TAP Air Portugal,landing,arrivee,950,231.5,85.6,4.49,41.79,,
2026-09-06,21:33:13,TAP863Y,CS-TNU,Airbus A320,TAP Air Portugal,landing,arrivee,650,246.9,87.5,4.8,59.13,,
2026-09-06,21:35:18,c071a4,C-GRAX,Boeing 737 MAX 8,WestJet,landing,arrivee,725,252.4,84.1,4.43,62.46,,
2026-09-06,21:41:58,4ca61e,EI-DWR,Boeing 737-800,Ryanair,cruise,,750,0.0,88.6,5.56,93.3,,
2026-09-06,21:43:37,4952c9,CS-TVI,Airbus A320neo,TAP Air Portugal,cruise,,750,0.0,83.7,4.39,61.46,,
2026-09-06,21:46:27,4cac1e,EI-HEN,Boeing 737 MAX 8,Ryanair,landing,arrivee,725,249.3,86.0,3.79,51.56,,
2026-09-06,21:48:34,TAP1455,CS-TPQ,Embraer E190,TAP Air Portugal,landing,arrivee,700,204.3,83.8,5.32,55.47,,
2026-09-06,21:50:59,RYR9QJ,EI-EVN,Boeing 737-800,Ryanair,landing,arrivee,700,248.4,88.5,4.95,98.6,,
2026-09-06,21:52:40,34660e,EC-NOM,Airbus A320,Volotea,landing,arrivee,775,247.2,87.0,5.39,76.47,,
2026-09-06,21:55:12,4951d6,CS-TNV,Airbus A320,TAP Air Portugal,landing,arrivee,775,253.2,86.6,5.03,71.81,,
2026-09-06,21:58:09,4952c3,CS-TVC,Airbus A320neo,TAP Air Portugal,landing,arrivee,750,220.8,85.7,3.91,42.37,,
2026-09-06,22:00:04,TAP871,CS-TTY,Embraer E195,TAP Air Portugal,landing,arrivee,725,234.8,87.0,4.28,61.15,,
2026-09-06,22:02:15,DLH34J,D-AINI,Airbus A320neo,Lufthansa,landing,arrivee,700,247.1,84.9,4.28,79.51,,
2026-09-06,22:04:06,RYR24SE,EI-IJE,Boeing 737 MAX 8,Ryanair,landing,arrivee,750,253.2,88.1,3.39,44.4,,
2026-09-06,22:07:28,495218,CS-TPX,Embraer E190,TAP Air Portugal,landing,arrivee,725,216.7,89.6,4.91,60.16,,
2026-09-06,22:09:10,468e45,SX-CRE,Airbus A320neo,Sky Express Greece,landing,arrivee,725,217.4,86.8,4.43,45.41,,
2026-09-06,22:11:24,TAP7EN,CS-TJR,Airbus A321neo,TAP Air Portugal,landing,arrivee,750,239.8,85.7,3.79,46.51,,
2026-09-06,22:13:15,495145,CS-TJE,Airbus A321,TAP Air Portugal,landing,arrivee,875,248.4,90.3,4.31,69.69,,
2026-09-06,22:16:16,495146,CS-TJF,Airbus A321,TAP Air Portugal,landing,arrivee,750,264.8,86.7,5.45,77.73,,
2026-09-06,22:19:09,495214,CS-TPT,Embraer E190,TAP Air Portugal,landing,arrivee,725,213.4,83.9,4.4,56.68,,
2026-09-06,22:20:42,ICE578,TF-ICC,Boeing 737 MAX 9,Icelandair,landing,arrivee,700,261.5,88.2,4.96,58.09,,
2026-09-06,22:23:08,4951d4,CS-TNT,Airbus A320,TAP Air Portugal,landing,arrivee,875,253.2,84.0,4.8,78.27,,
2026-09-06,22:25:12,EJU98XP,OE-IDX,Airbus A320,easyJet Europe,landing,arrivee,725,254.8,86.1,4.27,57.89,,
2026-09-06,22:27:37,TVF34QV,F-HUYS,Boeing 737-800,Transavia France,landing,arrivee,775,251.7,88.3,4.92,99.33,,
2026-09-06,22:29:31,AFR64PQ,F-GKXN,Airbus A320,Air France,landing,arrivee,800,253.2,85.9,5.31,69.3,,
2026-09-06,22:32:12,4951d3,CS-TNS,Airbus A320,TAP Air Portugal,landing,arrivee,775,243.2,87.6,4.92,62.67,,
2026-09-06,22:34:02,DLH64P,D-AINH,Airbus A320neo,Lufthansa,landing,arrivee,875,230.0,88.4,4.31,56.31,,
2026-09-06,22:37:25,495298,CS-TTX,Embraer E195,TAP Air Portugal,landing,arrivee,750,240.8,85.6,5.41,51.89,,
2026-09-06,22:39:46,440115,,,easyJet Europe,landing,arrivee,825,221.5,84.4,3.9,48.92,,
2026-09-06,22:41:33,49514f,CS-TJO,Airbus A321neo,TAP Air Portugal,landing,arrivee,800,227.4,85.5,4.44,40.1,,
2026-09-06,22:44:31,495216,CS-TPV,Embraer E190,TAP Air Portugal,landing,arrivee,700,228.4,87.2,5.93,50.96,,
2026-09-06,22:46:57,TAP37CN,CS-TVL,Airbus A320,TAP Air Portugal,landing,arrivee,750,246.7,85.0,3.75,45.5,,
2026-09-06,22:50:01,495212,CS-TPR,Embraer E190,TAP Air Portugal,cruise,,725,0.0,85.1,4.97,66.35,,
2026-09-06,22:51:55,4baa6c,TC-JSL,Airbus A321,Turkish Airlines,landing,arrivee,750,257.2,89.1,4.51,74.24,,
2026-09-06,22:54:31,TAP43RY,EC-OCT,Airbus A321,TAP Air Portugal,landing,arrivee,725,268.9,89.7,4.92,67.76,,
2026-09-06,22:56:45,440224,,,easyJet Europe,cruise,,800,0.0,87.3,3.9,44.87,,
2026-09-06,22:59:02,440cf8,OE-IBF,Airbus A320,easyJet Europe,landing,arrivee,900,246.7,87.6,4.32,87.74,,
2026-09-06,23:01:29,KLM35W,,,KLM,cruise,,800,0.0,86.0,3.27,47.53,,
2026-09-06,23:03:52,440b1e,OE-IWW,Airbus A320,easyJet Europe,landing,arrivee,775,256.5,85.7,5.43,68.98,,
2026-09-06,23:06:43,440da5,OE-IDS,Airbus A320,easyJet Europe,landing,arrivee,775,251.5,82.9,5.38,54.03,,
2026-09-06,23:09:24,495149,CS-TJI,Airbus A321neo,TAP Air Portugal,landing,arrivee,800,248.0,87.2,4.28,55.37,,
2026-09-06,23:12:42,495210,CS-TPP,Embraer E190,TAP Air Portugal,landing,arrivee,525,231.5,85.1,4.39,69.26,,
2026-09-06,23:14:12,495292,CS-TTR,Airbus A319,TAP Air Portugal,cruise,,975,0.0,88.6,3.79,50.51,,
2026-09-06,23:16:45,39d305,F-HUYF,Boeing 737-800,Transavia France,landing,arrivee,875,250.8,87.4,4.79,97.73,,
2026-09-06,23:18:35,408228,,,British Airways,landing,arrivee,750,243.2,85.7,4.31,48.64,,
2026-09-06,23:20:24,440d6f,OE-LSR,Airbus A320,easyJet Europe,landing,arrivee,800,247.2,82.4,3.78,43.51,,
2026-09-06,23:23:03,440c33,OE-LSK,Airbus A320neo,easyJet Europe,landing,arrivee,750,247.2,82.4,3.94,35.93,,
2026-09-06,23:25:47,495038,,,TAP Air Portugal,landing,arrivee,725,239.1,85.2,3.84,54.04,,
2026-09-06,23:28:16,440d10,OE-IBS,Airbus A320,easyJet Europe,landing,arrivee,825,249.3,85.7,3.82,57.9,,
2026-09-06,23:30:18,46b824,SX-NAD,Airbus A321neo,Aegean Airlines,landing,arrivee,725,229.1,83.6,4.43,57.43,,
2026-09-06,23:32:13,IBE0539,EC-JQZ,Airbus A321,Iberia,landing,arrivee,875,242.2,87.1,5.44,67.4,,
2026-09-06,23:34:58,4cacdf,EI-GJS,Boeing 737-800,Ryanair,landing,arrivee,775,249.1,88.3,3.94,114.88,,
2026-09-06,23:36:57,TAP35MT,CS-TVG,Airbus A320neo,TAP Air Portugal,landing,arrivee,800,218.4,84.8,4.28,37.28,,
2026-09-06,23:38:27,DLH23C,,,Lufthansa,landing,arrivee,900,233.2,86.5,3.79,54.75,,
2026-09-06,23:40:27,495039,,,TAP Air Portugal,landing,arrivee,750,243.2,86.8,5.04,45.47,,
2026-09-06,23:42:42,4cafd2,EI-GXM,Boeing 737-800,Ryanair,landing,arrivee,875,284.1,88.8,4.56,93.29,,
2026-09-06,23:47:38,4b194c,HB-JPC,Airbus A321,Swiss,landing,arrivee,950,254.1,86.8,4.31,59.11,,
2026-09-06,23:51:24,RYR63TC,,,Ryanair,landing,arrivee,775,257.2,88.3,3.91,46.7,,
2026-09-06,23:56:03,495219,CS-TPY,Embraer E190,TAP Air Portugal,cruise,,750,0.0,90.4,5.57,72.22,,
2026-09-07,01:52:09,495266,CS-TSF,Airbus A321neo,TAP Air Portugal,approach,arrivee,1000,257.2,85.7,4.27,52.61,,
2026-09-07,03:07:36,4cae55,EI-IJE,Boeing 737 MAX 8,Ryanair,cruise,,900,0.0,88.0,4.79,67.69,,
2026-09-07,04:43:38,440d93,,,,landing,arrivee,825,260.0,90.3,5.45,99.93,,
2026-09-07,04:55:22,495309,CS-TXI,Airbus A321neo,TAP Air Portugal,landing,arrivee,825,254.8,86.8,4.92,53.27,,
2026-09-07,05:01:08,495304,CS-TXD,Airbus A321neo,TAP Air Portugal,landing,arrivee,850,252.2,86.9,3.66,38.59,,
2026-09-07,05:03:54,4952af,CS-TUO,Airbus A330-900neo,TAP Air Portugal,landing,arrivee,850,244.8,89.3,6.48,83.61,,
2026-09-07,05:06:53,4952a4,CS-TUD,Airbus A330-900neo,TAP Air Portugal,landing,arrivee,925,240.0,89.8,6.57,92.77,,
2026-09-07,05:12:04,49530b,CS-TXK,Airbus A321,TAP Air Portugal,landing,arrivee,800,250.8,87.6,3.91,50.46,,
2026-09-07,05:47:27,TAP1484,CS-TJN,Airbus A321neo,TAP Air Portugal,landing,arrivee,950,250.8,86.8,3.78,45.8,,
2026-09-07,05:49:33,TAP232Y,CS-TXE,Airbus A321neo,TAP Air Portugal,landing,arrivee,775,247.2,85.0,4.2,46.48,,
2026-09-07,05:51:25,4952c8,CS-TVH,Airbus A320neo,TAP Air Portugal,landing,arrivee,800,216.7,86.1,4.39,44.98,,
2026-09-07,05:53:17,495307,CS-TXG,Airbus A321neo,TAP Air Portugal,landing,arrivee,850,243.9,85.7,5.04,37.37,,
2026-09-07,05:55:24,495154,,,,landing,arrivee,875,251.5,87.3,3.79,40.08,,
2026-09-07,05:57:36,4951ca,CS-TNJ,Airbus A320,TAP Air Portugal,cruise,,875,0.0,85.9,6.22,78.99,,
2026-09-07,06:02:24,BCS2FC,D-AEAK,A300 B4-622RF,DHL Air,approach,arrivee,950,228.4,79.8,0.6,41.97,,
2026-09-07,06:06:44,TAP1544,,,TAP Air Portugal,landing,arrivee,875,274.8,85.4,3.82,75.54,,
2026-09-07,06:09:46,TSC680,,,Air Transat,landing,arrivee,825,237.4,89.6,6.46,72.42,,
2026-09-07,06:14:20,BCS2FC,D-AEAK,A300 B4-622RF,DHL Air,landing,arrivee,925,211.5,93.4,7.06,86.57,,
2026-09-07,06:17:33,495277,CS-TSW,Boeing 777-200,Azul,landing,arrivee,850,233.2,93.6,6.45,119.5,,
2026-09-07,06:20:37,495213,CS-TPS,Embraer E190,TAP Air Portugal,landing,arrivee,800,210.8,88.7,4.36,47.15,,
2026-09-07,06:23:21,495217,CS-TPW,Embraer E190,TAP Air Portugal,landing,arrivee,700,215.0,87.5,3.79,42.34,,
2026-09-07,06:37:22,4951d6,CS-TNV,Airbus A320,TAP Air Portugal,landing,arrivee,875,230.8,88.1,5.04,63.62,,
2026-09-07,06:40:10,344446,EC-LUT,Boeing 737-800,Air Europa,landing,arrivee,875,228.9,88.1,4.84,85.74,,
2026-09-07,06:42:45,4952a7,CS-TUG,Airbus A330-900neo,TAP Air Portugal,landing,arrivee,900,229.1,90.4,6.32,82.56,,
2026-09-07,06:45:25,4951d5,CS-TNU,Airbus A320,TAP Air Portugal,landing,arrivee,900,254.1,83.9,4.83,72.19,,
2026-09-07,06:48:16,SRR6646,,,,landing,arrivee,900,198.5,91.7,7.6,73.91,,
2026-09-07,06:50:54,e48189,PT-MUA,Boeing 777-300ER,LATAM Airlines,landing,arrivee,900,254.8,95.0,7.49,116.37,,
2026-09-07,06:53:45,0900f1,D2-TEK,Boeing 777-300ER,TAAG Angola,landing,arrivee,850,249.1,92.3,7.57,146.31,,
2026-09-07,06:56:59,495215,CS-TPU,Embraer E190,TAP Air Portugal,landing,arrivee,750,222.6,85.5,5.33,55.54,,
2026-09-07,06:59:48,4951d8,CS-TNX,Airbus A320,TAP Air Portugal,landing,arrivee,775,223.2,86.4,6.57,74.56,,
2026-09-07,07:02:37,4952ce,CS-TVN,Airbus A320neo,TAP Air Portugal,landing,arrivee,775,238.4,84.9,4.79,46.92,,
2026-09-07,07:05:10,4952ad,CS-TUM,Airbus A330-900neo,TAP Air Portugal,landing,arrivee,900,237.4,88.4,7.06,74.85,,
2026-09-07,07:12:42,896535,A6-BLX,Boeing 787-9,Etihad Airways,landing,arrivee,750,271.3,87.6,4.4,78.14,,
2026-09-07,07:16:43,495171,CS-TKQ,Airbus A320,TAP Air Portugal,approach,arrivee,925,206.7,89.1,5.4,79.55,,
2026-09-07,07:19:38,TAP98CX,CS-TJR,Airbus A321neo,TAP Air Portugal,landing,arrivee,750,233.2,86.4,4.39,59.99,,
2026-09-07,07:22:25,34444b,EC-LRG,Airbus A320,Iberia,landing,arrivee,900,243.2,86.2,4.92,74.6,,
2026-09-07,07:25:31,495216,CS-TPV,Embraer E190,TAP Air Portugal,landing,arrivee,775,201.9,86.1,5.83,59.32,,
2026-09-07,07:28:10,4952d0,,,TAP Air Portugal,landing,arrivee,850,242.4,83.3,4.95,43.41,,
2026-09-07,07:31:15,4952c6,CS-TVF,Airbus A320neo,TAP Air Portugal,landing,arrivee,850,237.4,85.0,4.31,56.02,,
2026-09-07,07:37:31,TAP441,CS-TVR,Airbus A320neo,TAP Air Portugal,landing,arrivee,825,241.5,84.7,4.8,44.97,,
2026-09-07,07:40:11,495150,CS-TJP,Airbus A321neo,TAP Air Portugal,landing,arrivee,950,242.4,84.7,3.79,41.26,,
2026-09-07,07:43:27,49520f,CS-TPO,Embraer E190,TAP Air Portugal,landing,arrivee,825,209.1,84.7,4.03,33.11,,
2026-09-07,07:46:26,TAP1939,CS-TPZ,Embraer E190,TAP Air Portugal,landing,arrivee,775,230.8,87.7,4.39,58.39,,
2026-09-07,07:49:00,TAP1023,,,TAP Air Portugal,landing,arrivee,900,249.1,87.2,4.27,48.6,,
2026-09-07,07:51:33,a05627,N12004,Boeing 787-10,United Airlines,landing,arrivee,900,257.1,87.9,4.76,68.12,,
2026-09-07,07:54:32,EZS98FK,HB-JXJ,Airbus A320,easyJet Europe,landing,arrivee,775,264.8,86.3,3.9,60.98,,
2026-09-07,07:57:21,4b1a37,HB-JYD,Airbus A320,easyJet Switzerland,landing,arrivee,850,246.7,90.6,3.87,59.32,,
2026-09-07,07:59:53,4951cd,CS-TNM,Airbus A320,TAP Air Portugal,landing,arrivee,925,240.8,87.2,4.94,80.09,,
2026-09-07,08:02:54,MMZ612,,,,landing,arrivee,800,229.8,86.4,7.24,63.92,,
2026-09-07,08:05:41,495297,CS-TTW,Embraer E195,TAP Air Portugal,landing,arrivee,750,240.6,86.3,5.35,68.24,,
2026-09-07,08:08:43,495148,CS-TJH,Airbus A321,TAP Air Portugal,landing,arrivee,825,268.0,89.0,4.76,64.76,,
2026-09-07,08:11:21,346691,EC-NLX,Airbus A321,Vueling,landing,arrivee,800,258.9,88.4,5.4,105.67,,
2026-09-07,08:13:52,4951d9,CS-TNY,Airbus A320,TAP Air Portugal,landing,arrivee,850,240.8,90.3,4.83,61.7,,
2026-09-07,08:17:02,ab5fc9,N832AA,Boeing 787-9,American Airlines,landing,arrivee,875,261.5,88.4,4.43,58.67,,
2026-09-07,08:20:09,TAP244,CS-TUA,Airbus A330-900neo,TAP Air Portugal,landing,arrivee,925,240.8,86.2,6.44,51.7,,
2026-09-07,08:27:33,4952ca,CS-TVJ,Airbus A320neo,TAP Air Portugal,landing,arrivee,900,235.4,86.6,4.91,45.47,,
2026-09-07,08:32:08,3991e5,F-HEPF,Airbus A320,Air France,cruise,,925,0.0,88.7,6.04,76.27,,
2026-09-07,08:34:13,49514d,CS-TJM,Airbus A321neo,TAP Air Portugal,landing,arrivee,875,248.0,85.7,3.91,51.76,,
2026-09-07,08:36:54,39de42,,,,landing,arrivee,925,244.8,86.4,3.77,48.17,,
2026-09-07,08:41:24,4951d7,CS-TNW,Airbus A320,TAP Air Portugal,landing,arrivee,875,250.0,89.6,3.9,66.28,,
2026-09-07,08:44:11,4ca769,EI-EFN,Boeing 737-800,Ryanair,landing,arrivee,800,252.4,87.2,4.43,82.24,,
2026-09-07,08:46:42,4ca8d5,EI-ENJ,Boeing 737-800,Ryanair,landing,arrivee,775,253.9,86.3,4.27,93.41,,
2026-09-07,08:49:23,4b181d,,,,landing,arrivee,875,254.8,85.8,4.92,43.01,,
2026-09-07,08:52:35,TAP757P,CS-TTS,Airbus A319,TAP Air Portugal,landing,arrivee,850,223.9,87.5,5.06,63.42,,
2026-09-07,08:55:30,4cafd2,EI-GXM,Boeing 737-800,Ryanair,landing,arrivee,800,249.1,95.0,4.95,52.14,,
2026-09-07,09:00:41,RYR3WD,EI-HAT,Boeing 737 MAX 8,Ryanair,landing,arrivee,425,265.8,87.7,3.83,51.24,,
2026-09-07,09:05:44,4952cd,,,TAP Air Portugal,cruise,,875,0.0,88.8,3.26,36.83,,
2026-09-07,09:08:59,4952c2,CS-TVB,Airbus A320neo,TAP Air Portugal,landing,arrivee,775,240.8,84.0,4.31,49.79,,
2026-09-07,09:11:41,c07a14,,,,landing,arrivee,800,238.9,87.3,7.01,67.89,,
2026-09-07,09:14:45,406fdb,G-EZPE,Airbus A320,easyJet,landing,arrivee,725,253.5,86.2,4.95,74.06,,
2026-09-07,09:17:37,c0611f,C-GKUG,Airbus A330-300,Air Canada,landing,arrivee,800,250.0,90.3,6.57,98.82,,
2026-09-07,09:20:30,a53d80,,,,landing,arrivee,850,244.8,90.4,7.13,75.97,,
2026-09-07,09:23:36,TAP216L,CS-TXM,Airbus A321,TAP Air Portugal,landing,arrivee,750,258.9,85.1,3.26,44.34,,
2026-09-07,09:26:26,TAP072,CS-TUI,Airbus A330-900neo,TAP Air Portugal,landing,arrivee,800,252.4,88.9,6.76,89.55,,
2026-09-07,09:28:55,4854c7,,,,cruise,,900,0.0,89.0,5.92,144.72,,
2026-09-07,09:31:55,THY3WE,TC-LTD,Airbus A321neo,Turkish Airlines,landing,arrivee,875,237.4,89.2,4.39,86.02,,
2026-09-07,09:34:43,4952a6,CS-TUF,Airbus A330-900neo,TAP Air Portugal,landing,arrivee,850,254.1,90.3,7.12,107.01,,
2026-09-07,09:43:52,407537,G-TTNG,Airbus A320neo,British Airways,landing,arrivee,825,237.4,85.7,4.95,34.72,,
2026-09-07,09:46:36,3480ce,,,,landing,arrivee,800,236.7,90.3,6.92,71.86,,
2026-09-07,09:49:20,3c78af,D-ANEO,A319 153NSL,K5-Aviation GmbH,landing,arrivee,850,231.9,86.8,3.92,38.27,,
2026-09-07,09:52:27,4952a8,CS-TUH,Airbus A330-900neo,TAP Air Portugal,landing,arrivee,775,254.1,88.7,7.09,76.78,,
2026-09-07,09:55:17,e49fd7,,,,landing,arrivee,700,249.6,80.8,1.65,23.26,,
2026-09-07,09:58:04,4952b2,CS-TUR,Airbus A330-900neo,TAP Air Portugal,landing,arrivee,875,257.2,92.4,5.91,73.41,,
2026-09-07,10:01:23,4952c5,CS-TVE,Airbus A320neo,TAP Air Portugal,landing,arrivee,850,230.8,87.5,3.95,34.38,,
2026-09-07,10:04:03,4952d3,,,,landing,arrivee,875,232.4,86.0,3.78,47.76,,
2026-09-07,10:07:10,EJU97VT,,,easyJet Europe,landing,arrivee,725,256.5,85.1,4.27,54.08,,
2026-09-07,10:10:07,0a0093,7T-VKT,Boeing 737-700,Air Algerie,landing,arrivee,725,245.6,87.6,5.41,67.29,,
2026-09-07,10:12:35,aa4440,N76021,Boeing 777-200,United Airlines,landing,arrivee,800,256.5,89.3,6.56,82.77,,
2026-09-07,10:15:19,TAP254,CS-TXL,Airbus A321neo,TAP Air Portugal,landing,arrivee,750,266.3,86.5,4.41,37.83,,
2026-09-07,10:17:47,4952c1,CS-TVA,Airbus A320neo,TAP Air Portugal,landing,arrivee,825,257.2,84.3,3.42,49.21,,
2026-09-07,10:20:42,495038,,,TAP Air Portugal,cruise,,725,0.0,88.2,4.73,46.11,,
2026-09-07,10:23:17,4d00f2,LX-LBT,Boeing 737-700,Luxair,landing,arrivee,825,245.9,88.3,5.31,65.29,,
2026-09-07,10:26:25,TAP9259,CS-TNQ,Airbus A320,TAP Air Portugal,landing,arrivee,700,215.0,83.4,4.27,63.19,,
2026-09-07,10:31:47,4952d1,,,,landing,arrivee,750,234.8,86.1,3.91,46.42,,
2026-09-07,10:34:52,EIN82T,EI-DEE,Airbus A320,Aer Lingus,landing,arrivee,750,253.2,89.7,5.93,50.64,,
2026-09-07,10:37:31,344297,EC-LQX,Boeing 737-800,Air Europa,cruise,,725,0.0,86.6,4.79,69.51,,
2026-09-07,10:40:14,TAP210,CS-TUP,Airbus A330-900neo,TAP Air Portugal,landing,arrivee,875,242.4,87.1,6.04,59.16,,
2026-09-07,10:43:30,AZU8752,,,Azul,landing,arrivee,800,250.0,90.2,7.05,82.12,,
2026-09-07,10:45:40,TAP262M,CS-TXB,Airbus A321neo,TAP Air Portugal,cruise,,875,0.0,84.9,4.03,39.66,,
2026-09-07,10:48:53,TAP11MG,CS-TPR,Embraer E190,TAP Air Portugal,landing,arrivee,750,220.8,86.5,3.9,39.88,,
2026-09-07,10:50:32,c0174f,C-FIVM,Boeing 777-300ER,Air Canada,landing,arrivee,750,264.8,91.9,7.09,93.55,,
2026-09-07,10:54:45,4952c4,CS-TVD,Airbus A320neo,TAP Air Portugal,landing,arrivee,875,268.2,85.7,3.74,47.55,,
2026-09-07,10:57:01,495039,,,TAP Air Portugal,cruise,,750,0.0,86.9,3.78,46.41,,
2026-09-07,10:59:01,4952a3,CS-TUC,Airbus A330-900neo,TAP Air Portugal,landing,arrivee,850,249.1,87.3,6.93,53.94,,
2026-09-07,11:01:36,4951f0,CS-TOP,Airbus A330-200,TAP Air Portugal,landing,arrivee,725,253.2,90.4,7.84,78.37,,
2026-09-07,11:03:55,485a33,PH-BCH,Boeing 737-800,KLM,landing,arrivee,725,272.1,88.7,4.39,70.22,,
2026-09-07,11:05:36,3950cd,F-GUGN,A318 111,Air France,approach,arrivee,875,233.9,88.8,5.68,54.29,,
2026-09-07,11:08:37,44cdc8,OO-SNH,Airbus A320,Brussels Airlines,landing,arrivee,825,265.2,88.1,4.91,52.22,,
2026-09-07,11:12:28,440d6f,OE-LSR,Airbus A320,easyJet Europe,landing,arrivee,775,270.8,84.6,4.75,51.3,,
2026-09-07,11:15:36,348342,,,,landing,arrivee,725,248.4,92.1,7.64,57.53,,
2026-09-07,11:18:09,440b1e,OE-IWW,Airbus A320,easyJet Europe,landing,arrivee,875,255.9,86.9,4.82,49.42,,
2026-09-07,11:21:25,RZO1130,CS-TSJ,Airbus A321neo,TAP Air Portugal,landing,arrivee,800,242.4,87.6,4.91,49.78,,
2026-09-07,11:24:08,49514a,CS-TJJ,Airbus A321neo,TAP Air Portugal,landing,arrivee,850,268.2,87.0,4.38,48.47,,
2026-09-07,11:27:07,IBE05FV,EC-LEI,Airbus A319,Iberia,landing,arrivee,850,227.1,91.0,4.79,54.73,,
2026-09-07,11:30:37,3c666f,D-AISO,Airbus A321,Lufthansa,cruise,,875,0.0,87.3,5.42,64.44,,
2026-09-07,11:37:09,440db0,OE-IDX,Airbus A320,easyJet Europe,landing,arrivee,850,243.2,89.5,5.95,61.45,,
2026-09-07,11:45:50,495266,CS-TSF,Airbus A321neo,TAP Air Portugal,landing,arrivee,875,272.4,86.6,5.27,40.14,,
2026-09-07,11:48:21,0201a2,CN-RHE,Boeing 737 MAX 8,Royal Air Maroc,cruise,,900,0.0,88.7,4.92,66.24,,
2026-09-07,11:51:25,495218,CS-TPX,Embraer E190,TAP Air Portugal,landing,arrivee,725,254.1,87.2,3.78,45.72,,
2026-09-07,11:54:14,49521a,CS-TPZ,Embraer E190,TAP Air Portugal,landing,arrivee,750,253.2,84.4,4.27,61.63,,
2026-09-07,12:10:33,OBS864,,,TAP Air Portugal,landing,arrivee,825,258.9,86.4,6.01,65.73,,
2026-09-07,12:13:49,TAP1902,CS-TVJ,Airbus A320neo,TAP Air Portugal,landing,arrivee,525,236.7,83.9,4.91,35.27,,
2026-09-07,12:16:36,8963d9,A6-EPJ,Boeing 777-300ER,Emirates,landing,arrivee,775,284.1,92.2,6.6,101.48,,
2026-09-07,12:19:31,4d20e7,9H-VCE,Challenger 350,VistaJet,cruise,,925,0.0,80.7,1.73,25.93,,
2026-09-07,12:26:24,4d2087,,,,landing,arrivee,800,263.4,88.1,5.96,68.27,,
2026-09-07,12:28:53,4cacdf,EI-GJS,Boeing 737-800,Ryanair,landing,arrivee,750,267.2,87.0,4.34,77.39,,
2026-09-07,12:34:29,EJU32WQ,,,easyJet Europe,landing,arrivee,850,245.9,84.1,4.31,33.71,,
2026-09-07,12:37:16,4952b1,CS-TUQ,Airbus A330-900neo,TAP Air Portugal,landing,arrivee,725,271.3,87.5,6.6,59.67,,
2026-09-07,12:39:55,EJU16HG,OE-IBS,Airbus A320,easyJet Europe,landing,arrivee,725,268.9,85.5,4.91,53.67,,
2026-09-07,12:42:50,EWG66L,9H-AMV,Airbus A320,Eurowings,landing,arrivee,875,263.9,88.4,5.42,80.4,,
2026-09-07,12:45:10,39ceb9,F-HTVZ,Boeing 737-800,Transavia France,landing,arrivee,725,268.9,87.7,5.35,60.76,,
2026-09-07,12:48:23,495292,CS-TTR,Airbus A319,TAP Air Portugal,landing,arrivee,775,234.8,87.9,6.44,59.93,,
2026-09-07,12:51:24,495269,CS-TSI,Airbus A321neo,TAP Air Portugal,landing,arrivee,775,280.6,87.5,3.79,44.34,,
2026-09-07,12:56:51,495216,CS-TPV,Embraer E190,TAP Air Portugal,landing,arrivee,725,244.3,86.9,5.44,61.13,,
2026-09-07,12:59:57,440cf8,OE-IBF,Airbus A320,easyJet Europe,landing,arrivee,875,254.1,86.3,5.83,55.26,,
2026-09-07,13:03:07,440c33,OE-LSK,Airbus A320neo,easyJet Europe,cruise,,725,0.0,87.3,4.35,40.45,,
2026-09-07,13:07:22,49520f,CS-TPO,Embraer E190,TAP Air Portugal,landing,arrivee,750,256.5,89.3,5.43,45.52,,
2026-09-07,13:10:38,a5237f,,,,landing,arrivee,875,256.5,89.1,7.07,65.17,,
2026-09-07,13:14:03,495210,CS-TPP,Embraer E190,TAP Air Portugal,landing,arrivee,700,233.9,87.9,5.07,51.12,,
2026-09-07,13:16:41,495297,CS-TTW,Embraer E195,TAP Air Portugal,cruise,,825,0.0,90.9,5.42,53.92,,
2026-09-07,13:19:40,4951ee,CS-TON,Airbus A330-200,TAP Air Portugal,landing,arrivee,725,258.9,94.3,7.56,66.94,,
2026-09-07,13:22:07,345041,EC-MHA,Airbus A321,Vueling,landing,arrivee,800,267.2,90.4,4.95,47.02,,
2026-09-07,13:24:53,4952cc,CS-TVL,Airbus A320,TAP Air Portugal,landing,arrivee,775,241.5,89.7,5.85,45.13,,
2026-09-07,13:28:08,TAP91TL,CS-TTX,Embraer E195,TAP Air Portugal,landing,arrivee,525,257.2,89.4,5.42,59.22,,
2026-09-07,13:30:48,TAP641,CS-TNS,Airbus A320,TAP Air Portugal,landing,arrivee,700,256.3,91.9,5.42,40.54,,
2026-09-07,13:33:46,3c64a9,D-AIEI,Airbus A321neo,Lufthansa,approach,arrivee,850,253.2,90.6,6.2,65.93,,
2026-09-07,13:36:29,495153,,,TAP Air Portugal,landing,arrivee,900,274.8,87.9,4.92,53.34,,
2026-09-07,13:39:19,TAP1031,CS-TJE,Airbus A321,TAP Air Portugal,landing,arrivee,850,275.6,90.8,4.99,53.98,,
2026-09-07,13:42:01,4b17ff,HB-JCH,C Series 300,Swiss,landing,arrivee,775,266.5,88.8,4.74,47.05,,
2026-09-07,13:48:55,4952c8,CS-TVH,Airbus A320neo,TAP Air Portugal,landing,arrivee,800,264.8,90.6,3.88,50.17,,
2026-09-07,13:51:44,495037,,,TAP Air Portugal,landing,arrivee,700,262.4,87.3,4.94,48.36,,
2026-09-07,13:54:35,495213,CS-TPS,Embraer E190,TAP Air Portugal,landing,arrivee,725,235.6,86.5,4.43,47.15,,
2026-09-07,13:57:44,TAP11EG,CS-TPQ,Embraer E190,TAP Air Portugal,landing,arrivee,725,237.4,86.4,5.43,49.54,,
2026-09-07,14:00:33,TAP471A,CS-TPU,Embraer E190,TAP Air Portugal,landing,arrivee,700,237.4,87.0,6.04,33.15,,
2026-09-07,14:03:17,495219,CS-TPY,Embraer E190,TAP Air Portugal,cruise,,725,0.0,89.5,5.44,49.49,,
2026-09-07,14:05:56,TAP112,CS-TOO,Airbus A330-200,TAP Air Portugal,landing,arrivee,800,253.2,95.2,7.48,79.38,,
2026-09-07,14:08:41,49514f,CS-TJO,Airbus A321neo,TAP Air Portugal,landing,arrivee,750,267.2,87.8,4.92,51.03,,
2026-09-07,14:11:27,495154,,,,landing,arrivee,775,248.4,89.2,6.03,42.56,,
2026-09-07,14:14:27,4951cc,CS-TNL,Airbus A320,TAP Air Portugal,landing,arrivee,775,248.4,93.0,6.93,68.28,,
2026-09-07,14:17:07,RYR1316,EI-IJE,Boeing 737 MAX 8,Ryanair,landing,arrivee,925,272.4,88.3,4.91,44.76,,
2026-09-07,14:20:13,4ca73d,EI-EBV,Boeing 737-800,Ryanair,landing,arrivee,750,273.9,94.0,5.68,67.56,,
2026-09-07,14:22:56,TAP084,CS-TUB,Airbus A330-900neo,TAP Air Portugal,landing,arrivee,775,259.7,93.4,7.45,79.3,,
2026-09-07,14:25:42,495299,CS-TTY,Embraer E195,TAP Air Portugal,landing,arrivee,700,263.9,87.2,6.47,40.94,,
2026-09-07,14:28:24,440488,OE-INJ,Airbus A320,,landing,arrivee,750,257.2,87.5,5.91,48.84,,
2026-09-07,14:31:16,RYR67UV,EI-EMJ,Boeing 737-800,Ryanair,landing,arrivee,875,282.8,88.5,4.95,71.03,,
2026-09-07,14:34:33,495171,CS-TKQ,Airbus A320,TAP Air Portugal,landing,arrivee,850,249.8,90.6,5.96,42.92,,
2026-09-07,14:37:12,486836,PH-AXK,Airbus A321neo,KLM,cruise,,900,0.0,86.8,4.91,44.96,,
2026-09-07,14:45:40,3991e8,F-HEPI,Airbus A320,Air France,landing,arrivee,800,254.8,92.0,6.43,62.95,,
2026-09-07,14:48:21,405b67,G-EZDN,Airbus A319,easyJet,landing,arrivee,900,249.8,87.2,4.4,47.13,,
2026-09-07,14:51:12,4952c6,CS-TVF,Airbus A320neo,TAP Air Portugal,approach,arrivee,900,0.0,86.2,4.31,41.13,,
2026-09-07,14:56:43,TAP86GM,CS-TJF,Airbus A321,TAP Air Portugal,landing,arrivee,850,278.2,92.5,5.53,46.57,,
2026-09-07,15:05:29,4b194c,HB-JPC,Airbus A321,Swiss,landing,arrivee,725,268.9,87.8,4.83,45.07,,
2026-09-07,15:12:25,344297,EC-LQX,Boeing 737-800,Air Europa,landing,arrivee,875,270.8,89.2,4.52,58.02,,
2026-09-07,15:17:56,TAP88TM,CS-TJL,Airbus A321neo,TAP Air Portugal,landing,arrivee,275,266.3,70.6,0.08,20.86,,
2026-09-07,15:19:36,495308,CS-TXH,Airbus A321neo,TAP Air Portugal,landing,arrivee,775,262.4,85.2,4.3,54.97,,
2026-09-07,15:22:47,502ce5,YL-CSK,A220 300,Air Baltic,cruise,,775,0.0,89.0,4.94,48.01,,
2026-09-07,15:26:35,4951d6,CS-TNV,Airbus A320,TAP Air Portugal,landing,arrivee,750,277.6,88.9,6.08,52.54,,
2026-09-07,15:30:11,495152,CS-TJR,Airbus A321neo,TAP Air Portugal,landing,arrivee,825,244.8,88.2,5.48,52.92,,
2026-09-07,15:32:39,3c6658,D-AIRX,Airbus A321,Lufthansa,landing,arrivee,775,286.5,88.5,4.94,65.51,,
2026-09-07,15:35:08,461faa,OH-LZU,Airbus A321,Finnair,cruise,,875,0.0,88.8,4.55,62.18,,
2026-09-07,15:38:26,EJU81TJ,,,easyJet Europe,landing,arrivee,775,247.2,88.3,5.4,36.79,,
2026-09-07,15:40:55,4d22af,9H-LMP,Airbus A320,Lauda Europe,cruise,,825,0.0,88.6,4.79,46.2,,
2026-09-07,15:43:51,4cafd2,EI-GXM,Boeing 737-800,Ryanair,landing,arrivee,775,271.3,89.9,6.16,72.72,,
2026-09-07,15:46:57,4951d5,CS-TNU,Airbus A320,TAP Air Portugal,landing,arrivee,650,260.8,90.0,5.43,59.63,,
2026-09-07,15:50:00,TAP541W,CS-TVN,Airbus A320neo,TAP Air Portugal,landing,arrivee,850,250.8,83.1,4.88,42.48,,
2026-09-07,15:52:48,4952c9,CS-TVI,Airbus A320neo,TAP Air Portugal,landing,arrivee,800,260.0,85.6,5.92,52.1,,
2026-09-07,15:55:41,THY4GH,TC-LSF,Airbus A321neo,Turkish Airlines,landing,arrivee,800,253.2,89.5,6.33,45.37,,
2026-09-07,15:58:10,495038,,,TAP Air Portugal,landing,arrivee,775,270.8,88.0,4.9,50.54,,
2026-09-07,16:00:49,495150,CS-TJP,Airbus A321neo,TAP Air Portugal,cruise,,850,0.0,91.1,4.91,48.66,,
2026-09-07,16:03:21,4952d2,CS-TVR,Airbus A320neo,TAP Air Portugal,landing,arrivee,900,234.8,87.5,5.32,39.94,,
2026-09-07,16:06:12,4952d0,,,TAP Air Portugal,landing,arrivee,900,252.4,88.4,4.31,43.13,,
2026-09-07,16:08:48,TAP31DB,CS-TVG,Airbus A320neo,TAP Air Portugal,landing,arrivee,775,254.8,89.2,4.88,72.01,,
2026-09-07,16:14:21,495218,CS-TPX,Embraer E190,TAP Air Portugal,landing,arrivee,750,235.6,86.9,5.39,47.43,,
2026-09-07,16:16:32,440d6f,OE-LSR,Airbus A320,easyJet Europe,cruise,,900,0.0,84.8,4.51,46.02,,
2026-09-07,16:19:52,4ca92b,EI-HAT,Boeing 737 MAX 8,Ryanair,landing,arrivee,750,275.6,85.9,4.66,50.63,,
2026-09-07,16:22:55,49514b,CS-TJK,Airbus A321neo,TAP Air Portugal,landing,arrivee,800,269.3,85.2,5.04,46.34,,
2026-09-07,16:25:47,TAP3834,CS-TPT,Embraer E190,TAP Air Portugal,landing,arrivee,750,243.2,87.5,5.32,59.52,,
2026-09-07,16:28:12,4951ca,CS-TNJ,Airbus A320,TAP Air Portugal,landing,arrivee,900,262.4,86.3,4.3,56.24,,
2026-09-07,16:30:56,TAP571,CS-TNX,Airbus A320,TAP Air Portugal,landing,arrivee,725,262.8,90.5,4.28,46.88,,
2026-09-07,16:33:22,4952c2,CS-TVB,Airbus A320neo,TAP Air Portugal,landing,arrivee,850,258.9,86.6,3.9,47.13,,
2026-09-07,16:35:45,49514d,CS-TJM,Airbus A321neo,TAP Air Portugal,landing,arrivee,950,262.4,87.8,4.92,52.23,,
2026-09-07,16:38:32,06a0b9,A7-BCU,Boeing 787-8,Qatar Airways,landing,arrivee,700,266.5,87.5,6.08,66.56,,
2026-09-07,16:41:05,BAW5DW,G-TTNE,Airbus A320neo,British Airways,landing,arrivee,800,234.8,85.4,5.48,48.86,,
2026-09-07,16:44:01,3475c9,,,,landing,arrivee,775,268.9,90.3,5.44,55.31,,
2026-09-07,16:47:01,TAM8150,CC-BGR,Boeing 787-9,LATAM Airlines,landing,arrivee,850,253.2,91.7,6.44,73.81,,
2026-09-07,16:50:16,4952ca,CS-TVJ,Airbus A320neo,TAP Air Portugal,landing,arrivee,775,258.9,85.0,4.42,46.55,,
2026-09-07,16:53:23,HFM104,9H-MIR,Challenger 604,HiFly Malta,landing,arrivee,875,235.2,88.2,2.73,45.7,,
2026-09-07,16:56:00,4952c5,CS-TVE,Airbus A320neo,TAP Air Portugal,landing,arrivee,850,261.5,87.5,4.92,54.11,,
2026-09-07,16:59:08,495149,CS-TJI,Airbus A321neo,TAP Air Portugal,landing,arrivee,775,259.7,87.4,5.03,37.84,,
2026-09-07,17:03:18,440b1e,OE-IWW,Airbus A320,easyJet Europe,landing,arrivee,875,248.4,87.8,5.96,74.32,,
2026-09-07,17:06:32,7815d9,B-305R,Airbus A330-300,Capital Airlines,landing,arrivee,900,240.0,89.5,6.46,57.64,,
2026-09-07,17:10:52,4cae97,,,,landing,arrivee,900,268.2,86.6,4.28,54.47,,
2026-09-07,17:13:40,3c56f5,D-AEWU,Airbus A320,Eurowings,landing,arrivee,925,250.8,89.0,4.95,54.29,,
2026-09-07,17:19:34,48c2a1,SP-RZB,Boeing 737 MAX 8,Buzz,cruise,,900,0.0,86.1,4.38,55.08,,
2026-09-07,17:24:50,TRA9H,PH-HBM,Boeing 737-800,Transavia,landing,arrivee,425,278.9,90.1,4.8,89.99,,
2026-09-07,17:27:32,471d5c,HA-LDC,Airbus A321neo,Wizz Air,landing,arrivee,825,242.2,88.2,4.55,73.19,,
2026-09-07,17:29:59,48af09,SP-LVK,Boeing 737 MAX 8,Buzz,landing,arrivee,875,268.2,88.9,4.91,72.31,,
2026-09-07,17:38:50,4d228b,9H-QDK,Boeing 737-800,Malta Air,cruise,,975,0.0,83.1,5.32,59.87,,
2026-09-07,17:41:32,TAP643,,,TAP Air Portugal,landing,arrivee,775,263.2,83.1,3.9,43.88,,
2026-09-07,17:43:48,3991e0,F-HEPA,Airbus A320,Air France,cruise,,1000,0.0,86.8,5.44,49.36,,
2026-09-07,17:46:28,02005a,CN-ROB,Boeing 737-800,Royal Air Maroc,landing,arrivee,750,284.8,91.3,4.93,63.85,,
2026-09-07,17:49:44,4952b3,CS-TUS,Airbus A330-900neo,TAP Air Portugal,landing,arrivee,850,253.2,87.3,6.59,74.69,,
2026-09-07,17:52:27,40097d,G-EUUB,Airbus A320,British Airways,cruise,,800,0.0,90.2,4.9,67.86,,
2026-09-07,17:54:31,4d2244,9H-QCV,Boeing 737-800,Malta Air,landing,arrivee,925,263.2,86.2,5.43,60.1,,
2026-09-07,18:03:44,34258f,EC-KDX,Airbus A320,Vueling,landing,arrivee,900,239.1,89.0,5.55,58.06,,
2026-09-07,18:06:58,440c33,OE-LSK,Airbus A320neo,easyJet Europe,cruise,,825,0.0,84.7,4.33,38.45,,
2026-09-07,18:09:52,VLG9QY,EC-KRH,Airbus A320,Vueling,landing,arrivee,700,264.1,87.4,4.32,37.64,,
2026-09-07,18:12:12,440da5,OE-IDS,Airbus A320,easyJet Europe,landing,arrivee,900,261.5,87.5,5.43,58.92,,
2026-09-07,18:14:55,39d315,F-HUYV,Boeing 737-800,Transavia France,landing,arrivee,775,266.5,88.5,5.43,74.55,,
2026-09-07,18:17:25,TAP282,CS-TUN,Airbus A330-900neo,TAP Air Portugal,landing,arrivee,900,237.6,90.0,7.11,62.85,,
2026-09-07,18:21:26,494107,CS-PHG,Phenom 300,NetJets,landing,arrivee,650,216.3,79.3,1.62,18.75,,
2026-09-07,18:24:27,TAP1455,CS-TTX,Embraer E195,TAP Air Portugal,landing,arrivee,475,257.2,87.7,4.45,43.79,,
2026-09-07,18:26:59,49514e,CS-TJN,Airbus A321neo,TAP Air Portugal,landing,arrivee,950,255.9,88.5,4.42,38.41,,
2026-09-07,18:30:11,486897,,,KLM,landing,arrivee,850,265.6,85.8,4.81,42.11,,
2026-09-07,18:33:02,TAP1558,,,TAP Air Portugal,landing,arrivee,875,252.4,87.3,4.75,35.28,,
2026-09-07,18:35:42,4401e2,OE-LEX,Airbus A320,,cruise,,775,0.0,88.2,5.46,71.89,,
2026-09-07,18:39:39,495210,CS-TPP,Embraer E190,TAP Air Portugal,landing,arrivee,550,233.2,84.9,5.95,34.33,,
2026-09-07,18:42:05,4952cd,,,TAP Air Portugal,landing,arrivee,725,246.7,84.6,4.3,45.38,,
2026-09-07,18:45:12,4d211f,,,,descending,arrivee,600,163.7,52.6,0.0,16.37,,
2026-09-07,18:50:19,4951d2,CS-TNR,Airbus A320,TAP Air Portugal,landing,arrivee,775,257.6,87.8,5.41,54.15,,
2026-09-07,18:53:26,4951d6,CS-TNV,Airbus A320,TAP Air Portugal,landing,arrivee,875,240.0,85.3,4.8,55.51,,
2026-09-07,18:56:24,495297,CS-TTW,Embraer E195,TAP Air Portugal,landing,arrivee,775,247.6,89.1,5.46,66.08,,
2026-09-07,18:58:48,440db0,OE-IDX,Airbus A320,easyJet Europe,landing,arrivee,850,251.7,88.0,5.44,68.82,,
2026-09-07,19:01:37,44cdcf,OO-SNO,Airbus A320,Brussels Airlines,landing,arrivee,825,245.6,87.2,5.47,57.39,,
2026-09-07,19:04:07,AXY820H,,,,landing,arrivee,950,225.9,85.5,3.27,28.66,,
2026-09-07,19:06:45,344217,EC-LPQ,Boeing 737-800,Air Europa,landing,arrivee,975,245.6,88.4,4.95,56.6,,
2026-09-07,19:10:08,AEE4554,SX-DVT,Airbus A320,Aegean Airlines,landing,arrivee,550,250.8,89.3,5.82,66.49,,
2026-09-07,19:12:51,4400b2,OE-LST,Airbus A320,easyJet Europe,landing,arrivee,925,223.2,89.4,4.31,43.28,,
2026-09-07,19:15:46,4952d1,,,,landing,arrivee,800,254.1,86.5,4.93,48.64,,
2026-09-07,19:18:47,495213,CS-TPS,Embraer E190,TAP Air Portugal,landing,arrivee,775,242.4,87.6,5.44,39.75,,
2026-09-07,19:21:12,8963d0,A6-EPA,Boeing 777-300ER,Emirates,landing,arrivee,850,254.1,93.4,6.98,133.16,,
2026-09-07,19:24:00,495212,CS-TPR,Embraer E190,TAP Air Portugal,cruise,,850,0.0,87.4,5.57,38.68,,
2026-09-07,19:26:43,TAP1439,CS-TVH,Airbus A320neo,TAP Air Portugal,landing,arrivee,800,240.0,86.3,4.78,47.48,,
2026-09-07,19:29:37,4403f0,OE-LQF,Airbus A319,easyJet Europe,cruise,,975,0.0,87.2,4.95,69.42,,
2026-09-07,19:32:48,TRA55J,,,,landing,arrivee,875,264.8,86.9,4.83,54.45,,
2026-09-07,19:34:33,9HGMF,,,,cruise,,700,132.0,80.9,0.48,156.5,,
2026-09-07,19:36:12,WZZ477,,,,landing,arrivee,550,239.8,88.1,4.91,58.0,,
2026-09-07,19:38:09,495039,,,TAP Air Portugal,cruise,,800,0.0,85.9,4.78,46.92,,
2026-09-07,19:41:08,49514a,CS-TJJ,Airbus A321neo,TAP Air Portugal,landing,arrivee,800,258.9,86.2,3.38,50.79,,
2026-09-07,19:43:36,4951cd,CS-TNM,Airbus A320,TAP Air Portugal,cruise,,950,0.0,88.9,4.8,56.94,,
2026-09-07,19:46:30,4b027f,HB-AYP,Airbus A320neo,easyJet Switzerland,cruise,,925,0.0,85.9,5.43,43.4,,
2026-09-07,19:49:08,342581,EC-KCU,Airbus A320,Vueling,cruise,,950,0.0,89.3,5.96,61.07,,
2026-09-07,19:52:08,4071d9,G-EZPX,Airbus A320,easyJet,landing,arrivee,875,237.4,87.8,3.9,67.77,,
2026-09-07,19:54:38,495290,CS-TTP,Airbus A319,TAP Air Portugal,cruise,,975,0.0,85.3,4.92,64.21,,
2026-09-07,19:57:07,345543,EC-MRI,Bombardier CRJ-1000,Air Nostrum,landing,arrivee,900,245.6,85.9,4.39,41.03,,
2026-09-07,20:01:38,TAP25AC,CS-TPY,Embraer E190,TAP Air Portugal,landing,arrivee,575,244.3,87.4,4.05,50.34,,
2026-09-07,20:07:11,4cacdf,EI-GJS,Boeing 737-800,Ryanair,landing,arrivee,900,254.1,88.8,5.44,90.66,,
2026-09-07,20:09:49,440cff,,,,landing,arrivee,975,242.4,87.2,4.29,40.62,,
2026-09-07,20:12:30,348205,,,,landing,arrivee,875,243.2,85.7,4.3,69.0,,
2026-09-07,20:15:11,0900bb,D2-TEG,Boeing 777-300ER,TAAG Angola,cruise,,950,0.0,91.3,6.53,109.22,,
2026-09-07,20:18:06,4d2492,9H-WDL,Airbus A321,Lauda Europe,landing,arrivee,900,228.4,85.0,4.79,44.58,,
2026-09-07,20:20:51,49d13d,OK-TVL,Boeing 737-800,Eurowings,landing,arrivee,825,254.8,87.7,5.96,90.94,,
2026-09-07,20:23:24,4d2303,9H-VUE,Boeing 737 MAX 8,Malta Air,landing,arrivee,875,252.4,92.9,4.44,56.18,,
2026-09-07,20:26:24,495146,CS-TJF,Airbus A321,TAP Air Portugal,landing,arrivee,800,268.9,88.5,4.3,43.14,,
2026-09-07,20:28:56,3472c4,EC-NUP,Airbus A320,Vueling,landing,arrivee,875,249.1,83.8,4.43,42.85,,
2026-09-07,20:31:38,4cadc4,EI-IGG,Boeing 737 MAX 8,Ryanair,cruise,,850,0.0,86.6,4.34,56.56,,
2026-09-07,20:34:28,4951d7,CS-TNW,Airbus A320,TAP Air Portugal,landing,arrivee,900,255.6,85.9,5.43,46.73,,
2026-09-07,20:37:58,TAP1019,CS-TPQ,Embraer E190,TAP Air Portugal,landing,arrivee,600,230.8,85.6,3.82,50.7,,
2026-09-07,20:40:14,49521a,CS-TPZ,Embraer E190,TAP Air Portugal,cruise,,825,0.0,89.7,4.95,62.08,,
2026-09-07,20:41:54,4952c1,CS-TVA,Airbus A320neo,TAP Air Portugal,landing,arrivee,875,250.8,85.2,3.79,42.73,,
2026-09-07,20:44:05,TAP1862,CS-TVC,Airbus A320neo,TAP Air Portugal,landing,arrivee,775,250.8,85.5,3.92,54.88,,
2026-09-07,20:45:35,4952c4,CS-TVD,Airbus A320neo,TAP Air Portugal,landing,arrivee,850,250.0,84.4,2.74,47.25,,
2026-09-07,20:48:27,EZY15UP,G-UZHD,Airbus A320neo,easyJet,landing,arrivee,925,229.5,85.5,4.42,44.45,,
2026-09-07,20:54:34,407cb0,G-RUKD,Boeing 737-800,Ryanair UK,cruise,,825,0.0,87.3,4.1,56.92,,
2026-09-07,21:00:04,c071a4,C-GRAX,Boeing 737 MAX 8,WestJet,landing,arrivee,800,262.4,84.0,3.82,51.15,14.1,341
2026-09-07,21:02:55,495217,CS-TPW,Embraer E190,TAP Air Portugal,cruise,,875,0.0,87.2,4.15,54.83,14.1,341
2026-09-07,21:05:13,738068,4X-EKI,Boeing 737-800,El Al,cruise,,750,0.0,91.2,4.95,125.81,14.1,341
2026-09-07,21:10:49,TAP877,CS-TPO,Embraer E190,TAP Air Portugal,landing,arrivee,750,236.7,88.6,3.81,53.39,14.1,341
2026-09-07,21:13:34,4951d9,CS-TNY,Airbus A320,TAP Air Portugal,cruise,,775,0.0,86.7,4.99,62.78,14.1,341
2026-09-07,21:16:47,EZY31FV,,,easyJet,landing,arrivee,525,271.3,85.8,3.82,49.68,14.1,341
2026-09-07,21:20:17,348206,,,Vueling,landing,arrivee,825,239.1,84.5,4.34,48.61,14.1,341
2026-09-07,21:23:26,495216,CS-TPV,Embraer E190,TAP Air Portugal,cruise,,725,0.0,81.6,3.7,40.64,14.1,341
2026-09-07,21:26:05,PGT1561,TC-NBY,Airbus A320neo,Pegasus,landing,arrivee,775,227.4,86.4,5.61,48.38,14.1,341
2026-09-07,21:29:02,4951cc,CS-TNL,Airbus A320,TAP Air Portugal,landing,arrivee,800,254.1,86.1,4.89,64.82,14.1,341
2026-09-07,21:32:22,LZB563,LZ-ROM,A220-300,Bulgaria Air,landing,arrivee,475,249.8,94.2,6.05,41.92,14.1,341
2026-09-07,21:35:11,02a191,TS-IMR,Airbus A320,Tunisair,landing,arrivee,500,245.6,91.0,5.31,56.47,14.1,341
2026-09-07,21:37:50,FIA5811,ER-00003,Airbus A321,Fly One,landing,arrivee,425,258.0,91.1,5.2,68.68,14.1,341
2026-09-07,21:40:38,4952ce,CS-TVN,Airbus A320neo,TAP Air Portugal,landing,arrivee,525,241.7,86.5,5.44,37.4,14.1,341
2026-09-07,21:43:16,49514f,CS-TJO,Airbus A321neo,TAP Air Portugal,landing,arrivee,450,267.2,88.0,4.95,43.01,14.1,341
2026-09-07,21:45:58,TAP67U,CS-TVL,Airbus A320,TAP Air Portugal,landing,arrivee,475,265.6,87.1,3.92,39.41,14.1,341
2026-09-07,21:48:31,495171,CS-TKQ,Airbus A320,TAP Air Portugal,landing,arrivee,475,266.5,89.0,5.4,53.96,14.1,341
2026-09-07,21:53:13,RYR4RL,EI-HET,Boeing 737 MAX 8,Ryanair,landing,arrivee,450,263.9,87.3,5.52,57.63,14.5,341
2026-09-07,21:58:39,TAP5AS,CS-TNS,Airbus A320,TAP Air Portugal,landing,arrivee,450,247.2,89.3,5.48,50.89,14.5,341
2026-09-07,22:01:28,TAP1325,,,TAP Air Portugal,landing,arrivee,450,249.8,88.1,4.83,47.49,14.5,341
2026-09-07,22:04:07,RYR4XW,9H-QAU,Boeing 737-800,Malta Air,landing,arrivee,425,272.4,91.1,5.43,75.8,14.5,341
2026-09-07,22:06:52,TAP827V,,,TAP Air Portugal,landing,arrivee,450,258.4,85.1,4.92,45.74,14.3,342
2026-09-07,22:09:35,TAP555,CS-TJE,Airbus A321,TAP Air Portugal,landing,arrivee,275,252.4,91.4,6.1,14.57,14.3,342
2026-09-07,22:11:08,49514c,CS-TJL,Airbus A321neo,TAP Air Portugal,landing,arrivee,450,255.6,88.4,3.32,34.77,14.3,342
2026-09-07,22:15:12,DLH34J,D-AING,Airbus A320neo,Lufthansa,landing,arrivee,475,235.6,84.3,4.2,59.64,14.3,342
2026-09-07,22:17:37,TVF34QV,F-HTVP,Boeing 737-800,Transavia France,landing,arrivee,450,269.7,88.6,4.46,68.03,14.3,342
2026-09-07,22:20:02,TAP1243,CS-TJH,Airbus A321,TAP Air Portugal,landing,arrivee,425,264.8,93.7,6.07,58.23,14.2,344
2026-09-07,22:21:41,RYR20EE,EI-DWS,Boeing 737-800,Ryanair,landing,arrivee,425,253.2,92.4,5.96,120.47,14.2,344
2026-09-07,22:23:29,392aed,F-GKXN,Airbus A320,Air France,landing,arrivee,500,247.2,92.2,5.42,58.14,14.2,344
2026-09-07,22:25:58,4ca566,EI-DWA,Boeing 737-800,Ryanair,cruise,,450,0.0,88.1,5.37,70.71,14.2,344
2026-09-07,22:27:59,EJU15PC,OE-IWW,Airbus A320,easyJet Europe,landing,arrivee,450,244.8,88.2,5.47,71.65,14.2,344
2026-09-07,22:31:03,TAP1369,CS-TVF,Airbus A320neo,TAP Air Portugal,landing,arrivee,450,246.7,86.5,3.15,37.41,14.2,344
2026-09-07,22:33:45,3c666a,D-AISJ,Airbus A321,Lufthansa,landing,arrivee,475,267.2,86.9,4.91,49.67,14.2,344
2026-09-07,22:39:46,495218,CS-TPX,Embraer E190,TAP Air Portugal,landing,arrivee,450,229.1,87.2,5.6,39.53,14.1,345
2026-09-07,22:42:10,TAP645,CS-TJR,Airbus A321neo,TAP Air Portugal,landing,arrivee,450,262.4,88.9,4.29,32.7,14.1,345
2026-09-07,22:45:10,495153,,,TAP Air Portugal,landing,arrivee,475,239.1,90.3,4.94,41.52,14.1,345
2026-09-07,22:46:37,EJU36BG,OE-IBF,Airbus A320,easyJet Europe,landing,arrivee,425,252.4,89.2,4.94,73.96,14.1,345
2026-09-07,22:49:32,EJU93ZB,,,easyJet Europe,landing,arrivee,450,254.8,88.0,4.32,40.92,13.6,348
2026-09-07,22:52:20,440224,,,easyJet Europe,landing,arrivee,475,232.4,89.8,4.8,33.73,13.6,348
2026-09-07,22:54:50,RYR29TL,EI-GXM,Boeing 737-800,Ryanair,landing,arrivee,425,268.2,88.9,4.91,73.56,14.0,348
2026-09-07,22:56:52,THY2ES,,,Turkish Airlines,landing,arrivee,450,234.8,88.7,6.57,59.75,14.0,348
2026-09-07,22:59:18,TAP1933,CS-TTZ,Embraer E195,TAP Air Portugal,landing,arrivee,450,236.7,88.4,5.44,46.17,14.0,348
2026-09-07,23:02:18,407844,G-NEOZ,Airbus A321neo,British Airways,landing,arrivee,500,223.9,88.9,5.51,41.56,14.0,348
2026-09-07,23:06:33,440d10,OE-IBS,Airbus A320,easyJet Europe,landing,arrivee,450,244.3,89.0,5.41,56.35,13.6,349
2026-09-07,23:09:17,EJU74EP,OE-LSK,Airbus A320neo,easyJet Europe,landing,arrivee,450,253.2,86.4,3.75,38.93,13.6,349
2026-09-07,23:11:56,KLM35W,,,KLM,landing,arrivee,450,261.5,89.7,3.91,40.61,13.6,349
2026-09-07,23:14:46,4b194b,HB-JPB,Airbus A321neo,Swiss,landing,arrivee,475,240.8,89.7,5.07,46.26,13.6,349
2026-09-07,23:17:36,RYR85KH,EI-IJE,Boeing 737 MAX 8,Ryanair,landing,arrivee,475,270.4,89.0,4.92,50.37,13.6,349
2026-09-07,23:20:28,3c64b1,D-AIEQ,Airbus A321,Lufthansa,landing,arrivee,550,227.4,89.2,6.96,62.06,13.2,349
2026-09-07,23:23:17,342091,EC-ILS,Airbus A320,Iberia,landing,arrivee,475,239.3,88.9,6.69,66.9,13.2,349
2026-09-07,23:26:16,TAP64M,CS-TVB,Airbus A320neo,TAP Air Portugal,landing,arrivee,450,233.2,87.3,4.81,34.4,13.2,349
2026-09-07,23:29:08,46b8aa,SX-NEJ,Airbus A320,Aegean Airlines,landing,arrivee,425,234.8,86.5,4.4,38.41,13.2,349
2026-09-07,23:31:50,TAP43RY,,,TAP Air Portugal,landing,arrivee,500,233.2,90.4,6.56,60.2,13.2,349
2026-09-07,23:34:32,RYR55AR,,,Ryanair,landing,arrivee,450,263.2,89.8,4.31,55.06,13.1,351
2026-09-07,23:37:32,EJU19TV,OE-LSR,Airbus A320,easyJet Europe,landing,arrivee,425,244.8,87.0,4.95,35.03,13.1,351
2026-09-07,23:40:31,39d310,F-HUYQ,Boeing 737-800,Transavia France,landing,arrivee,450,260.8,89.9,5.84,72.52,13.1,351
2026-09-07,23:43:21,TAP94KM,CS-TNJ,Airbus A320,TAP Air Portugal,landing,arrivee,500,247.2,88.1,5.44,56.83,13.1,351
2026-09-07,23:45:09,4951d4,CS-TNT,Airbus A320,TAP Air Portugal,cruise,,625,0.0,89.5,6.05,53.96,13.1,351
2026-09-07,23:47:41,495214,CS-TPT,Embraer E190,TAP Air Portugal,cruise,,475,0.0,88.2,6.49,59.0,13.1,351
2026-09-07,23:49:41,TAP39PT,CS-TTY,Embraer E195,TAP Air Portugal,landing,arrivee,450,247.6,86.7,4.91,58.95,13.1,351
2026-09-07,23:51:51,WZZ84UJ,HA-LZM,Airbus A321,Wizz Air,landing,arrivee,475,230.6,88.1,5.05,55.37,13.1,351
2026-09-08,00:13:56,4d211f,,,,descending,arrivee,350,51.5,49.9,0.0,13.06,12.8,350
2026-09-08,00:54:29,9HGMF,,,,cruise,,325,43.0,49.4,0.0,12.83,12.0,351
2026-09-08,04:25:42,RZO128,CS-TKQ,Airbus A320,TAP Air Portugal,landing,arrivee,500,254.1,88.2,4.27,66.6,11.6,353
2026-09-08,04:43:02,TAP074,CS-TUK,Airbus A330-900neo,TAP Air Portugal,cruise,,700,0.0,89.3,6.45,78.57,11.6,353
2026-09-08,04:48:22,4952aa,CS-TUJ,Airbus A330-900neo,TAP Air Portugal,landing,arrivee,500,244.8,87.7,5.92,64.39,11.6,353
2026-09-08,04:53:36,TAP202A,CS-TXD,Airbus A321neo,TAP Air Portugal,landing,arrivee,525,259.7,85.5,3.79,41.07,12.0,353
2026-09-08,05:33:26,495306,CS-TXF,Airbus A321neo,TAP Air Portugal,landing,arrivee,525,268.2,87.9,3.91,44.51,12.0,353
2026-09-08,05:36:17,TAP25YZ,CS-TXL,Airbus A321neo,TAP Air Portugal,landing,arrivee,525,254.8,87.2,4.26,42.48,12.3,353
2026-09-08,05:43:55,49514a,CS-TJJ,Airbus A321neo,TAP Air Portugal,landing,arrivee,525,251.5,88.6,5.59,40.91,12.3,353
2026-09-08,05:48:25,TAP1550,CS-TVH,Airbus A320neo,TAP Air Portugal,landing,arrivee,500,236.3,84.4,4.8,37.36,12.3,353
2026-09-08,05:50:21,495155,,,,landing,arrivee,500,248.4,86.8,4.39,49.39,12.7,352
2026-09-08,05:52:03,TAP232Y,CS-TXG,Airbus A321neo,TAP Air Portugal,landing,arrivee,500,257.2,85.5,3.27,54.93,12.7,352
2026-09-08,05:54:18,4951d8,CS-TNX,Airbus A320,TAP Air Portugal,landing,arrivee,475,244.8,88.5,5.43,51.0,12.7,352
2026-09-08,06:10:19,49514e,CS-TJN,Airbus A321neo,TAP Air Portugal,landing,arrivee,550,271.3,84.8,3.27,42.05,12.7,352
2026-09-08,06:22:03,TAP058,CS-TUM,Airbus A330-900neo,TAP Air Portugal,landing,arrivee,500,262.4,85.9,5.92,71.36,12.7,352
2026-09-08,06:25:09,TAP11VP,CS-TPO,Embraer E190,TAP Air Portugal,landing,arrivee,500,234.3,84.7,3.9,40.62,12.7,352
2026-09-08,06:28:20,e4904c,PR-AIZ,Airbus A330-200,Azul,landing,arrivee,475,245.6,89.6,5.93,77.75,12.7,352
2026-09-08,06:30:56,4952a5,CS-TUE,Airbus A330-900neo,TAP Air Portugal,landing,arrivee,600,248.0,86.6,5.98,78.33,12.7,352
2026-09-08,06:33:49,QTR343,A7-BCG,Boeing 787-8,Qatar Airways,landing,arrivee,475,260.8,87.2,5.04,65.2,12.7,352
2026-09-08,06:36:35,440b90,OE-IXB,Boeing 737-800,ASL Airlines Belgium,landing,arrivee,450,265.6,85.8,4.95,71.78,12.8,350
2026-09-08,06:40:29,TAM8146,PT-MUC,Boeing 777-300ER,LATAM Airlines,landing,arrivee,725,264.8,94.2,6.96,90.34,12.8,350
2026-09-08,06:43:44,AEA1159,EC-LPR,Boeing 737-800,Air Europa,landing,arrivee,500,265.6,87.3,4.79,60.78,12.8,350
2026-09-08,06:46:42,495293,CS-TTS,Airbus A319,TAP Air Portugal,landing,arrivee,500,232.4,85.7,4.9,63.9,12.8,350
2026-09-08,06:49:40,TAP41SN,CS-TPW,Embraer E190,TAP Air Portugal,landing,arrivee,450,241.5,86.3,3.91,40.9,12.8,350
2026-09-08,06:52:51,4951d3,CS-TNS,Airbus A320,TAP Air Portugal,landing,arrivee,500,246.7,88.2,4.78,45.25,12.8,350
2026-09-08,06:57:05,0900f1,D2-TEK,Boeing 777-300ER,TAAG Angola,cruise,,725,0.0,92.5,6.68,75.22,12.8,350
2026-09-08,07:00:17,TAP224,CS-TUO,Airbus A330-900neo,TAP Air Portugal,landing,arrivee,525,254.8,89.1,6.44,90.72,12.8,349
2026-09-08,07:04:16,8964bd,A6-BLM,Boeing 787-9,Etihad Airways,landing,arrivee,475,271.3,88.7,4.79,58.31,12.8,349
2026-09-08,07:07:22,a4bbde,N404DX,Airbus A330-900neo,Delta Air Lines,landing,arrivee,550,254.1,87.6,7.12,89.99,12.8,349
2026-09-08,07:11:39,49514f,CS-TJO,Airbus A321neo,TAP Air Portugal,landing,arrivee,500,269.7,84.2,4.02,46.96,13.6,349
2026-09-08,07:20:31,45cf21,,,,landing,arrivee,550,231.5,90.7,7.69,68.5,13.6,349
2026-09-08,07:24:44,4952c5,CS-TVE,Airbus A320neo,TAP Air Portugal,landing,arrivee,525,249.1,84.7,4.18,37.86,13.6,349
2026-09-08,07:27:46,BCS2FC,D-AEAB,A300 B4-622RF,DHL Air,landing,arrivee,500,244.3,91.9,6.94,150.32,13.6,349
2026-09-08,07:31:00,IBE05TR,EC-NFI,Airbus A320neo,Iberia,landing,arrivee,475,244.8,86.1,3.9,42.69,13.6,349
2026-09-08,07:34:59,4952cd,,,TAP Air Portugal,cruise,,725,0.0,85.2,5.44,39.23,13.6,349
2026-09-08,07:39:43,4951d2,CS-TNR,Airbus A320,TAP Air Portugal,landing,arrivee,525,249.8,86.9,4.78,56.91,13.6,349
2026-09-08,07:42:25,4951d6,CS-TNV,Airbus A320,TAP Air Portugal,landing,arrivee,450,249.1,86.6,4.28,59.66,13.6,349
2026-09-08,07:45:45,TAP495Y,CS-TPS,Embraer E190,TAP Air Portugal,landing,arrivee,450,229.1,86.5,4.91,39.49,13.6,349
2026-09-08,07:47:51,495149,CS-TJI,Airbus A321neo,TAP Air Portugal,landing,arrivee,675,263.2,84.4,4.3,46.44,13.6,349
2026-09-08,07:50:50,4951d1,CS-TNQ,Airbus A320,TAP Air Portugal,cruise,,525,0.0,86.6,4.3,54.63,13.1,351
2026-09-08,07:53:59,4b1a29,HB-JXP,Airbus A320,Austrian Airlines,landing,arrivee,525,245.6,82.6,3.83,53.11,13.1,351
2026-09-08,07:59:12,4951d7,CS-TNW,Airbus A320,TAP Air Portugal,landing,arrivee,525,243.2,86.5,5.32,74.68,13.1,351
2026-09-08,08:09:14,TAP575,CS-TJK,Airbus A321neo,TAP Air Portugal,landing,arrivee,525,237.4,83.7,4.31,50.94,13.1,351
2026-09-08,08:11:45,348342,,,,landing,arrivee,475,245.6,86.0,5.93,68.57,13.1,351
2026-09-08,08:14:34,EJU76WL,OE-INA,Airbus A320,easyJet Europe,landing,arrivee,500,243.2,87.2,4.92,61.57,13.1,351
2026-09-08,08:17:34,3c08c9,D-ASIM,Falcon 7X,Air Hamburg GmbH,landing,arrivee,525,222.6,82.9,2.78,22.2,13.1,351
2026-09-08,08:20:23,VLG46AX,EC-NLV,Airbus A321,Vueling,landing,arrivee,500,249.1,85.9,4.92,55.98,13.1,352
2026-09-08,08:23:10,TAP9RH,,,TAP Air Portugal,landing,arrivee,525,222.6,86.2,3.9,40.0,13.1,352
2026-09-08,08:24:52,TRA97Q,,,,landing,arrivee,500,263.9,84.1,4.27,41.77,13.1,352
2026-09-08,08:27:37,RYR63TC,EI-IHR,Boeing 737 MAX 8,Ryanair,landing,arrivee,450,264.7,86.5,4.31,47.65,13.1,352
2026-09-08,08:30:49,495150,CS-TJP,Airbus A321neo,TAP Air Portugal,cruise,,500,0.0,86.0,4.26,38.11,13.1,352
2026-09-08,08:35:06,4cafb4,EI-GSH,Boeing 737-800,Ryanair,landing,arrivee,450,272.4,87.2,4.91,73.4,13.1,352
2026-09-08,08:38:40,AAL258,N831AA,Boeing 787-9,American Airlines,landing,arrivee,475,267.2,85.7,5.91,71.08,13.1,352
2026-09-08,08:41:30,39bdb2,,,,landing,arrivee,500,239.1,83.2,4.27,65.78,13.1,352
2026-09-08,08:44:09,4854c7,,,,landing,arrivee,500,272.1,89.9,4.39,77.69,13.1,352
2026-09-08,08:47:11,TAP63GL,,,TAP Air Portugal,landing,arrivee,475,243.2,81.7,3.79,38.5,13.1,352
2026-09-08,08:53:11,39de53,,,,landing,arrivee,525,234.8,85.0,4.39,47.47,13.0,354
2026-09-08,09:03:03,TAP072,CS-TUF,Airbus A330-900neo,TAP Air Portugal,landing,arrivee,700,250.8,89.6,6.69,66.54,13.0,354
2026-09-08,09:06:30,4cad54,EI-HGV,Boeing 737 MAX 8,Ryanair,landing,arrivee,500,269.7,85.4,3.74,46.09,13.0,354
2026-09-08,09:09:36,c07998,C-GUBF,Airbus A330-200,Air Transat,landing,arrivee,475,243.2,87.7,5.97,59.73,13.0,354
2026-09-08,09:12:56,49514d,CS-TJM,Airbus A321neo,TAP Air Portugal,cruise,,700,0.0,82.9,4.71,39.71,13.0,354
2026-09-08,09:15:40,RYR4ZF,EI-EBK,Boeing 737-800,Ryanair,landing,arrivee,475,270.8,87.9,4.42,52.71,13.0,354
2026-09-08,09:20:19,EZY16AT,G-EZWK,Airbus A320,easyJet,landing,arrivee,450,256.5,83.2,3.29,52.55,13.0,354
2026-09-08,09:23:08,c051e2,C-GFAF,Airbus A330-300,Air Canada,landing,arrivee,450,241.7,88.0,6.08,58.41,13.0,354
2026-09-08,09:30:01,THY3WE,TC-LSJ,Airbus A321neo,Turkish Airlines,cruise,,675,0.0,84.0,3.83,44.75,13.0,354
2026-09-08,09:35:36,4951ef,CS-TOO,Airbus A330-200,TAP Air Portugal,landing,arrivee,475,226.7,89.2,8.21,63.84,13.4,352
2026-09-08,09:38:01,TAP216L,CS-TXC,Airbus A321neo,TAP Air Portugal,landing,arrivee,475,262.2,83.9,3.7,36.86,13.4,352
2026-09-08,09:40:49,495302,CS-TXB,Airbus A321neo,TAP Air Portugal,landing,arrivee,525,264.8,83.8,3.13,37.36,13.4,352
2026-09-08,09:43:37,OCEAN32,,,,landing,arrivee,475,228.9,89.0,5.43,81.79,13.4,352
2026-09-08,09:46:22,TAP012,CS-TON,Airbus A330-200,TAP Air Portugal,landing,arrivee,450,251.5,92.4,7.6,155.56,13.4,352
2026-09-08,09:49:04,OBS852,,,TAP Air Portugal,landing,arrivee,450,243.9,87.9,6.96,62.13,13.4,352
2026-09-08,09:51:39,TAP675,CS-TVG,Airbus A320neo,TAP Air Portugal,landing,arrivee,450,246.7,82.7,4.38,34.97,13.8,351
2026-09-08,09:54:15,TAP3832,CS-TTX,Embraer E195,TAP Air Portugal,landing,arrivee,450,244.3,87.8,5.11,48.47,13.8,351
2026-09-08,09:56:49,40615b,G-EUYF,Airbus A320,British Airways,landing,arrivee,525,244.3,86.0,4.31,34.5,13.8,351
2026-09-08,09:59:56,3480ce,,,,cruise,,525,0.0,88.1,7.08,62.33,13.8,351
2026-09-08,10:02:46,TAP66PD,CS-TVA,Airbus A320neo,TAP Air Portugal,landing,arrivee,450,235.9,85.9,4.69,40.42,13.8,351
2026-09-08,10:05:55,4073a1,G-UZHD,Airbus A320neo,easyJet,landing,arrivee,450,249.1,86.8,3.74,41.11,13.8,351
2026-09-08,10:08:35,4951d5,CS-TNU,Airbus A320,TAP Air Portugal,landing,arrivee,500,254.1,85.3,4.93,56.77,13.8,351
2026-09-08,10:11:17,TAP254,CS-TXE,Airbus A321neo,TAP Air Portugal,landing,arrivee,450,254.1,85.6,4.39,43.83,13.8,351
2026-09-08,10:13:52,440d6f,OE-LSR,Airbus A320,easyJet Europe,cruise,,675,0.0,84.3,4.31,39.03,13.8,351
2026-09-08,10:17:02,UAL942,N79011,Boeing 777-200,United Airlines,landing,arrivee,475,243.9,90.7,7.16,73.01,13.8,351
2026-09-08,10:19:59,TAP3185,CS-TUI,Airbus A330-900neo,TAP Air Portugal,landing,arrivee,475,249.1,90.1,6.93,83.5,13.8,351
2026-09-08,10:22:46,TAP234Y,CS-TXH,Airbus A321neo,TAP Air Portugal,landing,arrivee,475,256.3,85.5,3.26,34.67,13.8,351
2026-09-08,10:25:41,TAP1826,CS-TVC,Airbus A320neo,TAP Air Portugal,landing,arrivee,475,258.9,83.9,3.78,32.59,13.8,351
2026-09-08,10:28:23,495037,,,TAP Air Portugal,landing,arrivee,450,257.2,84.7,4.23,34.62,13.8,351
2026-09-08,10:31:18,TAP088,CS-TUP,Airbus A330-900neo,TAP Air Portugal,landing,arrivee,500,252.2,88.0,6.57,51.18,13.8,351
2026-09-08,10:33:59,4952b1,CS-TUQ,Airbus A330-900neo,TAP Air Portugal,landing,arrivee,500,251.5,88.4,5.92,48.94,13.8,351
2026-09-08,10:37:15,a5237f,,,,landing,arrivee,475,253.2,91.0,7.04,61.82,13.8,351
2026-09-08,10:39:49,495277,,,Azul,landing,arrivee,500,250.0,92.1,6.97,91.92,13.8,351
2026-09-08,10:42:19,RYR3RB,EI-EFD,Boeing 737-800,Ryanair,landing,arrivee,500,275.6,88.3,5.58,74.15,13.8,351
2026-09-08,10:45:15,c01754,C-FIVR,Boeing 777-300ER,Air Canada,landing,arrivee,475,263.9,92.6,7.04,75.23,13.8,351
2026-09-08,10:47:56,RYR3WD,EI-GXM,Boeing 737-800,Ryanair,landing,arrivee,475,274.8,88.0,4.68,82.04,13.8,351
2026-09-08,10:50:50,TAP13LH,CS-TVI,Airbus A320neo,TAP Air Portugal,landing,arrivee,500,257.2,85.6,4.43,30.14,14.6,351
2026-09-08,10:53:38,344217,EC-LPQ,Boeing 737-800,Air Europa,landing,arrivee,450,272.4,85.9,5.52,46.44,14.6,351
2026-09-08,10:56:08,4ca765,EI-EFJ,Boeing 737-800,Ryanair,landing,arrivee,500,277.2,88.0,4.83,46.43,14.6,351
2026-09-08,10:59:03,49530b,CS-TXK,Airbus A321,TAP Air Portugal,landing,arrivee,650,248.0,88.2,5.04,39.08,14.6,351
2026-09-08,11:01:50,495145,CS-TJE,Airbus A321,TAP Air Portugal,landing,arrivee,425,259.7,90.0,5.95,52.11,14.6,351
2026-09-08,11:04:00,44cc44,,,,approach,arrivee,550,0.0,85.3,3.63,40.58,14.6,351
2026-09-08,11:07:01,TAP11MG,CS-TTY,Embraer E195,TAP Air Portugal,landing,arrivee,450,256.3,84.2,4.27,48.74,14.9,352
2026-09-08,11:09:42,49530d,CS-TXM,Airbus A321,TAP Air Portugal,landing,arrivee,475,262.4,84.1,4.36,37.13,14.9,352
2026-09-08,11:12:17,RYR32KG,EI-GJS,Boeing 737-800,Ryanair,landing,arrivee,450,262.2,88.1,4.79,65.76,14.9,352
2026-09-08,11:15:08,3985a4,F-HBNE,Airbus A320,Air France,cruise,,625,0.0,87.2,4.71,54.15,14.9,352
2026-09-08,11:18:01,440c33,OE-LSK,Airbus A320neo,easyJet Europe,landing,arrivee,500,258.9,82.5,4.95,37.82,14.9,352
2026-09-08,11:20:20,48418b,PH-BXP,Boeing 737-900,KLM,landing,arrivee,475,286.1,87.5,4.91,80.4,15.3,352
2026-09-08,11:23:15,495210,CS-TPP,Embraer E190,TAP Air Portugal,landing,arrivee,475,248.4,82.3,4.91,35.91,15.3,352
2026-09-08,11:25:25,TAP23SL,CS-TUD,Airbus A330-900neo,TAP Air Portugal,landing,arrivee,450,258.9,84.3,4.83,56.39,15.3,352
2026-09-08,11:27:41,4d2384,9H-VUW,Boeing 737 MAX 8,Malta Air,cruise,,475,0.0,84.5,4.91,41.56,15.3,352
2026-09-08,11:31:56,DLH39X,D-AIST,Airbus A321,Lufthansa,landing,arrivee,500,275.6,87.6,4.79,50.01,15.3,352
2026-09-08,11:37:54,TAP028,CS-TUB,Airbus A330-900neo,TAP Air Portugal,landing,arrivee,625,266.5,91.3,6.56,74.04,15.3,351
2026-09-08,11:43:43,34444b,EC-LRG,Airbus A320,Iberia,landing,arrivee,500,248.7,90.2,5.39,48.02,15.3,351
2026-09-08,11:46:12,495171,CS-TKQ,Airbus A320,TAP Air Portugal,landing,arrivee,650,264.8,86.9,4.43,37.48,15.3,351
2026-09-08,11:50:07,495211,CS-TPQ,Embraer E190,TAP Air Portugal,landing,arrivee,475,244.8,85.7,4.91,38.55,15.7,351
2026-09-08,11:52:41,4951d1,CS-TNQ,Airbus A320,TAP Air Portugal,landing,arrivee,525,245.9,84.3,5.31,42.66,15.7,351
2026-09-08,11:58:56,4d00dc,,,,landing,arrivee,500,253.9,84.9,3.79,31.6,15.7,351
2026-09-08,12:02:04,UAL64,N17017,Boeing 787-10,United Airlines,landing,arrivee,450,273.2,87.6,5.33,45.72,15.7,351
2026-09-08,12:08:05,495219,CS-TPY,Embraer E190,TAP Air Portugal,landing,arrivee,475,245.6,82.5,5.04,28.72,15.7,351
2026-09-08,12:12:53,RYR12VQ,,,Ryanair,landing,arrivee,500,277.2,82.9,4.91,36.67,15.7,351
2026-09-08,12:18:59,e48baa,PT-MUH,Boeing 777-300ER,LATAM Airlines,landing,arrivee,475,268.9,90.3,7.04,99.49,15.7,351
2026-09-08,12:21:29,TAP1925,CS-TTS,Airbus A319,TAP Air Portugal,landing,arrivee,500,253.9,85.4,3.15,43.47,15.7,351
2026-09-08,12:24:10,8963dd,A6-EPN,Boeing 777-300ER,Emirates,landing,arrivee,625,284.8,92.5,6.56,89.83,15.7,351
2026-09-08,12:27:39,495290,CS-TTP,Airbus A319,TAP Air Portugal,landing,arrivee,525,236.3,84.3,4.27,42.21,15.7,351
2026-09-08,12:34:25,49d1c6,OK-TVT,Boeing 737-800,Eurowings,landing,arrivee,475,264.8,87.8,5.96,91.2,15.7,351
2026-09-08,12:46:18,TAP1031,,,TAP Air Portugal,landing,arrivee,475,265.6,86.9,4.27,41.66,15.7,351
2026-09-08,12:49:34,440b1e,OE-IWW,Airbus A320,easyJet Europe,landing,arrivee,475,240.8,88.5,5.91,60.72,15.7,351
2026-09-08,12:52:46,440da5,OE-IDS,Airbus A320,easyJet Europe,landing,arrivee,525,249.1,84.2,5.43,38.71,15.7,351
2026-09-08,12:59:41,345249,EC-MMU,Airbus A321,Vueling,cruise,,650,0.0,85.8,5.36,38.71,15.7,351
2026-09-08,13:03:00,49520f,CS-TPO,Embraer E190,TAP Air Portugal,landing,arrivee,475,233.2,85.3,5.39,34.32,15.7,351
2026-09-08,13:05:59,440cf8,OE-IBF,Airbus A320,easyJet Europe,landing,arrivee,475,255.6,85.7,4.38,44.8,15.7,351
2026-09-08,13:08:42,405455,G-EUUU,Airbus A320,British Airways,landing,arrivee,550,254.8,86.1,5.4,44.68,15.7,351
2026-09-08,13:11:46,TAP3961,CS-TXA,Airbus A321neo,TAP Air Portugal,landing,arrivee,500,260.8,83.0,4.39,36.11,14.8,346
2026-09-08,13:14:33,TAP1151,,,TAP Air Portugal,landing,arrivee,500,251.1,87.3,4.39,30.86,14.8,346
2026-09-08,13:17:04,39ceaf,F-HTVP,Boeing 737-800,Transavia France,landing,arrivee,525,270.8,84.8,4.99,51.54,14.8,346
2026-09-08,13:20:09,TAP831,CS-TVF,Airbus A320neo,TAP Air Portugal,landing,arrivee,475,255.9,85.1,4.31,34.55,14.8,346
2026-09-08,13:22:35,4952ca,CS-TVJ,Airbus A320neo,TAP Air Portugal,landing,arrivee,550,258.9,82.6,4.88,33.13,14.8,346
2026-09-08,13:25:52,440d10,OE-IBS,Airbus A320,easyJet Europe,landing,arrivee,475,257.2,88.3,5.16,49.31,14.8,346
2026-09-08,13:28:37,TAP1736,CS-TTZ,Embraer E195,TAP Air Portugal,landing,arrivee,475,265.6,83.2,3.38,36.18,14.8,346
2026-09-08,13:31:13,495269,CS-TSI,Airbus A321neo,TAP Air Portugal,landing,arrivee,500,274.1,85.9,3.8,31.22,14.8,346
2026-09-08,13:33:53,3c64a7,D-AIEG,Airbus A321neo,Lufthansa,landing,arrivee,575,256.5,85.5,4.03,54.92,14.8,346
2026-09-08,13:36:46,EZS1465,HB-JXF,Airbus A320,Austrian Airlines,landing,arrivee,475,244.3,88.2,5.55,51.74,14.8,346
2026-09-08,13:39:36,4402ae,OE-IVZ,Airbus A320,easyJet Europe,landing,arrivee,500,251.7,86.2,5.31,49.0,14.8,346
2026-09-08,13:42:02,4951d9,CS-TNY,Airbus A320,TAP Air Portugal,landing,arrivee,550,255.6,85.0,5.79,36.44,14.8,346
2026-09-08,13:44:50,SWR32F,HB-JCB,C Series 300,Swiss,landing,arrivee,525,256.5,83.3,3.75,25.3,14.8,346
2026-09-08,13:47:18,RYR85MR,EI-IJE,Boeing 737 MAX 8,Ryanair,landing,arrivee,575,274.5,84.6,4.27,42.86,14.8,346
2026-09-08,13:50:43,495292,CS-TTR,Airbus A319,TAP Air Portugal,landing,arrivee,525,248.0,86.9,5.92,44.32,14.8,346
2026-09-08,13:52:30,4bb14a,TC-LJJ,Boeing 777-300ER,Turkish Airlines,cruise,,725,0.0,94.2,6.56,64.79,14.8,346
2026-09-08,13:55:33,RZO150,CS-TKP,Airbus A320,TAP Air Portugal,landing,arrivee,500,250.8,86.9,5.92,32.73,14.8,346
2026-09-08,13:58:05,TAP110,CS-TOP,Airbus A330-200,TAP Air Portugal,approach,arrivee,500,250.0,88.6,7.09,75.76,14.8,346
2026-09-08,14:00:45,495215,CS-TPU,Embraer E190,TAP Air Portugal,landing,arrivee,475,227.4,86.0,4.27,46.96,14.8,346
2026-09-08,14:02:28,EJU14GP,OE-IDX,Airbus A320,easyJet Europe,landing,arrivee,475,258.9,88.8,4.79,49.32,14.8,346
2026-09-08,14:05:20,495146,CS-TJF,Airbus A321,TAP Air Portugal,landing,arrivee,500,254.8,88.1,5.92,50.36,14.8,346
2026-09-08,14:07:39,EZY35DC,G-UZHI,Airbus A320neo,easyJet,landing,arrivee,525,236.7,87.5,5.39,26.82,14.8,346
2026-09-08,14:09:56,TAP869,CS-TPX,Embraer E190,TAP Air Portugal,landing,arrivee,500,236.3,87.1,5.39,38.45,14.8,346
2026-09-08,14:11:52,TAP1860,CS-TJJ,Airbus A321neo,TAP Air Portugal,landing,arrivee,525,264.8,87.9,4.15,34.19,14.8,346
2026-09-08,14:14:07,4951d6,CS-TNV,Airbus A320,TAP Air Portugal,landing,arrivee,725,257.2,86.4,5.31,31.0,14.8,346
2026-09-08,14:17:06,TAP084,CS-TUC,Airbus A330-900neo,TAP Air Portugal,landing,arrivee,475,253.2,91.4,6.97,73.61,14.9,345
2026-09-08,14:19:48,SWT131,EC-MAF,ATR 72 500F,Swiftair,landing,arrivee,500,190.9,87.7,6.04,27.73,14.9,345
2026-09-08,14:22:09,TAP36GS,CS-TVB,Airbus A320neo,TAP Air Portugal,landing,arrivee,475,257.2,85.4,5.41,30.75,14.9,345
2026-09-08,14:25:09,495216,CS-TPV,Embraer E190,TAP Air Portugal,landing,arrivee,475,227.4,83.0,4.31,31.73,14.9,345
2026-09-08,14:28:08,VJT418,9H-VCL,Challenger 350,VistaJet,landing,arrivee,525,218.9,82.1,1.49,19.76,14.9,345
2026-09-08,14:43:32,4aca13,SE-RPS,Boeing 737-800,Norwegian Air Sweden,cruise,,675,0.0,88.2,4.42,52.22,15.3,345
2026-09-08,14:46:47,EJU41HA,,,easyJet Europe,landing,arrivee,650,259.7,82.9,4.52,33.93,15.4,344
2026-09-08,14:49:46,AFR37EQ,F-HBND,Airbus A320,Air France,landing,arrivee,500,242.2,88.1,4.79,50.17,15.4,344
2026-09-08,14:52:28,TAP1143,CS-TPR,Embraer E190,TAP Air Portugal,landing,arrivee,475,243.2,84.8,5.27,41.71,15.4,344
2026-09-08,14:54:55,SWR2BK,,,Swiss,landing,arrivee,675,249.8,86.2,4.31,28.69,15.4,344
2026-09-08,15:01:25,4952b2,CS-TUR,Airbus A330-900neo,TAP Air Portugal,cruise,,550,0.0,89.7,5.91,57.18,15.4,344
2026-09-08,15:04:06,440224,,,easyJet Europe,landing,arrivee,525,258.9,86.1,4.66,31.94,15.4,344
2026-09-08,15:06:45,4d211f,,,,cruise,,675,0.0,66.8,0.0,13.93,15.5,342
2026-09-08,15:12:15,TAP883,CS-TNT,Airbus A320,TAP Air Portugal,landing,arrivee,525,265.6,83.6,4.51,37.87,15.5,342
2026-09-08,15:14:51,TAP88TM,,,TAP Air Portugal,landing,arrivee,500,268.0,85.5,4.3,40.4,15.5,342
2026-09-08,15:17:32,TAP27GC,CS-TNR,Airbus A320,TAP Air Portugal,landing,arrivee,500,251.5,86.1,4.79,44.17,15.6,341
2026-09-08,15:20:10,4952ce,CS-TVN,Airbus A320neo,TAP Air Portugal,landing,arrivee,550,236.7,85.4,4.43,39.48,15.6,341
2026-09-08,15:23:57,4c01f4,,,,landing,arrivee,500,251.7,85.8,5.4,40.42,15.6,341
2026-09-08,15:26:24,BTI8WF,YL-ABO,A220-300,Air Baltic,landing,arrivee,525,258.4,83.8,2.65,47.5,15.6,341
2026-09-08,15:29:02,AEA12AT,EC-LPR,Boeing 737-800,Air Europa,landing,arrivee,500,275.6,88.1,4.91,62.86,15.6,341
2026-09-08,15:31:42,VLG7PA,EC-KDG,Airbus A320,Vueling,landing,arrivee,525,258.9,83.9,4.27,42.79,15.4,339
2026-09-08,15:33:15,9HGMF,,,,cruise,,350,39.4,60.7,0.0,12.94,15.4,339
2026-09-08,15:34:59,4ba9ce,TC-JNN,Airbus A330-300,Turkish Airlines,landing,arrivee,525,265.6,87.6,5.93,70.34,15.4,339
2026-09-08,15:37:41,495217,CS-TPW,Embraer E190,TAP Air Portugal,landing,arrivee,550,240.8,82.4,3.91,30.18,15.4,339
2026-09-08,15:40:33,495037,,,TAP Air Portugal,takeoff,depart,1250,291.3,78.8,0.6,36.2,15.4,339
2026-09-08,15:42:59,4867c4,,,KLM,landing,arrivee,575,249.8,85.1,4.28,34.81,15.4,339
2026-09-08,15:46:10,TAP1137,CS-TPS,Embraer E190,TAP Air Portugal,landing,arrivee,475,233.2,85.2,5.92,43.78,15.5,338
2026-09-08,15:48:39,TAP571,CS-TVL,Airbus A320,TAP Air Portugal,landing,arrivee,475,257.2,84.5,4.26,29.51,15.5,338
2026-09-08,15:50:49,4952c5,CS-TVE,Airbus A320neo,TAP Air Portugal,landing,arrivee,675,242.4,83.9,4.4,26.55,15.5,338
2026-09-08,15:53:26,4952c4,CS-TVD,Airbus A320neo,TAP Air Portugal,landing,arrivee,500,261.5,84.2,3.91,30.81,15.5,338
2026-09-08,15:56:14,495037,,,TAP Air Portugal,landing,arrivee,525,264.7,83.2,4.93,33.45,15.5,338
2026-09-08,15:58:38,48af0d,SP-LVN,Boeing 737 MAX 8,Buzz,landing,arrivee,525,277.2,85.7,4.79,48.4,15.5,338
2026-09-08,16:01:05,4cacdf,EI-GJS,Boeing 737-800,Ryanair,cruise,,500,0.0,89.7,4.31,61.61,15.5,338
2026-09-08,16:03:49,461f64,OH-LXC,Airbus A320,Finnair,landing,arrivee,475,271.3,86.0,4.89,46.82,15.5,338
2026-09-08,16:06:29,345615,EC-MTO,Bombardier CRJ-1000,Air Nostrum,landing,arrivee,550,262.2,84.1,2.75,28.59,15.6,337
2026-09-08,16:09:06,4952d3,,,,landing,arrivee,500,260.8,86.0,4.79,38.21,15.6,337
2026-09-08,16:10:51,46b8b4,SX-NET,Airbus A320neo,,cruise,,675,0.0,84.4,5.89,37.75,15.6,337
2026-09-08,16:13:41,TAP31DB,,,TAP Air Portugal,landing,arrivee,550,255.6,82.7,4.27,40.7,15.6,337
2026-09-08,16:16:21,RYR9PX,,,Ryanair,landing,arrivee,525,263.9,86.1,4.83,41.98,16.1,336
2026-09-08,16:18:41,495152,CS-TJR,Airbus A321neo,TAP Air Portugal,landing,arrivee,775,285.6,85.6,4.18,30.27,16.1,336
2026-09-08,16:20:46,DLH03H,D-AIEK,Airbus A321neo,Lufthansa,landing,arrivee,550,256.5,88.5,5.92,56.75,16.1,336
2026-09-08,16:23:15,TAP90EH,CS-TJM,Airbus A321neo,TAP Air Portugal,landing,arrivee,550,259.7,85.3,4.27,35.74,16.1,336
2026-09-08,16:31:32,440d6f,OE-LSR,Airbus A320,easyJet Europe,landing,arrivee,550,258.9,87.2,3.14,38.78,16.5,337
2026-09-08,16:33:34,49514b,CS-TJK,Airbus A321neo,TAP Air Portugal,landing,arrivee,525,244.3,86.3,4.79,41.73,16.5,337
2026-09-08,16:41:03,4d2286,9H-QDP,Boeing 737-800,Malta Air,landing,arrivee,525,270.8,91.0,4.92,47.73,16.5,337
2026-09-08,16:48:45,RYR29TL,9H-QEA,Boeing 737-800,Malta Air,landing,arrivee,525,276.3,88.0,5.35,63.63,16.8,337
2026-09-08,16:51:54,4952c1,CS-TVA,Airbus A320neo,TAP Air Portugal,landing,arrivee,575,234.3,85.2,3.78,31.02,16.4,341
2026-09-08,17:00:52,TAP1929,CS-TVC,Airbus A320neo,TAP Air Portugal,landing,arrivee,525,241.5,80.9,4.8,41.83,16.9,340
2026-09-08,17:03:30,TAM8150,CC-BGW,Boeing 787-9,LATAM Airlines,landing,arrivee,525,269.3,85.9,5.44,47.09,16.9,340
2026-09-08,17:09:26,440b1e,OE-IWW,Airbus A320,easyJet Europe,landing,arrivee,575,263.2,85.2,4.92,45.44,16.9,340
2026-09-08,17:14:06,VLG9QY,EC-KLB,Airbus A320,Vueling,landing,arrivee,575,257.2,82.8,2.74,65.92,16.9,340
2026-09-08,17:24:13,502ce3,YL-CSI,C Series 300,Swiss,landing,arrivee,550,246.7,82.5,3.79,43.3,17.3,339
2026-09-08,17:26:41,RYR2JL,SP-RZV,Boeing 737 MAX 8,Ryanair,landing,arrivee,525,277.2,83.4,3.79,49.38,17.3,339
2026-09-08,17:29:20,RYR5KT,EI-GXM,Boeing 737-800,Ryanair,landing,arrivee,500,270.0,84.0,3.18,70.91,17.3,339
2026-09-08,17:32:14,4951d8,CS-TNX,Airbus A320,TAP Air Portugal,landing,arrivee,575,244.8,86.2,5.43,53.69,17.3,339
2026-09-08,17:34:58,3c6494,D-AIDT,Airbus A321,Eurowings,landing,arrivee,500,267.2,83.6,4.27,44.66,17.3,339
2026-09-08,17:37:45,4cae94,,,,landing,arrivee,525,276.5,84.6,4.15,44.52,17.4,338
2026-09-08,17:42:21,RAM982,,,Royal Air Maroc,landing,arrivee,525,276.1,86.0,4.39,46.02,17.4,338
2026-09-08,17:45:15,4952a1,CS-TUA,Airbus A330-900neo,TAP Air Portugal,landing,arrivee,600,264.8,84.9,6.44,59.66,17.4,338
2026-09-08,17:53:09,TAP643,,,TAP Air Portugal,landing,arrivee,550,236.7,81.8,3.26,43.55,17.6,337
2026-09-08,17:55:49,440625,OE-LKM,Airbus A319,easyJet Europe,landing,arrivee,600,250.8,84.2,4.02,45.61,17.6,337
2026-09-08,18:02:04,3950cd,F-GUGN,A318 111,Air France,landing,arrivee,525,240.6,82.6,4.31,46.09,17.6,337
2026-09-08,18:07:16,502d9d,,,,landing,arrivee,500,220.8,84.1,4.26,45.54,17.6,337
2026-09-08,18:16:02,738069,4X-EKO,Boeing 737-800,El Al,landing,arrivee,525,288.0,86.5,4.91,75.51,17.3,337
2026-09-08,18:18:58,49520f,CS-TPO,Embraer E190,TAP Air Portugal,landing,arrivee,575,229.1,83.2,4.79,37.45,17.3,337
2026-09-08,18:21:07,TAP1478,CS-TJN,Airbus A321neo,TAP Air Portugal,landing,arrivee,575,267.2,83.2,4.36,32.0,17.3,337
2026-09-08,18:22:58,39d308,F-HUYI,Boeing 737-800,Transavia France,landing,arrivee,525,266.5,86.3,4.68,64.32,17.3,337
2026-09-08,18:25:51,RYR68VC,SP-RNM,Boeing 737-800,Ryanair,landing,arrivee,550,275.6,83.4,3.9,54.54,17.3,337
2026-09-08,18:28:39,TAP1542,CS-TJL,Airbus A321neo,TAP Air Portugal,landing,arrivee,575,264.8,82.6,3.18,40.09,17.3,337
2026-09-08,18:31:24,495148,CS-TJH,Airbus A321,TAP Air Portugal,landing,arrivee,525,254.8,86.9,4.96,52.25,17.3,337
2026-09-08,18:34:10,TAP35BL,CS-TPQ,Embraer E190,TAP Air Portugal,landing,arrivee,550,245.6,82.5,3.92,38.44,17.3,337
2026-09-08,18:37:00,TAP68BA,CS-TJO,Airbus A321neo,TAP Air Portugal,landing,arrivee,550,259.7,82.8,3.25,39.2,16.8,337
2026-09-08,18:39:48,TAP1455,CS-TPZ,Embraer E190,TAP Air Portugal,landing,arrivee,500,230.0,84.2,4.8,52.86,16.8,337
2026-09-08,18:42:29,495171,CS-TKQ,Airbus A320,TAP Air Portugal,landing,arrivee,550,268.0,85.6,4.44,55.13,16.8,337
2026-09-08,18:45:42,TAP10EV,CS-TPV,Embraer E190,TAP Air Portugal,landing,arrivee,500,220.8,83.6,3.63,41.35,16.3,338
2026-09-08,18:47:56,TAP1862,CS-TJP,Airbus A321neo,TAP Air Portugal,landing,arrivee,575,271.3,82.7,3.66,45.34,16.3,338
2026-09-08,18:50:52,TAY2MN,OE-IXB,Boeing 737-800,ASL Airlines Belgium,landing,arrivee,550,251.5,84.3,4.3,96.19,16.3,338
2026-09-08,18:55:33,44d071,OO-TCQ,Airbus A320,Brussels Airlines,landing,arrivee,550,254.8,81.3,4.27,51.06,16.1,336
2026-09-08,18:58:36,495212,CS-TPR,Embraer E190,TAP Air Portugal,landing,arrivee,525,225.8,81.2,3.26,39.67,16.1,336
2026-09-08,19:01:19,4951d4,CS-TNT,Airbus A320,TAP Air Portugal,landing,arrivee,575,256.5,84.1,4.15,49.07,15.6,337
2026-09-08,19:04:10,VLG4JP,EC-MRF,Airbus A321,Vueling,landing,arrivee,525,246.3,87.4,4.19,45.11,15.6,337
2026-09-08,19:06:46,OCEAN32,,,,landing,arrivee,525,229.1,85.5,5.44,103.44,15.6,337
2026-09-08,19:10:00,486898,,,KLM,landing,arrivee,625,241.5,82.6,3.65,40.96,15.6,337
2026-09-08,19:12:38,4cae4c,EI-IHZ,Boeing 737 MAX 8,Ryanair,landing,arrivee,525,271.3,84.4,4.18,50.32,15.6,337
2026-09-08,19:15:17,TVF90KW,F-HUYD,Boeing 737-800,Transavia France,landing,arrivee,550,265.6,89.2,3.77,57.63,15.6,337
2026-09-08,19:18:15,440051,OE-IVD,Airbus A320,easyJet Europe,landing,arrivee,525,248.4,83.3,4.29,57.07,15.3,336
2026-09-08,19:20:50,TAP1065,CS-TPU,Embraer E190,TAP Air Portugal,landing,arrivee,500,255.6,81.9,4.3,46.0,15.3,336
2026-09-08,19:23:46,495145,CS-TJE,Airbus A321,TAP Air Portugal,landing,arrivee,525,245.6,86.3,4.28,57.1,15.3,336
2026-09-08,19:26:39,344217,EC-LPQ,Boeing 737-800,Air Europa,landing,arrivee,575,262.4,85.8,5.47,64.05,15.3,336
2026-09-08,19:29:17,4952c9,CS-TVI,Airbus A320neo,TAP Air Portugal,landing,arrivee,550,260.8,82.1,3.01,37.8,15.3,336
2026-09-08,19:31:55,4d227a,9H-QCE,Boeing 737-800,Malta Air,landing,arrivee,550,263.2,89.4,5.33,90.95,14.8,337
2026-09-08,19:34:54,4868ba,,,,landing,arrivee,575,262.4,82.8,4.27,35.28,14.8,337
2026-09-08,19:37:14,495038,,,TAP Air Portugal,landing,arrivee,525,240.0,83.4,4.74,31.31,14.8,337
2026-09-08,19:43:09,4d2350,9H-VUQ,Boeing 737 MAX 8,Malta Air,landing,arrivee,525,274.8,87.0,4.78,47.73,14.8,337
2026-09-08,19:46:54,4d2426,,,,landing,arrivee,600,245.9,90.2,4.3,42.62,14.2,336
2026-09-08,19:49:38,495210,CS-TPP,Embraer E190,TAP Air Portugal,cruise,,575,0.0,84.0,5.96,41.24,14.2,336
2026-09-08,19:52:07,345687,EC-MTZ,Bombardier CRJ-1000,Air Nostrum,landing,arrivee,575,244.3,85.1,3.27,31.61,14.2,336
2026-09-08,19:55:46,TAP403Z,CS-TPY,Embraer E190,TAP Air Portugal,landing,arrivee,525,241.7,86.7,4.83,43.86,14.2,336
2026-09-08,19:58:23,RYR65MU,9H-QCT,Boeing 737-800,Malta Air,cruise,,600,0.0,89.6,6.04,117.28,14.2,336
2026-09-08,20:00:57,TAP94VA,,,TAP Air Portugal,landing,arrivee,525,264.1,86.5,4.43,45.69,13.7,337
2026-09-08,20:03:54,4951d1,CS-TNQ,Airbus A320,TAP Air Portugal,landing,arrivee,550,253.2,89.1,4.33,44.08,13.7,337
2026-09-08,20:06:39,UAE5M,A6-ENT,Boeing 777-300ER,Emirates,landing,arrivee,525,282.4,93.9,7.52,117.1,13.7,337
2026-09-08,20:09:22,TAP1558,,,TAP Air Portugal,landing,arrivee,600,265.6,88.7,3.56,42.73,13.7,337
2026-09-08,20:12:08,TAP563,CS-TVG,Airbus A320neo,TAP Air Portugal,landing,arrivee,600,253.9,84.7,3.54,39.4,13.7,337
2026-09-08,20:14:54,4951d5,CS-TNU,Airbus A320,TAP Air Portugal,landing,arrivee,575,245.6,87.7,4.91,45.44,13.7,337
2026-09-08,20:17:31,495037,,,TAP Air Portugal,landing,arrivee,525,258.4,86.0,3.95,56.5,12.9,337
2026-09-08,20:20:22,WMT537,,,,landing,arrivee,525,255.6,86.3,4.83,59.33,12.9,337
2026-09-08,20:23:03,0900bb,D2-TEG,Boeing 777-300ER,TAAG Angola,landing,arrivee,525,258.9,91.8,7.55,86.23,12.9,337
2026-09-08,20:25:51,TAP53ED,CS-TUI,Airbus A330-900neo,TAP Air Portugal,landing,arrivee,575,238.4,88.5,6.46,73.69,12.9,337
2026-09-08,20:28:34,4951d7,CS-TNW,Airbus A320,TAP Air Portugal,landing,arrivee,525,243.2,85.9,4.27,45.12,12.9,337
2026-09-08,20:31:14,VLG8UE,EC-LVU,Airbus A320,Vueling,landing,arrivee,525,240.8,90.6,5.99,55.55,12.4,338
2026-09-08,20:33:55,49529a,CS-TTZ,Embraer E195,TAP Air Portugal,landing,arrivee,525,245.9,85.2,4.32,43.01,12.4,338
2026-09-08,20:36:38,TAP541W,,,TAP Air Portugal,landing,arrivee,525,253.9,84.2,4.8,47.37,12.4,338
2026-09-08,20:39:20,34258f,EC-KDX,Airbus A320,Vueling,landing,arrivee,550,240.8,87.1,4.79,55.16,12.4,338
2026-09-08,20:42:05,NOS9031,,,,landing,arrivee,475,258.7,88.6,4.31,44.05,12.4,338
2026-09-08,20:44:49,TAP48M,CS-TTY,Embraer E195,TAP Air Portugal,landing,arrivee,500,254.8,86.0,4.28,47.91,12.4,338
2026-09-08,20:48:10,TCV606,D4-CCI,Boeing 737-700,Cabo Verde Airlines,landing,arrivee,500,246.7,88.9,5.31,59.77,11.6,338
2026-09-08,21:02:42,EJU32GK,OE-IBS,Airbus A320,easyJet Europe,landing,arrivee,500,253.2,85.6,6.09,61.24,10.8,339
2026-09-08,21:06:15,PGT1741,TC-NCT,Airbus A320neo,Pegasus,landing,arrivee,525,240.8,84.9,4.44,43.52,10.8,339
2026-09-08,21:14:17,407667,G-UZMD,Airbus A321neo,easyJet,landing,arrivee,550,264.1,84.6,3.78,41.55,10.8,339
2026-09-08,21:16:32,TAP1692,CS-TPS,Embraer E190,TAP Air Portugal,landing,arrivee,500,253.9,85.3,4.43,36.66,10.2,337
2026-09-08,21:18:19,4951d2,CS-TNR,Airbus A320,TAP Air Portugal,landing,arrivee,550,239.8,88.6,5.96,50.59,10.2,337
2026-09-08,21:20:56,RZO152,CS-TKP,Airbus A320,TAP Air Portugal,landing,arrivee,575,252.4,87.3,5.83,49.27,10.2,337
2026-09-08,21:28:06,TAP755,,,TAP Air Portugal,landing,arrivee,575,254.8,83.0,2.9,41.98,10.2,337
2026-09-08,21:30:17,TAP863Y,CS-TTS,Airbus A319,TAP Air Portugal,landing,arrivee,550,239.8,84.5,4.16,62.96,10.2,337
2026-09-08,21:33:00,4cafc2,EI-GXG,Boeing 737-800,Ryanair,landing,arrivee,525,258.9,89.6,4.92,73.83,9.5,335
2026-09-08,21:35:09,4d253b,9H-EUQ,Airbus A320,Lauda Europe,landing,arrivee,575,241.7,88.6,5.96,57.32,9.5,335
2026-09-08,21:37:12,NJE552T,CS-GLJ,Global 6500,NetJets,landing,arrivee,525,213.4,79.3,2.13,26.01,9.5,335
2026-09-08,21:40:33,4cae55,EI-IJE,Boeing 737 MAX 8,Ryanair,landing,arrivee,500,265.8,86.3,4.44,46.37,9.5,335
2026-09-08,21:43:40,TAP837,CS-TNS,Airbus A320,TAP Air Portugal,landing,arrivee,500,255.9,87.0,5.32,62.07,9.5,335
2026-09-08,21:45:29,RYR8AT,9H-QDU,Boeing 737-800,Malta Air,landing,arrivee,525,261.5,89.8,4.96,82.98,9.5,335
2026-09-08,21:48:03,RYR20EE,9H-QCJ,Boeing 737-800,Malta Air,landing,arrivee,525,253.5,87.2,5.19,75.15,9.2,334
2026-09-08,21:50:28,TAP5AS,CS-TTP,Airbus A319,TAP Air Portugal,landing,arrivee,500,233.5,85.5,4.4,45.43,9.2,334
2026-09-08,21:53:40,440da5,OE-IDS,Airbus A320,easyJet Europe,landing,arrivee,525,237.1,89.3,5.31,49.3,9.2,334
2026-09-08,21:55:48,ELY375,4X-EKU,Boeing 737-800,El Al,landing,arrivee,500,273.2,88.1,5.31,67.33,9.2,334
2026-09-08,21:57:38,4952ca,CS-TVJ,Airbus A320neo,TAP Air Portugal,landing,arrivee,550,239.1,81.5,3.26,34.52,9.2,334
2026-09-08,22:00:11,4ca214,EI-DEE,Airbus A320,Aer Lingus,landing,arrivee,550,244.8,85.4,6.45,49.56,9.2,334
2026-09-08,22:03:13,4952cf,,,TAP Air Portugal,landing,arrivee,500,261.5,84.0,3.26,40.31,8.5,332
2026-09-08,22:05:25,495211,CS-TPQ,Embraer E190,TAP Air Portugal,landing,arrivee,600,227.1,83.6,3.67,44.08,8.5,332
2026-09-08,22:07:37,495218,CS-TPX,Embraer E190,TAP Air Portugal,landing,arrivee,500,240.8,88.2,4.44,77.3,8.5,332
2026-09-08,22:09:48,EZY46AK,,,easyJet,landing,arrivee,525,263.2,86.7,3.78,36.98,8.5,332
2026-09-08,22:12:55,4951d9,CS-TNY,Airbus A320,TAP Air Portugal,landing,arrivee,500,230.0,86.4,5.42,57.58,8.5,332
2026-09-08,22:14:31,TAP67U,,,TAP Air Portugal,landing,arrivee,550,236.7,82.4,2.77,38.49,8.5,332
2026-09-08,22:17:20,TAP827V,CS-TNV,Airbus A320,TAP Air Portugal,landing,arrivee,525,238.9,86.9,5.44,55.59,7.9,330
2026-09-08,22:19:03,RZO134,CS-TSM,Airbus A320,TAP Air Portugal,landing,arrivee,550,260.8,82.7,3.79,42.71,7.9,330
2026-09-08,22:22:03,46b830,,,,landing,arrivee,525,249.1,87.0,4.36,53.31,7.9,330
2026-09-08,22:24:31,4cafd2,EI-GXM,Boeing 737-800,Ryanair,landing,arrivee,525,271.7,91.4,4.91,98.13,7.9,330
2026-09-08,22:27:26,440cf8,OE-IBF,Airbus A320,easyJet Europe,landing,arrivee,525,243.2,89.6,5.12,63.1,7.9,330
2026-09-08,22:30:21,DLH34J,D-AINF,Airbus A320neo,Lufthansa,landing,arrivee,500,264.8,99.9,0.08,50.38,7.9,330
2026-09-08,22:32:57,EJU74EP,OE-LSR,Airbus A320,easyJet Europe,landing,arrivee,500,263.2,82.4,3.82,38.94,7.8,326
2026-09-08,22:35:40,3991e7,F-HEPH,Airbus A320,Air France,landing,arrivee,500,254.1,85.6,4.83,64.68,7.8,326
2026-09-08,22:37:30,TAP127M,CS-TVF,Airbus A320neo,TAP Air Portugal,landing,arrivee,525,246.7,85.1,4.1,35.74,7.8,326
2026-09-08,22:40:28,3c65cc,D-AINL,Airbus A320neo,Lufthansa,landing,arrivee,525,246.7,83.5,4.32,44.51,7.8,326
2026-09-08,22:48:30,495149,CS-TJI,Airbus A321neo,TAP Air Portugal,landing,arrivee,500,267.2,87.2,4.31,39.44,8.3,326
2026-09-08,22:51:09,TVF34QV,F-HUYS,Boeing 737-800,Transavia France,landing,arrivee,500,273.9,92.2,5.89,67.07,8.3,326
2026-09-08,22:54:00,TAP21MM,CS-TPO,Embraer E190,TAP Air Portugal,landing,arrivee,550,240.8,85.8,5.46,43.61,8.3,326
2026-09-08,22:55:47,RYR9QJ,9H-QCS,Boeing 737-800,Malta Air,landing,arrivee,475,278.9,91.2,5.48,79.6,8.3,326
2026-09-08,23:01:12,4cadba,EI-IGH,Boeing 737 MAX 8,Ryanair,landing,arrivee,500,272.8,90.0,3.71,53.82,8.0,324
2026-09-08,23:04:04,49526b,CS-TSK,Airbus A320,TAP Air Portugal,landing,arrivee,525,234.3,83.1,3.43,39.03,8.0,324
2026-09-08,23:06:25,495146,CS-TJF,Airbus A321,TAP Air Portugal,cruise,,625,0.0,86.6,5.34,55.56,8.0,324
2026-09-08,23:09:10,TAP783,,,TAP Air Portugal,landing,arrivee,525,275.6,86.2,4.32,55.28,8.0,324
2026-09-08,23:12:02,3964e4,F-GZHE,Boeing 737-800,Transavia France,cruise,,550,0.0,88.3,4.76,72.26,8.0,324
2026-09-08,23:14:05,RYR16GW,,,Ryanair,landing,arrivee,500,273.9,88.1,4.93,36.68,8.0,324
2026-09-08,23:16:25,IBE0539,EC-MCS,Airbus A320,Iberia,landing,arrivee,550,253.2,86.1,4.88,60.51,7.4,321
2026-09-08,23:18:24,440db0,OE-IDX,Airbus A320,easyJet Europe,landing,arrivee,550,260.8,85.4,4.86,57.38,7.4,321
2026-09-08,23:20:42,TAP645,CS-TVN,Airbus A320neo,TAP Air Portugal,landing,arrivee,500,252.4,85.2,4.32,43.46,7.4,321
2026-09-08,23:22:33,4951cc,CS-TNL,Airbus A320,TAP Air Portugal,landing,arrivee,550,239.1,85.0,4.34,62.35,7.4,321
2026-09-08,23:25:15,EJU7690,OE-IWW,Airbus A320,easyJet Europe,cruise,,550,0.0,83.2,4.34,51.48,7.4,321
2026-09-08,23:27:04,4cacdf,EI-GJS,Boeing 737-800,Ryanair,landing,arrivee,500,277.2,87.3,4.91,69.35,7.4,321
2026-09-08,23:29:30,440224,,,easyJet Europe,landing,arrivee,550,247.2,87.3,3.84,38.29,7.4,321
2026-09-08,23:34:28,495217,CS-TPW,Embraer E190,TAP Air Portugal,landing,arrivee,525,239.1,85.1,4.29,54.77,7.1,319
2026-09-08,23:35:58,TAP94KM,CS-TJH,Airbus A321,TAP Air Portugal,landing,arrivee,575,268.9,88.8,5.86,70.5,7.1,319
2026-09-08,23:39:02,THY2ES,TC-LCT,Boeing 737 MAX 8,Turkish Airlines,landing,arrivee,500,279.7,87.3,4.29,55.54,7.1,319
2026-09-08,23:41:59,3c65e2,,,,landing,arrivee,525,256.3,87.9,4.31,56.92,7.1,319
2026-09-08,23:43:47,SWR755L,,,Swiss,landing,arrivee,500,253.2,85.0,5.52,51.17,7.1,319
2026-09-08,23:59:16,4ca9cc,EI-EVE,Boeing 737-800,Ryanair,landing,arrivee,500,286.1,87.8,4.91,78.91,6.4,317
2026-09-09,00:21:42,4867c1,,,,cruise,,575,0.0,84.0,3.87,43.71,6.1,315
2026-09-09,00:51:04,RYR59QQ,9H-QBT,Boeing 737-800,Malta Air,landing,arrivee,525,270.4,86.5,4.32,72.04,6.6,315
2026-09-09,01:48:09,RZO128,CS-TSJ,Airbus A321neo,TAP Air Portugal,landing,arrivee,550,263.2,84.6,3.51,31.34,8.2,311
2026-09-09,04:39:03,TAP202A,CS-TXD,Airbus A321neo,TAP Air Portugal,landing,arrivee,575,258.9,84.7,4.79,37.0,10.1,356
2026-09-09,04:49:45,4952b3,CS-TUS,Airbus A330-900neo,TAP Air Portugal,cruise,,650,0.0,88.6,6.45,77.47,9.4,356
2026-09-09,04:53:13,4952ae,CS-TUN,Airbus A330-900neo,TAP Air Portugal,landing,arrivee,600,248.4,86.3,5.96,68.36,10.1,343
2026-09-09,04:55:45,TAP232Y,CS-TXL,Airbus A321neo,TAP Air Portugal,landing,arrivee,575,272.4,85.6,3.54,45.38,10.1,343
2026-09-09,05:05:00,4952a5,CS-TUE,Airbus A330-900neo,TAP Air Portugal,cruise,,600,0.0,88.8,5.93,78.18,10.1,343
2026-09-09,05:21:05,495303,CS-TXC,Airbus A321neo,TAP Air Portugal,landing,arrivee,600,246.7,84.0,4.31,43.33,10.5,344
2026-09-09,05:26:31,495306,CS-TXF,Airbus A321neo,TAP Air Portugal,landing,arrivee,625,255.6,86.5,4.94,49.23,10.5,344
2026-09-09,05:41:52,495298,CS-TTX,Embraer E195,TAP Air Portugal,landing,arrivee,575,252.4,85.2,4.41,54.57,11.2,345
2026-09-09,05:49:43,4952cb,CS-TVK,Airbus A320neo,TAP Air Portugal,landing,arrivee,575,248.4,82.1,5.04,40.96,11.8,348
2026-09-09,05:56:19,49514e,CS-TJN,Airbus A321neo,TAP Air Portugal,landing,arrivee,650,257.2,85.0,3.79,40.04,11.8,348
2026-09-09,05:59:42,49521a,CS-TPZ,Embraer E190,TAP Air Portugal,landing,arrivee,575,241.5,85.4,3.78,62.89,11.8,348
2026-09-09,06:03:15,4952ad,CS-TUM,Airbus A330-900neo,TAP Air Portugal,landing,arrivee,600,263.9,88.0,5.44,62.97,12.1,348
2026-09-09,06:14:03,4952af,CS-TUO,Airbus A330-900neo,TAP Air Portugal,landing,arrivee,625,260.8,89.4,6.57,93.68,12.1,348
2026-09-09,06:16:44,TAP1484,CS-TJR,Airbus A321neo,TAP Air Portugal,landing,arrivee,625,276.5,83.0,4.3,43.73,11.8,348
2026-09-09,06:19:41,c0799e,C-GUBL,Airbus A330-200,Air Transat,landing,arrivee,575,245.6,86.1,6.45,56.15,11.8,348
2026-09-09,06:25:54,TAP11VP,,,TAP Air Portugal,landing,arrivee,575,237.4,86.3,4.43,47.38,11.8,348
2026-09-09,06:29:04,4ca811,EI-EKR,Boeing 737-800,Ryanair,landing,arrivee,600,270.4,86.5,4.32,83.43,11.8,348
2026-09-09,06:31:16,440b90,OE-IXB,Boeing 737-800,ASL Airlines Belgium,landing,arrivee,550,269.7,88.9,4.44,60.28,11.0,349
2026-09-09,06:34:46,348342,,,,landing,arrivee,600,259.7,86.5,5.31,64.54,11.0,349
2026-09-09,06:38:27,49514c,CS-TJL,Airbus A321neo,TAP Air Portugal,landing,arrivee,600,244.8,84.7,3.78,39.01,11.0,349
2026-09-09,06:47:27,TAP41SN,CS-TTS,Airbus A319,TAP Air Portugal,landing,arrivee,625,242.2,86.1,4.93,58.87,10.2,350
2026-09-09,06:54:41,TAM8146,PT-MUD,Boeing 777-300ER,LATAM Airlines,landing,arrivee,575,280.6,93.0,5.91,114.63,10.2,350
2026-09-09,06:57:40,344341,EC-LTM,Boeing 737-800,Air Europa,landing,arrivee,575,263.2,86.9,4.96,63.09,10.2,350
2026-09-09,07:04:16,495216,CS-TPV,Embraer E190,TAP Air Portugal,landing,arrivee,575,228.4,83.5,4.31,40.45,10.2,350
2026-09-09,07:14:41,TAP441,CS-TJK,Airbus A321neo,TAP Air Portugal,landing,arrivee,625,249.1,83.1,3.26,33.49,10.2,350
2026-09-09,07:18:21,SRR6646,,,,landing,arrivee,625,240.0,88.1,5.92,63.58,10.6,350
2026-09-09,07:23:40,495145,CS-TJE,Airbus A321,TAP Air Portugal,landing,arrivee,625,254.1,88.6,5.41,64.1,10.6,350
2026-09-09,07:26:31,34620c,EC-NFJ,Airbus A320neo,Vueling,landing,arrivee,600,249.8,84.0,4.15,38.32,10.6,350
2026-09-09,07:29:18,8964bd,A6-BLM,Boeing 787-9,Etihad Airways,landing,arrivee,550,270.0,86.2,5.39,67.91,10.6,350
2026-09-09,07:32:09,3c542a,D-AEAJ,A300 B4-622RF,DHL Air,landing,arrivee,625,233.5,89.5,8.07,114.63,11.6,353
2026-09-09,07:40:17,EZS79YP,HB-JXK,Airbus A320,Austrian Airlines,landing,arrivee,550,246.3,85.6,4.27,60.95,11.6,353
2026-09-09,07:43:29,4951d4,CS-TNT,Airbus A320,TAP Air Portugal,landing,arrivee,575,254.8,85.1,4.9,54.57,11.6,353
2026-09-09,07:47:09,495297,CS-TTW,Embraer E195,TAP Air Portugal,landing,arrivee,550,246.7,85.0,4.94,52.79,12.7,353
2026-09-09,07:49:50,UAL64,N17017,Boeing 787-10,United Airlines,landing,arrivee,575,277.2,84.0,4.79,71.25,12.7,353
2026-09-09,07:53:12,TAP1023,CS-TNU,Airbus A320,TAP Air Portugal,landing,arrivee,575,244.3,85.0,3.14,37.47,12.7,353
2026-09-09,07:56:01,TAP945,CS-TVD,Airbus A320neo,TAP Air Portugal,landing,arrivee,550,253.9,85.6,4.31,51.97,12.7,353
2026-09-09,08:02:13,4952d3,,,,landing,arrivee,625,222.2,83.6,4.42,39.38,13.4,354
2026-09-09,08:14:18,DTA650,D2-TEK,Boeing 777-300ER,TAAG Angola,landing,arrivee,550,270.8,92.3,6.44,136.31,13.4,354
2026-09-09,08:17:32,EJU15DB,OE-IUC,Airbus A321neo,easyJet Europe,landing,arrivee,550,239.1,84.1,3.18,40.33,14.1,354
2026-09-09,08:20:08,3c6490,D-AIDP,Airbus A321,Eurowings,landing,arrivee,600,266.5,83.7,4.84,52.19,14.1,354
2026-09-09,08:23:15,4952c5,CS-TVE,Airbus A320neo,TAP Air Portugal,landing,arrivee,625,254.1,82.3,3.75,48.14,14.1,354
2026-09-09,08:26:26,4952cd,,,TAP Air Portugal,landing,arrivee,575,223.5,83.8,3.26,37.79,14.1,354
2026-09-09,08:31:14,3985a1,F-HBNB,Airbus A320,Air France,cruise,,625,0.0,86.3,5.31,62.2,14.8,354
2026-09-09,08:34:06,49514f,CS-TJO,Airbus A321neo,TAP Air Portugal,landing,arrivee,600,253.2,81.2,3.28,46.25,14.8,354
2026-09-09,08:36:49,49514d,CS-TJM,Airbus A321neo,TAP Air Portugal,landing,arrivee,600,258.4,85.1,3.75,50.15,14.8,354
2026-09-09,08:39:37,c0583a,C-GHKR,Airbus A330-300,Air Canada,landing,arrivee,575,233.9,88.0,7.03,93.96,14.8,354
2026-09-09,08:42:44,39dd04,,,,landing,arrivee,600,225.0,83.3,4.02,38.92,14.8,354
2026-09-09,08:45:18,495302,CS-TXB,Airbus A321neo,TAP Air Portugal,landing,arrivee,575,254.1,84.0,3.26,51.07,14.8,354
2026-09-09,08:48:11,4cac86,EI-HMZ,Boeing 737 MAX 8,Ryanair,landing,arrivee,550,265.6,84.2,4.27,53.53,15.2,355
2026-09-09,08:50:58,TAP9RH,CS-TVL,Airbus A320,TAP Air Portugal,approach,arrivee,550,228.4,84.7,3.79,42.02,15.2,355
2026-09-09,08:53:17,4854cf,PH-HBN,Boeing 737-800,Transavia,landing,arrivee,600,258.9,84.9,4.79,85.99,15.2,355
2026-09-09,08:56:44,TAP675,,,TAP Air Portugal,landing,arrivee,625,218.4,82.5,3.87,36.05,15.2,355
2026-09-09,08:59:42,RYR4RL,EI-GJS,Boeing 737-800,Ryanair,landing,arrivee,600,258.0,87.5,5.4,71.66,15.2,355
2026-09-09,09:03:09,a51d6f,,,,landing,arrivee,575,247.2,86.8,5.97,71.63,15.5,355
2026-09-09,09:05:23,4d2260,9H-QDS,Boeing 737-800,Malta Air,landing,arrivee,525,266.5,84.6,3.23,84.41,15.5,355
2026-09-09,09:08:47,VLG46AX,EC-NYD,Airbus A321,Vueling,landing,arrivee,575,239.3,84.4,3.79,67.84,15.5,355
2026-09-09,09:11:11,TRA27L,PH-HZI,Boeing 737-800,Transavia,landing,arrivee,525,272.8,88.0,3.69,86.0,15.5,355
2026-09-09,09:13:57,4ca704,EI-EBG,Boeing 737-800,Ryanair,landing,arrivee,575,263.2,87.0,3.75,60.58,15.5,355
2026-09-09,09:37:24,TAP012,CS-TUR,Airbus A330-900neo,TAP Air Portugal,landing,arrivee,525,243.9,88.6,5.92,63.89,15.2,353
2026-09-09,09:40:21,RYR24SE,EI-ENT,Boeing 737-800,Ryanair,landing,arrivee,550,262.2,87.0,4.79,77.52,15.2,353
2026-09-09,09:43:07,TAP216L,CS-TXA,Airbus A321neo,TAP Air Portugal,landing,arrivee,575,240.8,83.0,3.78,47.07,15.2,353
2026-09-09,09:46:01,TAP036,,,TAP Air Portugal,landing,arrivee,550,241.5,90.1,6.53,65.99,15.2,353
2026-09-09,09:48:22,ab5c12,N831AA,Boeing 787-9,American Airlines,cruise,,575,248.2,86.9,5.03,54.49,14.9,353
2026-09-09,09:50:59,THY3WE,,,Turkish Airlines,landing,arrivee,625,232.4,86.0,3.77,60.72,14.9,353
2026-09-09,09:53:59,AEE2PT,SX-NET,Airbus A320neo,,landing,arrivee,575,225.0,85.8,3.78,42.83,14.9,353
2026-09-09,09:56:31,TAP210,CS-TOP,Airbus A330-200,TAP Air Portugal,landing,arrivee,550,247.6,86.0,5.32,67.42,14.9,353
2026-09-09,09:59:11,440cf8,OE-IBF,Airbus A320,easyJet Europe,landing,arrivee,575,239.1,84.6,4.27,56.41,14.9,353
2026-09-09,10:01:43,4952c3,CS-TVC,Airbus A320neo,TAP Air Portugal,landing,arrivee,575,237.4,81.8,3.79,46.16,14.6,351
2026-09-09,10:04:14,495038,,,TAP Air Portugal,landing,arrivee,575,242.2,83.9,4.11,46.4,14.6,351
2026-09-09,10:09:16,495066,,,TAP Air Portugal,landing,arrivee,575,248.0,86.7,6.35,74.63,14.6,351
2026-09-09,10:12:37,495211,CS-TPQ,Embraer E190,TAP Air Portugal,landing,arrivee,550,232.4,84.6,5.44,52.55,14.6,351
2026-09-09,10:15:14,4952b1,CS-TUQ,Airbus A330-900neo,TAP Air Portugal,landing,arrivee,575,255.6,85.4,5.97,69.3,14.6,351
2026-09-09,10:17:53,a4f239,N418DX,Airbus A330-900neo,Delta Air Lines,landing,arrivee,775,251.5,85.8,5.4,86.64,14.6,351
2026-09-09,10:21:14,TAP1826,CS-TVG,Airbus A320neo,TAP Air Portugal,landing,arrivee,550,252.4,82.2,3.67,39.42,14.6,351
2026-09-09,10:27:07,4951ee,CS-TON,Airbus A330-200,TAP Air Portugal,landing,arrivee,550,243.5,86.8,7.09,86.56,14.6,351
2026-09-09,10:29:28,344217,EC-LPQ,Boeing 737-800,Air Europa,landing,arrivee,550,267.1,86.7,4.76,81.79,14.6,351
2026-09-09,10:32:14,TAP234Y,CS-TXI,Airbus A321neo,TAP Air Portugal,landing,arrivee,550,257.2,83.4,3.17,36.0,15.0,350
2026-09-09,10:34:44,RYR3WD,,,Ryanair,landing,arrivee,575,270.8,83.4,3.79,48.82,15.0,350
2026-09-09,10:37:24,484fde,PH-BCD,Boeing 737-800,KLM,landing,arrivee,575,264.8,86.1,4.91,84.06,15.0,350
2026-09-09,10:40:19,LGL51P,LX-LBK,Boeing 737 MAX 8,Luxair,landing,arrivee,550,264.1,83.6,4.8,42.14,15.0,350
2026-09-09,10:42:48,RYR21UN,,,Ryanair,landing,arrivee,575,269.7,84.4,3.75,49.74,15.3,351
2026-09-09,10:46:05,495292,CS-TTR,Airbus A319,TAP Air Portugal,cruise,,600,244.5,82.3,4.94,56.22,15.3,351
2026-09-09,10:48:15,VJT449,9H-VCO,Challenger 350,VistaJet,landing,arrivee,575,225.2,74.3,0.97,27.04,15.3,351
2026-09-09,10:50:46,44cdd1,OO-SNQ,Airbus A320,Brussels Airlines,cruise,,600,0.0,83.6,3.27,58.51,15.3,351
2026-09-09,10:53:15,ACA810,CA-FITL,Boeing 777-300ER,Air Canada,landing,arrivee,575,262.4,90.4,6.63,108.38,15.3,351
2026-09-09,10:58:03,AFR41GW,F-HZUE,A220 300,Air France,landing,arrivee,625,235.9,81.6,3.78,40.97,15.3,351
2026-09-09,11:05:03,4952a8,CS-TUH,Airbus A330-900neo,TAP Air Portugal,landing,arrivee,600,241.5,86.5,6.45,68.73,15.4,349
2026-09-09,11:09:20,AZU8900,,,Azul,landing,arrivee,575,242.4,90.2,5.91,80.91,15.4,349
2026-09-09,11:12:27,TAP048,CS-TXH,Airbus A321neo,TAP Air Portugal,landing,arrivee,550,258.9,84.0,4.28,45.03,15.4,349
2026-09-09,11:15:52,SWR36K,YL-ABT,A220-300,Swiss,landing,arrivee,575,243.2,86.6,4.44,39.01,15.4,349
2026-09-09,11:20:41,440da5,OE-IDS,Airbus A320,easyJet Europe,landing,arrivee,600,249.1,84.6,4.98,53.51,15.4,349
2026-09-09,11:25:23,4951d2,CS-TNR,Airbus A320,TAP Air Portugal,landing,arrivee,550,244.8,84.6,4.76,41.8,15.4,349
2026-09-09,11:33:41,RYR59QQ,EI-IJE,Boeing 737 MAX 8,Ryanair,landing,arrivee,525,266.3,85.4,4.95,44.35,15.5,348
2026-09-09,11:39:03,TAP028,CS-TUP,Airbus A330-900neo,TAP Air Portugal,landing,arrivee,575,270.8,88.3,5.99,70.19,15.5,348
2026-09-09,11:41:26,49526b,CS-TSK,Airbus A320,TAP Air Portugal,landing,arrivee,600,253.2,86.0,4.8,53.4,15.5,348
2026-09-09,11:48:13,DLH39X,D-AIEQ,Airbus A321,Lufthansa,landing,arrivee,550,278.7,86.9,3.79,51.07,15.5,348
2026-09-09,11:52:27,EJU38DF,,,easyJet Europe,landing,arrivee,575,263.2,85.5,3.62,39.56,15.5,348
2026-09-09,11:55:09,34324e,EC-KUB,Airbus A319,Iberia,landing,arrivee,600,227.4,87.2,5.96,80.07,15.5,348
2026-09-09,12:00:05,e4a3d7,,,,landing,arrivee,550,260.8,88.2,5.96,76.71,15.5,348
2026-09-09,12:09:47,EWG37V,,,Eurowings,landing,arrivee,525,250.8,87.1,3.79,51.08,15.5,348
2026-09-09,12:12:38,44015a,OE-IJD,Airbus A320,easyJet Europe,landing,arrivee,600,216.5,87.3,4.96,58.2,15.5,348
2026-09-09,12:14:52,TAP1902,,,TAP Air Portugal,landing,arrivee,575,248.4,85.1,4.27,32.93,15.5,348
2026-09-09,12:17:37,440d6f,OE-LSR,Airbus A320,easyJet Europe,landing,arrivee,575,253.9,82.7,3.75,37.73,15.5,348
2026-09-09,12:20:18,4951d9,CS-TNY,Airbus A320,TAP Air Portugal,cruise,,600,0.0,87.1,4.8,60.81,15.5,348
2026-09-09,12:23:47,440b1e,OE-IWW,Airbus A320,easyJet Europe,landing,arrivee,600,255.6,86.6,4.27,46.42,15.5,348
2026-09-09,12:26:58,896314,A6-ENR,Boeing 777-300ER,Emirates,landing,arrivee,800,264.8,92.9,7.09,110.75,15.5,348
2026-09-09,12:32:14,TAP1151,CS-TPR,Embraer E190,TAP Air Portugal,landing,arrivee,550,245.6,87.3,4.83,49.98,15.1,348
2026-09-09,12:34:57,TAP2679,CS-TVH,Airbus A320neo,TAP Air Portugal,landing,arrivee,575,254.8,86.0,3.79,40.1,15.1,348
2026-09-09,12:38:23,TAP143P,CS-TTW,Embraer E195,TAP Air Portugal,landing,arrivee,600,259.7,85.1,4.27,35.95,15.1,348
2026-09-09,12:41:44,495219,CS-TPY,Embraer E190,TAP Air Portugal,cruise,,625,0.0,84.4,3.78,39.99,15.1,348
2026-09-09,12:48:09,495037,,,TAP Air Portugal,landing,arrivee,700,260.4,87.4,4.78,47.71,14.8,347
2026-09-09,12:57:21,406539,G-EZGJ,Airbus A319,easyJet,landing,arrivee,575,245.2,85.3,3.74,42.54,14.8,347
2026-09-09,13:04:56,39ceaf,F-HTVP,Boeing 737-800,Transavia France,landing,arrivee,600,268.9,87.1,4.02,58.38,15.3,345
2026-09-09,13:08:16,EJU56VP,OE-IBS,Airbus A320,easyJet Europe,landing,arrivee,575,249.1,86.5,5.44,48.23,15.3,345
2026-09-09,13:10:46,RZO122,CS-TSI,Airbus A321neo,TAP Air Portugal,landing,arrivee,650,273.2,83.6,4.92,36.51,15.3,345
2026-09-09,13:14:45,TAP831,CS-TJJ,Airbus A321neo,TAP Air Portugal,landing,arrivee,575,258.4,83.2,4.17,61.89,15.3,345
2026-09-09,13:17:22,EJU76WL,,,easyJet Europe,landing,arrivee,575,254.8,84.4,3.9,35.17,15.7,344
2026-09-09,13:20:59,TAP145W,CS-TVB,Airbus A320neo,TAP Air Portugal,landing,arrivee,600,233.2,85.7,5.32,34.39,15.7,344
2026-09-09,13:23:17,TAP43JD,CS-TJR,Airbus A321neo,TAP Air Portugal,landing,arrivee,600,258.4,84.5,4.67,40.09,15.7,344
2026-09-09,13:26:16,TAP23V,CS-TTX,Embraer E195,TAP Air Portugal,landing,arrivee,575,256.5,87.5,4.31,49.37,15.7,344
2026-09-09,13:29:13,48e95e,,,,landing,arrivee,575,269.7,85.6,3.78,44.78,15.7,344
2026-09-09,13:31:48,DLH47T,D-AIEC,Airbus A321neo,Lufthansa,landing,arrivee,625,258.0,84.5,4.94,42.49,15.7,344
2026-09-09,13:34:27,EJU98EV,OE-IVL,Airbus A320,easyJet Europe,landing,arrivee,600,245.6,85.4,4.92,55.61,15.7,344
2026-09-09,13:37:09,TAP641,CS-TTP,Airbus A319,TAP Air Portugal,landing,arrivee,625,225.8,88.6,6.56,52.52,15.7,344
2026-09-09,13:39:47,TAP91TL,CS-TTY,Embraer E195,TAP Air Portugal,landing,arrivee,575,258.4,86.0,4.18,52.74,15.7,344
2026-09-09,13:42:43,TAP1736,CS-TVD,Airbus A320neo,TAP Air Portugal,landing,arrivee,600,259.7,84.3,3.54,45.04,15.7,344
2026-09-09,13:45:48,TAP10VL,CS-TPV,Embraer E190,TAP Air Portugal,landing,arrivee,575,237.4,90.4,5.91,48.04,15.7,344
2026-09-09,13:48:24,495039,,,TAP Air Portugal,landing,arrivee,625,262.2,84.2,4.91,46.77,16.2,343
2026-09-09,13:50:46,4951d3,CS-TNS,Airbus A320,TAP Air Portugal,landing,arrivee,600,269.7,86.7,5.43,56.57,16.2,343
2026-09-09,13:53:43,EJU98XP,OE-IDX,Airbus A320,easyJet Europe,landing,arrivee,625,249.1,86.6,5.44,47.76,16.2,343
2026-09-09,13:56:52,TAP067,CS-TOO,Airbus A330-200,TAP Air Portugal,landing,arrivee,575,242.4,96.6,7.04,64.45,16.2,343
2026-09-09,13:59:23,RZO140,CS-TKP,Airbus A320,TAP Air Portugal,landing,arrivee,600,258.9,86.7,5.55,47.24,16.2,343
2026-09-09,14:01:59,4d2346,9H-VUG,Boeing 737 MAX 8,Malta Air,approach,arrivee,600,0.0,87.9,4.27,38.32,16.6,342
2026-09-09,14:04:51,TAP1013,CS-TPS,Embraer E190,TAP Air Portugal,landing,arrivee,625,231.3,85.2,4.67,40.65,16.6,342
2026-09-09,14:07:43,TAP401P,CS-TPW,Embraer E190,TAP Air Portugal,landing,arrivee,575,250.8,84.1,3.66,41.35,16.6,342
2026-09-09,14:10:36,TAP823,CS-TNL,Airbus A320,TAP Air Portugal,landing,arrivee,600,255.6,84.3,3.75,47.66,16.6,342
2026-09-09,14:12:59,TAP1860,CS-TJE,Airbus A321,TAP Air Portugal,landing,arrivee,575,270.4,85.4,4.39,59.35,16.6,342
2026-09-09,14:15:48,49521a,CS-TPZ,Embraer E190,TAP Air Portugal,landing,arrivee,600,238.4,84.5,5.3,43.61,16.6,342
2026-09-09,14:17:50,4869c4,,,,landing,arrivee,650,249.8,86.5,5.43,41.84,17.1,342
2026-09-09,14:21:21,344545,EC-MAF,ATR 72 500F,Swiftair,landing,arrivee,625,196.5,86.7,5.31,48.78,17.1,342
2026-09-09,14:23:42,TAP084,CS-TUF,Airbus A330-900neo,TAP Air Portugal,landing,arrivee,575,261.7,86.6,5.4,75.06,17.1,342
2026-09-09,14:26:29,4952cc,CS-TVL,Airbus A320,TAP Air Portugal,cruise,,600,0.0,85.4,3.19,38.11,17.1,342
2026-09-09,14:29:23,TAP118,CS-TUD,Airbus A330-900neo,TAP Air Portugal,landing,arrivee,625,241.5,88.6,5.79,64.28,17.1,342
2026-09-09,14:32:00,SWR32F,HB-JCE,C Series 300,Swiss,cruise,,650,0.0,87.4,4.27,46.38,17.5,341
2026-09-09,14:34:25,4ca621,EI-DWT,Boeing 737-800,Ryanair,landing,arrivee,650,263.4,89.0,5.42,85.59,17.5,341
2026-09-09,14:37:21,TAP36GS,,,TAP Air Portugal,landing,arrivee,625,271.3,80.3,4.28,44.73,17.5,341
2026-09-09,14:39:50,AFR37EQ,F-GKXS,Airbus A320,Air France,landing,arrivee,700,261.7,87.4,4.39,51.45,17.5,341
2026-09-09,14:42:49,TAP691P,CS-TNV,Airbus A320,TAP Air Portugal,landing,arrivee,600,242.4,87.2,5.79,40.86,17.5,341
2026-09-09,14:45:16,TAP941,CS-TVJ,Airbus A320neo,TAP Air Portugal,landing,arrivee,675,258.9,84.1,4.3,35.85,17.5,341
2026-09-09,14:47:47,RYR32KG,9H-QBQ,Boeing 737-800,Malta Air,landing,arrivee,650,270.8,89.0,5.44,73.86,17.7,340
2026-09-09,14:50:30,TAP481,CS-TPU,Embraer E190,TAP Air Portugal,landing,arrivee,600,243.9,85.9,5.43,39.45,17.7,340
2026-09-09,14:53:05,49520f,CS-TPO,Embraer E190,TAP Air Portugal,landing,arrivee,600,245.6,86.2,4.27,37.18,17.7,340
2026-09-09,14:55:38,RYR55AR,EI-GJS,Boeing 737-800,Ryanair,landing,arrivee,600,266.5,87.1,5.4,67.29,17.7,340
2026-09-09,14:58:19,TAP86GM,CS-TNW,Airbus A320,TAP Air Portugal,landing,arrivee,625,252.2,83.8,5.04,36.04,17.7,340
2026-09-09,15:01:14,TAP541W,CS-TPX,Embraer E190,TAP Air Portugal,landing,arrivee,575,245.6,84.1,4.35,38.27,17.7,340
2026-09-09,15:03:43,096028,D4-CCJ,Boeing 737 MAX 8,TACV Cabo Verde Airlines,landing,arrivee,600,279.5,85.7,3.3,42.01,18.1,339
2026-09-09,15:06:48,EZY35DC,G-EZDN,Airbus A319,easyJet,landing,arrivee,600,248.7,86.3,4.91,52.44,18.1,339
2026-09-09,15:09:38,407a06,G-UZLM,Airbus A320neo,easyJet,landing,arrivee,575,264.8,85.9,4.28,35.27,18.1,339
2026-09-09,15:12:30,440cf8,OE-IBF,Airbus A320,easyJet Europe,landing,arrivee,725,264.1,83.0,4.92,52.08,18.1,339
2026-09-09,15:14:49,TAP75CH,CS-TVI,Airbus A320neo,TAP Air Portugal,landing,arrivee,625,243.2,85.1,4.15,37.32,18.1,339
2026-09-09,15:16:45,AEA12AT,EC-MJU,Boeing 737-800,Air Europa,landing,arrivee,625,270.8,89.3,4.03,64.93,18.6,338
2026-09-09,15:20:00,EJU41HA,,,easyJet Europe,approach,arrivee,650,265.6,85.1,4.75,33.93,18.6,338
2026-09-09,15:22:45,RYR76WW,9H-QBT,Boeing 737-800,Malta Air,landing,arrivee,600,278.7,86.6,5.16,77.46,18.6,338
2026-09-09,15:26:36,TAP571,CS-TNQ,Airbus A320,TAP Air Portugal,landing,arrivee,600,255.9,85.8,4.3,36.37,18.6,338
2026-09-09,15:29:33,4b169a,HB-IOO,Airbus A321,Swiss,landing,arrivee,600,275.6,87.1,4.78,64.18,18.6,338
2026-09-09,15:32:19,4bb264,TC-LSD,Airbus A321neo,Turkish Airlines,landing,arrivee,650,277.1,85.6,4.15,48.58,19.1,338
2026-09-09,15:35:15,495211,CS-TPQ,Embraer E190,TAP Air Portugal,landing,arrivee,600,234.8,84.5,5.03,30.54,19.1,338
2026-09-09,15:39:04,FIN96W,OH-LZP,Airbus A321,Finnair,landing,arrivee,575,267.2,84.9,5.47,45.99,19.1,338
2026-09-09,15:41:33,TAP1532,CS-TXM,Airbus A321,TAP Air Portugal,landing,arrivee,650,271.3,83.9,4.28,44.12,19.1,338
2026-09-09,15:44:24,4951d8,CS-TNX,Airbus A320,TAP Air Portugal,landing,arrivee,625,255.9,82.9,3.78,44.54,19.1,338
2026-09-09,15:47:01,RYR67UV,9H-QBL,Boeing 737-800,Malta Air,landing,arrivee,625,280.0,87.9,4.79,59.99,19.1,338
2026-09-09,15:50:27,4952ce,CS-TVN,Airbus A320neo,TAP Air Portugal,landing,arrivee,650,261.5,82.7,4.39,38.28,19.1,338
2026-09-09,15:53:19,3c6668,D-AISH,Airbus A321,Lufthansa,landing,arrivee,675,281.3,87.2,5.68,50.43,19.1,338
2026-09-09,15:56:05,49514b,CS-TJK,Airbus A321neo,TAP Air Portugal,landing,arrivee,675,260.4,84.7,3.79,30.02,19.1,338
2026-09-09,15:59:03,4952cf,,,TAP Air Portugal,landing,arrivee,625,262.2,83.2,2.87,39.96,19.1,338
2026-09-09,16:01:45,495210,CS-TPP,Embraer E190,TAP Air Portugal,landing,arrivee,650,236.7,87.1,4.69,35.78,19.5,337
2026-09-09,16:04:36,40666d,G-EZUT,Airbus A320,easyJet,landing,arrivee,625,243.9,84.9,5.42,56.92,19.5,337
2026-09-09,16:07:33,495293,CS-TTS,Airbus A319,TAP Air Portugal,landing,arrivee,675,251.5,84.0,4.27,44.18,19.5,337
2026-09-09,16:10:36,4952c6,CS-TVF,Airbus A320neo,TAP Air Portugal,landing,arrivee,650,257.2,84.1,4.27,35.88,19.5,337
2026-09-09,16:12:56,495148,CS-TJH,Airbus A321,TAP Air Portugal,cruise,,900,0.0,85.0,5.4,45.63,19.5,337
2026-09-09,16:15:12,ANE91TE,,,Air Nostrum,landing,arrivee,675,261.7,81.7,3.26,29.53,19.5,337
2026-09-09,16:17:54,3c56ec,D-AEWL,Airbus A320,Eurowings,cruise,,875,0.0,86.1,5.48,57.03,20.0,337
2026-09-09,16:20:48,49514c,CS-TJL,Airbus A321neo,TAP Air Portugal,cruise,,900,0.0,86.8,3.55,46.1,20.0,337
2026-09-09,16:23:49,49514d,CS-TJM,Airbus A321neo,TAP Air Portugal,cruise,,950,0.0,83.6,3.75,39.88,20.0,337
2026-09-09,16:26:49,40097e,G-EUUC,Airbus A320,British Airways,landing,arrivee,650,255.6,86.3,3.31,58.37,20.0,337
2026-09-09,16:32:39,VLG8JM,EC-NLV,Airbus A321,Vueling,landing,arrivee,625,266.5,81.7,3.9,47.16,20.3,337
2026-09-09,16:37:17,RYR68VC,SP-RZH,Boeing 737 MAX 8,Buzz,landing,arrivee,625,280.0,85.8,2.9,42.05,20.3,337
2026-09-09,16:40:20,3c54a5,D-AEEE,Airbus A321,Eurowings,landing,arrivee,900,254.1,82.4,4.15,37.94,20.3,337
2026-09-09,16:43:21,4951d2,CS-TNR,Airbus A320,TAP Air Portugal,landing,arrivee,650,267.2,82.8,3.91,41.02,20.3,337
2026-09-09,16:46:10,06a0a7,A7-BCC,Boeing 787-8,Qatar Airways,cruise,,625,0.0,82.6,4.93,47.41,20.3,337
2026-09-09,16:48:51,4d2242,9H-QCD,Boeing 737-800,Malta Air,landing,arrivee,675,272.1,83.4,3.9,51.57,20.5,336
2026-09-09,16:51:33,4952a7,CS-TUG,Airbus A330-900neo,TAP Air Portugal,cruise,,950,0.0,86.4,5.92,64.42,20.5,336
2026-09-09,16:54:24,495154,,,,landing,arrivee,875,271.3,81.5,3.14,44.27,20.9,336
2026-09-09,16:57:16,3c54a5,D-AEEE,Airbus A321,Eurowings,landing,arrivee,850,243.0,79.9,3.23,34.98,20.9,336
2026-09-09,17:00:20,407536,G-TTNF,Airbus A320neo,British Airways,landing,arrivee,625,240.8,80.9,3.18,47.21,20.9,336
2026-09-09,17:02:43,495149,CS-TJI,Airbus A321neo,TAP Air Portugal,cruise,,825,0.0,82.5,3.79,37.76,20.9,336
2026-09-09,17:05:23,495146,CS-TJF,Airbus A321,TAP Air Portugal,landing,arrivee,650,283.7,86.7,3.1,48.64,20.9,336
2026-09-09,17:08:05,TAP070,CS-TUC,Airbus A330-900neo,TAP Air Portugal,landing,arrivee,650,257.2,85.2,4.79,66.77,20.9,336
2026-09-09,17:11:18,RYR7P,EI-EMI,Boeing 737-800,Ryanair,landing,arrivee,650,269.7,85.3,3.15,76.89,20.9,336
2026-09-09,17:14:12,EJU15PC,OE-IDS,Airbus A320,easyJet Europe,landing,arrivee,650,264.1,81.8,3.79,58.13,20.9,336
2026-09-09,17:16:53,4952aa,CS-TUJ,Airbus A330-900neo,TAP Air Portugal,cruise,,775,0.0,84.4,5.97,80.47,20.8,337
2026-09-09,17:22:03,PAV521H,D-IHVQ,Citation CJ1,ProAir Aviation GmbH,landing,arrivee,675,218.4,79.4,1.09,39.8,20.8,337
2026-09-09,17:25:16,4ca4f2,EI-DPN,Boeing 737-800,Ryanair,landing,arrivee,625,268.0,83.0,4.31,60.28,20.8,337
2026-09-09,17:27:29,NOZ6GA,LN-NIQ,Boeing 737-800,Norwegian Air Shuttle AOC,landing,arrivee,625,274.8,84.8,3.78,63.99,20.8,337
2026-09-09,17:36:42,39e686,F-HZUG,A220 300,Air France,landing,arrivee,675,263.2,79.1,2.74,50.08,20.8,337
2026-09-09,17:41:51,0200af,CN-ROZ,Boeing 737-800,Royal Air Maroc,cruise,,825,0.0,85.2,4.27,70.21,20.8,337
2026-09-09,17:49:20,TAP643,CS-TJP,Airbus A321neo,TAP Air Portugal,landing,arrivee,875,284.8,82.9,3.31,46.19,20.3,337
2026-09-09,17:52:07,506cb0,,,,descending,arrivee,675,276.3,69.1,0.0,19.33,20.3,337
2026-09-09,17:54:39,4952ab,CS-TUK,Airbus A330-900neo,TAP Air Portugal,cruise,,825,0.0,83.3,4.96,63.99,20.3,337
2026-09-09,17:57:30,TRA9H,PH-HSJ,Boeing 737-800,Transavia,landing,arrivee,650,293.0,81.9,3.66,57.0,20.3,337
2026-09-09,18:00:27,495299,CS-TTY,Embraer E195,TAP Air Portugal,landing,arrivee,650,259.7,82.7,4.28,50.53,20.3,337
2026-09-09,18:03:04,471f68,HA-LXG,Airbus A321,Wizz Air,landing,arrivee,775,274.8,82.3,3.78,54.9,20.2,338
2026-09-09,18:05:44,RYR668T,,,Ryanair,landing,arrivee,800,282.4,85.2,3.1,59.37,20.2,338
2026-09-09,18:10:27,IBE05RP,EC-IZH,Airbus A320,Iberia,landing,arrivee,800,268.0,85.2,3.17,74.68,20.2,338
2026-09-09,18:13:27,5003c6,,,,landing,arrivee,950,244.3,80.0,1.21,33.04,20.2,338
2026-09-09,18:16:31,440b1e,OE-IWW,Airbus A320,easyJet Europe,landing,arrivee,875,258.4,84.1,3.27,55.54,20.2,338
2026-09-09,18:19:09,495153,,,TAP Air Portugal,landing,arrivee,900,270.0,83.7,3.15,52.79,20.2,338
2026-09-09,18:22:19,TAP1558,CS-TJN,Airbus A321neo,TAP Air Portugal,landing,arrivee,700,277.2,78.3,3.18,47.24,20.2,338
2026-09-09,18:25:12,TAP1143,,,TAP Air Portugal,landing,arrivee,675,275.6,81.5,2.74,40.88,20.2,338
2026-09-09,18:27:31,KLM71Y,,,KLM,landing,arrivee,850,250.0,82.3,3.79,53.24,20.2,338
2026-09-09,18:30:28,TAP282,CS-TUB,Airbus A330-900neo,TAP Air Portugal,landing,arrivee,650,267.2,86.6,5.4,78.4,20.2,338
2026-09-09,18:33:10,3964f0,F-GZHQ,Boeing 737-800,Transavia France,landing,arrivee,650,295.9,84.2,4.3,79.0,19.7,339
2026-09-09,18:35:54,BEL2DT,OO-SNL,Airbus A320,Brussels Airlines,landing,arrivee,625,257.2,82.8,4.15,50.77,19.7,339
2026-09-09,18:38:42,RZO124,CS-TKQ,Airbus A320,TAP Air Portugal,landing,arrivee,650,253.2,84.9,4.95,57.09,19.7,339
2026-09-09,18:41:48,49521a,CS-TPZ,Embraer E190,TAP Air Portugal,cruise,,675,0.0,80.7,2.86,38.61,19.7,339
2026-09-09,18:44:28,TAP435,,,TAP Air Portugal,landing,arrivee,650,270.8,79.9,3.27,40.69,19.7,339
2026-09-09,18:47:16,495298,CS-TTX,Embraer E195,TAP Air Portugal,landing,arrivee,650,272.8,81.1,3.26,48.68,19.7,339
2026-09-09,18:50:18,06423e,5N-EGL,Challenger 604,Elin Group Ltd,cruise,,725,0.0,79.1,1.09,32.69,19.7,339
2026-09-09,18:52:49,3443d1,EC-LUN,Airbus A320,Vueling,landing,arrivee,700,262.4,80.9,3.18,52.68,19.7,339
2026-09-09,18:55:23,345359,EC-MPV,Airbus A321,Vueling,cruise,,675,0.0,83.3,4.31,55.22,19.7,339
2026-09-09,18:58:21,4952c3,CS-TVC,Airbus A320neo,TAP Air Portugal,landing,arrivee,700,274.8,79.9,2.62,42.33,19.7,339
2026-09-09,19:01:44,495215,CS-TPU,Embraer E190,TAP Air Portugal,landing,arrivee,625,248.0,80.6,2.61,35.44,19.7,339
2026-09-09,19:04:15,TAP35BL,CS-TTW,Embraer E195,TAP Air Portugal,landing,arrivee,625,282.8,81.4,3.42,40.18,19.4,338
2026-09-09,19:07:00,TAY2MN,OE-IXB,Boeing 737-800,ASL Airlines Belgium,landing,arrivee,600,257.6,86.4,3.02,64.54,19.4,338
2026-09-09,19:09:46,TAP1931,CS-TPO,Embraer E190,TAP Air Portugal,landing,arrivee,625,255.9,80.4,3.11,45.19,19.4,338
2026-09-09,19:12:14,345218,EC-MKL,Boeing 737-800,Air Europa,approach,arrivee,700,286.9,83.4,3.78,52.69,19.4,338
2026-09-09,19:15:19,495214,CS-TPT,Embraer E190,TAP Air Portugal,landing,arrivee,650,263.2,79.5,2.63,40.46,19.4,338
2026-09-09,19:17:52,440181,OE-LQG,Airbus A319,easyJet Europe,landing,arrivee,775,258.0,83.3,3.26,47.71,18.9,339
2026-09-09,19:22:38,RYR85MR,9H-LON,Airbus A320,Lauda Europe,cruise,,825,0.0,84.3,3.65,48.54,18.9,339
2026-09-09,19:27:46,UAE5M,A6-EPA,Boeing 777-300ER,Emirates,landing,arrivee,650,301.3,90.4,5.38,128.03,18.9,339
2026-09-09,19:33:38,TAP53ED,CS-TVK,Airbus A320neo,TAP Air Portugal,landing,arrivee,675,275.6,83.6,3.67,46.87,18.5,339
2026-09-09,19:38:59,4d2426,,,,landing,arrivee,675,264.8,85.9,3.26,57.94,18.5,339
2026-09-09,19:44:31,3452c8,EC-MLO,Bombardier CRJ-1000,Air Nostrum,cruise,,725,0.0,82.2,3.23,35.57,18.5,339
2026-09-09,19:47:17,4952d3,,,,landing,arrivee,675,243.2,85.7,3.79,45.23,18.1,339
2026-09-09,19:50:11,495217,CS-TPW,Embraer E190,TAP Air Portugal,landing,arrivee,625,262.4,85.8,4.27,41.08,18.1,339
2026-09-09,19:52:56,TAP473H,CS-TPY,Embraer E190,TAP Air Portugal,landing,arrivee,625,250.8,84.8,4.39,41.51,18.1,339
2026-09-09,19:55:32,495038,,,TAP Air Portugal,landing,arrivee,650,268.0,82.1,3.79,41.52,18.1,339
2026-09-09,20:00:34,RYR40MN,EI-EBK,Boeing 737-800,Ryanair,landing,arrivee,625,289.8,90.2,4.9,69.48,18.1,339
2026-09-09,20:03:26,4952cd,,,TAP Air Portugal,landing,arrivee,750,263.9,87.2,3.27,49.5,18.0,340
2026-09-09,20:06:23,3452c8,EC-MLO,Bombardier CRJ-1000,Air Nostrum,landing,arrivee,675,276.3,84.2,2.74,32.49,18.0,340
2026-09-09,20:09:06,4951d4,CS-TNT,Airbus A320,TAP Air Portugal,landing,arrivee,650,257.2,85.3,4.27,58.05,18.0,340
2026-09-09,20:11:48,47ba78,LN-RGM,Airbus A320neo,SAS Scandinavian,landing,arrivee,650,252.4,85.2,4.38,32.31,18.0,340
2026-09-09,20:14:34,400b83,G-DBCE,Airbus A319,British Airways,cruise,,700,0.0,85.4,4.4,48.25,18.0,340
2026-09-09,20:17:25,RYR4ZF,EI-DPH,Boeing 737-800,Ryanair,landing,arrivee,625,277.2,85.8,4.43,67.02,18.0,340
2026-09-09,20:20:10,495292,CS-TTR,Airbus A319,TAP Air Portugal,landing,arrivee,650,245.9,86.0,4.26,39.68,18.0,340
2026-09-09,20:22:57,TAP671,,,TAP Air Portugal,landing,arrivee,650,244.8,83.7,3.82,37.16,18.0,340
2026-09-09,20:25:34,49514a,CS-TJJ,Airbus A321neo,TAP Air Portugal,landing,arrivee,650,272.4,85.6,3.79,43.66,18.0,340
2026-09-09,20:28:20,4d2533,,,,landing,arrivee,775,249.1,84.2,4.76,55.18,18.0,340
2026-09-09,20:30:57,4951d5,CS-TNU,Airbus A320,TAP Air Portugal,landing,arrivee,725,258.4,86.4,4.04,60.62,18.0,340
2026-09-09,20:33:51,RYR5BP,EI-EVG,Boeing 737-800,Ryanair,landing,arrivee,600,278.0,88.4,5.44,111.63,18.3,340
2026-09-09,20:36:26,KAL921,HL8391,Boeing 787-9,Korean Air,landing,arrivee,650,270.8,86.1,4.71,68.48,18.3,340
2026-09-09,20:39:14,495212,CS-TPR,Embraer E190,TAP Air Portugal,cruise,,650,0.0,85.0,3.14,39.89,18.3,340
2026-09-09,20:41:38,4952c5,CS-TVE,Airbus A320neo,TAP Air Portugal,cruise,,825,0.0,84.6,3.8,36.09,18.3,340
2026-09-09,20:44:00,407569,G-UZHJ,Airbus A320neo,easyJet,landing,arrivee,650,263.2,83.9,3.27,43.64,18.3,340
2026-09-09,20:46:23,49514f,CS-TJO,Airbus A321neo,TAP Air Portugal,landing,arrivee,700,275.6,84.5,3.91,45.49,18.3,340
2026-09-09,20:49:06,DTA652,D2-TEG,Boeing 777-300ER,TAAG Angola,landing,arrivee,625,278.0,92.1,6.41,112.45,18.7,341
2026-09-09,20:52:20,KPO444,N444QC,GIV SP,Quikrete Aircraft Leasing LLC,landing,arrivee,700,260.0,80.8,2.66,43.28,18.7,341
2026-09-09,20:56:15,4951d6,CS-TNV,Airbus A320,TAP Air Portugal,landing,arrivee,625,245.2,87.4,4.77,71.08,18.7,341
2026-09-09,20:59:45,EZY15UP,G-UZHJ,Airbus A320neo,easyJet,landing,arrivee,600,263.2,82.2,3.28,44.05,18.7,341
2026-09-09,21:01:41,TAP1207,CS-TJO,Airbus A321neo,TAP Air Portugal,landing,arrivee,625,283.7,85.3,3.75,60.34,18.7,341
2026-09-09,21:03:16,495170,CS-TKP,Airbus A320,TAP Air Portugal,landing,arrivee,650,256.5,83.9,4.79,48.35,18.7,341
2026-09-09,21:05:18,RSX6077,,,,landing,arrivee,625,295.4,86.1,5.54,105.7,18.7,341
2026-09-09,21:08:37,738068,4X-EKI,Boeing 737-800,El Al,landing,arrivee,575,291.3,86.3,4.16,111.31,18.7,341
2026-09-09,21:11:41,TAM8144,CC-BGR,Boeing 787-9,LATAM Airlines,landing,arrivee,625,260.0,87.9,6.08,74.2,18.7,341
2026-09-09,21:14:11,4d224d,9H-QEL,Boeing 737-800,Malta Air,landing,arrivee,600,263.7,86.1,4.95,106.66,18.7,341
2026-09-09,21:17:07,RYR5KT,EI-GJS,Boeing 737-800,Ryanair,landing,arrivee,575,272.4,88.2,4.43,114.83,18.6,342
2026-09-09,21:19:48,WJA32,C-FRAX,Boeing 737 MAX 8,WestJet,landing,arrivee,600,286.9,83.2,4.27,48.68,18.6,342
2026-09-09,21:22:21,RYR14SC,EI-EBF,Boeing 737-800,Ryanair,landing,arrivee,625,263.2,88.6,5.43,77.3,18.6,342
2026-09-09,21:25:09,TAP67U,CS-TJR,Airbus A321neo,TAP Air Portugal,landing,arrivee,625,254.8,83.2,3.79,39.5,18.6,342
2026-09-09,21:27:46,EIN4PT,EI-DVI,Airbus A320,Aer Lingus,landing,arrivee,625,255.2,87.2,5.41,64.2,18.6,342
2026-09-09,21:30:45,49526d,CS-TSM,Airbus A320,TAP Air Portugal,landing,arrivee,625,234.3,86.1,4.41,41.05,18.6,342
2026-09-09,21:33:24,LBT6846,TS-IND,Airbus A320,Nouvelair Tunisie,landing,arrivee,675,235.9,90.4,6.04,83.4,18.6,342
2026-09-09,21:40:15,EJU74LC,OE-IJD,Airbus A320,easyJet Europe,landing,arrivee,600,249.1,84.6,3.78,62.43,18.6,342
2026-09-09,21:43:12,DLH34J,D-AIZX,Airbus A320,Lufthansa,landing,arrivee,625,266.3,83.5,4.92,58.0,18.6,342
2026-09-09,21:45:52,4951cc,CS-TNL,Airbus A320,TAP Air Portugal,cruise,,675,0.0,86.4,4.92,65.45,18.6,342
2026-09-09,21:48:52,THY3707,TC-LJK,Boeing 777-300ER,Turkish Airlines,landing,arrivee,650,247.2,86.3,5.92,76.0,18.4,343
2026-09-09,21:51:15,4cae55,EI-IJE,Boeing 737 MAX 8,Ryanair,landing,arrivee,650,274.8,83.0,3.68,51.37,18.4,343
2026-09-09,21:53:13,347256,EC-NTL,Airbus A320,Volotea,landing,arrivee,625,239.1,84.6,4.8,65.89,18.4,343
2026-09-09,21:55:08,452124,LZ-ROM,A220-300,Bulgaria Air,landing,arrivee,650,245.6,85.3,3.14,43.76,18.4,343
2026-09-09,21:56:59,TAP57W,CS-TVD,Airbus A320neo,TAP Air Portugal,landing,arrivee,600,255.6,82.7,3.27,37.42,18.4,343
2026-09-09,21:59:59,PGT1561,TC-NBE,Airbus A320neo,Pegasus,landing,arrivee,650,233.9,83.1,3.3,38.14,18.4,343
2026-09-09,22:02:22,504e86,,,Fly One,landing,arrivee,650,246.7,85.5,4.4,65.89,18.0,344
2026-09-09,22:04:12,4952c7,CS-TVG,Airbus A320neo,TAP Air Portugal,landing,arrivee,675,248.4,81.8,2.66,48.18,18.0,344
2026-09-09,22:05:56,AFR64PQ,F-HEPI,Airbus A320,Air France,landing,arrivee,625,253.2,84.5,5.93,53.63,18.0,344
2026-09-09,22:07:41,495155,,,,landing,arrivee,625,261.5,83.3,2.74,44.5,18.0,344
2026-09-09,22:10:33,495213,CS-TPS,Embraer E190,TAP Air Portugal,landing,arrivee,625,243.2,85.5,4.4,47.99,18.0,344
2026-09-09,22:13:14,TAP1933,CS-TPX,Embraer E190,TAP Air Portugal,landing,arrivee,650,245.6,85.9,3.14,43.67,18.0,344
2026-09-09,22:14:57,EJU36BG,OE-IBS,Airbus A320,easyJet Europe,landing,arrivee,625,255.6,85.5,3.79,71.29,18.0,344
2026-09-09,22:16:58,RYR6GN,9H-QBT,Boeing 737-800,Malta Air,landing,arrivee,600,265.6,87.4,4.4,72.02,17.2,344
2026-09-09,22:19:33,495145,CS-TJE,Airbus A321,TAP Air Portugal,landing,arrivee,650,264.8,86.1,4.39,63.37,17.2,344
2026-09-09,22:21:43,4952c8,CS-TVH,Airbus A320neo,TAP Air Portugal,landing,arrivee,650,229.1,81.6,2.13,40.93,17.2,344
2026-09-09,22:24:35,TVF34QV,F-GZHX,Boeing 737-800,Transavia France,landing,arrivee,625,273.4,85.1,3.74,56.98,17.2,344
2026-09-09,22:29:31,4d222a,9H-QCT,Boeing 737-800,Malta Air,landing,arrivee,625,268.9,86.1,3.78,87.3,17.2,344
2026-09-09,22:32:13,DLH64P,D-AIEE,Airbus A321neo,Lufthansa,landing,arrivee,625,240.8,86.9,5.44,59.63,16.1,344
2026-09-09,22:35:15,SEH922,SX-CHG,Airbus A320neo,Sky Express Greece,landing,arrivee,625,213.4,81.7,4.28,45.48,16.1,344
2026-09-09,22:37:32,495211,CS-TPQ,Embraer E190,TAP Air Portugal,landing,arrivee,625,228.4,84.7,4.19,40.98,16.1,344
2026-09-09,22:40:02,AEE7PT,,,,landing,arrivee,675,258.4,82.9,3.91,54.44,16.1,344
2026-09-09,22:42:35,4951d3,CS-TNS,Airbus A320,TAP Air Portugal,landing,arrivee,650,252.2,86.2,4.28,56.08,16.1,344
2026-09-09,22:45:19,EJU86ME,,,easyJet Europe,landing,arrivee,650,223.2,84.0,2.73,42.9,16.1,344
2026-09-09,22:47:43,440cf8,OE-IBF,Airbus A320,easyJet Europe,landing,arrivee,625,242.4,85.6,5.43,66.33,15.5,342
2026-09-09,22:50:11,TAP645,CS-TNW,Airbus A320,TAP Air Portugal,landing,arrivee,650,252.8,83.3,3.78,56.11,15.5,342
2026-09-09,22:52:47,TAP64M,CS-TVF,Airbus A320neo,TAP Air Portugal,landing,arrivee,650,239.1,83.0,3.15,46.55,15.5,342
2026-09-09,22:55:24,EJU7690,OE-IWW,Airbus A320,easyJet Europe,landing,arrivee,650,250.8,86.3,4.39,60.33,15.5,342
2026-09-09,22:57:25,THY2ES,TC-LTF,Airbus A321neo,Turkish Airlines,landing,arrivee,600,229.8,84.0,4.27,65.78,15.5,342
2026-09-09,22:58:55,EJU74EP,OE-IDS,Airbus A320,easyJet Europe,landing,arrivee,500,254.8,50.5,0.0,16.07,15.5,342
2026-09-09,23:01:46,39d302,F-HUYC,Boeing 737-800,Transavia France,landing,arrivee,625,252.4,85.2,4.44,85.92,15.5,342
2026-09-09,23:08:20,SWR755L,HB-IOO,Airbus A321,Swiss,landing,arrivee,625,256.5,87.8,4.92,73.54,15.0,343
2026-09-09,23:11:19,DLH23C,D-AIEO,Airbus A321neo,Lufthansa,landing,arrivee,650,225.8,83.9,3.74,52.8,15.0,343
2026-09-09,23:15:34,4952c1,CS-TVA,Airbus A320neo,TAP Air Portugal,approach,arrivee,675,217.4,80.9,4.03,41.89,15.0,343
2026-09-09,23:18:21,486741,,,KLM,landing,arrivee,650,252.4,84.7,3.66,52.3,14.6,344
2026-09-09,23:21:14,34134d,EC-HUH,Airbus A321,Iberia,landing,arrivee,650,249.1,84.4,4.98,57.65,14.6,344
2026-09-09,23:28:10,440d6f,OE-LSR,Airbus A320,easyJet Europe,landing,arrivee,650,248.0,83.4,3.8,37.26,14.6,344
2026-09-09,23:30:51,4952c2,CS-TVB,Airbus A320neo,TAP Air Portugal,landing,arrivee,650,231.5,82.8,3.75,47.44,14.6,344
2026-09-09,23:35:15,495268,CS-TSH,Airbus A321neo,Azores Airlines,landing,arrivee,625,241.7,83.2,4.31,44.66,13.8,345
2026-09-09,23:37:17,EJU97HA,,,easyJet Europe,landing,arrivee,625,218.4,83.3,4.4,38.5,13.8,345
2026-09-10,00:01:26,TAP94KM,CS-TTY,Embraer E195,TAP Air Portugal,landing,arrivee,600,253.9,81.5,3.72,48.2,13.1,344
2026-09-10,00:04:42,TAP2913,CS-TVL,Airbus A320,TAP Air Portugal,landing,arrivee,625,239.8,80.2,2.78,37.17,12.7,345
2026-09-10,00:56:48,RYR384,,,Ryanair,landing,arrivee,600,278.2,83.7,3.78,53.34,11.5,346
2026-09-10,01:21:48,TAP1369,CS-TJL,Airbus A321neo,TAP Air Portugal,landing,arrivee,625,254.8,80.8,2.66,36.59,10.5,344
2026-09-10,01:44:06,TAP39PT,CS-TJP,Airbus A321neo,TAP Air Portugal,landing,arrivee,675,266.3,80.2,1.98,61.68,10.1,343
2026-09-10,02:38:24,BAW508,G-TTNP,Airbus A320neo,British Airways,landing,arrivee,650,230.8,82.4,3.78,35.53,10.8,345
2026-09-10,05:03:12,TAP074,CS-TUI,Airbus A330-900neo,TAP Air Portugal,landing,arrivee,700,257.2,83.8,4.27,70.8,9.9,341
2026-09-10,05:07:28,TAP202A,CS-TXD,Airbus A321neo,TAP Air Portugal,landing,arrivee,700,263.4,82.4,3.14,37.74,9.9,341
2026-09-10,05:15:07,495303,CS-TXC,Airbus A321neo,TAP Air Portugal,landing,arrivee,750,260.0,82.4,3.26,45.12,9.9,341
2026-09-10,05:24:25,TAP082,CS-TUA,Airbus A330-900neo,TAP Air Portugal,landing,arrivee,725,246.3,83.3,4.76,58.97,9.6,340
2026-09-10,05:29:21,4952af,CS-TUO,Airbus A330-900neo,TAP Air Portugal,landing,arrivee,725,243.9,83.2,4.8,62.4,9.6,340
2026-09-10,05:39:56,TAP218,CS-TXA,Airbus A321neo,TAP Air Portugal,landing,arrivee,675,261.5,80.7,3.14,43.02,9.2,339
2026-09-10,05:48:20,495306,CS-TXF,Airbus A321neo,TAP Air Portugal,landing,arrivee,675,256.5,82.3,3.55,52.21,8.9,339
2026-09-10,05:53:42,TAP232Y,CS-TXB,Airbus A321neo,TAP Air Portugal,landing,arrivee,675,255.9,81.6,2.14,56.44,8.9,339
2026-09-10,05:56:59,495153,,,TAP Air Portugal,landing,arrivee,675,233.2,82.5,3.14,40.38,8.9,339
2026-09-10,06:01:11,495146,CS-TJF,Airbus A321,TAP Air Portugal,landing,arrivee,825,253.9,85.0,3.26,69.57,8.9,339
2026-09-10,06:03:43,TAP1484,CS-TJN,Airbus A321neo,TAP Air Portugal,landing,arrivee,775,252.2,80.0,2.37,41.86,8.9,339
2026-09-10,06:06:18,495293,CS-TTS,Airbus A319,TAP Air Portugal,landing,arrivee,700,236.7,81.6,4.3,60.16,8.9,339
2026-09-10,06:20:53,495212,CS-TPR,Embraer E190,TAP Air Portugal,landing,arrivee,650,222.6,81.9,4.19,44.89,8.9,339
2026-09-10,06:23:42,495214,CS-TPT,Embraer E190,TAP Air Portugal,landing,arrivee,675,205.0,80.8,4.23,40.27,8.9,339
2026-09-10,06:28:26,TAP1139,CS-TPO,Embraer E190,TAP Air Portugal,landing,arrivee,650,216.7,78.9,2.14,35.65,8.9,339
2026-09-10,06:31:35,TSC680,C-GTSJ,Airbus A330-200,Air Transat,landing,arrivee,650,235.9,84.6,5.32,62.6,8.9,339
2026-09-10,06:34:34,344446,EC-LUT,Boeing 737-800,Air Europa,landing,arrivee,650,245.6,84.0,3.79,63.02,8.9,339
2026-09-10,06:38:11,495218,CS-TPX,Embraer E190,TAP Air Portugal,cruise,,625,0.0,80.9,3.27,49.34,8.9,339
2026-09-10,06:41:05,TAY1MN,,,,landing,arrivee,625,238.4,86.5,4.77,56.72,8.9,339
2026-09-10,06:46:25,781134,B-8982,Airbus A330-200,Capital Airlines,landing,arrivee,625,240.8,82.2,4.79,60.11,8.9,339
2026-09-10,06:49:05,TAP1908,CS-TVD,Airbus A320neo,TAP Air Portugal,landing,arrivee,625,254.1,81.7,2.1,42.93,8.8,341
2026-09-10,06:51:46,4952a5,CS-TUE,Airbus A330-900neo,TAP Air Portugal,landing,arrivee,650,243.2,84.0,5.31,69.28,8.8,341
2026-09-10,06:56:16,e48df6,PT-MUI,Boeing 777-300ER,LATAM Airlines,landing,arrivee,625,264.8,89.3,5.92,116.24,8.8,341
2026-09-10,07:01:16,TAP058,CS-TUS,Airbus A330-900neo,TAP Air Portugal,landing,arrivee,600,246.7,83.2,6.1,57.22,8.1,339
2026-09-10,07:04:21,TAP40MR,CS-TPP,Embraer E190,TAP Air Portugal,landing,arrivee,625,220.2,83.0,4.79,49.61,8.0,342
2026-09-10,07:13:31,8964bc,A6-BLL,Boeing 787-9,Etihad Airways,landing,arrivee,625,264.8,83.1,3.74,76.99,8.0,342
2026-09-10,07:16:26,495297,CS-TTW,Embraer E195,TAP Air Portugal,landing,arrivee,600,234.3,82.2,3.78,46.38,8.0,342
2026-09-10,07:19:16,SRR6646,,,,landing,arrivee,675,217.1,87.6,6.41,88.79,7.9,344
2026-09-10,07:22:03,0900f1,D2-TEK,Boeing 777-300ER,TAAG Angola,landing,arrivee,625,254.8,88.5,6.08,103.56,7.9,344
2026-09-10,07:24:41,3c5421,D-AEAA,A300 B4-622RF,Lufthansa,landing,arrivee,700,209.1,88.6,7.08,66.24,7.9,344
2026-09-10,07:27:32,TAP441,,,TAP Air Portugal,landing,arrivee,600,251.7,78.7,2.65,42.8,7.9,344
2026-09-10,07:30:25,TAP98CX,,,TAP Air Portugal,approach,arrivee,650,0.0,80.5,3.67,42.06,7.9,344
2026-09-10,07:33:13,IBE05TR,EC-MXY,Airbus A320neo,Iberia,landing,arrivee,650,223.2,83.9,3.5,30.51,7.5,343
2026-09-10,07:35:47,TAP647,CS-TTP,Airbus A319,TAP Air Portugal,landing,arrivee,625,243.2,83.3,3.27,57.68,7.5,343
2026-09-10,07:38:41,TAP901,,,TAP Air Portugal,cruise,,625,0.0,80.7,2.73,36.69,7.5,343
2026-09-10,07:41:26,4951ee,CS-TON,Airbus A330-200,TAP Air Portugal,landing,arrivee,600,247.2,85.9,5.92,86.12,7.5,343
2026-09-10,07:44:13,4b1a2b,HB-JXR,Airbus A320,Austrian Airlines,landing,arrivee,650,249.1,83.3,3.26,70.41,7.5,343
2026-09-10,07:46:53,4951d4,CS-TNT,Airbus A320,TAP Air Portugal,landing,arrivee,650,236.7,87.0,4.75,61.38,7.5,343
2026-09-10,07:50:12,a539c9,,,,landing,arrivee,700,246.7,82.6,5.27,72.35,7.5,343
2026-09-10,07:53:08,TAP9RH,,,TAP Air Portugal,landing,arrivee,675,252.4,80.8,2.58,34.99,7.5,343
2026-09-10,07:55:57,TAP1023,CS-TNU,Airbus A320,TAP Air Portugal,landing,arrivee,600,233.5,85.0,4.27,68.3,7.5,343
2026-09-10,07:58:30,TAP8RL,CS-TNR,Airbus A320,TAP Air Portugal,landing,arrivee,600,254.1,83.3,4.42,49.29,7.5,343
2026-09-10,08:00:59,4d227b,9H-QDV,Boeing 737-800,Malta Air,landing,arrivee,625,263.2,84.1,3.25,88.4,7.5,343
2026-09-10,08:03:48,4951d8,CS-TNX,Airbus A320,TAP Air Portugal,landing,arrivee,600,245.6,82.3,3.54,51.69,7.4,346
2026-09-10,08:06:51,495219,CS-TPY,Embraer E190,TAP Air Portugal,landing,arrivee,600,231.9,81.0,2.61,49.25,7.4,346
2026-09-10,08:09:20,VLG7PA,,,Vueling,landing,arrivee,600,253.2,84.9,4.43,66.45,7.4,346
2026-09-10,08:12:12,4952cf,,,TAP Air Portugal,landing,arrivee,650,256.5,80.5,2.62,39.69,7.4,346
2026-09-10,08:15:08,VLG46AX,EC-NYE,Airbus A321,Vueling,landing,arrivee,650,238.4,82.0,4.3,53.18,7.4,346
2026-09-10,08:18:30,495038,,,TAP Air Portugal,landing,arrivee,625,247.2,82.4,3.74,46.17,7.3,349
2026-09-10,08:20:56,39d30b,F-HUYL,Boeing 737-800,Transavia France,takeoff,depart,1475,276.9,69.8,0.0,67.9,7.3,349
2026-09-10,08:24:25,TAP53EI,CS-TJM,Airbus A321neo,TAP Air Portugal,landing,arrivee,625,266.5,83.1,3.67,47.95,7.3,349
2026-09-10,08:27:04,495148,CS-TJH,Airbus A321,TAP Air Portugal,landing,arrivee,650,265.6,87.0,3.14,69.24,7.3,349
2026-09-10,08:29:55,392aec,F-GKXM,Airbus A320,Air France,landing,arrivee,600,236.3,83.9,4.3,62.84,7.3,349
2026-09-10,08:32:17,RYR4XW,EI-IGE,Boeing 737 MAX 8,Ryanair,landing,arrivee,625,256.5,83.7,3.79,51.24,7.3,349
2026-09-10,08:35:07,39d30b,F-HUYL,Boeing 737-800,Transavia France,landing,arrivee,625,260.8,84.6,3.91,91.21,7.7,349
2026-09-10,08:37:41,4952c9,CS-TVI,Airbus A320neo,TAP Air Portugal,landing,arrivee,725,246.3,81.2,3.26,52.28,7.7,349
2026-09-10,08:40:41,40756a,G-UZHK,Airbus A320neo,easyJet,landing,arrivee,625,239.1,81.4,3.3,39.1,7.7,349
2026-09-10,08:43:03,40690a,G-EZWI,Airbus A320,easyJet,landing,arrivee,625,243.2,83.7,4.95,75.85,7.7,349
2026-09-10,08:45:00,AAL258,N831AA,Boeing 787-9,American Airlines,landing,arrivee,600,268.9,85.1,3.29,52.03,7.7,349
2026-09-10,08:47:49,4952ce,CS-TVN,Airbus A320neo,TAP Air Portugal,landing,arrivee,625,254.8,80.8,2.09,46.81,7.6,352
2026-09-10,08:50:25,49d328,OK-TSU,Boeing 737-800,Eurowings,landing,arrivee,700,266.9,85.0,3.26,70.33,7.6,352
2026-09-10,08:53:17,UAL64,N16009,Boeing 787-10,United Airlines,landing,arrivee,600,264.1,83.5,4.26,65.69,7.6,352
2026-09-10,08:56:44,OBS836,,,TAP Air Portugal,landing,arrivee,625,248.0,86.2,5.72,75.9,7.6,352
2026-09-10,08:59:12,RYR98HW,EI-EME,Boeing 737-800,Ryanair,landing,arrivee,600,264.8,84.8,4.15,75.4,7.6,352
2026-09-10,09:02:21,EJU71TK,OE-INP,Airbus A320,easyJet Europe,landing,arrivee,625,245.6,85.3,3.78,67.34,7.6,352
2026-09-10,09:05:16,4952ca,CS-TVJ,Airbus A320neo,TAP Air Portugal,landing,arrivee,650,229.1,84.1,3.78,55.04,8.0,355
2026-09-10,09:08:02,405f13,G-EZTC,Airbus A320,easyJet,landing,arrivee,625,254.8,84.2,3.79,63.17,8.0,355
2026-09-10,09:11:16,48683e,,,,landing,arrivee,650,266.5,81.6,2.98,41.0,8.0,355
2026-09-10,09:17:09,c008a9,,,,landing,arrivee,650,237.4,88.0,6.56,73.63,8.0,355
2026-09-10,09:27:01,4aca13,SE-RPS,Boeing 737-800,Norwegian Air Sweden,landing,arrivee,625,268.0,85.5,3.54,60.99,8.3,358
2026-09-10,09:30:23,TAP66PD,CS-TJJ,Airbus A321neo,TAP Air Portugal,landing,arrivee,600,267.2,83.1,3.14,37.78,8.3,358
2026-09-10,09:33:10,4bb264,TC-LSD,Airbus A321neo,Turkish Airlines,landing,arrivee,625,265.6,85.3,3.26,44.0,8.6,360
2026-09-10,09:36:52,TSC480,,,Air Transat,landing,arrivee,625,246.7,85.8,5.99,62.58,8.6,360
2026-09-10,09:43:40,49530c,CS-TXL,Airbus A321neo,TAP Air Portugal,landing,arrivee,650,273.2,82.6,3.3,45.54,8.6,360
2026-09-10,09:46:51,400d5b,G-DBCH,Airbus A319,British Airways,landing,arrivee,600,253.5,80.1,3.3,40.53,8.6,360
2026-09-10,09:49:34,3480ce,,,,landing,arrivee,575,262.4,84.9,4.83,77.55,8.7,5
2026-09-10,09:52:22,4951d6,CS-TNV,Airbus A320,TAP Air Portugal,landing,arrivee,600,251.5,85.0,4.31,58.01,8.7,5
2026-09-10,09:55:59,4952b2,CS-TUR,Airbus A330-900neo,TAP Air Portugal,landing,arrivee,600,267.2,86.2,5.32,63.7,8.7,5
2026-09-10,09:58:47,46b833,,,,landing,arrivee,600,252.2,81.2,3.78,39.75,8.7,5
2026-09-10,10:03:06,TAP216L,CS-TXH,Airbus A321neo,TAP Air Portugal,landing,arrivee,625,265.6,83.9,3.14,47.35,9.1,7
2026-09-10,10:05:46,440224,,,easyJet Europe,landing,arrivee,625,256.5,80.4,3.26,38.27,9.1,7
2026-09-10,10:08:46,495215,CS-TPU,Embraer E190,TAP Air Portugal,cruise,,600,0.0,81.1,3.78,39.11,9.1,7
2026-09-10,10:18:41,TAP1826,CS-TVC,Airbus A320neo,TAP Air Portugal,landing,arrivee,600,258.0,83.4,2.66,45.06,9.1,9
2026-09-10,10:21:15,4cae97,,,,landing,arrivee,600,274.8,82.3,3.76,44.02,9.1,9
2026-09-10,10:24:02,TAP088,CS-TUQ,Airbus A330-900neo,TAP Air Portugal,landing,arrivee,625,257.2,86.5,6.4,77.02,9.1,9
2026-09-10,10:27:03,TAP13LH,CS-TJI,Airbus A321neo,TAP Air Portugal,landing,arrivee,600,247.2,81.5,3.78,42.86,9.1,9
2026-09-10,10:29:44,4ca214,EI-DEE,Airbus A320,Aer Lingus,landing,arrivee,575,244.8,87.6,3.83,56.78,9.1,9
2026-09-10,10:32:33,49530b,CS-TXK,Airbus A321,TAP Air Portugal,landing,arrivee,575,257.2,82.9,3.78,37.78,9.1,9
2026-09-10,10:35:18,4868bc,,,KLM,landing,arrivee,625,253.2,83.2,2.73,36.18,9.2,11
2026-09-10,10:38:19,AEA1153,EC-LPQ,Boeing 737-800,Air Europa,landing,arrivee,525,271.3,84.1,3.79,55.28,9.2,11
2026-09-10,10:41:06,ECMSC,EC-MSC,Global 6000,Mercadona SA,landing,arrivee,575,222.6,78.3,1.09,28.65,9.2,11
2026-09-10,10:44:03,DAL124,N806NW,Airbus A330-300,Delta Air Lines,landing,arrivee,550,248.4,87.0,5.89,49.76,8.2,15
2026-09-10,10:47:01,4952a4,CS-TUD,Airbus A330-900neo,TAP Air Portugal,landing,arrivee,575,251.5,85.4,3.02,54.37,8.2,15
2026-09-10,10:49:42,aa9300,N78009,Boeing 777-200,United Airlines,landing,arrivee,650,263.2,85.9,5.95,85.59,8.8,19
2026-09-10,10:52:37,4951ef,CS-TOO,Airbus A330-200,TAP Air Portugal,landing,arrivee,550,236.3,88.9,7.08,130.84,8.8,19
2026-09-10,10:55:27,TAP68JP,CS-TTY,Embraer E195,TAP Air Portugal,landing,arrivee,550,263.2,82.7,3.74,49.17,8.8,19
2026-09-10,10:58:10,TAP262M,CS-TXG,Airbus A321neo,TAP Air Portugal,landing,arrivee,625,258.4,83.1,4.15,43.12,8.8,19
2026-09-10,11:00:56,TAP012,CS-TUP,Airbus A330-900neo,TAP Air Portugal,landing,arrivee,575,242.4,86.1,5.44,82.7,8.8,19
2026-09-10,11:03:57,495214,CS-TPT,Embraer E190,TAP Air Portugal,landing,arrivee,550,227.4,81.7,4.75,51.75,9.2,21
2026-09-10,11:06:34,ACA810,C-FITU,Boeing 777-300ER,Air Canada,landing,arrivee,575,262.4,90.7,5.55,102.62,9.2,21
2026-09-10,11:09:13,AFR41GW,F-HEPF,Airbus A320,Air France,landing,arrivee,600,252.4,84.7,3.75,55.32,9.2,21
2026-09-10,11:12:10,EJU4763,OE-IVQ,Airbus A320,easyJet Europe,landing,arrivee,550,253.9,82.5,3.78,56.73,9.2,21
2026-09-10,11:14:52,TAP234Y,CS-TXM,Airbus A321,TAP Air Portugal,landing,arrivee,625,236.7,86.2,2.98,33.76,9.2,21
2026-09-10,11:17:47,3444cb,EC-MAO,Airbus A320,Vueling,landing,arrivee,575,250.8,82.2,3.26,50.97,9.4,23
2026-09-10,11:20:38,495277,,,Azul,landing,arrivee,625,250.8,89.4,6.56,94.81,9.4,23
2026-09-10,11:23:54,TAP23SL,CS-TUM,Airbus A330-900neo,TAP Air Portugal,landing,arrivee,575,249.1,82.2,5.93,56.86,9.4,23
2026-09-10,11:26:40,TAP11WQ,,,TAP Air Portugal,landing,arrivee,625,231.5,84.2,3.82,35.06,9.4,23
2026-09-10,11:29:22,EJU74EF,OE-IWW,Airbus A320,easyJet Europe,landing,arrivee,600,258.4,83.4,4.91,63.2,9.4,23
2026-09-10,11:32:30,4ca645,EI-DYC,Boeing 737-800,Ryanair,landing,arrivee,600,260.4,86.4,4.38,55.41,9.4,23
2026-09-10,11:35:42,DLH39X,D-AIEB,Airbus A321neo,Lufthansa,landing,arrivee,575,251.5,86.0,4.4,45.89,9.7,22
2026-09-10,11:41:06,495213,CS-TPS,Embraer E190,TAP Air Portugal,landing,arrivee,600,233.9,82.5,2.64,35.07,9.7,22
2026-09-10,11:43:47,02005a,CN-ROB,Boeing 737-800,Royal Air Maroc,cruise,,575,0.0,83.2,4.92,68.4,9.7,22
2026-09-10,11:46:28,34660b,EC-NTI,Airbus A320neo,Iberia,landing,arrivee,550,267.2,86.2,3.78,49.68,9.7,22
2026-09-10,11:49:10,4951d4,CS-TNT,Airbus A320,TAP Air Portugal,landing,arrivee,625,243.9,86.2,4.8,49.23,9.8,24
2026-09-10,11:51:43,4952a6,CS-TUF,Airbus A330-900neo,TAP Air Portugal,landing,arrivee,600,270.8,85.4,5.43,85.57,9.8,24
2026-09-10,11:54:39,4951d2,CS-TNR,Airbus A320,TAP Air Portugal,landing,arrivee,575,263.2,81.7,4.19,32.98,9.8,24
2026-09-10,11:57:55,BEL2DY,OO-SNB,Airbus A320,Brussels Airlines,landing,arrivee,600,271.3,81.3,2.62,38.19,9.8,24
2026-09-10,12:03:36,4d23a4,,,,landing,arrivee,600,253.2,82.5,4.27,42.94,9.8,24
2026-09-10,12:06:19,440075,,,easyJet Europe,landing,arrivee,575,258.0,81.4,3.78,36.99,9.8,24
2026-09-10,12:08:59,RZO120,CS-TSH,Airbus A321neo,Azores Airlines,landing,arrivee,575,270.8,84.2,3.13,33.96,9.8,24
2026-09-10,12:11:54,348342,,,,approach,arrivee,575,0.0,86.8,5.95,52.84,9.8,24
2026-09-10,12:16:13,TAP110,CS-TOP,Airbus A330-200,TAP Air Portugal,landing,arrivee,575,254.8,87.7,6.46,56.34,9.8,24
2026-09-10,12:22:19,EJU91FK,OE-IBF,Airbus A320,easyJet Europe,landing,arrivee,575,260.8,84.0,4.43,54.34,9.8,24
2026-09-10,12:29:23,TAP9261,,,TAP Air Portugal,landing,arrivee,600,236.7,79.8,3.14,31.99,9.8,24
2026-09-10,12:31:53,RYR63TC,EI-GJS,Boeing 737-800,Ryanair,landing,arrivee,575,281.3,82.3,4.14,47.13,9.8,24
2026-09-10,12:34:25,8963d9,A6-EPJ,Boeing 777-300ER,Emirates,landing,arrivee,600,283.0,88.7,5.56,83.44,10.0,26
2026-09-10,12:37:02,440db0,OE-IDX,Airbus A320,easyJet Europe,landing,arrivee,600,268.9,81.9,2.34,33.54,10.0,26
2026-09-10,12:39:26,RYR95SN,EI-IJE,Boeing 737 MAX 8,Ryanair,landing,arrivee,550,282.4,80.8,3.3,45.48,10.0,26
2026-09-10,12:42:46,EJU38DF,OE-LSK,Airbus A320neo,easyJet Europe,landing,arrivee,600,273.2,80.9,4.31,34.35,10.0,26
2026-09-10,12:45:44,LOT4HT,,,LOT Polish Airlines,landing,arrivee,550,276.5,81.5,3.22,35.32,10.0,26
2026-09-10,13:04:34,TAP1151,,,TAP Air Portugal,landing,arrivee,575,266.5,81.4,4.83,36.13,10.0,21
2026-09-10,13:10:11,495211,CS-TPQ,Embraer E190,TAP Air Portugal,landing,arrivee,575,253.9,81.2,3.38,41.32,10.0,21
2026-09-10,13:11:55,VLG8JM,EC-MHB,Airbus A321,Vueling,landing,arrivee,575,273.9,81.3,4.79,42.55,10.0,21
2026-09-10,13:14:29,440031,OE-IVC,Airbus A320,Iberia,landing,arrivee,600,261.5,82.4,4.27,38.49,10.0,21
2026-09-10,13:17:07,3475c9,,,,landing,arrivee,600,266.5,82.1,4.27,61.68,10.0,21
2026-09-10,13:20:01,TAP145W,CS-TNJ,Airbus A320,TAP Air Portugal,landing,arrivee,600,255.6,84.1,3.79,40.76,10.4,20
2026-09-10,13:22:43,39ceaf,F-HTVP,Boeing 737-800,Transavia France,cruise,,625,0.0,85.1,4.95,57.79,10.4,20
2026-09-10,13:25:30,RZO122,CS-TSI,Airbus A321neo,TAP Air Portugal,landing,arrivee,600,260.8,81.4,3.26,36.35,10.4,20
2026-09-10,13:27:58,4b17fc,HB-JCE,C Series 300,Swiss,landing,arrivee,650,263.2,82.2,2.74,38.38,10.4,20
2026-09-10,13:30:32,440115,,,easyJet Europe,landing,arrivee,625,269.7,82.2,4.27,43.79,10.4,20
2026-09-10,13:33:09,495293,CS-TTS,Airbus A319,TAP Air Portugal,landing,arrivee,625,254.7,82.8,3.78,50.57,10.6,18
2026-09-10,13:35:59,495219,CS-TPY,Embraer E190,TAP Air Portugal,landing,arrivee,625,253.2,80.1,3.26,29.29,10.6,18
2026-09-10,13:38:16,DLH47T,D-AIEE,Airbus A321neo,Lufthansa,landing,arrivee,675,280.6,81.3,2.76,60.2,10.6,18
2026-09-10,13:45:23,4951cc,CS-TNL,Airbus A320,TAP Air Portugal,landing,arrivee,650,255.9,83.4,3.86,49.2,10.6,18
2026-09-10,13:47:53,TAP36GS,CS-TJR,Airbus A321neo,TAP Air Portugal,landing,arrivee,600,273.2,82.3,3.14,37.39,10.8,15
2026-09-10,13:50:34,49530a,CS-TXJ,Airbus A321neo,TAP Air Portugal,cruise,,675,0.0,82.3,3.14,39.94,10.8,15
2026-09-10,13:53:27,49521a,CS-TPZ,Embraer E190,TAP Air Portugal,landing,arrivee,575,256.5,81.1,3.26,29.27,10.8,15
2026-09-10,13:55:53,495170,CS-TKP,Airbus A320,TAP Air Portugal,landing,arrivee,650,275.6,81.6,3.78,46.44,10.8,15
2026-09-10,13:58:30,4952c1,CS-TVA,Airbus A320neo,TAP Air Portugal,landing,arrivee,625,258.0,81.1,3.13,33.27,10.8,15
2026-09-10,14:01:03,TAP1013,,,TAP Air Portugal,landing,arrivee,575,264.1,81.3,3.25,34.87,10.8,15
2026-09-10,14:03:24,4008b1,G-EUPP,Airbus A319,British Airways,takeoff,depart,1125,270.8,77.2,0.96,34.45,11.1,13
2026-09-10,14:06:45,4952c8,CS-TVH,Airbus A320neo,TAP Air Portugal,landing,arrivee,600,241.7,81.4,3.62,37.33,11.1,13
2026-09-10,14:09:16,440488,,,,landing,arrivee,625,256.3,84.5,3.79,53.6,11.1,13
2026-09-10,14:11:58,TAP831,CS-TVG,Airbus A320neo,TAP Air Portugal,approach,arrivee,625,249.1,80.5,4.26,26.63,11.1,13
2026-09-10,14:14:23,4d2242,9H-QCD,Boeing 737-800,Malta Air,landing,arrivee,625,286.1,84.2,3.78,59.22,11.1,13
2026-09-10,14:17:02,440da5,OE-IDS,Airbus A320,easyJet Europe,cruise,,825,0.0,82.7,3.29,46.1,11.1,13
2026-09-10,14:21:02,4008b1,G-EUPP,Airbus A319,British Airways,landing,arrivee,650,238.4,83.1,4.86,41.53,11.7,9
2026-09-10,14:23:33,4951d9,CS-TNY,Airbus A320,TAP Air Portugal,landing,arrivee,675,250.8,84.5,4.79,40.53,11.7,9
2026-09-10,14:26:35,TAP88TM,CS-TJE,Airbus A321,TAP Air Portugal,landing,arrivee,575,278.0,87.0,4.39,52.58,11.7,9
2026-09-10,14:29:38,KLM97N,,,KLM,landing,arrivee,625,250.8,79.8,3.8,37.75,11.7,9
2026-09-10,14:35:19,495150,CS-TJP,Airbus A321neo,TAP Air Portugal,cruise,,675,0.0,83.6,3.27,32.38,11.9,3
2026-09-10,14:38:06,4d21ed,9H-QAE,Boeing 737-800,Malta Air,landing,arrivee,600,271.3,83.6,3.28,67.6,11.9,3
2026-09-10,14:41:36,4952d3,,,,landing,arrivee,650,239.8,81.3,4.28,29.61,11.9,3
2026-09-10,14:46:35,4952a8,CS-TUH,Airbus A330-900neo,TAP Air Portugal,landing,arrivee,600,267.2,84.4,5.79,50.68,11.9,3
2026-09-10,14:50:07,4b194e,,,Swiss,landing,arrivee,625,275.6,81.7,4.27,38.25,12.6,358
2026-09-10,14:54:17,440d6f,OE-LSR,Airbus A320,easyJet Europe,cruise,,850,0.0,82.9,4.26,43.81,12.6,358
2026-09-10,14:58:23,4d21e9,9H-QAA,Boeing 737-800,Malta Air,landing,arrivee,600,276.3,82.9,3.55,71.64,12.6,358
2026-09-10,15:01:59,SWT131,EC-MAF,ATR 72 500F,Swiftair,descending,arrivee,625,193.3,85.5,3.74,33.84,12.6,358
2026-09-10,15:04:40,3991e7,F-HEPH,Airbus A320,Air France,landing,arrivee,575,258.9,82.0,3.78,61.49,13.4,354
2026-09-10,15:08:49,495297,CS-TTW,Embraer E195,TAP Air Portugal,cruise,,600,0.0,83.8,4.79,38.84,13.4,354
2026-09-10,15:13:45,TAP27GC,CS-TVB,Airbus A320neo,TAP Air Portugal,landing,arrivee,600,258.4,80.1,2.78,36.22,13.4,354
2026-09-10,15:17:19,440224,,,easyJet Europe,landing,arrivee,650,259.3,84.7,3.63,33.0,13.4,354
2026-09-10,15:24:26,FIN96W,OH-LZS,Airbus A321,Finnair,landing,arrivee,600,272.4,85.7,4.03,70.21,14.2,351
2026-09-10,15:28:42,BAW5DW,,,British Airways,landing,arrivee,650,268.0,83.3,3.66,40.48,14.2,351
2026-09-10,15:32:43,344217,EC-LPQ,Boeing 737-800,Air Europa,landing,arrivee,625,270.8,85.9,4.26,56.27,14.2,351
2026-09-10,15:35:43,40836c,,,,approach,arrivee,675,0.0,80.7,3.51,31.53,15.0,349
2026-09-10,15:38:57,495217,CS-TPW,Embraer E190,TAP Air Portugal,landing,arrivee,650,245.9,81.9,3.79,29.45,15.0,349
2026-09-10,15:41:39,096023,D4-CCI,Boeing 737-700,Cabo Verde Airlines,landing,arrivee,600,263.4,82.6,3.91,43.69,15.0,349
2026-09-10,15:44:27,495305,CS-TXE,Airbus A321neo,TAP Air Portugal,landing,arrivee,650,267.2,81.9,4.26,40.76,15.0,349
2026-09-10,15:47:02,TAP10NL,CS-TXF,Airbus A321neo,TAP Air Portugal,landing,arrivee,600,271.3,85.8,4.27,36.0,15.0,349
2026-09-10,15:49:36,406668,G-EZUN,Airbus A320,easyJet,landing,arrivee,625,247.2,84.6,4.91,47.68,15.5,347
2026-09-10,15:51:55,4952c9,CS-TVI,Airbus A320neo,TAP Air Portugal,landing,arrivee,725,267.6,82.9,4.43,44.9,15.5,347
2026-09-10,15:56:28,THY4GH,TC-JNO,Airbus A330-300,Turkish Airlines,landing,arrivee,600,268.2,85.9,5.44,57.68,15.5,347
2026-09-10,15:59:20,3c54a2,D-AEEB,Airbus A321,Eurowings,landing,arrivee,650,250.8,84.2,3.75,34.19,15.5,347
2026-09-10,16:01:08,495292,CS-TTR,Airbus A319,TAP Air Portugal,landing,arrivee,750,243.2,86.4,4.31,50.44,15.5,347
2026-09-10,16:03:03,DLH03H,D-AISF,Airbus A321,Lufthansa,landing,arrivee,625,282.8,83.5,4.26,38.22,16.3,346
2026-09-10,16:06:04,TAP56DT,CS-TVL,Airbus A320,TAP Air Portugal,landing,arrivee,575,256.5,81.4,5.0,37.09,16.3,346
2026-09-10,16:09:12,495215,CS-TPU,Embraer E190,TAP Air Portugal,landing,arrivee,625,234.8,83.3,3.79,35.48,16.3,346
2026-09-10,16:10:43,4952d1,,,,landing,arrivee,650,267.2,81.5,3.26,35.03,16.3,346
2026-09-10,16:13:37,TAP553R,,,TAP Air Portugal,landing,arrivee,625,260.8,81.6,3.63,32.55,16.3,346
2026-09-10,16:16:02,49514f,CS-TJO,Airbus A321neo,TAP Air Portugal,landing,arrivee,700,278.7,85.6,3.21,40.54,16.3,346
2026-09-10,16:18:03,TAP1105,CS-TTY,Embraer E195,TAP Air Portugal,landing,arrivee,600,233.2,81.2,4.19,42.87,16.8,345
2026-09-10,16:20:37,4951d5,CS-TNU,Airbus A320,TAP Air Portugal,landing,arrivee,675,255.6,84.5,4.95,46.89,16.8,345
2026-09-10,16:23:31,34604c,EC-MXA,Bombardier CRJ-1000,Air Nostrum,landing,arrivee,725,246.7,80.7,2.62,25.77,16.8,345
2026-09-10,16:26:45,4952c5,CS-TVE,Airbus A320neo,TAP Air Portugal,landing,arrivee,625,264.8,81.4,3.13,35.04,16.8,345
2026-09-10,16:29:37,ECMSC,EC-MSC,Global 6000,Mercadona SA,landing,arrivee,675,278.2,78.3,2.13,30.42,16.8,345
2026-09-10,16:32:21,TAP90EH,CS-TJJ,Airbus A321neo,TAP Air Portugal,landing,arrivee,675,274.8,83.4,3.78,36.43,16.8,345
2026-09-10,16:35:28,TAP83RS,CS-TVD,Airbus A320neo,TAP Air Portugal,landing,arrivee,650,242.2,80.0,2.63,34.0,17.5,346
2026-09-10,16:38:10,4d2210,9H-QBT,Boeing 737-800,Malta Air,landing,arrivee,625,275.6,84.7,4.31,45.59,17.5,346
2026-09-10,16:40:58,TAP15NC,CS-TXM,Airbus A321,TAP Air Portugal,landing,arrivee,625,263.9,80.6,2.73,43.47,17.5,346
2026-09-10,16:43:38,TAP1241,CS-TJF,Airbus A321,TAP Air Portugal,landing,arrivee,625,265.6,80.7,3.79,44.27,17.5,346
2026-09-10,16:46:35,TAP1359,CS-TJK,Airbus A321neo,TAP Air Portugal,landing,arrivee,675,262.2,81.7,3.64,36.62,17.5,346
2026-09-10,16:49:07,RYR55AR,,,Ryanair,landing,arrivee,625,276.5,81.7,3.13,33.45,17.9,345
2026-09-10,16:52:01,39cea8,F-HTVI,Boeing 737-800,Transavia France,landing,arrivee,625,270.4,83.3,3.09,61.21,17.9,345
2026-09-10,16:55:55,EJU95BR,OE-IWW,Airbus A320,easyJet Europe,landing,arrivee,675,251.5,83.0,3.28,43.99,16.3,342
2026-09-10,16:58:34,4d22b5,9H-LON,Airbus A320,Lauda Europe,cruise,,675,0.0,82.8,5.44,52.59,16.3,342
2026-09-10,17:01:43,4952cf,,,TAP Air Portugal,cruise,,675,0.0,81.1,3.27,39.75,16.3,342
2026-09-10,17:04:30,RYR32KG,EI-EVG,Boeing 737-800,Ryanair,landing,arrivee,575,268.7,82.6,3.8,78.0,16.3,342
2026-09-10,17:07:15,471f5c,HA-LWU,Airbus A320,Wizz Air,landing,arrivee,650,239.1,83.3,3.75,55.38,16.3,342
2026-09-10,17:09:35,TAP1824,CS-TJM,Airbus A321neo,TAP Air Portugal,landing,arrivee,675,271.3,80.5,3.3,39.58,16.3,342
2026-09-10,17:12:07,TAP226,CS-TUC,Airbus A330-900neo,TAP Air Portugal,cruise,,675,0.0,86.7,5.15,79.03,16.3,342
2026-09-10,17:14:54,495218,CS-TPX,Embraer E190,TAP Air Portugal,landing,arrivee,625,234.6,79.7,2.62,54.43,16.3,342
2026-09-10,17:17:34,VLG9QY,EC-MQE,Airbus A320,Vueling,landing,arrivee,650,244.8,82.6,3.78,42.17,16.3,342
2026-09-10,17:20:10,48597d,PH-HXN,Boeing 737-800,Transavia,landing,arrivee,650,273.2,79.6,4.31,73.08,16.7,341
2026-09-10,17:24:04,4ca97c,EI-ESV,Boeing 737-800,Ryanair,landing,arrivee,650,264.8,82.0,4.27,57.74,16.7,341
2026-09-10,17:26:47,39bda3,F-HPND,BD-500-1A11,Air France,landing,arrivee,675,233.5,80.6,2.85,48.1,16.7,341
2026-09-10,17:31:08,TAP643,CS-TTX,Embraer E195,TAP Air Portugal,landing,arrivee,700,252.4,81.8,2.1,40.43,16.7,341
2026-09-10,17:36:33,TAP298,CS-TUG,Airbus A330-900neo,TAP Air Portugal,landing,arrivee,675,261.5,83.8,4.8,62.74,17.5,341
2026-09-10,17:39:28,RAM982,CN-RGF,Boeing 737-800,Royal Air Maroc,landing,arrivee,600,273.4,85.0,4.44,101.19,17.5,341
2026-09-10,17:41:50,4cae9c,,,,landing,arrivee,625,269.7,82.0,3.78,45.32,17.5,341
2026-09-10,17:44:19,EJU45HZ,OE-IBF,Airbus A320,easyJet Europe,landing,arrivee,650,257.2,81.4,3.66,45.3,17.5,341
2026-09-10,17:47:04,4ca702,EI-EBE,Boeing 737-800,Ryanair,cruise,,650,0.0,81.6,3.74,59.35,17.5,341
2026-09-10,17:50:41,400f9a,G-DBCK,Airbus A319,British Airways,landing,arrivee,725,229.6,79.9,4.39,38.97,17.9,341
2026-09-10,18:02:17,4952c3,CS-TVC,Airbus A320neo,TAP Air Portugal,landing,arrivee,675,258.9,81.1,3.26,36.44,17.9,341
2026-09-10,18:04:04,VLG5YW,EC-MVE,Airbus A320,Vueling,landing,arrivee,625,250.8,81.4,2.74,44.98,18.3,340
2026-09-10,18:09:20,495293,CS-TTS,Airbus A319,TAP Air Portugal,landing,arrivee,675,243.2,83.4,3.82,47.01,18.3,340
2026-09-10,18:15:10,4aca4a,SE-RRJ,Boeing 737-800,Norwegian Air Sweden,landing,arrivee,650,276.5,82.7,3.75,71.11,18.3,340
2026-09-10,18:18:10,TRA9H,PH-HZL,Boeing 737-800,Transavia,landing,arrivee,625,275.6,82.4,4.14,78.32,18.3,340
2026-09-10,18:20:45,49514e,CS-TJN,Airbus A321neo,TAP Air Portugal,landing,arrivee,650,256.5,84.1,2.74,36.15,18.3,340
2026-09-10,18:23:31,TAP1542,,,TAP Air Portugal,landing,arrivee,675,240.8,82.2,3.9,40.32,18.3,340
2026-09-10,18:26:22,4951d8,CS-TNX,Airbus A320,TAP Air Portugal,landing,arrivee,650,254.8,82.6,3.66,61.41,18.3,340
2026-09-10,18:30:56,EJU92TK,OE-LQI,Airbus A319,easyJet Europe,landing,arrivee,625,250.0,79.8,3.63,64.3,18.3,340
2026-09-10,18:34:36,VOE2728,EC-MUY,Airbus A319,Volotea,landing,arrivee,650,242.2,82.2,2.61,57.06,18.1,339
2026-09-10,18:37:27,EZY25BM,G-EZFR,Airbus A319,easyJet,landing,arrivee,625,242.4,80.7,3.25,49.75,18.1,339
2026-09-10,18:40:20,4951d9,CS-TNY,Airbus A320,TAP Air Portugal,landing,arrivee,650,253.2,82.7,3.79,64.93,18.1,339
2026-09-10,18:44:45,TAP1906,CS-TPW,Embraer E190,TAP Air Portugal,landing,arrivee,600,245.6,81.1,2.54,41.44,18.1,339
2026-09-10,18:52:46,TRA951N,,,,landing,arrivee,650,246.7,80.8,2.78,35.73,18.0,340
2026-09-10,18:55:29,4869c4,,,,landing,arrivee,625,268.9,79.6,2.01,37.85,18.0,340
2026-09-10,18:58:12,RZO124,CS-TSK,Airbus A320,TAP Air Portugal,landing,arrivee,625,263.2,80.6,3.3,41.87,18.0,340
2026-09-10,19:00:43,4ca815,EI-EKW,Boeing 737-800,Ryanair,landing,arrivee,625,277.2,82.6,3.78,92.06,18.0,340
2026-09-10,19:04:18,TAP10EV,CS-TPO,Embraer E190,TAP Air Portugal,landing,arrivee,625,239.8,83.2,3.16,39.5,18.0,340
2026-09-10,19:06:47,AEA1157,EC-MKL,Boeing 737-800,Air Europa,landing,arrivee,625,273.2,82.7,2.13,58.41,18.0,340
2026-09-10,19:10:35,44cdcd,OO-SNM,Airbus A320,Brussels Airlines,landing,arrivee,650,258.9,82.9,3.67,63.47,18.0,340
2026-09-10,19:16:56,TVF35GD,F-GZHO,Boeing 737-800,Transavia France,landing,arrivee,625,278.0,85.1,3.17,73.88,18.0,340
2026-09-10,19:20:09,471db8,,,,landing,arrivee,675,240.8,82.7,3.45,52.87,17.9,341
2026-09-10,19:23:06,EWG6TR,,,Eurowings,landing,arrivee,650,249.8,80.4,2.65,56.22,17.9,341
2026-09-10,19:26:18,440d4c,,,,landing,arrivee,600,241.5,81.1,3.17,47.44,17.9,341
2026-09-10,19:28:49,TAP671,CS-TVJ,Airbus A320neo,TAP Air Portugal,landing,arrivee,600,243.2,81.3,3.28,35.41,17.9,341
2026-09-10,19:32:45,TAP1361,CS-TJI,Airbus A321neo,TAP Air Portugal,landing,arrivee,650,271.3,78.6,2.64,45.04,17.9,341
2026-09-10,19:35:43,495210,CS-TPP,Embraer E190,TAP Air Portugal,landing,arrivee,625,223.9,79.4,3.15,33.96,17.4,342
2026-09-10,19:38:25,NJE107W,,,NetJets,landing,arrivee,625,208.4,66.2,0.0,24.22,17.4,342
2026-09-10,19:46:07,ANE44TG,,,Air Nostrum,landing,arrivee,700,259.3,77.8,1.64,35.43,17.4,342
2026-09-10,19:52:16,495038,,,TAP Air Portugal,landing,arrivee,625,235.6,79.7,2.64,47.88,17.2,344
2026-09-10,19:55:15,4952ce,,,TAP Air Portugal,landing,arrivee,600,252.4,79.1,1.87,48.1,17.2,344
2026-09-10,19:57:49,RYR5KT,EI-EKF,Boeing 737-800,Ryanair,landing,arrivee,625,262.2,82.7,4.31,92.24,17.2,344
2026-09-10,20:00:45,UAE5M,A6-EPI,Boeing 777-300ER,Emirates,landing,arrivee,600,271.3,85.8,5.31,109.56,17.2,344
2026-09-10,20:03:17,06a0ae,A7-BCJ,Boeing 787-8,Qatar Airways,cruise,,625,0.0,81.1,3.64,61.83,16.8,345
2026-09-10,20:06:10,495213,CS-TPS,Embraer E190,TAP Air Portugal,landing,arrivee,600,234.8,82.0,2.68,45.54,16.8,345
2026-09-10,20:08:39,TAP94VA,,,TAP Air Portugal,landing,arrivee,650,254.8,79.4,2.64,42.5,16.8,345
2026-09-10,20:11:09,495290,CS-TTP,Airbus A319,TAP Air Portugal,landing,arrivee,700,246.7,80.0,3.06,50.21,16.8,345
2026-09-10,20:13:54,TAP473H,CS-TPY,Embraer E190,TAP Air Portugal,landing,arrivee,600,233.2,81.0,2.77,50.57,16.8,345
2026-09-10,20:16:20,407666,G-UZMC,Airbus A321neo,easyJet,landing,arrivee,650,263.9,79.8,2.63,39.89,16.8,345
2026-09-10,20:18:50,TAP93ZS,CS-TNV,Airbus A320,TAP Air Portugal,landing,arrivee,650,246.7,78.9,2.65,48.82,16.0,346
2026-09-10,20:21:34,RYR56BR,EI-IJE,Boeing 737 MAX 8,Ryanair,landing,arrivee,575,271.3,80.9,3.54,47.2,16.0,346
2026-09-10,20:24:33,495297,CS-TTW,Embraer E195,TAP Air Portugal,landing,arrivee,600,249.8,79.9,3.27,58.3,16.0,346
2026-09-10,20:27:13,495154,,,,landing,arrivee,625,229.8,80.4,2.11,39.62,16.0,346
2026-09-10,20:29:37,4cae9a,,,Ryanair,cruise,,600,0.0,80.5,3.28,37.08,16.0,346
2026-09-10,20:32:38,TAP35BL,CS-TJP,Airbus A321neo,TAP Air Portugal,landing,arrivee,600,255.6,79.0,2.77,34.9,16.0,346
2026-09-10,20:35:02,RYR59QQ,EI-EKG,Boeing 737-800,Ryanair,landing,arrivee,625,276.1,83.1,3.16,54.06,14.8,346
2026-09-10,20:37:50,TAP755,CS-TVF,Airbus A320neo,TAP Air Portugal,landing,arrivee,650,235.6,80.6,3.69,41.49,14.8,346
2026-09-10,20:40:32,495148,CS-TJH,Airbus A321,TAP Air Portugal,landing,arrivee,625,256.5,83.5,2.76,48.54,14.8,346
2026-09-10,20:43:29,PGT1741,TC-NBT,Airbus A320neo,Pegasus,landing,arrivee,625,225.0,82.1,2.1,42.88,14.8,346
2026-09-10,20:46:03,TAP877,CS-TPT,Embraer E190,TAP Air Portugal,landing,arrivee,575,230.0,79.0,2.75,46.97,14.8,346
2026-09-10,20:48:40,4cc2a3,TF-FIN,757 208/W,Icelandair,landing,arrivee,650,233.2,83.0,4.06,55.54,13.7,346
2026-09-10,20:51:07,44b028,OO-LAH,Falcon 7X,Luxaviation Belgium,landing,arrivee,625,210.8,87.0,1.63,35.4,13.7,346
2026-09-10,20:54:01,DTA652,D2-TEG,Boeing 777-300ER,TAAG Angola,landing,arrivee,625,281.3,86.1,4.81,119.25,13.7,346
2026-09-10,20:56:42,342398,EC-JTR,Airbus A320,Vueling,landing,arrivee,650,253.9,82.0,3.14,69.07,13.7,346
2026-09-10,21:03:36,49526d,CS-TSM,Airbus A320,TAP Air Portugal,landing,arrivee,675,273.2,79.9,1.99,47.1,12.9,347
2026-09-10,21:10:11,49521a,CS-TPZ,Embraer E190,TAP Air Portugal,cruise,,625,0.0,79.1,2.67,40.17,12.9,347
2026-09-10,21:13:02,RZO142,CS-TKP,Airbus A320,TAP Air Portugal,landing,arrivee,625,251.5,83.0,3.76,49.19,12.9,347
2026-09-10,21:15:50,TAP1692,CS-TTY,Embraer E195,TAP Air Portugal,landing,arrivee,600,256.5,78.5,2.13,44.56,12.9,347
2026-09-10,21:18:34,ELY375,4X-EKU,Boeing 737-800,El Al,landing,arrivee,600,273.2,83.8,3.14,132.54,12.1,348
2026-09-10,21:21:35,TAP1325,CS-TPQ,Embraer E190,TAP Air Portugal,landing,arrivee,625,234.3,79.4,1.61,40.58,12.1,348
2026-09-10,21:25:13,4952c7,CS-TVG,Airbus A320neo,TAP Air Portugal,landing,arrivee,625,254.8,79.4,1.61,40.66,12.1,348
2026-09-10,21:27:56,VLG14YF,EC-NDB,Airbus A320neo,Vueling,landing,arrivee,550,262.2,79.6,2.98,43.52,12.1,348
2026-09-10,21:33:36,TAP437X,CS-TJE,Airbus A321,TAP Air Portugal,landing,arrivee,550,257.6,81.5,4.31,68.98,11.7,349
2026-09-10,21:36:33,495307,CS-TXG,Airbus A321neo,TAP Air Portugal,landing,arrivee,650,261.7,79.5,2.65,43.43,11.7,349
2026-09-10,21:39:23,TAP835,CS-TNR,Airbus A320,TAP Air Portugal,cruise,,650,0.0,80.3,2.61,51.81,11.7,349
2026-09-10,21:47:45,TAP67U,CS-TXJ,Airbus A321neo,TAP Air Portugal,cruise,,625,0.0,79.1,2.66,43.68,11.7,349
2026-09-10,21:51:36,4951d4,CS-TNT,Airbus A320,TAP Air Portugal,landing,arrivee,650,251.7,79.2,2.1,44.34,11.0,349
2026-09-10,21:57:03,RYR20EE,9H-QCV,Boeing 737-800,Malta Air,landing,arrivee,600,275.6,81.9,3.14,87.29,11.0,349
2026-09-10,22:00:24,4c01eb,YU-APL,Airbus A319,Air Serbia,landing,arrivee,600,244.5,78.6,2.69,40.04,11.0,349
2026-09-10,22:03:10,EJU74EP,OE-LSK,Airbus A320neo,easyJet Europe,landing,arrivee,625,255.6,77.5,0.6,34.65,11.0,349
2026-09-10,22:05:55,4d2533,,,,landing,arrivee,625,263.9,79.3,2.66,49.3,10.6,350
2026-09-10,22:07:49,4ca4ed,EI-DPI,Boeing 737-800,Ryanair,landing,arrivee,600,261.5,81.6,3.85,71.17,10.6,350
2026-09-10,22:10:39,TAP1933,,,TAP Air Portugal,landing,arrivee,625,229.8,78.2,2.1,42.71,10.6,350
2026-09-10,22:16:47,46b821,SX-NAA,Airbus A321neo,Aegean Airlines,landing,arrivee,600,248.4,80.2,3.11,57.66,10.6,350
2026-09-10,22:19:02,DLH34J,D-AINZ,Airbus A320neo,Lufthansa,landing,arrivee,600,238.4,82.7,3.27,52.27,10.2,350
2026-09-10,22:21:50,EJU69GW,,,easyJet Europe,landing,arrivee,600,226.7,81.9,2.13,42.19,10.2,350
2026-09-10,22:24:35,AFR64PQ,F-GKXY,Airbus A320,Air France,landing,arrivee,600,244.8,84.9,3.26,73.87,10.2,350
2026-09-10,22:30:39,TAP885,CS-TPR,Embraer E190,TAP Air Portugal,landing,arrivee,550,228.4,81.2,2.1,82.04,10.2,350
2026-09-10,22:33:04,4951ca,CS-TNJ,Airbus A320,TAP Air Portugal,landing,arrivee,625,250.0,82.4,3.27,62.45,10.2,350
2026-09-10,22:35:49,3c65d7,D-AINW,Airbus A320neo,Lufthansa,landing,arrivee,600,234.3,78.4,2.78,55.98,9.8,352
2026-09-10,22:38:23,TAP1369,CS-TVA,Airbus A320neo,TAP Air Portugal,landing,arrivee,600,249.1,78.6,1.57,35.18,9.8,352
2026-09-10,22:40:55,TAP555,CS-TNL,Airbus A320,TAP Air Portugal,landing,arrivee,575,257.2,82.3,3.3,56.03,9.8,352
2026-09-10,22:43:36,TAP21MM,CS-TVH,Airbus A320neo,TAP Air Portugal,landing,arrivee,625,234.3,77.6,1.09,43.16,9.8,352
2026-09-10,22:46:14,EJU7690,OE-IBF,Airbus A320,easyJet Europe,landing,arrivee,550,247.2,79.7,3.27,74.24,9.8,352
2026-09-10,22:48:58,39ceb0,F-HTVQ,Boeing 737-800,Transavia France,landing,arrivee,600,254.7,82.2,3.75,68.48,9.4,353
2026-09-10,22:51:56,440d10,OE-IBS,Airbus A320,easyJet Europe,landing,arrivee,575,257.2,81.1,2.62,69.18,9.4,353
2026-09-10,22:54:46,EJU93ZB,,,easyJet Europe,cruise,,575,251.9,79.1,2.26,38.98,9.4,353
2026-09-10,22:56:41,TAP64M,CS-TJR,Airbus A321neo,TAP Air Portugal,landing,arrivee,575,249.8,79.0,2.61,41.52,9.4,353
2026-09-10,22:58:44,TAP645,,,TAP Air Portugal,landing,arrivee,650,247.2,80.7,1.52,39.13,9.4,353
2026-09-10,23:01:39,440b1e,OE-IWW,Airbus A320,easyJet Europe,landing,arrivee,625,251.5,82.4,2.66,76.68,9.4,353
2026-09-10,23:03:52,TVF47RH,F-GZHR,Boeing 737-800,Transavia France,landing,arrivee,550,259.7,81.9,3.15,99.82,9.1,353
2026-09-10,23:06:54,34134e,EC-HUI,Airbus A321,Iberia,landing,arrivee,575,251.7,80.3,3.15,72.75,9.1,353
2026-09-10,23:13:19,3475c9,,,,landing,arrivee,650,267.2,83.3,2.62,48.62,9.1,353
2026-09-10,23:16:12,EJU64TB,OE-IDS,Airbus A320,easyJet Europe,landing,arrivee,625,240.8,81.7,2.66,58.68,9.1,353
2026-09-10,23:18:53,THY2ES,,,Turkish Airlines,landing,arrivee,575,230.0,80.7,3.27,45.04,9.1,353
2026-09-10,23:20:42,DLH23C,,,Lufthansa,landing,arrivee,600,251.7,79.7,3.14,43.4,9.1,353
2026-09-10,23:22:36,4cae55,EI-IJE,Boeing 737 MAX 8,Ryanair,landing,arrivee,600,250.4,80.7,2.61,50.49,9.1,353
2026-09-10,23:24:23,EJU36BG,OE-LSR,Airbus A320,easyJet Europe,landing,arrivee,575,253.9,79.5,2.01,35.99,9.1,353
2026-09-10,23:26:53,TAP35MT,CS-TNX,Airbus A320,TAP Air Portugal,landing,arrivee,575,227.6,77.1,2.09,44.98,9.1,353
2026-09-10,23:28:44,495153,,,TAP Air Portugal,landing,arrivee,600,247.2,79.0,2.14,48.16,9.1,353
2026-09-10,23:30:50,SWR755L,,,Swiss,landing,arrivee,600,253.2,79.8,2.01,67.26,9.1,353
2026-09-10,23:32:53,406a3e,G-EUYU,Airbus A320,British Airways,cruise,,600,0.0,79.9,2.77,62.01,9.1,353
2026-09-10,23:37:19,TAP3834,,,TAP Air Portugal,landing,arrivee,550,237.6,82.4,3.27,46.67,8.7,353
2026-09-10,23:39:25,RYR3RB,9H-QBT,Boeing 737-800,Malta Air,landing,arrivee,550,253.2,82.6,3.78,61.59,8.7,353
2026-09-10,23:51:51,495146,CS-TJF,Airbus A321,TAP Air Portugal,landing,arrivee,600,256.5,79.6,3.14,59.85,8.7,353
2026-09-10,23:54:30,TAP837,CS-TNW,Airbus A320,TAP Air Portugal,landing,arrivee,600,243.0,79.9,3.27,56.44,8.7,353
2026-09-10,23:57:32,RYR8AT,EI-EKL,Boeing 737-800,Ryanair,landing,arrivee,575,254.8,82.8,2.62,64.25,8.7,353
2026-09-11,00:00:16,RYR5PJ,,,Ryanair,landing,arrivee,575,263.2,78.8,2.66,37.76,8.7,353
2026-09-11,00:12:00,495215,CS-TPU,Embraer E190,TAP Air Portugal,landing,arrivee,650,223.2,79.7,0.97,52.55,8.7,353
2026-09-11,00:51:40,486836,,,KLM,landing,arrivee,625,235.6,80.3,2.13,50.15,8.8,351
2026-09-11,01:41:56,RYR7VL,9H-QCL,Boeing 737-800,Malta Air,landing,arrivee,575,262.2,81.5,2.22,67.4,9.4,353
2026-09-11,02:47:31,RZO128,CS-TKQ,Airbus A320,TAP Air Portugal,landing,arrivee,675,249.1,82.8,3.15,63.78,9.0,358
2026-09-11,04:59:02,495308,CS-TXH,Airbus A321neo,TAP Air Portugal,landing,arrivee,600,253.2,85.2,3.93,41.13,5.8,4
2026-09-11,05:03:08,TAP074,CS-TUK,Airbus A330-900neo,TAP Air Portugal,landing,arrivee,600,261.7,85.8,4.94,70.1,5.8,4
2026-09-11,05:09:33,495304,CS-TXD,Airbus A321neo,TAP Air Portugal,landing,arrivee,600,252.4,84.3,3.1,34.34,5.8,4
2026-09-11,05:13:19,TAP218,CS-TXK,Airbus A321,TAP Air Portugal,landing,arrivee,600,253.2,80.8,3.14,39.26,5.8,4
2026-09-11,05:21:51,4952a2,CS-TUB,Airbus A330-900neo,TAP Air Portugal,landing,arrivee,600,242.2,85.7,5.93,83.2,5.8,4
2026-09-11,05:38:10,TAP224,CS-TUS,Airbus A330-900neo,TAP Air Portugal,landing,arrivee,600,239.8,85.3,5.4,65.74,5.8,4
2026-09-11,05:42:23,TAP9012,,,TAP Air Portugal,landing,arrivee,575,229.8,82.8,3.14,35.43,5.8,4
2026-09-11,05:50:36,N175QS,N175QS,Gulfstream G700,Unknown US,landing,arrivee,600,196.7,79.0,1.5,26.6,5.8,4
2026-09-11,05:57:35,TAP1937,CS-TNN,Airbus A320,TAP Air Portugal,landing,arrivee,650,239.1,84.2,4.79,49.9,5.8,4
2026-09-11,06:00:04,TAP1550,CS-TJN,Airbus A321neo,TAP Air Portugal,landing,arrivee,650,246.7,81.0,2.66,43.8,5.8,4
2026-09-11,06:02:39,TAP232Y,CS-TXB,Airbus A321neo,TAP Air Portugal,landing,arrivee,625,234.8,82.8,4.3,47.13,5.8,4
2026-09-11,06:04:19,495150,CS-TJP,Airbus A321neo,TAP Air Portugal,landing,arrivee,675,253.2,80.3,3.17,35.31,5.8,4
2026-09-11,06:06:29,495149,CS-TJI,Airbus A321neo,TAP Air Portugal,landing,arrivee,625,262.4,82.7,3.64,35.37,5.8,4
2026-09-11,06:09:45,4952a5,CS-TUE,Airbus A330-900neo,TAP Air Portugal,landing,arrivee,625,234.3,85.6,5.68,73.09,5.8,4
2026-09-11,06:12:26,4952cd,,,TAP Air Portugal,landing,arrivee,625,237.4,81.0,3.66,48.72,5.8,4
2026-09-11,06:15:35,MMZ155P,EC-NHM,Airbus A330-300,Wamos Air,landing,arrivee,600,236.7,84.0,4.16,63.67,5.8,4
2026-09-11,06:18:30,495210,CS-TPP,Embraer E190,TAP Air Portugal,landing,arrivee,625,221.9,81.5,3.5,33.37,5.8,4
2026-09-11,06:22:14,TAP11VP,CS-TPY,Embraer E190,TAP Air Portugal,landing,arrivee,625,212.8,81.3,2.46,44.7,5.8,4
2026-09-11,06:37:54,4952aa,CS-TUJ,Airbus A330-900neo,TAP Air Portugal,landing,arrivee,600,258.4,87.0,5.29,59.82,5.4,360
2026-09-11,06:43:29,440d4c,,,,cruise,,625,0.0,85.5,3.79,62.16,5.4,360
2026-09-11,06:46:26,4951d2,CS-TNR,Airbus A320,TAP Air Portugal,landing,arrivee,650,241.5,83.9,3.79,57.09,5.4,360
2026-09-11,06:49:12,4952c7,CS-TVG,Airbus A320neo,TAP Air Portugal,landing,arrivee,600,254.8,80.0,2.73,44.92,5.4,360
2026-09-11,06:51:52,AEA1159,EC-LPQ,Boeing 737-800,Air Europa,landing,arrivee,625,260.8,82.6,3.79,57.06,5.4,360
2026-09-11,06:54:44,e48ba8,PT-MUE,Boeing 777-300ER,LATAM Airlines,landing,arrivee,625,255.6,86.4,6.44,72.14,5.0,360
2026-09-11,07:00:28,49520f,CS-TPO,Embraer E190,TAP Air Portugal,landing,arrivee,625,226.7,82.4,3.5,44.37,5.1,4
2026-09-11,07:03:19,495298,CS-TTX,Embraer E195,TAP Air Portugal,landing,arrivee,625,246.7,80.9,3.14,42.81,5.1,4
2026-09-11,07:06:12,DTA650,D2-TEK,Boeing 777-300ER,TAAG Angola,landing,arrivee,625,264.8,88.8,5.93,107.58,5.1,4
2026-09-11,07:09:36,SRR6646,,,,landing,arrivee,600,215.9,87.5,7.08,62.64,5.1,4
2026-09-11,07:19:24,4952c4,CS-TVD,Airbus A320neo,TAP Air Portugal,landing,arrivee,575,237.6,82.6,3.14,35.88,4.7,4
2026-09-11,07:22:22,495217,CS-TPW,Embraer E190,TAP Air Portugal,landing,arrivee,575,222.6,82.3,3.78,49.51,4.7,4
2026-09-11,07:25:05,495145,CS-TJE,Airbus A321,TAP Air Portugal,landing,arrivee,650,253.2,84.6,4.31,59.54,4.7,4
2026-09-11,07:27:45,BCS2FC,,,,landing,arrivee,600,220.8,87.7,6.99,75.63,4.7,4
2026-09-11,07:30:17,IBE05TR,EC-LVD,Airbus A320,Iberia,landing,arrivee,700,258.4,83.0,2.78,57.53,4.7,4
2026-09-11,07:33:10,RYR7VL,EI-EVT,Boeing 737-800,Ryanair,landing,arrivee,525,256.5,85.0,4.03,77.63,4.7,4
2026-09-11,07:36:16,495218,CS-TPX,Embraer E190,TAP Air Portugal,landing,arrivee,575,216.7,81.7,4.14,36.17,4.4,9
2026-09-11,07:38:55,TAP9ML,CS-TVJ,Airbus A320neo,TAP Air Portugal,landing,arrivee,600,244.8,80.8,2.13,31.97,4.4,9
2026-09-11,07:41:46,TAP647,CS-TNY,Airbus A320,TAP Air Portugal,landing,arrivee,550,249.1,84.1,4.27,75.76,4.4,9
2026-09-11,07:44:41,4952c2,CS-TVB,Airbus A320neo,TAP Air Portugal,landing,arrivee,600,244.8,80.5,2.62,51.9,4.4,9
2026-09-11,07:47:46,4951d6,CS-TNV,Airbus A320,TAP Air Portugal,landing,arrivee,675,230.0,82.5,4.95,60.58,4.4,9
2026-09-11,07:51:26,DAL272,N804NW,Airbus A330-300,Delta Air Lines,landing,arrivee,575,250.8,89.2,5.45,61.72,4.0,10
2026-09-11,07:54:16,UAL64,N14016,Boeing 787-10,United Airlines,landing,arrivee,550,263.2,82.5,4.27,53.35,4.0,10
2026-09-11,07:56:50,3475da,,,,landing,arrivee,625,250.8,79.2,3.14,36.95,4.0,10
2026-09-11,07:59:58,4952c5,CS-TVE,Airbus A320neo,TAP Air Portugal,landing,arrivee,650,246.7,80.7,2.73,43.52,4.0,10
2026-09-11,08:02:45,495297,CS-TTW,Embraer E195,TAP Air Portugal,landing,arrivee,550,258.0,82.3,2.74,41.65,4.0,10
2026-09-11,08:06:02,495213,CS-TPS,Embraer E190,TAP Air Portugal,landing,arrivee,575,230.8,82.9,2.86,49.44,3.8,17
2026-09-11,08:08:43,TAP557H,,,TAP Air Portugal,landing,arrivee,550,257.2,81.0,2.14,41.98,3.8,17
2026-09-11,08:12:59,RYR4XW,EI-IGK,Boeing 737 MAX 8,Ryanair,landing,arrivee,550,273.2,82.2,3.3,48.4,3.8,17
2026-09-11,08:16:20,TAP244,CS-TUA,Airbus A330-900neo,TAP Air Portugal,landing,arrivee,600,249.1,81.6,4.82,51.55,3.8,17
2026-09-11,08:19:49,4951d5,CS-TNU,Airbus A320,TAP Air Portugal,landing,arrivee,575,250.8,82.5,3.66,57.13,3.5,24
2026-09-11,08:22:47,VLG46AX,EC-NYD,Airbus A321,Vueling,landing,arrivee,625,248.4,83.6,3.13,48.4,3.5,24
2026-09-11,08:25:22,49514a,CS-TJJ,Airbus A321neo,TAP Air Portugal,landing,arrivee,600,258.9,80.6,3.15,34.24,3.5,24
2026-09-11,08:28:13,4950e4,,,Azul,landing,arrivee,575,244.8,85.6,4.91,94.59,3.5,24
2026-09-11,08:30:55,TAP53EI,CS-TJK,Airbus A321neo,TAP Air Portugal,landing,arrivee,600,252.4,81.5,3.18,35.01,3.5,24
2026-09-11,08:34:05,TAP63GL,CS-TVI,Airbus A320neo,TAP Air Portugal,landing,arrivee,575,239.1,82.2,3.3,33.77,3.1,36
2026-09-11,08:36:52,4cae9a,,,Ryanair,landing,arrivee,575,264.8,84.3,3.62,51.53,3.1,36
2026-09-11,08:39:29,ab79ca,N839AA,Boeing 787-9,American Airlines,landing,arrivee,575,257.2,84.0,3.94,53.19,3.1,36
2026-09-11,08:42:35,39de47,,,,cruise,,575,0.0,79.4,3.15,39.45,3.1,36
2026-09-11,08:52:09,TAP675,CS-TVL,Airbus A320,TAP Air Portugal,landing,arrivee,575,249.1,79.7,2.62,43.05,3.1,45
2026-09-11,08:55:54,49530c,,,TAP Air Portugal,landing,arrivee,575,236.7,79.2,2.78,36.49,3.1,45
2026-09-11,08:58:51,TAP443,CS-TVC,Airbus A320neo,TAP Air Portugal,landing,arrivee,625,251.5,79.7,2.98,36.61,3.1,45
2026-09-11,09:01:43,RYR67UV,9H-QCW,Boeing 737-800,Malta Air,landing,arrivee,550,272.4,84.5,3.79,63.91,3.1,45
2026-09-11,09:04:48,c008b7,,,,cruise,,575,0.0,84.0,4.27,57.85,3.1,54
2026-09-11,09:09:39,40836d,,,,landing,arrivee,575,239.8,80.2,3.26,42.23,3.1,54
2026-09-11,09:14:15,497c83,,,,landing,arrivee,550,239.8,83.5,3.23,66.45,3.1,54
2026-09-11,09:22:42,407600,G-NEOP,Airbus A321neo,British Airways,landing,arrivee,650,243.2,82.3,3.02,49.85,3.4,58
2026-09-11,09:25:50,TSC480,C-GTSZ,Airbus A330-200,Air Transat,landing,arrivee,550,256.5,81.4,4.91,62.16,3.4,58
2026-09-11,09:29:14,THY3WE,TC-LTR,Airbus A321,Turkish Airlines,landing,arrivee,575,239.1,84.9,3.27,45.99,3.4,58
2026-09-11,09:31:40,4074b8,G-UZHH,Airbus A320neo,easyJet,approach,arrivee,575,0.0,80.4,2.14,44.6,3.4,58
2026-09-11,09:34:38,RZO1126,CS-TSM,Airbus A320,TAP Air Portugal,landing,arrivee,525,247.2,80.3,2.13,47.24,3.7,61
2026-09-11,09:37:14,49514f,CS-TJO,Airbus A321neo,TAP Air Portugal,landing,arrivee,575,238.4,83.3,3.27,42.86,3.7,61
2026-09-11,09:39:58,TAP254,CS-TXM,Airbus A321,TAP Air Portugal,landing,arrivee,575,236.7,81.8,3.79,34.85,3.7,61
2026-09-11,09:42:44,RYR14SC,,,Ryanair,landing,arrivee,550,268.0,80.9,3.27,51.03,3.7,61
2026-09-11,09:45:22,TAP216L,CS-TXE,Airbus A321neo,TAP Air Portugal,landing,arrivee,550,259.7,80.3,2.74,47.97,3.7,61
2026-09-11,09:55:21,RYR668T,,,Ryanair,landing,arrivee,550,267.2,81.3,3.78,46.3,3.7,61
2026-09-11,09:58:09,TAP036,,,TAP Air Portugal,landing,arrivee,525,249.1,83.7,5.96,56.2,3.7,61
2026-09-11,10:03:03,TAP234Y,CS-TXC,Airbus A321neo,TAP Air Portugal,landing,arrivee,575,240.8,79.4,2.18,39.32,3.7,61
2026-09-11,10:05:23,EJU97VT,OE-IWW,Airbus A320,easyJet Europe,landing,arrivee,625,253.2,80.4,3.26,57.79,4.2,59
2026-09-11,10:08:28,4952ad,CS-TUM,Airbus A330-900neo,TAP Air Portugal,landing,arrivee,575,261.5,84.3,5.28,55.03,4.2,59
2026-09-11,10:11:08,4952d1,,,,landing,arrivee,575,260.8,79.6,2.16,43.4,4.2,59
2026-09-11,10:14:42,RYR4ZF,9H-QAT,Boeing 737-800,Malta Air,landing,arrivee,550,278.9,82.8,2.74,79.61,4.2,59
2026-09-11,10:19:20,aaac4a,N787UA,Boeing 777-200,United Airlines,landing,arrivee,575,253.2,87.8,4.32,86.03,4.7,58
2026-09-11,10:25:58,406440,G-EZUF,Airbus A320,easyJet,landing,arrivee,575,244.8,81.3,3.63,55.06,4.7,58
2026-09-11,10:28:53,RYR20EE,9H-QCL,Boeing 737-800,Malta Air,landing,arrivee,575,274.8,84.7,3.17,54.22,4.7,58
2026-09-11,10:31:42,MOG81M,G-SAJT,ERJ-135 ER,Loganair,cruise,,1775,276.5,54.0,0.0,12.35,4.7,58
2026-09-11,10:34:46,TAP11MG,CS-TPP,Embraer E190,TAP Air Portugal,landing,arrivee,525,246.7,77.8,2.13,36.97,5.0,60
2026-09-11,10:37:15,LGL51P,LX-LGV,Boeing 737-800,Luxair,landing,arrivee,525,281.3,81.4,3.26,61.1,5.0,60
2026-09-11,10:40:01,TAP1826,CS-TVF,Airbus A320neo,TAP Air Portugal,landing,arrivee,575,249.1,79.5,1.49,36.44,5.0,60
2026-09-11,10:42:47,486898,,,KLM,landing,arrivee,650,251.5,82.3,2.1,41.21,5.0,60
2026-09-11,10:45:19,AEA1153,EC-LXV,Boeing 737-800,Air Europa,landing,arrivee,575,273.9,81.0,3.26,57.02,5.0,60
2026-09-11,10:48:16,495146,CS-TJF,Airbus A321,TAP Air Portugal,landing,arrivee,550,268.7,83.3,3.26,50.37,5.0,60
2026-09-11,10:51:04,4951ee,CS-TON,Airbus A330-200,TAP Air Portugal,landing,arrivee,550,258.0,82.8,3.41,44.98,5.9,47
2026-09-11,10:53:47,495299,CS-TTY,Embraer E195,TAP Air Portugal,landing,arrivee,550,249.1,79.2,1.89,43.34,5.9,47
2026-09-11,10:56:30,4952c6,CS-TVF,Airbus A320neo,TAP Air Portugal,landing,arrivee,625,248.4,78.2,2.23,35.22,5.9,47
2026-09-11,10:59:10,4cafd1,EI-GXL,Boeing 737-800,Ryanair,landing,arrivee,525,275.6,81.6,3.26,61.81,5.9,47
2026-09-11,11:02:15,TAP1921,,,TAP Air Portugal,landing,arrivee,600,261.5,77.8,2.1,31.21,5.9,47
2026-09-11,11:05:37,4952ac,CS-TUL,Airbus A330-900neo,TAP Air Portugal,landing,arrivee,550,260.8,82.7,3.79,54.45,6.4,47
2026-09-11,11:08:10,BEL2DY,OO-SNH,Airbus A320,Brussels Airlines,landing,arrivee,575,258.9,80.7,2.74,58.36,6.4,47
2026-09-11,11:10:55,495301,CS-TXA,Airbus A321neo,TAP Air Portugal,landing,arrivee,550,271.3,79.4,2.13,39.09,6.4,47
2026-09-11,11:13:39,AFR41GW,F-GKXC,Airbus A320,Air France,landing,arrivee,550,253.2,83.6,4.31,63.4,6.4,47
2026-09-11,11:16:20,4869c1,,,,landing,arrivee,550,254.1,78.7,2.62,35.01,6.4,47
2026-09-11,11:19:00,TAP1923,CS-TNJ,Airbus A320,TAP Air Portugal,landing,arrivee,550,256.5,81.5,3.23,43.35,6.4,47
2026-09-11,11:21:41,440da5,OE-IDS,Airbus A320,easyJet Europe,landing,arrivee,600,257.2,81.6,3.25,45.68,6.9,47
2026-09-11,11:24:39,ACA810,C-FIUV,Boeing 777-300ER,Air Canada,landing,arrivee,550,273.2,86.6,5.43,105.4,6.9,47
2026-09-11,11:27:33,TAP210,CS-TOO,Airbus A330-200,TAP Air Portugal,landing,arrivee,550,244.3,84.8,5.41,71.73,6.9,47
2026-09-11,11:30:34,TAP11WQ,CS-TNL,Airbus A320,TAP Air Portugal,landing,arrivee,550,246.7,83.9,5.16,46.77,6.9,47
2026-09-11,11:33:15,EJU74EF,OE-LSK,Airbus A320neo,easyJet Europe,landing,arrivee,550,263.2,80.7,2.77,36.56,6.9,47
2026-09-11,11:35:52,TAP262M,CS-TXF,Airbus A321neo,TAP Air Portugal,landing,arrivee,550,265.6,79.4,2.74,41.18,7.1,49
2026-09-11,11:38:30,EZY31FV,G-EZGX,Airbus A320,easyJet,landing,arrivee,550,253.2,80.9,3.79,50.08,7.1,49
2026-09-11,11:41:06,34324e,EC-KUB,Airbus A319,Iberia,landing,arrivee,600,250.8,82.4,2.16,40.02,7.1,49
2026-09-11,11:43:49,495277,,,Azul,landing,arrivee,600,260.4,83.5,5.31,80.53,7.1,49
2026-09-11,11:46:24,3c6659,D-AIRY,Airbus A321,Lufthansa,landing,arrivee,575,277.2,81.7,3.13,47.83,7.1,49
2026-09-11,11:49:12,4952af,CS-TUO,Airbus A330-900neo,TAP Air Portugal,landing,arrivee,575,263.2,84.0,1.49,51.64,7.4,47
2026-09-11,11:52:07,TAP028,CS-TUQ,Airbus A330-900neo,TAP Air Portugal,landing,arrivee,600,287.2,83.2,3.14,67.49,7.4,47
2026-09-11,11:54:58,RZO120,CS-TKP,Airbus A320,TAP Air Portugal,landing,arrivee,525,266.5,80.6,2.09,37.98,7.4,47
2026-09-11,11:58:00,NJE778T,CS-GLI,Global 6500,NetJets,landing,arrivee,550,217.4,65.0,0.0,21.9,7.4,47
2026-09-11,12:00:35,EWG8602,D-AEWQ,Airbus A320,Eurowings,landing,arrivee,550,261.5,84.6,3.66,49.52,7.4,47
2026-09-11,12:03:35,4952c2,CS-TVB,Airbus A320neo,TAP Air Portugal,landing,arrivee,575,247.2,80.0,2.62,36.29,7.4,47
2026-09-11,12:06:21,4d2378,9H-AMV,Airbus A320,Lauda Europe,landing,arrivee,575,261.5,79.6,3.26,39.75,7.7,49
2026-09-11,12:08:58,440d10,OE-IBS,Airbus A320,easyJet Europe,landing,arrivee,575,259.7,81.7,2.63,41.86,7.7,49
2026-09-11,12:11:55,UAE3MV,A6-ENX,Boeing 777-300ER,Emirates,landing,arrivee,550,281.3,85.9,4.26,65.06,7.7,49
2026-09-11,12:18:48,440cf8,OE-IBF,Airbus A320,easyJet Europe,landing,arrivee,550,264.8,81.2,3.54,47.93,7.7,49
2026-09-11,12:21:21,TAP118,CS-TUR,Airbus A330-900neo,TAP Air Portugal,landing,arrivee,550,273.2,84.0,3.26,57.44,7.7,49
2026-09-11,12:25:28,440db0,OE-IDX,Airbus A320,easyJet Europe,landing,arrivee,550,268.9,81.1,3.14,40.86,7.7,49
2026-09-11,12:29:23,TAP1031,CS-TTS,Airbus A319,TAP Air Portugal,landing,arrivee,525,262.8,82.6,2.62,35.41,7.7,49
2026-09-11,12:34:31,4d2210,9H-QBT,Boeing 737-800,Malta Air,landing,arrivee,575,278.9,82.3,3.14,55.04,7.7,49
2026-09-11,12:37:18,EJU78QH,,,easyJet Europe,landing,arrivee,600,262.4,79.1,3.66,32.58,7.7,49
2026-09-11,12:40:10,4402b9,,,,landing,arrivee,600,258.0,82.7,4.26,48.16,7.7,49
2026-09-11,12:46:15,495298,CS-TTX,Embraer E195,TAP Air Portugal,landing,arrivee,550,262.4,80.4,3.26,31.52,7.7,49
2026-09-11,12:50:49,49526a,CS-TSJ,Airbus A321neo,TAP Air Portugal,landing,arrivee,650,253.2,80.1,2.66,30.05,7.4,51
2026-09-11,12:54:28,VLG8JM,EC-MOO,Airbus A321,Vueling,landing,arrivee,550,261.5,83.7,3.78,32.93,7.4,51
2026-09-11,13:02:44,QTR29C,A7-BCA,Boeing 787-8,Qatar Airways,landing,arrivee,525,278.9,81.8,3.15,40.62,6.7,54
2026-09-11,13:15:29,3c64a9,D-AIEI,Airbus A321neo,Lufthansa,landing,arrivee,600,257.2,85.4,3.26,53.16,6.5,56
2026-09-11,13:18:40,48e973,,,,landing,arrivee,550,282.4,81.1,3.27,44.1,6.5,56
2026-09-11,13:21:35,TAP831,CS-TJM,Airbus A321neo,TAP Air Portugal,landing,arrivee,600,249.1,83.1,2.61,34.86,6.3,59
2026-09-11,13:24:14,440488,,,,landing,arrivee,575,258.9,81.4,2.26,36.57,6.3,59
2026-09-11,13:27:10,4952cf,,,TAP Air Portugal,landing,arrivee,550,268.9,78.3,3.03,29.75,6.3,59
2026-09-11,13:29:41,4b1809,HB-JCR,A220 300,Swiss,landing,arrivee,550,260.8,80.1,2.09,37.29,6.3,59
2026-09-11,13:33:02,495219,CS-TPY,Embraer E190,TAP Air Portugal,landing,arrivee,600,247.2,79.3,2.62,36.71,6.3,59
2026-09-11,13:35:28,TAP10VL,CS-TTW,Embraer E195,TAP Air Portugal,landing,arrivee,550,268.9,81.4,2.61,42.99,6.1,62
2026-09-11,13:38:12,TAP1335,CS-TPQ,Embraer E190,TAP Air Portugal,landing,arrivee,550,254.8,78.0,3.18,33.54,6.1,62
2026-09-11,13:40:30,495155,,,,landing,arrivee,625,254.8,77.8,2.62,36.59,6.1,62
2026-09-11,13:43:11,TAP23V,CS-TPZ,Embraer E190,TAP Air Portugal,landing,arrivee,600,251.5,79.6,2.61,35.93,6.1,62
2026-09-11,13:45:27,495307,CS-TXG,Airbus A321neo,TAP Air Portugal,landing,arrivee,625,258.4,79.9,2.74,42.99,6.1,62
2026-09-11,13:47:54,TAP641,CS-TNT,Airbus A320,TAP Air Portugal,landing,arrivee,575,281.3,80.7,2.86,35.85,6.1,62
2026-09-11,13:50:59,494143,,,,landing,arrivee,625,223.9,66.7,0.0,16.54,5.6,63
2026-09-11,13:53:36,4cae55,EI-IJE,Boeing 737 MAX 8,Ryanair,landing,arrivee,550,282.1,80.5,2.62,30.52,5.6,63
2026-09-11,13:56:41,495171,CS-TKQ,Airbus A320,TAP Air Portugal,landing,arrivee,600,261.5,82.3,3.25,41.15,5.6,63
2026-09-11,13:59:15,495037,,,TAP Air Portugal,landing,arrivee,575,264.8,80.8,3.01,37.86,5.6,63
2026-09-11,14:02:16,TAP1860,CS-TUB,Airbus A330-900neo,TAP Air Portugal,landing,arrivee,575,262.8,81.1,4.03,43.94,5.6,63
2026-09-11,14:05:07,495214,CS-TPT,Embraer E190,TAP Air Portugal,landing,arrivee,575,239.8,79.8,2.21,38.97,5.5,67
2026-09-11,14:07:59,495218,CS-TPX,Embraer E190,TAP Air Portugal,landing,arrivee,600,249.1,78.0,1.49,30.36,5.5,67
2026-09-11,14:10:52,495038,,,TAP Air Portugal,landing,arrivee,575,268.9,78.3,2.09,30.28,5.5,67
2026-09-11,14:13:36,344545,EC-MAF,ATR 72 500F,Swiftair,descending,arrivee,600,203.3,81.7,3.78,50.26,5.5,67
2026-09-11,14:16:42,4951d8,CS-TNX,Airbus A320,TAP Air Portugal,landing,arrivee,600,264.8,80.6,2.74,39.21,5.5,67
2026-09-11,14:19:20,49514b,CS-TJK,Airbus A321neo,TAP Air Portugal,landing,arrivee,675,271.1,82.6,1.62,32.91,4.9,73
2026-09-11,14:21:50,486897,,,KLM,landing,arrivee,625,278.9,78.5,2.61,44.72,4.9,73
2026-09-11,14:24:38,TAP1013,CS-TNU,Airbus A320,TAP Air Portugal,landing,arrivee,600,280.4,80.9,2.38,41.66,4.9,73
2026-09-11,14:27:01,4952cd,,,TAP Air Portugal,landing,arrivee,600,250.8,77.3,2.13,30.53,4.9,73
2026-09-11,14:29:30,495039,,,TAP Air Portugal,landing,arrivee,575,276.5,80.3,3.22,33.15,4.9,73
2026-09-11,14:33:52,TAP084,CS-TUD,Airbus A330-900neo,TAP Air Portugal,landing,arrivee,600,268.0,85.3,4.91,50.23,4.9,73
2026-09-11,14:36:38,4951d2,CS-TNR,Airbus A320,TAP Air Portugal,landing,arrivee,600,273.2,78.2,2.61,32.66,4.7,81
2026-09-11,14:39:18,4b194c,HB-JPC,Airbus A321,Swiss,landing,arrivee,600,263.0,80.2,3.79,61.69,4.7,81
2026-09-11,14:42:11,096023,D4-CCI,Boeing 737-700,Cabo Verde Airlines,landing,arrivee,550,266.5,80.7,2.25,35.33,4.7,81
2026-09-11,14:44:53,400fdb,G-EZBJ,Airbus A319,easyJet,landing,arrivee,650,253.9,77.1,2.62,33.68,4.7,81
2026-09-11,14:47:49,AFR37EQ,F-HBNB,Airbus A320,Air France,landing,arrivee,600,265.6,80.1,2.77,46.36,4.7,81
2026-09-11,14:50:01,TAP1143,CS-TNV,Airbus A320,TAP Air Portugal,landing,arrivee,575,261.5,79.6,3.26,40.85,4.0,90
2026-09-11,14:53:55,TVF46JB,F-HTVC,Boeing 737-800,Transavia France,cruise,,625,0.0,80.5,2.74,44.42,4.0,90
2026-09-11,14:56:45,440075,,,easyJet Europe,landing,arrivee,625,260.8,78.4,2.09,28.1,4.0,90
2026-09-11,15:01:46,AEA12AT,EC-LPQ,Boeing 737-800,Air Europa,landing,arrivee,575,283.7,81.1,3.62,44.88,4.0,90
2026-09-11,15:04:23,TAP541W,CS-TPW,Embraer E190,TAP Air Portugal,landing,arrivee,600,256.3,79.3,2.13,39.17,3.7,101
2026-09-11,15:07:53,4952c1,CS-TVA,Airbus A320neo,TAP Air Portugal,landing,arrivee,625,257.2,80.0,2.13,33.21,3.7,101
2026-09-11,15:10:50,440d6f,OE-LSR,Airbus A320,easyJet Europe,landing,arrivee,600,270.0,79.4,2.1,32.79,3.7,101
2026-09-11,15:13:11,DLH03H,,,Lufthansa,landing,arrivee,600,273.9,80.4,2.62,38.83,3.7,101
2026-09-11,15:15:56,4cae97,,,,landing,arrivee,575,300.4,80.7,2.9,61.82,3.7,101
2026-09-11,15:18:00,BAW5DW,G-EUUL,Airbus A320,British Airways,landing,arrivee,600,273.9,80.8,2.62,35.6,3.7,101
2026-09-11,15:20:45,495215,CS-TPU,Embraer E190,TAP Air Portugal,landing,arrivee,575,254.8,78.6,2.37,34.2,3.2,117
2026-09-11,15:23:31,502db2,,,,cruise,,625,0.0,78.5,1.97,37.79,3.2,117
2026-09-11,15:25:20,THY4GH,TC-LTA,Airbus A321neo,Turkish Airlines,landing,arrivee,625,269.7,80.7,2.62,46.11,3.2,117
2026-09-11,15:27:56,440b1e,OE-IWW,Airbus A320,easyJet Europe,landing,arrivee,600,278.0,80.7,2.37,48.99,3.2,117
2026-09-11,15:30:26,4d2215,9H-QBS,Boeing 737-800,Malta Air,landing,arrivee,550,300.6,81.1,2.74,49.5,3.2,117
2026-09-11,15:33:01,FIN96W,OH-LZN,Airbus A321,Finnair,landing,arrivee,575,290.6,79.2,2.78,41.67,3.2,117
2026-09-11,15:35:39,TAP067,CS-TOP,Airbus A330-200,TAP Air Portugal,landing,arrivee,550,269.7,80.3,4.67,46.06,3.1,135
2026-09-11,15:38:13,TAP481,CS-TPO,Embraer E190,TAP Air Portugal,landing,arrivee,550,258.0,78.9,1.01,29.66,3.1,135
2026-09-11,15:40:58,ASL53X,YU-APS,Airbus A320,Air Serbia,landing,arrivee,575,267.2,82.8,3.74,46.5,3.1,135
2026-09-11,15:43:30,495213,CS-TPS,Embraer E190,TAP Air Portugal,landing,arrivee,600,251.5,78.6,2.73,28.43,3.1,135
2026-09-11,15:50:18,4952cc,CS-TVL,Airbus A320,TAP Air Portugal,landing,arrivee,700,270.8,81.0,2.22,34.7,2.7,157
2026-09-11,15:52:13,3451d8,EC-MJO,Bombardier CRJ-1000,Air Nostrum,landing,arrivee,650,275.6,78.0,0.72,29.17,2.7,157
2026-09-11,15:54:20,4952c4,CS-TVD,Airbus A320neo,TAP Air Portugal,cruise,,650,0.0,79.2,2.1,33.01,2.7,157
2026-09-11,15:56:49,TAP883,CS-TVH,Airbus A320neo,TAP Air Portugal,landing,arrivee,625,263.2,79.4,2.65,33.8,2.7,157
2026-09-11,15:59:44,4952ce,,,TAP Air Portugal,landing,arrivee,775,275.6,80.0,2.65,32.76,2.7,157
2026-09-11,16:02:49,495212,CS-TPR,Embraer E190,TAP Air Portugal,landing,arrivee,600,271.3,78.5,1.52,28.13,2.7,157
2026-09-11,16:05:41,49514e,CS-TJN,Airbus A321neo,TAP Air Portugal,landing,arrivee,775,308.5,79.1,2.14,34.01,1.8,180
2026-09-11,16:08:23,4952c7,CS-TVG,Airbus A320neo,TAP Air Portugal,landing,arrivee,600,290.6,78.3,1.77,41.72,1.8,180
2026-09-11,16:11:44,4952d3,,,,landing,arrivee,650,270.8,82.3,2.09,32.96,1.8,180
2026-09-11,16:14:29,TAP571,CS-TTP,Airbus A319,TAP Air Portugal,landing,arrivee,625,286.5,79.1,2.65,33.43,1.8,180
2026-09-11,16:17:03,4951d9,CS-TNY,Airbus A320,TAP Air Portugal,landing,arrivee,625,271.3,79.0,2.66,35.38,1.8,180
2026-09-11,16:20:59,4952a8,CS-TUH,Airbus A330-900neo,TAP Air Portugal,landing,arrivee,650,276.5,82.0,4.26,51.96,1.5,284
2026-09-11,16:24:16,TAP43JD,CS-TJR,Airbus A321neo,TAP Air Portugal,landing,arrivee,600,261.5,79.1,2.09,28.4,1.5,284
2026-09-11,16:31:32,49514f,CS-TJO,Airbus A321neo,TAP Air Portugal,landing,arrivee,625,263.9,80.6,2.66,27.16,1.5,284
2026-09-11,16:34:41,TAP1241,,,TAP Air Portugal,landing,arrivee,600,258.4,80.4,2.62,33.2,4.6,315
2026-09-11,16:36:51,EJU45HZ,OE-LSK,Airbus A320neo,easyJet Europe,landing,arrivee,600,281.3,79.4,2.13,32.84,4.6,315
2026-09-11,16:39:07,4951cc,CS-TNL,Airbus A320,TAP Air Portugal,landing,arrivee,600,273.2,82.4,2.14,31.97,4.6,315
2026-09-11,16:42:03,TAP1359,,,TAP Air Portugal,landing,arrivee,575,250.8,81.4,2.61,31.3,4.6,315
2026-09-11,16:45:10,495150,CS-TJP,Airbus A321neo,TAP Air Portugal,landing,arrivee,625,285.6,79.5,2.09,38.3,4.6,315
2026-09-11,16:47:39,RYR36JX,EI-DCP,Boeing 737-800,Ryanair,landing,arrivee,575,287.2,82.0,2.62,51.76,4.6,315
2026-09-11,16:50:18,345108,EC-MJB,Airbus A320,Vueling,landing,arrivee,600,275.6,80.7,2.09,28.79,8.2,322
2026-09-11,16:53:20,TAP1929,CS-TTZ,Embraer E195,TAP Air Portugal,landing,arrivee,600,273.2,80.4,2.54,41.0,8.2,322
2026-09-11,16:55:50,RYR5KT,EI-GXL,Boeing 737-800,Ryanair,landing,arrivee,600,284.8,81.3,3.27,55.47,6.6,299
2026-09-11,16:58:30,497c83,,,,landing,arrivee,550,252.4,81.3,3.14,83.29,6.6,299
2026-09-11,17:01:51,495145,CS-TJE,Airbus A321,TAP Air Portugal,landing,arrivee,625,275.6,81.2,3.1,50.75,6.6,299
2026-09-11,17:05:20,49514a,CS-TJJ,Airbus A321neo,TAP Air Portugal,landing,arrivee,625,254.7,78.7,2.74,29.31,8.9,310
2026-09-11,17:08:01,TRA27L,PH-HXO,Boeing 737-800,Transavia,landing,arrivee,600,293.7,81.7,3.11,62.95,8.9,310
2026-09-11,17:10:46,4cae94,,,,cruise,,600,0.0,80.5,2.63,37.5,8.9,310
2026-09-11,17:13:34,4952c3,CS-TVC,Airbus A320neo,TAP Air Portugal,landing,arrivee,625,255.6,81.2,2.62,31.58,8.9,310
2026-09-11,17:16:29,EJU87HG,OE-IDX,Airbus A320,easyJet Europe,cruise,,625,0.0,79.9,2.13,49.06,8.9,310
2026-09-11,17:22:14,VLG7PA,EC-MNZ,Airbus A320,Vueling,landing,arrivee,575,280.6,79.1,2.13,33.41,10.5,319
2026-09-11,17:24:18,02007d,CN-ROR,Boeing 737-800,Royal Air Maroc,landing,arrivee,625,293.0,84.8,1.73,54.45,10.5,319
2026-09-11,17:35:16,4cadff,EI-IHT,Boeing 737 MAX 8,Ryanair,landing,arrivee,600,274.8,79.6,2.74,44.18,12.0,327
2026-09-11,17:39:39,TVF46GH,F-HUYM,Boeing 737-800,Transavia France,landing,arrivee,550,287.2,82.2,2.73,54.63,12.0,327
2026-09-11,17:42:44,40838d,,,,landing,arrivee,600,257.2,79.2,1.49,32.19,12.0,327
2026-09-11,17:46:01,RYR98HW,EI-IHM,Boeing 737 MAX 8,Ryanair,landing,arrivee,600,285.8,82.2,2.74,52.62,12.0,327
2026-09-11,17:48:17,AFR24MF,F-HBNE,Airbus A320,Air France,landing,arrivee,625,258.9,82.3,2.73,48.16,12.0,327
2026-09-11,17:51:24,TAP781,,,TAP Air Portugal,landing,arrivee,575,283.7,81.8,2.65,48.93,13.2,334
2026-09-11,17:54:41,440cf8,OE-IBF,Airbus A320,easyJet Europe,landing,arrivee,625,261.5,81.4,2.65,49.54,13.2,334
2026-09-11,17:57:25,495211,CS-TPQ,Embraer E190,TAP Air Portugal,landing,arrivee,575,244.8,77.7,2.13,40.35,13.2,334
2026-09-11,18:00:13,DAH3004,7T-VKG,Boeing 737-800,Air Algerie,landing,arrivee,575,283.7,83.0,2.75,64.59,13.2,334
2026-09-11,18:02:46,RYR98HW,EI-IHM,Boeing 737 MAX 8,Ryanair,landing,arrivee,575,284.5,79.7,2.09,37.46,13.2,334
2026-09-11,18:06:01,495149,CS-TJI,Airbus A321neo,TAP Air Portugal,landing,arrivee,600,254.8,78.4,2.13,39.58,14.0,337
2026-09-11,18:08:51,IBE05RP,EC-NEA,Airbus A320neo,Iberia,landing,arrivee,625,262.2,77.0,1.0,38.6,14.0,337
2026-09-11,18:11:37,4ca24e,EI-DCX,Boeing 737-800,Ryanair,landing,arrivee,625,273.2,82.6,3.26,71.9,14.0,337
2026-09-11,18:13:56,3c54a2,D-AEEB,Airbus A321,Eurowings,cruise,,925,0.0,79.5,2.09,41.59,14.0,337
2026-09-11,18:20:50,4952d0,,,TAP Air Portugal,approach,arrivee,575,254.1,78.3,1.61,29.78,14.4,338
2026-09-11,18:30:28,4408c9,OE-IJU,Airbus A320,easyJet Europe,landing,arrivee,600,260.8,79.6,2.22,43.27,14.4,338
2026-09-11,18:33:07,44d071,OO-TCQ,Airbus A320,Brussels Airlines,cruise,,650,0.0,82.2,2.62,49.89,14.4,338
2026-09-11,18:35:10,TAP35BL,CS-TTY,Embraer E195,TAP Air Portugal,landing,arrivee,550,273.2,78.7,1.61,35.79,14.2,336
2026-09-11,18:37:05,39d304,F-HUYE,Boeing 737-800,Transavia France,landing,arrivee,700,281.7,79.1,1.2,58.01,14.2,336
2026-09-11,18:40:09,EZY65DX,G-EZWL,Airbus A320,easyJet,landing,arrivee,575,266.5,79.7,0.48,46.16,14.2,336
2026-09-11,18:42:52,495170,CS-TKP,Airbus A320,TAP Air Portugal,landing,arrivee,625,258.9,82.0,1.44,43.11,14.2,336
2026-09-11,18:45:29,TAP15CV,CS-TJH,Airbus A321,TAP Air Portugal,landing,arrivee,600,264.8,81.2,2.66,47.04,14.2,336
2026-09-11,18:48:16,49521a,CS-TPZ,Embraer E190,TAP Air Portugal,landing,arrivee,575,255.6,76.5,0.61,48.61,14.2,336
2026-09-11,18:51:14,TAP1906,CS-TPO,Embraer E190,TAP Air Portugal,landing,arrivee,575,242.4,73.9,0.44,34.75,14.0,334
2026-09-11,18:53:37,EJU71TK,OE-LKP,Airbus A319,easyJet Europe,landing,arrivee,700,240.0,82.1,3.21,50.45,14.0,334
2026-09-11,18:56:32,TAP1542,CS-TVJ,Airbus A320neo,TAP Air Portugal,landing,arrivee,600,258.0,78.1,0.48,27.3,14.0,334
2026-09-11,18:59:26,TAP1931,CS-TPW,Embraer E190,TAP Air Portugal,landing,arrivee,600,243.2,78.1,1.5,46.8,14.0,334
2026-09-11,19:01:54,348204,,,,landing,arrivee,625,254.8,79.6,1.61,35.43,12.6,333
2026-09-11,19:04:28,48418c,PH-BXR,Boeing 737-900,KLM,landing,arrivee,550,272.8,81.3,3.17,90.13,12.6,333
2026-09-11,19:07:24,AEA1157,EC-LUT,Boeing 737-800,Air Europa,landing,arrivee,600,277.2,80.1,2.14,53.21,12.1,333
2026-09-11,19:10:18,4401e4,OE-LQD,Airbus A319,easyJet Europe,landing,arrivee,650,248.0,80.5,2.11,49.66,12.1,333
2026-09-11,19:13:14,440d4c,,,,landing,arrivee,600,246.7,78.8,2.02,46.43,12.1,333
2026-09-11,19:15:55,UAE5M,A6-EPM,Boeing 777-300ER,Emirates,landing,arrivee,600,279.7,83.4,4.31,92.13,12.1,333
2026-09-11,19:18:34,EZS62YX,,,,landing,arrivee,625,261.5,74.7,0.49,37.03,12.1,333
2026-09-11,19:25:12,RYR21WA,SP-RZB,Boeing 737 MAX 8,Buzz,landing,arrivee,600,279.7,77.3,2.14,37.06,11.3,333
2026-09-11,19:27:58,4869bf,,,,cruise,,675,0.0,76.4,0.44,60.98,11.3,333
2026-09-11,19:30:30,WMT6155,9H-WAD,Airbus A321,Lauda Europe,landing,arrivee,850,253.2,79.3,1.5,43.3,11.3,333
2026-09-11,19:33:38,3463da,EC-NHM,Airbus A330-300,Wamos Air,landing,arrivee,650,245.6,80.5,3.13,53.57,11.3,333
2026-09-11,19:36:18,471dbd,,,,landing,arrivee,625,241.5,81.0,1.51,52.57,10.5,333
2026-09-11,19:39:18,TAP835,CS-TJF,Airbus A321,TAP Air Portugal,landing,arrivee,650,273.2,82.5,3.25,56.92,10.5,333
2026-09-11,19:42:24,TAP543W,CS-TPP,Embraer E190,TAP Air Portugal,landing,arrivee,575,248.4,79.1,1.09,37.02,10.5,333
2026-09-11,19:44:58,495218,CS-TPX,Embraer E190,TAP Air Portugal,landing,arrivee,600,239.1,77.6,0.45,34.08,10.5,333
2026-09-11,19:47:33,EZY26YM,G-EZDH,Airbus A319,easyJet,landing,arrivee,650,253.2,78.9,0.48,55.64,10.5,333
2026-09-11,19:50:41,4952c9,CS-TVI,Airbus A320neo,TAP Air Portugal,landing,arrivee,625,256.5,66.4,0.0,38.36,9.3,332
2026-09-11,19:53:33,346186,EC-NFH,Airbus A320neo,Iberia,landing,arrivee,625,246.7,65.3,0.0,41.2,9.3,332
2026-09-11,19:56:13,49514c,CS-TJL,Airbus A321neo,TAP Air Portugal,landing,arrivee,625,251.5,68.1,0.0,45.74,9.3,332
2026-09-11,19:58:47,KAL921,HL8345,Boeing 787-9,Korean Air,landing,arrivee,575,282.4,80.8,0.45,54.9,9.3,332
2026-09-11,20:01:59,TAP93ZS,CS-TXC,Airbus A321neo,TAP Air Portugal,landing,arrivee,625,262.4,76.8,0.45,37.96,9.3,332
2026-09-11,20:04:31,0900bb,D2-TEG,Boeing 777-300ER,TAAG Angola,landing,arrivee,600,288.9,83.1,3.81,139.15,9.3,332
2026-09-11,20:07:34,TAP1155,,,TAP Air Portugal,landing,arrivee,575,261.7,79.7,0.49,39.92,8.5,332
2026-09-11,20:10:13,4952c2,CS-TVB,Airbus A320neo,TAP Air Portugal,landing,arrivee,600,268.9,80.1,0.45,48.19,8.5,332
2026-09-11,20:13:34,TAP1019,CS-TPR,Embraer E190,TAP Air Portugal,landing,arrivee,550,246.7,67.7,0.0,52.68,8.5,332
2026-09-11,20:17:49,VLG39HL,EC-MER,Airbus A320,Vueling,cruise,,650,259.3,67.5,0.0,41.42,8.5,332
2026-09-11,20:21:14,EWG37V,D-AENA,Airbus A320neo,Eurowings,landing,arrivee,650,244.8,67.3,0.0,43.86,7.7,332
2026-09-11,20:24:10,4952d1,,,,landing,arrivee,650,260.8,75.6,0.48,49.51,7.7,332
2026-09-11,20:27:33,4d2420,,,,landing,arrivee,650,254.8,68.1,0.0,49.96,7.7,332
2026-09-11,20:38:23,EZY25BM,G-UZHI,Airbus A320neo,easyJet,landing,arrivee,625,260.8,65.3,0.0,47.32,7.1,336
2026-09-11,20:42:57,34768d,,,,cruise,,625,0.0,79.9,0.49,58.15,7.1,336
2026-09-11,20:48:29,4d2501,,,,landing,arrivee,575,281.3,80.7,0.97,45.21,7.1,336
2026-09-11,20:54:56,495153,,,TAP Air Portugal,landing,arrivee,675,263.2,78.2,0.97,58.87,6.6,338
2026-09-11,20:58:19,RYR24SE,9H-QBT,Boeing 737-800,Malta Air,landing,arrivee,550,274.8,80.3,1.49,68.11,6.6,338
2026-09-11,21:01:28,4d2242,9H-QCD,Boeing 737-800,Malta Air,landing,arrivee,625,264.8,81.3,2.61,58.49,6.6,338
2026-09-11,21:04:33,495171,CS-TKQ,Airbus A320,TAP Air Portugal,landing,arrivee,575,256.5,81.3,1.97,66.14,6.6,338
2026-09-11,21:07:49,495039,,,TAP Air Portugal,landing,arrivee,675,274.3,66.4,0.0,52.5,6.2,339
2026-09-11,21:14:24,4952cf,,,TAP Air Portugal,landing,arrivee,575,234.8,65.1,0.0,49.07,6.2,339
2026-09-11,21:17:37,346614,EC-NOS,Airbus A320,Volotea,landing,arrivee,625,241.5,76.4,0.6,52.99,6.2,339
2026-09-11,21:20:13,TAP57W,CS-TJM,Airbus A321neo,TAP Air Portugal,landing,arrivee,600,267.2,66.7,0.0,36.01,5.7,342
2026-09-11,21:22:54,495297,CS-TTW,Embraer E195,TAP Air Portugal,landing,arrivee,575,254.8,67.3,0.0,45.79,5.7,342
2026-09-11,21:25:35,4ca2bf,EI-DLB,Boeing 737-800,Ryanair,landing,arrivee,550,270.0,80.4,1.61,54.54,5.7,342
2026-09-11,21:31:52,4cafd1,EI-GXL,Boeing 737-800,Ryanair,landing,arrivee,525,266.5,80.0,0.48,63.87,5.7,342
2026-09-11,21:35:09,4bb873,TC-NCS,Airbus A320neo,Pegasus,landing,arrivee,600,227.4,78.2,0.44,37.9,5.0,339
2026-09-11,21:37:50,504e89,,,,landing,arrivee,625,236.7,66.1,0.0,57.94,5.0,339
2026-09-11,21:40:31,34654b,EC-NLJ,Airbus A321,Privilege Style,landing,arrivee,650,222.6,81.6,0.6,200.11,5.0,339
2026-09-11,21:43:06,4951d5,CS-TNU,Airbus A320,TAP Air Portugal,landing,arrivee,625,249.1,81.0,2.1,58.22,5.0,339
2026-09-11,21:46:00,4951ca,CS-TNJ,Airbus A320,TAP Air Portugal,landing,arrivee,575,254.8,80.2,1.58,56.39,5.0,339
2026-09-11,21:48:57,495037,,,TAP Air Portugal,landing,arrivee,550,248.0,64.7,0.0,57.52,5.0,339
2026-09-11,21:51:50,TAP877,CS-TPT,Embraer E190,TAP Air Portugal,landing,arrivee,550,229.1,66.2,0.0,42.58,4.7,337
2026-09-11,21:54:11,495293,CS-TTS,Airbus A319,TAP Air Portugal,cruise,,650,0.0,76.4,1.01,63.75,4.7,337
2026-09-11,21:57:00,495155,,,,landing,arrivee,625,257.2,81.9,0.96,57.25,4.7,337
2026-09-11,21:59:46,4ca739,EI-EBP,Boeing 737-800,Ryanair,landing,arrivee,525,264.8,78.5,1.0,73.99,4.7,337
2026-09-11,22:02:46,TAP555,CS-TXG,Airbus A321neo,TAP Air Portugal,landing,arrivee,575,251.5,81.2,0.48,46.24,4.7,337
2026-09-11,22:05:12,WJA32,C-GYYS,DHC-3 Otter U-1A,WestJet,landing,arrivee,575,261.5,65.5,0.0,53.87,4.3,336
2026-09-11,22:08:04,DLH34J,D-AIEO,Airbus A321neo,Lufthansa,landing,arrivee,600,241.1,65.4,0.0,38.71,4.3,336
2026-09-11,22:10:52,TAP1933,CS-TPS,Embraer E190,TAP Air Portugal,approach,arrivee,625,235.9,65.9,0.0,41.7,4.3,336
2026-09-11,22:13:04,EJU69GW,,,easyJet Europe,landing,arrivee,550,233.9,66.4,0.0,36.97,4.3,336
2026-09-11,22:17:30,392af8,F-GKXY,Airbus A320,Air France,landing,arrivee,600,234.8,65.7,0.0,64.15,4.3,336
2026-09-11,22:20:07,TAP1369,,,TAP Air Portugal,landing,arrivee,525,246.7,65.8,0.0,35.19,4.0,333
2026-09-11,22:22:45,VLG4JP,EC-LZN,Airbus A320,Vueling,landing,arrivee,550,244.8,77.5,0.57,75.13,4.0,333
2026-09-11,22:24:31,EJU7690,OE-IDX,Airbus A320,easyJet Europe,landing,arrivee,575,246.7,65.9,0.0,62.3,4.0,333
2026-09-11,22:26:45,4951d6,CS-TNV,Airbus A320,TAP Air Portugal,landing,arrivee,575,253.9,66.0,0.0,70.45,4.0,333
2026-09-11,22:28:33,DLH64P,D-AIEI,Airbus A321neo,Lufthansa,landing,arrivee,600,244.3,81.7,0.44,74.61,4.0,333
2026-09-11,22:30:11,EIN4PT,EI-GAL,Airbus A320,Aer Lingus,landing,arrivee,550,243.2,64.8,0.0,67.46,4.0,333
2026-09-11,22:32:06,TAP21MM,CS-TTZ,Embraer E195,TAP Air Portugal,landing,arrivee,550,246.7,65.7,0.0,59.42,4.0,333
2026-09-11,22:35:01,SEH922,SX-GNA,Airbus A320neo,Sky Express Greece,landing,arrivee,550,236.7,91.5,5.4,38.93,3.7,331
2026-09-11,22:37:58,495215,CS-TPU,Embraer E190,TAP Air Portugal,landing,arrivee,575,210.2,92.7,5.84,33.38,3.7,331
2026-09-11,22:40:36,RZO134,CS-TSM,Airbus A320,TAP Air Portugal,landing,arrivee,600,250.0,90.5,5.93,38.38,3.7,331
2026-09-11,22:42:24,AEE7PT,SX-NAB,Airbus A321neo,Aegean Airlines,landing,arrivee,575,239.8,91.1,7.08,50.54,3.7,331
2026-09-11,22:44:13,4951d8,CS-TNX,Airbus A320,TAP Air Portugal,cruise,,650,0.0,94.7,6.76,55.03,3.7,331
2026-09-11,22:46:04,4cae55,EI-IJE,Boeing 737 MAX 8,Ryanair,landing,arrivee,600,268.2,91.0,4.78,55.04,3.7,331
2026-09-11,22:48:40,4951d4,CS-TNT,Airbus A320,TAP Air Portugal,landing,arrivee,625,249.1,92.0,6.07,56.66,3.7,331
2026-09-11,22:51:40,440b1e,OE-IWW,Airbus A320,easyJet Europe,landing,arrivee,625,243.9,93.7,6.94,60.34,3.4,328
2026-09-11,22:54:55,BAW508,,,British Airways,landing,arrivee,575,233.2,90.1,5.44,40.06,3.4,328
2026-09-11,22:58:39,THY2ES,TC-LTK,Airbus A321neo,Turkish Airlines,landing,arrivee,575,240.8,92.4,6.16,45.6,3.4,328
2026-09-11,23:06:31,EJU74EP,OE-LSK,Airbus A320neo,easyJet Europe,landing,arrivee,575,255.6,92.3,5.0,36.01,3.4,328
2026-09-11,23:08:19,440d10,OE-IBS,Airbus A320,easyJet Europe,landing,arrivee,575,250.8,97.9,7.09,142.75,3.4,328
2026-09-11,23:10:14,4ca760,EI-EFE,Boeing 737-800,Ryanair,landing,arrivee,575,251.5,96.2,7.09,119.4,3.4,328
2026-09-11,23:13:00,TVF34QV,F-GZHE,Boeing 737-800,Transavia France,landing,arrivee,550,272.1,97.1,5.98,72.67,3.4,328
2026-09-11,23:15:38,IBE0539,EC-JRE,Airbus A321,Iberia,landing,arrivee,600,248.4,94.9,6.92,60.96,3.4,328
2026-09-11,23:17:22,4cae97,,,,landing,arrivee,575,266.5,90.7,4.43,39.01,3.4,328
2026-09-11,23:20:08,440cf8,OE-IBF,Airbus A320,easyJet Europe,landing,arrivee,600,244.8,92.3,5.69,80.85,3.4,328
2026-09-11,23:22:38,3c6668,D-AISH,Airbus A321,Lufthansa,landing,arrivee,650,257.6,93.4,6.04,58.65,3.4,328
2026-09-11,23:24:34,440d6f,OE-LSR,Airbus A320,easyJet Europe,landing,arrivee,600,253.2,90.1,5.45,43.12,3.4,328
2026-09-11,23:26:06,486742,,,,cruise,,625,0.0,93.5,5.43,41.51,3.4,328
2026-09-11,23:28:32,440cc1,OE-LSP,Airbus A320,easyJet Europe,landing,arrivee,625,255.6,90.1,6.17,41.82,3.4,328
2026-09-11,23:31:31,440d10,OE-IBS,Airbus A320,easyJet Europe,cruise,,575,0.0,77.9,0.2,52.85,3.1,324
2026-09-11,23:33:47,4b1699,HB-ION,Airbus A321,Swiss,landing,arrivee,600,253.2,96.2,6.36,90.05,3.1,324
2026-09-11,23:35:58,3475c9,,,,landing,arrivee,625,258.9,94.2,6.34,62.46,3.1,324
2026-09-11,23:37:50,4952cc,CS-TVL,Airbus A320,TAP Air Portugal,landing,arrivee,600,242.4,90.8,5.27,44.2,3.1,324
2026-09-11,23:39:30,4400dc,,,easyJet Europe,landing,arrivee,625,251.5,94.1,6.06,57.97,3.1,324
2026-09-11,23:41:40,TAP35MT,,,TAP Air Portugal,landing,arrivee,600,233.2,93.9,4.83,36.24,3.1,324
2026-09-11,23:43:38,TAP94KM,CS-TJP,Airbus A321neo,TAP Air Portugal,landing,arrivee,575,249.1,91.2,4.81,35.58,3.1,324
2026-09-11,23:46:15,39ceb2,F-HTVS,Boeing 737-800,Transavia France,landing,arrivee,550,258.9,93.1,6.45,61.6,3.1,324
2026-09-11,23:48:42,471f06,,,,landing,arrivee,600,244.8,93.8,5.93,64.4,3.1,324
2026-09-11,23:51:11,TAP64M,CS-TJJ,Airbus A321neo,TAP Air Portugal,landing,arrivee,575,264.8,91.6,5.05,49.11,3.1,324
2026-09-12,02:22:43,RZO128,CS-TKP,Airbus A320,TAP Air Portugal,landing,arrivee,550,257.2,94.8,6.56,68.53,3.1,324
2026-09-12,04:37:13,TAP1528,CS-TXK,Airbus A321,TAP Air Portugal,landing,arrivee,575,276.5,90.0,5.0,54.52,2.8,310
2026-09-12,04:38:56,495302,CS-TXB,Airbus A321neo,TAP Air Portugal,landing,arrivee,725,270.0,89.7,4.76,43.46,2.8,310
2026-09-12,04:44:47,TAP202A,CS-TXE,Airbus A321neo,TAP Air Portugal,landing,arrivee,600,268.9,89.2,5.03,45.02,2.8,310
2026-09-12,04:56:36,4952b0,CS-TUP,Airbus A330-900neo,TAP Air Portugal,landing,arrivee,600,276.5,95.2,8.48,74.96,3.1,306
2026-09-12,05:08:22,4952a6,CS-TUF,Airbus A330-900neo,TAP Air Portugal,landing,arrivee,575,264.8,94.4,7.08,72.73,3.4,302
2026-09-12,05:28:12,TAP224,CS-TUN,Airbus A330-900neo,TAP Air Portugal,landing,arrivee,600,256.5,99.7,7.46,79.17,3.5,294
2026-09-12,05:57:45,TAP1550,CS-TJI,Airbus A321neo,TAP Air Portugal,landing,arrivee,575,271.3,89.2,4.28,38.7,3.8,287
2026-09-12,05:59:15,TAP1484,CS-TJN,Airbus A321neo,TAP Air Portugal,landing,arrivee,600,275.6,92.1,5.26,45.19,3.8,287
2026-09-12,06:02:25,4952cf,,,TAP Air Portugal,landing,arrivee,600,243.2,90.7,6.19,31.63,3.7,281
2026-09-12,06:04:44,4951d8,CS-TNX,Airbus A320,TAP Air Portugal,landing,arrivee,625,263.2,91.0,6.21,48.25,3.7,281
2026-09-12,06:07:25,4952ca,CS-TVJ,Airbus A320neo,TAP Air Portugal,landing,arrivee,600,246.7,90.8,4.39,43.4,3.7,281
2026-09-12,06:10:40,RZO3124,CS-TKQ,Airbus A320,TAP Air Portugal,landing,arrivee,575,232.4,93.7,6.21,48.92,3.7,281
2026-09-12,06:13:35,TAP1097,CS-TPQ,Embraer E190,TAP Air Portugal,cruise,,600,0.0,89.5,4.9,46.51,3.7,281
2026-09-12,06:23:07,CBJ621,B-8982,Airbus A330-200,Capital Airlines,landing,arrivee,575,252.2,93.0,7.73,51.94,3.7,281
2026-09-12,06:25:53,TAP11VP,CS-TPR,Embraer E190,TAP Air Portugal,landing,arrivee,550,239.1,91.1,5.8,45.49,3.7,281
2026-09-12,06:28:32,TAP218,,,TAP Air Portugal,landing,arrivee,600,254.8,88.8,5.57,39.75,3.7,281
2026-09-12,06:37:50,4951d5,CS-TNU,Airbus A320,TAP Air Portugal,landing,arrivee,700,253.5,93.5,6.19,61.92,4.0,280
2026-09-12,06:40:45,495293,CS-TTS,Airbus A319,TAP Air Portugal,landing,arrivee,575,253.2,90.9,5.55,67.17,4.0,280
2026-09-12,06:45:09,AEA1159,EC-LUT,Boeing 737-800,Air Europa,landing,arrivee,600,265.6,93.8,5.91,56.78,4.0,280
2026-09-12,06:48:07,4952a3,CS-TUC,Airbus A330-900neo,TAP Air Portugal,landing,arrivee,600,258.0,97.8,8.09,64.17,4.0,280
2026-09-12,06:54:03,TAP9004,CS-TNJ,Airbus A320,TAP Air Portugal,landing,arrivee,650,253.2,93.3,7.33,62.86,4.0,280
2026-09-12,07:01:35,c0799e,C-GUBL,Airbus A330-200,Air Transat,landing,arrivee,575,254.1,95.1,7.08,57.0,3.7,281
2026-09-12,07:03:57,495299,CS-TTY,Embraer E195,TAP Air Portugal,landing,arrivee,600,260.8,93.2,5.15,48.72,3.7,281
2026-09-12,07:06:04,TAP901,,,TAP Air Portugal,landing,arrivee,625,243.2,89.1,5.48,49.88,3.7,281
2026-09-12,07:09:56,TAM8146,PT-MUG,Boeing 777-300ER,LATAM Airlines,landing,arrivee,575,272.4,99.8,7.58,91.69,3.7,281
2026-09-12,07:11:50,DTA650,,,,cruise,,600,0.0,96.9,6.45,66.2,3.7,281
2026-09-12,07:14:32,TAP058,CS-TUE,Airbus A330-900neo,TAP Air Portugal,landing,arrivee,650,255.6,92.9,6.57,56.05,3.7,281
2026-09-12,07:17:16,4952ad,CS-TUM,Airbus A330-900neo,TAP Air Portugal,landing,arrivee,600,263.2,94.8,7.76,57.74,3.7,281
2026-09-12,07:19:53,ETD7LG,A6-BLL,Boeing 787-9,Etihad Airways,landing,arrivee,550,282.4,94.0,6.55,62.7,3.7,281
2026-09-12,07:22:24,495146,CS-TJF,Airbus A321,TAP Air Portugal,landing,arrivee,675,261.5,97.5,6.97,101.04,3.7,281
2026-09-12,07:25:24,TAP441,,,TAP Air Portugal,landing,arrivee,600,245.6,92.6,5.0,41.76,3.7,281
2026-09-12,07:27:55,TAP9ML,CS-TVI,Airbus A320neo,TAP Air Portugal,landing,arrivee,625,258.9,92.1,4.79,39.35,3.7,281
2026-09-12,07:30:56,TAP945,CS-TVD,Airbus A320neo,TAP Air Portugal,landing,arrivee,600,239.8,90.0,4.91,36.07,3.4,288
2026-09-12,07:33:29,TAP647,,,TAP Air Portugal,landing,arrivee,600,267.2,88.6,5.84,34.75,3.4,288
2026-09-12,07:36:27,DAL272,,,Delta Air Lines,landing,arrivee,600,263.2,94.6,6.68,61.91,3.4,288
2026-09-12,07:39:07,IBE05TR,EC-LXQ,Airbus A320,Iberia,landing,arrivee,650,251.5,94.3,5.72,67.81,3.4,288
2026-09-12,07:42:06,TAP244,CS-TUS,Airbus A330-900neo,TAP Air Portugal,landing,arrivee,575,255.6,93.0,7.08,57.44,3.4,288
2026-09-12,07:50:32,TAP495Y,CS-TPZ,Embraer E190,TAP Air Portugal,landing,arrivee,550,239.1,91.7,5.81,50.31,3.5,294
2026-09-12,07:53:01,TAP8RL,,,TAP Air Portugal,landing,arrivee,600,263.2,87.3,4.55,43.41,3.5,294
2026-09-12,07:55:53,AZU8750,,,Azul,landing,arrivee,525,253.2,97.3,7.6,72.59,3.5,294
2026-09-12,07:58:31,4952c8,CS-TVH,Airbus A320neo,TAP Air Portugal,landing,arrivee,750,256.5,90.9,4.16,35.77,3.5,294
2026-09-12,08:01:30,4951cc,CS-TNL,Airbus A320,TAP Air Portugal,cruise,,625,0.0,92.6,6.44,56.85,3.2,297
2026-09-12,08:04:09,495038,,,TAP Air Portugal,landing,arrivee,600,263.9,93.0,5.28,48.88,3.2,297
2026-09-12,08:06:53,4952c6,CS-TVF,Airbus A320neo,TAP Air Portugal,cruise,,700,0.0,87.7,4.16,36.19,3.2,297
2026-09-12,08:09:27,4853d4,PH-HXK,Boeing 737-800,Transavia,landing,arrivee,550,277.2,96.0,5.55,75.28,3.2,297
2026-09-12,08:12:18,TAP27UZ,CS-TPW,Embraer E190,TAP Air Portugal,landing,arrivee,600,239.1,88.7,6.68,39.04,3.2,297
2026-09-12,08:17:43,AAL258,N831AA,Boeing 787-9,American Airlines,landing,arrivee,575,285.6,93.4,6.04,59.84,2.9,300
2026-09-12,08:20:16,VLG46AX,EC-NLV,Airbus A321,Vueling,landing,arrivee,575,261.5,93.7,6.69,62.39,2.9,300
2026-09-12,08:23:58,4951d9,CS-TNY,Airbus A320,TAP Air Portugal,landing,arrivee,600,258.9,94.3,6.48,63.42,2.9,300
2026-09-12,08:27:12,49514b,CS-TJK,Airbus A321neo,TAP Air Portugal,landing,arrivee,625,266.5,88.0,4.91,45.87,2.9,300
2026-09-12,08:29:40,RYR24SE,9H-QAX,Boeing 737-800,Malta Air,landing,arrivee,550,281.3,97.1,5.91,55.68,2.9,300
2026-09-12,08:32:37,TAP757P,CS-TVA,Airbus A320neo,TAP Air Portugal,landing,arrivee,600,267.2,90.0,3.91,40.05,2.3,309
2026-09-12,08:35:20,AFR35VY,F-HZUT,A220-300,Air France,landing,arrivee,575,249.1,91.6,5.47,42.0,2.3,309
2026-09-12,08:38:27,TRA27L,PH-HZI,Boeing 737-800,Transavia,landing,arrivee,525,281.3,95.8,6.07,59.54,2.3,309
2026-09-12,08:41:39,TAP072,CS-TUK,Airbus A330-900neo,TAP Air Portugal,landing,arrivee,525,258.9,95.4,7.1,65.21,2.3,309
2026-09-12,08:44:16,49514f,CS-TJO,Airbus A321neo,TAP Air Portugal,landing,arrivee,600,266.5,92.8,5.43,39.4,2.3,309
2026-09-12,08:50:25,48e9f3,,,,landing,arrivee,575,279.7,96.9,5.93,70.26,2.0,315
2026-09-12,08:54:27,TAP675,CS-TVG,Airbus A320neo,TAP Air Portugal,landing,arrivee,575,240.8,90.3,5.68,45.57,2.0,315
2026-09-12,08:56:41,407cb2,G-RUKF,Boeing 737-800,Ryanair UK,landing,arrivee,575,271.3,96.7,6.04,88.95,2.0,315
2026-09-12,08:59:22,TAP443,CS-TVC,Airbus A320neo,TAP Air Portugal,cruise,,625,0.0,90.4,5.15,43.92,2.0,315
2026-09-12,09:03:30,3c5421,D-AEAA,A300 B4-622RF,Lufthansa,landing,arrivee,575,225.8,96.9,8.71,53.62,1.6,333
2026-09-12,09:06:31,a11bc8,N17017,Boeing 787-10,United Airlines,landing,arrivee,575,277.2,97.9,6.07,55.83,1.6,333
2026-09-12,09:09:18,4cafd2,EI-GXM,Boeing 737-800,Ryanair,cruise,,600,0.0,94.9,5.36,90.2,1.6,333
2026-09-12,09:12:32,c06a38,CA-GOFV,Airbus A330-300,Air Canada,cruise,,575,0.0,99.0,7.61,84.87,1.6,333
2026-09-12,09:27:00,THY3WE,TC-LTN,Airbus A321,Turkish Airlines,landing,arrivee,600,259.7,92.1,6.56,43.33,1.1,360
2026-09-12,09:30:42,TAP66PD,CS-TJR,Airbus A321neo,TAP Air Portugal,landing,arrivee,550,263.4,93.0,5.43,36.53,1.0,45
2026-09-12,09:33:22,495301,CS-TXA,Airbus A321neo,TAP Air Portugal,landing,arrivee,575,242.4,92.1,5.44,43.69,1.0,45
2026-09-12,09:36:48,TAP052,CS-TXH,Airbus A321neo,TAP Air Portugal,landing,arrivee,550,241.5,95.8,6.07,38.11,1.0,45
2026-09-12,09:41:49,49530a,CS-TXJ,Airbus A321neo,TAP Air Portugal,landing,arrivee,575,245.6,93.4,5.68,36.99,1.0,45
2026-09-12,09:45:53,4951ce,CS-TNN,Airbus A320,TAP Air Portugal,landing,arrivee,600,239.1,95.0,6.56,57.76,1.5,76
2026-09-12,09:50:08,BAW50P,,,British Airways,landing,arrivee,550,244.8,90.2,4.95,43.13,1.5,76
2026-09-12,09:52:35,TAP012,CS-TUR,Airbus A330-900neo,TAP Air Portugal,landing,arrivee,550,266.5,95.7,7.08,67.27,1.5,76
2026-09-12,09:55:17,NOZ1824,SE-RPG,Boeing 737-800,Norwegian Air Sweden,landing,arrivee,525,283.0,95.7,5.03,65.56,1.5,76
2026-09-12,09:58:10,WPT3162,,,,landing,arrivee,550,246.7,99.6,8.21,95.92,1.5,76
2026-09-12,10:00:44,AEE2PT,,,,landing,arrivee,550,237.4,91.2,6.69,42.91,2.2,90
2026-09-12,10:03:29,EJU97VT,OE-IBF,Airbus A320,easyJet Europe,landing,arrivee,575,253.2,91.4,6.06,53.13,2.2,90
2026-09-12,10:06:27,3480ce,,,,landing,arrivee,525,252.4,100.4,7.04,57.62,2.2,90
2026-09-12,10:09:10,a1f557,N225UA,Boeing 777-200,United Airlines,landing,arrivee,550,270.8,99.6,7.21,87.71,2.2,90
2026-09-12,10:11:53,RYR85KH,SP-RKD,Boeing 737-800,Buzz,landing,arrivee,550,280.4,93.9,5.91,59.73,2.2,90
2026-09-12,10:14:50,TAP210,CS-TUA,Airbus A330-900neo,TAP Air Portugal,landing,arrivee,550,250.8,97.1,7.62,63.09,2.2,90
2026-09-12,10:17:31,EZY79RV,G-EZTC,Airbus A320,easyJet,landing,arrivee,550,245.6,94.5,6.56,57.58,2.5,98
2026-09-12,10:20:14,4952c2,CS-TVB,Airbus A320neo,TAP Air Portugal,landing,arrivee,550,239.1,91.6,5.39,34.7,2.5,98
2026-09-12,10:22:47,TAP204A,CS-TOO,Airbus A330-200,TAP Air Portugal,landing,arrivee,550,242.2,96.6,7.33,62.23,2.5,98
2026-09-12,10:25:35,TAP010,CS-TXD,Airbus A321neo,TAP Air Portugal,landing,arrivee,550,276.3,91.7,5.23,43.26,2.5,98
2026-09-12,10:28:24,AEA1153,EC-MUZ,Boeing 737-800,Air Europa,landing,arrivee,500,273.9,93.9,6.3,65.38,2.5,98
2026-09-12,10:31:13,4952d3,,,,landing,arrivee,550,246.3,90.4,5.47,42.68,2.6,106
2026-09-12,10:34:16,495212,CS-TPR,Embraer E190,TAP Air Portugal,landing,arrivee,525,238.4,91.4,4.31,33.53,2.6,106
2026-09-12,10:37:03,DAL124,,,Delta Air Lines,landing,arrivee,550,261.5,95.0,7.21,58.81,2.6,106
2026-09-12,10:39:54,495297,CS-TTW,Embraer E195,TAP Air Portugal,landing,arrivee,550,262.4,89.5,6.07,52.25,2.6,106
2026-09-12,10:42:42,KLM1579,,,KLM,landing,arrivee,525,259.7,92.8,6.28,36.38,2.6,106
2026-09-12,10:45:59,495306,CS-TXF,Airbus A321neo,TAP Air Portugal,landing,arrivee,575,239.1,91.2,5.93,31.88,2.6,106
2026-09-12,10:48:41,TAP262M,CS-TXM,Airbus A321,TAP Air Portugal,landing,arrivee,525,249.8,92.8,6.32,41.53,2.6,106
2026-09-12,10:51:13,4952aa,CS-TUJ,Airbus A330-900neo,TAP Air Portugal,landing,arrivee,550,258.9,100.1,7.13,71.17,2.6,106
2026-09-12,10:54:14,TAP68JP,CS-TJM,Airbus A321neo,TAP Air Portugal,landing,arrivee,600,279.7,92.6,5.91,40.02,2.6,106
2026-09-12,10:57:04,44ce6c,OO-SSL,Airbus A319,Brussels Airlines,landing,arrivee,600,237.4,97.1,6.8,53.71,2.6,106
2026-09-12,10:59:41,495066,,,TAP Air Portugal,landing,arrivee,525,259.3,98.9,7.44,75.2,2.6,106
2026-09-12,11:02:29,39bda3,F-HPND,BD-500-1A11,Air France,landing,arrivee,575,251.5,90.7,6.04,51.14,2.6,106
2026-09-12,11:04:46,495277,,,Azul,landing,arrivee,575,257.6,97.3,8.24,93.41,2.6,106
2026-09-12,11:06:55,SWR36K,YL-AAW,A220 300,Swiss,landing,arrivee,525,261.5,91.8,5.53,37.33,2.6,106
2026-09-12,11:10:09,EJU74EF,OE-LSK,Airbus A320neo,easyJet Europe,landing,arrivee,575,253.2,91.6,5.06,41.56,2.6,106
2026-09-12,11:12:48,495307,CS-TXG,Airbus A321neo,TAP Air Portugal,landing,arrivee,550,267.2,93.9,4.91,34.45,2.6,106
2026-09-12,11:15:27,EIN82T,EI-DES,Airbus A320,Aer Lingus,landing,arrivee,550,270.8,91.9,6.78,65.88,2.6,106
2026-09-12,11:20:00,DLH39X,D-AIEP,Airbus A321,Lufthansa,landing,arrivee,550,264.8,93.0,5.93,48.89,2.6,106
2026-09-12,11:24:39,TAP4LA,CS-TUG,Airbus A330-900neo,TAP Air Portugal,landing,arrivee,550,263.9,97.3,7.58,69.07,2.6,106
2026-09-12,11:28:52,TAP429,CS-TPS,Embraer E190,TAP Air Portugal,landing,arrivee,550,239.1,92.1,5.44,42.04,2.6,106
2026-09-12,11:33:16,RZO120,CS-TKP,Airbus A320,TAP Air Portugal,landing,arrivee,550,263.2,93.5,7.11,36.99,3.0,104
2026-09-12,11:35:50,39cea6,F-HTVG,Boeing 737-800,Transavia France,cruise,,575,0.0,95.9,5.43,66.79,3.0,104
2026-09-12,11:40:46,ACA810,C-FITW,Boeing 777-300ER,Air Canada,landing,arrivee,525,278.9,103.1,8.06,89.43,3.0,104
2026-09-12,11:43:44,495145,CS-TJE,Airbus A321,TAP Air Portugal,landing,arrivee,525,274.8,94.9,6.43,72.7,3.0,104
2026-09-12,11:46:52,4cafd1,EI-GXL,Boeing 737-800,Ryanair,landing,arrivee,525,282.1,96.0,6.01,58.8,3.0,104
2026-09-12,11:50:20,IBE05FV,EC-KUB,Airbus A319,Iberia,landing,arrivee,550,243.9,95.4,7.5,64.53,3.0,104
2026-09-12,11:54:09,4cae97,,,,cruise,,550,0.0,93.3,5.73,38.42,3.0,104
2026-09-12,12:00:17,EJU52PB,,,easyJet Europe,landing,arrivee,575,273.2,90.4,5.57,36.07,3.0,104
2026-09-12,12:04:46,RYR95SN,EI-IJE,Boeing 737 MAX 8,Ryanair,landing,arrivee,525,287.2,91.2,5.44,48.33,3.0,104
2026-09-12,12:13:07,TAP1123,,,TAP Air Portugal,landing,arrivee,575,264.8,91.4,4.79,29.62,3.0,104
2026-09-12,12:16:06,440b1e,OE-IWW,Airbus A320,easyJet Europe,landing,arrivee,550,261.5,94.1,6.49,63.05,3.0,104
2026-09-12,12:19:41,TAP1925,CS-TNK,Airbus A320,TAP Air Portugal,landing,arrivee,525,268.9,90.9,5.56,47.39,3.0,104
2026-09-12,12:22:01,TAP1902,CS-TNY,Airbus A320,TAP Air Portugal,landing,arrivee,550,280.6,92.7,5.93,41.45,3.0,104
2026-09-12,12:25:27,UAE3MV,A6-ENR,Boeing 777-300ER,Emirates,landing,arrivee,525,290.6,99.9,7.52,82.55,3.0,104
2026-09-12,12:29:48,TAP143P,CS-TPT,Embraer E190,TAP Air Portugal,landing,arrivee,525,245.6,91.3,6.67,42.23,3.0,104
2026-09-12,12:33:13,4d2210,9H-QBT,Boeing 737-800,Malta Air,landing,arrivee,525,288.0,94.3,5.44,68.27,3.0,104
2026-09-12,12:35:50,EJU14GP,OE-IBS,Airbus A320,easyJet Europe,landing,arrivee,525,272.1,98.9,5.44,46.01,3.0,104
2026-09-12,12:38:48,TAP1031,CS-TNX,Airbus A320,TAP Air Portugal,landing,arrivee,575,263.2,97.8,7.09,51.46,3.0,104
2026-09-12,12:49:03,4400dc,,,easyJet Europe,landing,arrivee,550,279.7,93.7,5.59,40.5,3.0,104
2026-09-12,12:55:47,495217,CS-TPW,Embraer E190,TAP Air Portugal,landing,arrivee,550,258.4,91.9,6.04,37.03,3.0,104
2026-09-12,13:02:48,440d6f,OE-LSR,Airbus A320,easyJet Europe,landing,arrivee,550,277.2,92.8,5.54,33.75,2.9,90
2026-09-12,13:06:23,DLH47T,D-AIEG,Airbus A321neo,Lufthansa,landing,arrivee,575,270.8,93.8,5.66,40.0,2.9,90
2026-09-12,13:08:56,440db0,OE-IDX,Airbus A320,easyJet Europe,landing,arrivee,550,262.4,96.0,6.56,45.92,2.9,90
2026-09-12,13:11:37,VLG8JM,EC-MOO,Airbus A321,Vueling,landing,arrivee,525,273.2,96.9,6.09,48.79,2.9,90
2026-09-12,13:14:26,TAP145W,CS-TNL,Airbus A320,TAP Air Portugal,landing,arrivee,550,256.5,92.4,7.76,53.73,2.9,90
2026-09-12,13:17:15,TAP1335,,,TAP Air Portugal,landing,arrivee,550,243.9,93.8,6.73,50.06,2.9,90
2026-09-12,13:19:56,RZO122,CS-TSF,Airbus A321neo,TAP Air Portugal,landing,arrivee,525,288.2,89.4,4.88,35.99,2.9,90
2026-09-12,13:22:49,49529a,CS-TTZ,Embraer E195,TAP Air Portugal,landing,arrivee,550,258.4,91.2,4.92,33.24,2.9,90
2026-09-12,13:25:17,4951d6,CS-TNV,Airbus A320,TAP Air Portugal,landing,arrivee,550,283.0,91.4,5.51,53.05,2.9,90
2026-09-12,13:28:16,4952a4,CS-TUD,Airbus A330-900neo,TAP Air Portugal,landing,arrivee,550,267.2,97.6,7.62,65.07,2.9,90
2026-09-12,13:30:54,TAP86GM,CS-TNR,Airbus A320,TAP Air Portugal,landing,arrivee,550,269.7,93.1,6.44,43.14,2.9,97
2026-09-12,13:33:47,495218,CS-TPX,Embraer E190,TAP Air Portugal,landing,arrivee,550,247.2,92.8,5.03,34.01,2.9,97
2026-09-12,13:36:29,495292,CS-TTR,Airbus A319,TAP Air Portugal,landing,arrivee,575,268.9,92.6,5.8,36.85,2.9,97
2026-09-12,13:41:22,495216,CS-TPV,Embraer E190,TAP Air Portugal,landing,arrivee,550,250.8,88.1,5.71,33.38,2.9,97
2026-09-12,13:46:16,RZO150,CS-TKQ,Airbus A320,TAP Air Portugal,landing,arrivee,575,276.3,94.1,5.98,43.34,2.5,98
2026-09-12,13:48:51,BAH3,A9C-HMH,767 4FSER,Bahrain Royal Flight,landing,arrivee,575,281.3,103.0,7.23,60.4,2.5,98
2026-09-12,13:55:17,TAP1013,,,TAP Air Portugal,landing,arrivee,550,284.8,93.3,4.91,42.28,2.5,98
2026-09-12,13:58:09,495293,CS-TTS,Airbus A319,TAP Air Portugal,landing,arrivee,600,249.1,95.7,7.05,38.8,2.5,98
2026-09-12,14:01:02,TAP823,CS-TVL,Airbus A320,TAP Air Portugal,landing,arrivee,550,254.8,92.7,5.83,27.66,2.6,106
2026-09-12,14:03:45,RYR65MU,EI-EBO,Boeing 737-800,Ryanair,landing,arrivee,575,273.9,94.5,6.72,94.76,2.6,106
2026-09-12,14:06:35,TAP1860,CS-TJP,Airbus A321neo,TAP Air Portugal,landing,arrivee,550,264.8,93.9,4.96,27.79,2.6,106
2026-09-12,14:08:54,TAP43JD,CS-TNT,Airbus A320,TAP Air Portugal,landing,arrivee,575,278.0,93.7,4.67,40.9,2.6,106
2026-09-12,14:11:53,TAP481,CS-TPQ,Embraer E190,TAP Air Portugal,landing,arrivee,550,253.2,91.9,4.92,33.06,2.6,106
2026-09-12,14:14:36,4952cb,CS-TVK,Airbus A320neo,TAP Air Portugal,landing,arrivee,550,280.9,89.7,5.55,31.91,2.6,106
2026-09-12,14:17:24,TAP471A,CS-TPO,Embraer E190,TAP Air Portugal,landing,arrivee,550,278.0,93.7,5.67,48.4,2.7,113
2026-09-12,14:20:18,48888e,SP-CEO,Hawker 750,Buzz,landing,arrivee,750,241.5,88.2,3.26,19.99,2.7,113
2026-09-12,14:22:30,EWG37V,OK-TVT,Boeing 737-800,Eurowings,landing,arrivee,550,295.4,94.6,6.08,58.28,2.7,113
2026-09-12,14:25:37,495215,CS-TPU,Embraer E190,TAP Air Portugal,landing,arrivee,550,263.2,91.0,6.41,47.26,2.7,113
2026-09-12,14:27:18,TAP88TM,CS-TJO,Airbus A321neo,TAP Air Portugal,landing,arrivee,575,268.2,93.3,6.31,40.14,2.7,113
2026-09-12,14:30:14,495219,CS-TPY,Embraer E190,TAP Air Portugal,landing,arrivee,575,259.7,91.5,5.92,28.56,2.7,113
2026-09-12,14:33:19,EZS79YP,HB-AYP,Airbus A320neo,easyJet Switzerland,landing,arrivee,575,258.9,90.7,4.92,28.61,2.7,113
2026-09-12,14:36:02,495299,CS-TTY,Embraer E195,TAP Air Portugal,landing,arrivee,575,286.1,93.8,5.93,44.94,2.7,113
2026-09-12,14:38:50,SWR2BK,,,Swiss,landing,arrivee,575,299.7,91.7,5.56,41.56,2.7,113
2026-09-12,14:41:57,SWT131,EC-MAF,ATR 72 500F,Swiftair,approach,arrivee,600,210.2,95.1,6.56,32.44,2.7,113
2026-09-12,14:44:33,4951ee,CS-TON,Airbus A330-200,TAP Air Portugal,landing,arrivee,550,269.7,97.9,7.77,65.58,2.7,113
2026-09-12,14:47:07,4d2220,9H-QBM,Boeing 737-800,Malta Air,landing,arrivee,575,297.4,95.0,6.56,52.67,2.6,124
2026-09-12,14:50:40,096023,D4-CCI,Boeing 737-700,Cabo Verde Airlines,landing,arrivee,575,266.5,96.6,7.33,59.14,2.6,124
2026-09-12,14:53:21,KLM97N,,,KLM,landing,arrivee,575,289.7,94.9,5.16,38.02,2.6,124
2026-09-12,14:55:57,440cc1,OE-LSP,Airbus A320,easyJet Europe,cruise,,775,0.0,91.6,4.94,34.69,2.6,124
2026-09-12,14:58:41,394c14,F-GTAU,Airbus A321,Air France,landing,arrivee,675,287.2,94.2,6.56,56.35,2.6,124
2026-09-12,15:12:05,BTI7FR,YL-CSA,C Series 300,Air Baltic,landing,arrivee,600,263.2,91.7,5.03,31.44,2.8,130
2026-09-12,15:15:00,3c64ad,D-AIEM,Airbus A321neo,Lufthansa,cruise,,700,0.0,94.8,6.57,44.39,2.8,130
2026-09-12,15:18:25,THY4GH,TC-JNO,Airbus A330-300,Turkish Airlines,landing,arrivee,625,272.4,94.7,7.09,44.06,3.1,135
2026-09-12,15:21:09,TAP1137,CS-TTW,Embraer E195,TAP Air Portugal,landing,arrivee,525,275.6,94.6,6.09,45.82,3.1,135
2026-09-12,15:26:05,4951ca,CS-TNJ,Airbus A320,TAP Air Portugal,landing,arrivee,625,273.2,94.3,6.5,39.21,3.1,135
2026-09-12,15:29:04,4952ca,CS-TVJ,Airbus A320neo,TAP Air Portugal,landing,arrivee,600,255.6,89.5,5.55,28.31,3.1,135
2026-09-12,15:31:41,FIN96W,OH-LZP,Airbus A321,Finnair,landing,arrivee,550,289.7,94.6,5.89,61.38,3.4,148
2026-09-12,15:34:26,344446,EC-LUT,Boeing 737-800,Air Europa,landing,arrivee,575,292.1,93.7,6.2,51.83,3.4,148
2026-09-12,15:36:43,440cf8,OE-IBF,Airbus A320,easyJet Europe,landing,arrivee,650,290.4,91.2,5.45,45.7,3.4,148
2026-09-12,15:39:57,BAW5DW,,,British Airways,landing,arrivee,625,273.2,93.6,5.28,39.82,3.4,148
2026-09-12,15:42:42,TAP90EH,CS-TVF,Airbus A320neo,TAP Air Portugal,landing,arrivee,600,265.6,90.5,6.04,34.01,3.4,148
2026-09-12,15:45:28,TAP931L,CS-TVD,Airbus A320neo,TAP Air Portugal,landing,arrivee,575,277.2,92.2,5.92,41.63,3.4,148
2026-09-12,15:48:14,TAP10NL,CS-TPZ,Embraer E190,TAP Air Portugal,landing,arrivee,575,267.2,92.7,5.45,36.21,3.9,158
2026-09-12,15:51:01,4952d1,,,,cruise,,625,0.0,90.6,5.56,36.24,3.9,158
2026-09-12,15:53:39,TAP75CH,,,TAP Air Portugal,landing,arrivee,600,294.8,90.7,5.96,40.24,3.9,158
2026-09-12,15:57:02,495038,,,TAP Air Portugal,landing,arrivee,625,287.2,92.7,7.06,38.52,3.9,158
2026-09-12,16:02:42,TAP084,CS-TUO,Airbus A330-900neo,TAP Air Portugal,landing,arrivee,575,283.0,96.0,5.97,64.34,3.8,163
2026-09-12,16:07:59,49514a,CS-TJJ,Airbus A321neo,TAP Air Portugal,landing,arrivee,600,263.2,95.0,5.06,37.94,3.8,163
2026-09-12,16:10:45,495303,CS-TXC,Airbus A321neo,TAP Air Portugal,cruise,,700,0.0,93.2,4.96,39.41,3.8,163
2026-09-12,16:13:39,440c33,OE-LSK,Airbus A320neo,easyJet Europe,landing,arrivee,625,278.9,94.7,5.43,36.85,3.8,163
2026-09-12,16:16:27,495290,CS-TTP,Airbus A319,TAP Air Portugal,landing,arrivee,625,270.8,95.2,5.96,45.15,3.3,174
2026-09-12,16:19:17,344213,EC-LPG,Bombardier CRJ-1000,Air Nostrum,landing,arrivee,625,269.7,91.1,3.91,32.84,3.3,174
2026-09-12,16:21:59,TAP120R,,,TAP Air Portugal,landing,arrivee,575,290.6,94.0,5.27,46.05,3.3,174
2026-09-12,16:25:12,TAP71VE,,,TAP Air Portugal,landing,arrivee,625,283.0,91.0,5.81,32.15,3.3,174
2026-09-12,16:28:05,TAP83RS,CS-TJH,Airbus A321,TAP Air Portugal,landing,arrivee,600,297.2,96.6,5.56,72.68,3.3,174
2026-09-12,16:30:41,TAP56DT,CS-TNU,Airbus A320,TAP Air Portugal,landing,arrivee,600,266.5,94.5,6.56,45.59,3.3,174
2026-09-12,16:33:12,TAP433,CS-TVC,Airbus A320neo,TAP Air Portugal,landing,arrivee,600,258.9,92.1,5.92,28.88,3.0,194
2026-09-12,16:35:52,4d2210,9H-QBT,Boeing 737-800,Malta Air,landing,arrivee,600,293.0,96.2,5.56,68.29,3.0,194
2026-09-12,16:38:44,SWR32F,HB-JCN,C Series 300,Swiss,landing,arrivee,600,271.3,91.4,4.55,40.43,3.0,194
2026-09-12,16:41:24,EWG36AZ,D-AEEE,Airbus A321,Eurowings,landing,arrivee,575,272.1,92.4,5.43,40.46,3.0,194
2026-09-12,16:43:58,TAP1359,CS-TVA,Airbus A320neo,TAP Air Portugal,landing,arrivee,650,260.8,92.1,5.92,39.53,3.0,194
2026-09-12,16:46:41,RYR5KT,EI-EXD,Boeing 737-800,Ryanair,landing,arrivee,550,298.0,95.8,5.67,55.01,2.3,219
2026-09-12,16:49:47,TAP1929,CS-TPP,Embraer E190,TAP Air Portugal,landing,arrivee,600,254.8,94.2,6.44,46.4,2.3,219
2026-09-12,16:52:14,LOT4HT,SP-LVF,Boeing 737 MAX 8,LOT Polish Airlines,landing,arrivee,575,298.2,92.9,5.96,40.59,2.3,219
2026-09-12,16:54:39,39d30d,,,Transavia France,landing,arrivee,600,285.6,97.5,6.2,68.8,2.3,219
2026-09-12,16:57:58,RYR977W,EI-ENF,Boeing 737-800,Ryanair,landing,arrivee,600,283.7,95.0,6.09,46.56,2.3,219
2026-09-12,17:00:48,EZY35DC,G-UZHY,Airbus A320neo,easyJet,landing,arrivee,600,279.7,89.8,5.43,37.28,2.3,219
2026-09-12,17:03:15,EWG25P,D-AIDP,Airbus A321,Eurowings,landing,arrivee,575,294.8,94.5,6.08,44.34,2.6,254
2026-09-12,17:06:11,4952c8,CS-TVH,Airbus A320neo,TAP Air Portugal,landing,arrivee,600,256.5,90.6,5.84,36.23,2.6,254
2026-09-12,17:08:35,TAP15NC,CS-TXE,Airbus A321neo,TAP Air Portugal,landing,arrivee,600,273.9,92.7,5.03,45.23,2.6,254
2026-09-12,17:26:01,495152,CS-TJR,Airbus A321neo,TAP Air Portugal,landing,arrivee,600,266.5,90.7,5.58,45.03,3.7,281
2026-09-12,17:35:49,EJU45HZ,,,easyJet Europe,landing,arrivee,575,249.1,92.1,4.92,35.95,5.2,304
2026-09-12,17:37:51,39bdaf,,,,landing,arrivee,600,251.5,91.3,4.91,42.72,5.2,304
2026-09-12,17:40:21,484506,PH-HZO,Boeing 737-800,Transavia,landing,arrivee,625,291.3,95.3,5.09,52.86,5.2,304
2026-09-12,17:43:05,RYR55AR,EI-GXL,Boeing 737-800,Ryanair,landing,arrivee,600,283.0,97.0,5.44,60.81,5.2,304
2026-09-12,17:46:11,RYR3RB,EI-DWA,Boeing 737-800,Ryanair,landing,arrivee,525,278.9,95.8,3.87,93.54,7.1,315
2026-09-12,17:49:06,0201d1,,,,landing,arrivee,575,283.7,91.0,4.31,65.0,7.1,315
2026-09-12,17:51:50,408227,,,,landing,arrivee,625,247.2,92.7,6.04,43.07,7.1,315
2026-09-12,17:54:24,3475c9,,,,landing,arrivee,675,279.7,96.2,6.8,61.73,7.1,315
2026-09-12,17:56:50,RYR14SC,EI-DLV,Boeing 737-800,Ryanair,landing,arrivee,600,282.1,93.2,5.93,70.54,7.1,315
2026-09-12,17:59:40,34744c,EC-NYE,Airbus A321,Vueling,landing,arrivee,625,249.1,92.6,5.85,53.79,7.1,315
2026-09-12,18:02:05,4cae98,,,,landing,arrivee,575,285.6,90.4,4.91,61.22,8.9,320
2026-09-12,18:04:48,49514c,CS-TJL,Airbus A321neo,TAP Air Portugal,landing,arrivee,625,268.0,90.5,5.2,34.86,8.9,320
2026-09-12,18:07:47,39de53,,,,landing,arrivee,625,247.2,90.3,5.93,35.43,8.9,320
2026-09-12,18:10:11,VLG7PA,EC-MNZ,Airbus A320,Vueling,landing,arrivee,600,254.8,93.8,4.91,35.89,8.9,320
2026-09-12,18:12:35,TAP435,CS-TVG,Airbus A320neo,TAP Air Portugal,landing,arrivee,600,263.2,90.7,4.43,35.07,8.9,320
2026-09-12,18:16:05,495149,CS-TJI,Airbus A321neo,TAP Air Portugal,landing,arrivee,650,244.8,88.5,5.44,36.35,10.0,322
2026-09-12,18:18:40,34654b,EC-NLJ,Airbus A321,Privilege Style,landing,arrivee,650,274.8,93.3,5.44,42.6,10.0,322
2026-09-12,18:21:07,405d0f,G-EZDV,Airbus A319,easyJet,landing,arrivee,675,257.2,93.0,4.3,48.94,10.0,322
2026-09-12,18:23:52,NJE367H,CS-PHW,EMB-505 Phenom 300,NetJets,landing,arrivee,700,218.2,85.1,2.62,14.97,10.0,322
2026-09-12,18:26:28,4952b1,CS-TUQ,Airbus A330-900neo,TAP Air Portugal,landing,arrivee,625,263.2,96.5,7.33,66.13,10.0,322
2026-09-12,18:29:16,4951d6,CS-TNV,Airbus A320,TAP Air Portugal,landing,arrivee,625,249.1,95.3,5.27,59.39,10.0,322
2026-09-12,18:32:06,495037,,,TAP Air Portugal,landing,arrivee,600,265.6,94.1,5.67,39.92,10.8,323
2026-09-12,18:34:42,4952c9,CS-TVI,Airbus A320neo,TAP Air Portugal,landing,arrivee,600,264.1,93.1,4.43,42.96,10.8,323
2026-09-12,18:37:20,495170,CS-TKP,Airbus A320,TAP Air Portugal,landing,arrivee,650,255.6,94.2,6.32,54.91,10.8,323
2026-09-12,18:39:57,4d2217,9H-QBL,Boeing 737-800,Malta Air,landing,arrivee,575,285.2,95.4,6.44,46.7,10.8,323
2026-09-12,18:42:47,495217,CS-TPW,Embraer E190,TAP Air Portugal,landing,arrivee,600,249.8,93.8,6.97,52.6,10.8,323
2026-09-12,18:45:26,TRA55J,,,,landing,arrivee,625,278.9,91.0,5.48,31.94,10.8,323
2026-09-12,18:50:15,TAP1065,CS-TPV,Embraer E190,TAP Air Portugal,landing,arrivee,575,245.6,90.6,4.55,39.26,11.1,324
2026-09-12,18:52:40,BEL2DT,OO-TCQ,Airbus A320,Brussels Airlines,landing,arrivee,600,270.8,93.1,5.55,45.51,11.1,324
2026-09-12,18:56:57,RYR59QQ,EI-IFX,Boeing 737 MAX 8,Ryanair,landing,arrivee,600,283.7,94.3,5.42,66.8,11.1,324
2026-09-12,18:59:56,471d65,,,,landing,arrivee,625,249.8,90.9,5.41,39.42,11.1,324
2026-09-12,19:02:55,440db0,OE-IDX,Airbus A320,easyJet Europe,landing,arrivee,650,253.2,91.5,5.32,52.06,11.4,325
2026-09-12,19:05:27,EJU67HP,,,easyJet Europe,landing,arrivee,625,255.6,94.1,5.34,44.92,11.4,325
2026-09-12,19:08:20,TAP10EV,CS-TPQ,Embraer E190,TAP Air Portugal,landing,arrivee,575,238.2,92.1,6.77,48.84,11.4,325
2026-09-12,19:09:57,4952c4,CS-TVD,Airbus A320neo,TAP Air Portugal,landing,arrivee,625,266.5,92.0,4.96,36.09,11.4,325
2026-09-12,19:13:17,495302,CS-TXB,Airbus A321neo,TAP Air Portugal,landing,arrivee,650,243.2,89.8,5.4,38.5,11.4,325
2026-09-12,19:17:18,RYR5BP,EI-DPH,Boeing 737-800,Ryanair,landing,arrivee,625,279.7,95.9,5.03,64.87,11.2,327
2026-09-12,19:19:52,506cb0,,,,landing,arrivee,675,248.0,86.9,3.52,22.39,11.2,327
2026-09-12,19:23:25,495213,CS-TPS,Embraer E190,TAP Air Portugal,landing,arrivee,625,242.4,92.0,6.1,33.51,11.2,327
2026-09-12,19:26:09,RYR40MN,EI-DHZ,Boeing 737-800,Ryanair,landing,arrivee,625,278.2,98.2,5.97,70.24,11.2,327
2026-09-12,19:28:56,486741,,,KLM,landing,arrivee,675,273.2,92.0,4.94,51.16,11.2,327
2026-09-12,19:31:36,EJU19TV,OE-IWW,Airbus A320,easyJet Europe,landing,arrivee,625,243.2,93.8,5.69,49.7,10.4,326
2026-09-12,19:34:21,TAP1478,CS-TVE,Airbus A320neo,TAP Air Portugal,landing,arrivee,575,247.2,91.1,4.65,41.46,10.4,326
2026-09-12,19:37:00,4d227e,9H-QAX,Boeing 737-800,Malta Air,landing,arrivee,600,278.7,96.8,5.95,64.99,10.4,326
2026-09-12,19:43:11,TAP69UX,CS-TNK,Airbus A320,TAP Air Portugal,landing,arrivee,625,253.2,91.6,5.36,53.59,10.4,326
2026-09-12,19:46:01,44cc42,OO-SBB,Airbus A320,Brussels Airlines,landing,arrivee,625,234.8,90.7,5.94,37.95,10.4,326
2026-09-12,19:48:57,UAE5M,A6-EPK,Boeing 777-300ER,Emirates,landing,arrivee,600,271.3,98.2,7.09,81.34,9.4,328
2026-09-12,19:51:47,4951ce,CS-TNN,Airbus A320,TAP Air Portugal,landing,arrivee,625,258.9,93.5,5.5,45.32,9.4,328
2026-09-12,19:55:01,4401e4,OE-LQD,Airbus A319,easyJet Europe,landing,arrivee,650,229.1,96.9,5.97,56.67,9.4,328
2026-09-12,19:58:07,TAP48M,CS-TPR,Embraer E190,TAP Air Portugal,landing,arrivee,575,236.7,91.5,4.82,38.53,9.4,328
2026-09-12,20:00:42,TAP543W,,,TAP Air Portugal,landing,arrivee,575,263.9,92.4,5.44,52.73,9.4,328
2026-09-12,20:04:10,3453cc,EC-MQP,Boeing 737-800,Air Europa,landing,arrivee,600,269.7,97.3,4.95,53.42,8.7,330
2026-09-12,20:06:48,TAP94VA,CS-TVB,Airbus A320neo,TAP Air Portugal,landing,arrivee,625,254.8,89.9,4.52,38.64,8.7,330
2026-09-12,20:09:17,49514d,CS-TJM,Airbus A321neo,TAP Air Portugal,landing,arrivee,850,254.8,88.0,4.84,39.1,8.7,330
2026-09-12,20:12:06,BTI8WF,YL-CSJ,A220 300,Air Baltic,landing,arrivee,650,249.1,88.8,5.03,54.59,8.7,330
2026-09-12,20:14:44,0900bb,D2-TEG,Boeing 777-300ER,TAAG Angola,landing,arrivee,625,264.8,98.2,6.35,103.67,8.7,330
2026-09-12,20:17:55,TAP671,,,TAP Air Portugal,landing,arrivee,600,239.1,90.7,4.68,44.14,8.2,331
2026-09-12,20:20:28,4ca645,EI-DYC,Boeing 737-800,Ryanair,cruise,,600,0.0,95.4,5.96,55.21,8.2,331
2026-09-12,20:23:20,4010ee,G-EZBZ,Airbus A319,easyJet,landing,arrivee,600,247.2,91.6,4.31,40.86,8.2,331
2026-09-12,20:26:09,495297,CS-TTW,Embraer E195,TAP Air Portugal,landing,arrivee,600,253.2,90.4,5.59,52.25,8.2,331
2026-09-12,20:28:54,4d2420,,,,landing,arrivee,675,246.7,91.5,5.6,53.64,8.2,331
2026-09-12,20:31:33,49514e,CS-TJN,Airbus A321neo,TAP Air Portugal,landing,arrivee,650,262.2,93.9,4.39,35.54,7.7,332
2026-09-12,20:34:14,346691,EC-NLX,Airbus A321,Vueling,landing,arrivee,625,255.6,95.2,5.56,81.94,7.7,332
2026-09-12,20:36:52,06a0b1,A7-BCM,Boeing 787-8,Qatar Airways,landing,arrivee,625,268.9,91.7,5.97,66.18,7.7,332
2026-09-12,20:39:33,RYR9PA,EI-DCN,Boeing 737-800,Ryanair,landing,arrivee,600,270.8,97.4,6.27,71.09,7.7,332
2026-09-12,20:42:19,495154,,,,landing,arrivee,650,271.3,92.7,5.06,34.62,7.7,332
2026-09-12,20:45:31,EZY25BM,G-UZHI,Airbus A320neo,easyJet,landing,arrivee,600,255.6,89.5,5.03,40.6,7.7,332
2026-09-12,20:48:08,RYR9QJ,EI-DPF,Boeing 737-800,Ryanair,landing,arrivee,550,272.8,95.7,4.94,63.18,7.2,333
2026-09-12,20:51:43,TAP403Z,CS-TTZ,Embraer E195,TAP Air Portugal,landing,arrivee,575,251.5,90.3,4.93,46.56,7.2,333
2026-09-12,20:55:43,4bb86e,TC-NCN,Airbus A320neo,Pegasus,cruise,,625,0.0,91.8,5.39,37.32,7.2,333
2026-09-12,20:58:24,RYR85MR,,,Ryanair,landing,arrivee,625,275.6,92.9,5.31,54.33,7.2,333
2026-09-12,21:01:38,EJU36BG,OE-LSR,Airbus A320,easyJet Europe,landing,arrivee,600,254.8,91.1,4.42,32.3,6.8,335
2026-09-12,21:04:25,49526d,CS-TSM,Airbus A320,TAP Air Portugal,landing,arrivee,625,258.9,88.4,4.43,44.06,6.8,335
2026-09-12,21:08:35,TAP1692,CS-TPO,Embraer E190,TAP Air Portugal,landing,arrivee,575,238.2,90.7,4.87,50.47,6.8,335
2026-09-12,21:11:14,495219,CS-TPY,Embraer E190,TAP Air Portugal,landing,arrivee,625,230.8,88.2,4.51,45.66,6.8,335
2026-09-12,21:14:11,49514b,CS-TJK,Airbus A321neo,TAP Air Portugal,approach,arrivee,650,236.7,90.6,6.19,39.17,6.8,335
2026-09-12,21:16:56,440c33,OE-LSK,Airbus A320neo,easyJet Europe,landing,arrivee,650,234.8,88.2,5.8,37.87,6.3,336
2026-09-12,21:19:20,WJA32,C-FKWS,Boeing 737-700,WestJet,landing,arrivee,625,263.2,90.2,5.91,44.02,6.3,336
2026-09-12,21:22:29,345313,EC-MOG,Airbus A320,Vueling,landing,arrivee,600,249.1,94.5,5.42,49.0,6.3,336
2026-09-12,21:25:05,4951d4,CS-TNT,Airbus A320,TAP Air Portugal,landing,arrivee,625,247.2,96.0,5.2,50.41,6.3,336
2026-09-12,21:27:58,RZO142,CS-TKQ,Airbus A320,TAP Air Portugal,landing,arrivee,625,249.1,94.4,5.43,69.2,6.3,336
2026-09-12,21:30:41,TAP57W,CS-TVL,Airbus A320,TAP Air Portugal,landing,arrivee,625,233.2,91.7,5.57,39.72,6.3,336
2026-09-12,21:33:37,TAP473H,CS-TPX,Embraer E190,TAP Air Portugal,landing,arrivee,600,226.5,89.8,4.8,55.57,5.8,338
2026-09-12,21:36:13,FIA5811,,,Fly One,landing,arrivee,600,253.9,93.5,5.56,66.12,5.8,338
2026-09-12,21:38:46,4952cf,,,TAP Air Portugal,landing,arrivee,625,238.2,92.2,4.79,49.67,5.8,338
2026-09-12,21:40:23,4ca935,EI-DVL,Airbus A320,Aer Lingus,landing,arrivee,625,253.2,91.0,5.44,60.01,5.8,338
2026-09-12,21:43:04,4d2416,9H-EWD,Airbus A320,Lauda Europe,cruise,,650,0.0,92.3,5.44,56.24,5.8,338
2026-09-12,21:46:11,VJT517,,,,landing,arrivee,650,219.1,89.3,2.66,35.81,5.8,338
2026-09-12,21:48:51,3444cf,EC-LZN,Airbus A320,Vueling,cruise,,575,0.0,89.1,5.03,76.91,5.4,340
2026-09-12,21:51:24,440d10,OE-IBS,Airbus A320,easyJet Europe,landing,arrivee,675,245.6,91.9,5.83,52.66,5.4,340
2026-09-12,21:54:23,LZB563,LZ-ROM,A220-300,Bulgaria Air,landing,arrivee,625,229.1,89.2,5.92,53.01,5.4,340
2026-09-12,21:56:13,4400dc,,,easyJet Europe,landing,arrivee,575,250.8,93.5,5.17,56.06,5.4,340
2026-09-12,21:59:20,TAP827V,CS-TTS,Airbus A319,TAP Air Portugal,landing,arrivee,575,239.8,90.2,5.58,49.47,5.4,340
2026-09-12,22:01:21,DLH34J,D-AINM,Airbus A320neo,Lufthansa,landing,arrivee,600,234.8,89.0,5.46,40.5,4.9,343
2026-09-12,22:03:41,4c01e4,YU-APE,Airbus A319,Air Serbia,landing,arrivee,625,229.1,91.8,5.43,46.81,4.9,343
2026-09-12,22:05:57,LBT6148,TS-INE,Airbus A320,Nouvelair Tunisie,landing,arrivee,575,240.8,92.8,5.07,64.07,4.9,343
2026-09-12,22:07:51,495214,CS-TPT,Embraer E190,TAP Air Portugal,landing,arrivee,600,219.1,89.2,4.67,39.06,4.9,343
2026-09-12,22:09:52,TAP555,,,TAP Air Portugal,landing,arrivee,625,239.1,91.2,4.91,36.15,4.9,343
2026-09-12,22:11:33,SAS2801,SE-RZX,Airbus A320,SAS Scandinavian,landing,arrivee,600,228.4,91.1,4.96,42.99,4.9,343
2026-09-12,22:14:24,495292,CS-TTR,Airbus A319,TAP Air Portugal,landing,arrivee,600,240.0,90.8,4.4,38.79,4.9,343
2026-09-12,22:17:12,AFR64PQ,F-GKXY,Airbus A320,Air France,landing,arrivee,575,261.5,90.1,5.57,52.67,4.6,342
2026-09-12,22:19:38,4951d9,CS-TNY,Airbus A320,TAP Air Portugal,landing,arrivee,600,255.6,94.7,5.19,67.68,4.6,342
2026-09-12,22:22:19,3c6664,D-AISD,Airbus A321,Lufthansa,landing,arrivee,625,274.8,94.9,6.23,83.94,4.6,342
2026-09-12,22:25:20,49521a,CS-TPZ,Embraer E190,TAP Air Portugal,landing,arrivee,575,222.6,89.5,6.2,38.66,4.6,342
2026-09-12,22:28:09,495215,CS-TPU,Embraer E190,TAP Air Portugal,landing,arrivee,600,220.8,86.8,6.03,38.05,4.6,342
2026-09-12,22:30:39,4cafd1,EI-GXL,Boeing 737-800,Ryanair,cruise,,600,0.0,93.0,5.07,85.85,4.6,342
2026-09-12,22:33:22,TAP37CN,,,TAP Air Portugal,landing,arrivee,600,242.4,90.5,4.4,52.03,4.6,342
2026-09-12,22:37:52,EJU97HA,OE-IBF,Airbus A320,easyJet Europe,landing,arrivee,625,249.1,94.7,5.95,60.73,4.6,342
2026-09-12,22:40:10,4952cb,CS-TVK,Airbus A320neo,TAP Air Portugal,landing,arrivee,625,246.7,89.9,4.8,34.24,4.6,342
2026-09-12,22:42:56,495299,CS-TTY,Embraer E195,TAP Air Portugal,landing,arrivee,575,247.2,93.3,4.32,44.64,4.6,342
2026-09-12,22:45:52,39ceb9,F-HTVZ,Boeing 737-800,Transavia France,landing,arrivee,625,252.2,91.8,6.44,62.62,4.6,342
2026-09-12,22:48:53,RYR98HW,EI-IJE,Boeing 737 MAX 8,Ryanair,landing,arrivee,550,276.5,92.7,4.82,44.39,4.2,340
2026-09-12,22:51:37,TVF34QV,F-GZHR,Boeing 737-800,Transavia France,landing,arrivee,550,258.9,92.1,5.56,66.67,4.2,340
2026-09-12,22:54:17,EJU69VE,,,easyJet Europe,landing,arrivee,625,231.9,89.1,4.41,35.06,4.2,340
2026-09-12,22:57:01,440cc1,OE-LSP,Airbus A320,easyJet Europe,cruise,,600,0.0,88.0,4.8,41.88,4.2,340
2026-09-12,22:59:53,BAW508,G-NEOU,Airbus A321neo,British Airways,landing,arrivee,625,239.1,93.9,4.8,43.16,4.2,340
2026-09-12,23:02:02,486897,,,KLM,cruise,,825,0.0,89.8,4.39,36.32,4.3,336
2026-09-12,23:05:37,4951cc,CS-TNL,Airbus A320,TAP Air Portugal,landing,arrivee,575,256.3,93.0,5.59,63.42,4.3,336
2026-09-12,23:07:27,3c6485,D-AIDE,Airbus A321,Lufthansa,cruise,,800,0.0,93.5,5.2,56.66,4.3,336
2026-09-12,23:11:23,TAP64M,CS-TJJ,Airbus A321neo,TAP Air Portugal,landing,arrivee,575,258.9,93.3,4.68,41.05,4.3,336
2026-09-12,23:14:26,46b8b3,,,,landing,arrivee,625,233.2,93.0,4.92,46.17,4.3,336
2026-09-12,23:16:07,TAP43RY,CS-TNR,Airbus A320,TAP Air Portugal,landing,arrivee,550,239.1,94.1,6.23,57.02,4.3,336
2026-09-12,23:18:56,TAP1738,CS-TJH,Airbus A321,TAP Air Portugal,landing,arrivee,600,264.8,93.7,5.43,69.68,4.2,329
2026-09-12,23:21:44,SWR755L,HB-IOM,Airbus A321,Swiss,cruise,,625,0.0,94.7,6.56,50.58,4.2,329
2026-09-12,23:27:12,RYR6GN,EI-DPV,Boeing 737-800,Ryanair,landing,arrivee,650,250.8,91.0,6.44,68.29,4.2,329
2026-09-12,23:32:01,HFM003P,9H-MIR,Challenger 604,HiFly Malta,landing,arrivee,675,198.5,83.7,1.49,21.74,4.4,325
2026-09-12,23:36:34,EJU95BR,OE-IDX,Airbus A320,easyJet Europe,landing,arrivee,550,260.8,90.5,5.43,55.17,4.4,325
2026-09-12,23:53:26,TAP39PT,,,TAP Air Portugal,landing,arrivee,575,268.9,92.4,5.55,71.76,4.3,318
2026-09-12,23:56:04,IBE0539,EC-NTQ,Airbus A320neo,Iberia,landing,arrivee,575,228.4,90.9,4.41,33.23,4.3,318
2026-09-13,01:29:25,495146,CS-TJF,Airbus A321,TAP Air Portugal,landing,arrivee,575,275.8,94.2,6.67,76.87,3.3,319
2026-09-13,01:31:21,495170,CS-TKP,Airbus A320,TAP Air Portugal,landing,arrivee,625,249.8,93.4,5.69,54.37,3.3,319
2026-09-13,02:12:47,TAP1693,,,TAP Air Portugal,landing,arrivee,600,261.5,91.6,5.06,41.91,2.9,330
2026-09-13,04:49:58,TAP232Y,CS-TXH,Airbus A321neo,TAP Air Portugal,landing,arrivee,600,249.8,91.5,4.38,37.55,1.6,333
2026-09-13,05:02:37,4952a8,CS-TUH,Airbus A330-900neo,TAP Air Portugal,landing,arrivee,675,260.8,97.7,7.56,89.45,2.1,329
2026-09-13,05:07:09,49530a,CS-TXJ,Airbus A321neo,TAP Air Portugal,landing,arrivee,600,253.2,91.8,4.55,37.5,2.1,329
2026-09-13,05:09:07,TAP082,CS-TUB,Airbus A330-900neo,TAP Air Portugal,landing,arrivee,675,251.5,94.5,8.46,87.67,2.1,329
2026-09-13,05:11:35,49530b,CS-TXK,Airbus A321,TAP Air Portugal,landing,arrivee,625,230.8,93.6,5.56,48.86,2.1,329
2026-09-13,05:18:17,TAP224,CS-TUC,Airbus A330-900neo,TAP Air Portugal,landing,arrivee,600,247.2,94.6,7.58,70.18,1.8,307
2026-09-13,05:28:41,495301,CS-TXA,Airbus A321neo,TAP Air Portugal,cruise,,675,0.0,93.2,5.18,34.25,1.8,307
2026-09-13,05:31:45,49530c,,,TAP Air Portugal,landing,arrivee,600,240.8,91.1,5.43,56.21,1.5,256
2026-09-13,05:50:38,TAP1937,CS-TNL,Airbus A320,TAP Air Portugal,landing,arrivee,625,231.5,93.7,8.13,63.86,2.5,225
2026-09-13,05:53:18,49514c,CS-TJL,Airbus A321neo,TAP Air Portugal,landing,arrivee,575,231.5,94.3,5.56,30.45,2.5,225
2026-09-13,06:01:46,495149,CS-TJI,Airbus A321neo,TAP Air Portugal,landing,arrivee,650,253.2,96.0,5.56,43.83,3.3,221
2026-09-13,06:04:30,495153,,,TAP Air Portugal,landing,arrivee,625,254.8,91.1,5.44,40.16,3.3,221
2026-09-13,06:11:37,TAP058,CS-TUF,Airbus A330-900neo,TAP Air Portugal,landing,arrivee,625,250.8,95.4,6.81,92.87,3.3,221
2026-09-13,06:14:38,495218,CS-TPX,Embraer E190,TAP Air Portugal,cruise,,600,0.0,92.5,5.96,52.84,3.3,221
2026-09-13,06:18:22,4d2215,9H-QBS,Boeing 737-800,Malta Air,landing,arrivee,550,261.5,94.3,6.59,64.75,3.6,225
2026-09-13,06:34:37,4952ac,CS-TUL,Airbus A330-900neo,TAP Air Portugal,landing,arrivee,600,239.1,95.9,8.34,53.96,3.9,236
2026-09-13,06:42:30,c06aaa,,,,landing,arrivee,625,239.8,93.1,5.8,57.75,3.9,236
2026-09-13,06:45:56,TAP1908,,,TAP Air Portugal,landing,arrivee,575,259.7,92.7,4.51,32.9,3.9,236
2026-09-13,06:50:26,4951d4,CS-TNT,Airbus A320,TAP Air Portugal,landing,arrivee,600,247.2,94.8,6.44,56.15,3.9,248
2026-09-13,06:53:31,TAP1941,CS-TNK,Airbus A320,TAP Air Portugal,landing,arrivee,600,239.1,97.3,7.73,69.92,3.9,248
2026-09-13,06:56:17,495211,CS-TPQ,Embraer E190,TAP Air Portugal,landing,arrivee,600,235.2,92.5,5.96,53.1,3.9,248
2026-09-13,07:00:33,AEA1159,EC-LXV,Boeing 737-800,Air Europa,landing,arrivee,600,254.7,93.1,6.08,87.2,3.9,248
2026-09-13,07:03:23,4951d8,CS-TNX,Airbus A320,TAP Air Portugal,landing,arrivee,600,249.8,92.4,5.43,46.07,3.8,253
2026-09-13,07:06:01,090150,,,,landing,arrivee,575,268.9,95.5,6.1,59.43,3.8,253
2026-09-13,07:10:08,ETD7LG,A6-BLZ,Boeing 787-9,Etihad Airways,landing,arrivee,525,275.6,94.7,5.92,54.02,3.8,253
2026-09-13,07:13:07,TAP40MR,CS-TPS,Embraer E190,TAP Air Portugal,landing,arrivee,525,230.8,94.7,6.14,37.86,3.8,253
2026-09-13,07:16:10,AZU8750,,,Azul,landing,arrivee,550,239.1,103.1,8.63,85.59,3.8,253
2026-09-13,07:18:35,4952aa,CS-TUJ,Airbus A330-900neo,TAP Air Portugal,landing,arrivee,675,255.6,94.0,7.96,57.47,4.1,255
2026-09-13,07:21:20,TAP98CX,CS-TJN,Airbus A321neo,TAP Air Portugal,landing,arrivee,550,264.8,93.5,5.32,37.48,4.1,255
2026-09-13,07:23:51,4951d6,CS-TNV,Airbus A320,TAP Air Portugal,cruise,,600,0.0,99.5,6.43,61.45,4.1,255
2026-09-13,07:26:47,TAP901,,,TAP Air Portugal,landing,arrivee,575,234.8,90.5,5.48,41.99,4.1,255
2026-09-13,07:29:21,TAP945,CS-TJR,Airbus A321neo,TAP Air Portugal,landing,arrivee,575,229.1,92.8,5.27,34.91,4.1,255
2026-09-13,07:32:22,TAP85CE,CS-TPZ,Embraer E190,TAP Air Portugal,landing,arrivee,575,234.8,93.5,6.43,51.89,4.0,260
2026-09-13,07:34:55,4952c7,CS-TVG,Airbus A320neo,TAP Air Portugal,landing,arrivee,575,229.1,91.0,5.41,37.88,4.0,260
2026-09-13,07:36:44,TAP9ML,CS-TVB,Airbus A320neo,TAP Air Portugal,landing,arrivee,575,250.8,89.2,4.88,43.5,4.0,260
2026-09-13,07:44:37,495155,,,,landing,arrivee,575,258.9,93.5,4.39,39.08,4.0,260
2026-09-13,07:47:07,4952c4,CS-TVD,Airbus A320neo,TAP Air Portugal,landing,arrivee,725,236.7,93.0,6.33,39.41,3.7,259
2026-09-13,07:50:13,495217,CS-TPW,Embraer E190,TAP Air Portugal,landing,arrivee,625,227.4,91.3,6.6,42.96,3.7,259
2026-09-13,07:52:36,e48189,PT-MUA,Boeing 777-300ER,LATAM Airlines,landing,arrivee,675,263.2,100.3,7.56,69.05,3.7,259
2026-09-13,07:57:54,495290,CS-TTP,Airbus A319,TAP Air Portugal,landing,arrivee,600,240.8,90.0,5.43,68.48,3.7,259
2026-09-13,08:02:38,495216,CS-TPV,Embraer E190,TAP Air Portugal,landing,arrivee,550,225.0,92.1,6.72,56.08,3.7,259
2026-09-13,08:05:17,UAL64,N14016,Boeing 787-10,United Airlines,landing,arrivee,525,268.9,94.0,6.56,55.18,3.7,259
2026-09-13,08:07:44,VLG46AX,EC-JZI,Airbus A320,Vueling,landing,arrivee,675,249.1,94.7,7.46,68.32,3.7,259
2026-09-13,08:09:30,495150,CS-TJP,Airbus A321neo,TAP Air Portugal,landing,arrivee,675,253.2,91.0,5.55,35.84,3.7,259
2026-09-13,08:12:15,4b1a1e,HB-JXE,Airbus A320,Austrian Airlines,landing,arrivee,600,250.8,95.2,5.92,51.58,3.7,259
2026-09-13,08:15:18,TAP244,CS-TUE,Airbus A330-900neo,TAP Air Portugal,landing,arrivee,550,239.8,96.7,8.47,65.26,3.7,259
2026-09-13,08:17:51,TAP006,CS-TXD,Airbus A321neo,TAP Air Portugal,landing,arrivee,575,243.5,97.0,6.09,38.79,3.3,264
2026-09-13,08:20:36,3c49cb,D-ABNK,Airbus A320,Eurowings,landing,arrivee,575,243.9,94.9,7.1,74.51,3.3,264
2026-09-13,08:23:21,EJU64TB,OE-IJH,Airbus A320,easyJet Europe,landing,arrivee,525,229.8,90.1,7.08,57.03,3.3,264
2026-09-13,08:25:59,4952cd,,,TAP Air Portugal,landing,arrivee,575,235.6,90.6,4.92,35.57,3.3,264
2026-09-13,08:28:48,DAL272,,,Delta Air Lines,landing,arrivee,550,251.5,97.1,7.21,67.07,3.3,264
2026-09-13,08:31:30,TAP56DP,,,TAP Air Portugal,landing,arrivee,450,264.8,90.5,2.53,46.2,3.3,264
2026-09-13,08:34:57,TAP63GL,CS-TVI,Airbus A320neo,TAP Air Portugal,landing,arrivee,575,229.1,89.5,5.07,39.91,3.3,264
2026-09-13,08:37:33,TAP53EI,,,TAP Air Portugal,landing,arrivee,550,264.8,92.1,4.66,37.03,3.3,264
2026-09-13,08:40:38,39dd01,,,,landing,arrivee,600,253.2,87.3,4.92,34.15,3.3,264
2026-09-13,08:43:55,AFR35VY,F-GKXJ,Airbus A320,Air France,landing,arrivee,575,251.5,97.4,5.93,56.03,3.3,264
2026-09-13,08:47:35,AAL258,N836AA,Boeing 787-9,American Airlines,landing,arrivee,525,273.2,91.5,6.16,55.63,2.5,270
2026-09-13,08:54:27,4952c8,CS-TVH,Airbus A320neo,TAP Air Portugal,landing,arrivee,675,270.8,88.2,5.43,41.85,2.5,270
2026-09-13,08:57:52,4952c6,CS-TVF,Airbus A320neo,TAP Air Portugal,cruise,,575,0.0,89.8,6.41,56.75,2.5,270
2026-09-13,09:00:40,EZY25MD,G-UZLF,Airbus A320neo,easyJet,landing,arrivee,750,263.9,89.5,4.39,40.21,2.5,270
2026-09-13,09:03:23,4caa60,EI-EXE,Boeing 737-800,Ryanair,landing,arrivee,575,279.7,93.9,5.47,58.76,2.2,270
2026-09-13,09:06:28,406fda,G-EZPD,Airbus A320,easyJet,landing,arrivee,525,263.9,94.1,5.44,46.84,2.2,270
2026-09-13,09:08:52,NSZ3616,,,,landing,arrivee,525,283.7,92.4,4.91,46.7,2.2,270
2026-09-13,09:17:55,48af01,SP-LVB,Boeing 737 MAX 8,Buzz,landing,arrivee,525,290.6,90.4,4.79,39.62,1.4,270
2026-09-13,09:20:38,RYR4ZF,9H-VUO,Boeing 737 MAX 8,Malta Air,landing,arrivee,500,283.7,90.8,4.92,39.98,1.4,270
2026-09-13,09:22:15,THY3WE,TC-LSB,Airbus A321neo,Turkish Airlines,landing,arrivee,725,254.8,92.3,5.31,44.79,1.4,270
2026-09-13,09:33:58,4952c1,CS-TVA,Airbus A320neo,TAP Air Portugal,landing,arrivee,575,250.8,88.7,4.39,45.46,0.8,243
2026-09-13,09:37:12,TSC480,,,Air Transat,landing,arrivee,525,256.5,93.6,7.57,52.5,0.8,243
2026-09-13,09:40:09,3480ce,,,,landing,arrivee,525,253.9,98.6,6.92,63.26,0.8,243
2026-09-13,09:42:55,4cad7e,,,,landing,arrivee,525,254.8,89.8,5.44,32.71,0.8,243
2026-09-13,09:45:12,4076cd,G-TTNJ,Airbus A320neo,British Airways,landing,arrivee,775,273.2,87.9,4.9,32.37,0.8,243
2026-09-13,09:51:06,4952a4,CS-TUD,Airbus A330-900neo,TAP Air Portugal,landing,arrivee,725,282.1,93.9,7.57,64.29,0.4,180
2026-09-13,09:54:26,TAP1921,CS-TTW,Embraer E195,TAP Air Portugal,landing,arrivee,475,265.6,93.0,6.32,43.09,0.4,180
2026-09-13,10:05:00,EJU7690,,,easyJet Europe,landing,arrivee,525,278.9,89.6,5.21,37.64,1.0,135
2026-09-13,10:07:35,TAP216L,CS-TXC,Airbus A321neo,TAP Air Portugal,landing,arrivee,725,285.6,89.6,5.17,41.94,1.0,135
2026-09-13,10:11:08,3c6647,D-AIRG,Legacy 650 E,Air Hamburg GmbH,cruise,,575,0.0,82.9,3.27,29.66,1.0,135
2026-09-13,10:15:23,49514f,CS-TJO,Airbus A321neo,TAP Air Portugal,cruise,,775,0.0,91.2,4.4,29.62,1.0,135
2026-09-13,10:19:16,4952c3,CS-TVC,Airbus A320neo,TAP Air Portugal,landing,arrivee,550,259.7,88.1,4.79,41.88,1.5,135
2026-09-13,10:24:54,405b67,G-EZDN,Airbus A319,easyJet,landing,arrivee,600,262.4,95.3,6.44,55.03,1.5,135
2026-09-13,10:27:43,TAP210,CS-TOO,Airbus A330-200,TAP Air Portugal,landing,arrivee,525,262.8,93.1,7.87,69.44,1.5,135
2026-09-13,10:30:14,495307,CS-TXG,Airbus A321neo,TAP Air Portugal,cruise,,550,0.0,91.3,5.12,45.37,1.5,135
2026-09-13,10:34:13,RYR3WD,,,Ryanair,landing,arrivee,500,288.7,91.7,4.87,35.0,2.0,135
2026-09-13,10:37:03,4952b2,CS-TUR,Airbus A330-900neo,TAP Air Portugal,landing,arrivee,600,270.0,93.1,7.56,51.63,2.0,135
2026-09-13,10:39:59,495212,CS-TPR,Embraer E190,TAP Air Portugal,landing,arrivee,500,258.9,92.0,4.43,44.08,2.0,135
2026-09-13,10:42:02,4952ab,CS-TUK,Airbus A330-900neo,TAP Air Portugal,landing,arrivee,700,289.8,97.2,7.34,62.22,2.0,135
2026-09-13,10:45:18,c01754,C-FIVR,Boeing 777-300ER,Air Canada,landing,arrivee,525,289.7,101.3,7.32,71.93,2.0,135
2026-09-13,10:47:44,AEA1153,EC-LPR,Boeing 737-800,Air Europa,landing,arrivee,475,288.0,93.1,4.51,60.83,2.0,135
2026-09-13,10:50:39,KLM1579,,,KLM,landing,arrivee,550,263.2,90.8,5.55,44.24,2.0,135
2026-09-13,10:53:16,495293,CS-TTS,Airbus A319,TAP Air Portugal,landing,arrivee,525,255.6,94.5,5.96,49.62,1.8,143
2026-09-13,10:55:12,DAL124,,,Delta Air Lines,landing,arrivee,525,278.2,94.3,7.09,56.81,1.8,143
2026-09-13,10:57:44,44cdcd,OO-SNM,Airbus A320,Brussels Airlines,landing,arrivee,525,267.2,94.1,6.16,54.8,1.8,143
2026-09-13,11:00:07,4ca708,EI-EBL,Boeing 737-800,Ryanair,landing,arrivee,550,283.0,96.6,5.55,87.26,1.8,143
2026-09-13,11:04:01,a2a915,N27015,Boeing 777-200,United Airlines,landing,arrivee,575,290.6,97.9,7.1,86.89,2.1,149
2026-09-13,11:06:40,49514a,CS-TJJ,Airbus A321neo,TAP Air Portugal,landing,arrivee,525,269.7,92.8,4.91,33.85,2.1,149
2026-09-13,11:09:10,ELN201,5N-EGL,Challenger 604,Elin Group Ltd,landing,arrivee,500,258.4,89.0,3.3,33.22,2.1,149
2026-09-13,11:11:27,440d10,OE-IBS,Airbus A320,easyJet Europe,cruise,,700,0.0,89.9,4.14,60.13,2.1,149
2026-09-13,11:15:10,49530d,CS-TXM,Airbus A321,TAP Air Portugal,landing,arrivee,525,269.7,91.4,5.69,46.01,2.1,149
2026-09-13,11:19:43,AFR41GW,,,Air France,landing,arrivee,525,260.8,92.1,4.94,36.55,2.4,153
2026-09-13,11:24:23,DLH39X,D-AIEB,Airbus A321neo,Lufthansa,cruise,,625,0.0,93.9,4.83,36.11,2.4,153
2026-09-13,11:32:04,TAP028,CS-TON,Airbus A330-200,TAP Air Portugal,landing,arrivee,475,283.7,96.5,7.83,70.55,2.6,164
2026-09-13,11:39:29,495155,,,,takeoff,depart,1250,317.8,80.1,1.46,20.95,2.6,164
2026-09-13,11:45:00,VJH724,D-AIRG,Legacy 650 E,Air Hamburg GmbH,takeoff,depart,2450,296.9,66.8,0.0,16.43,2.6,164
2026-09-13,11:50:04,TAP64BR,CS-TXJ,Airbus A321neo,TAP Air Portugal,takeoff,depart,1125,303.4,87.7,4.26,31.0,2.9,173
2026-09-13,11:55:59,RYR22RD,EI-EBL,Boeing 737-800,Ryanair,takeoff,depart,1100,323.4,93.6,7.94,108.68,2.9,173
2026-09-13,11:59:01,AEA41RG,EC-LPR,Boeing 737-800,Air Europa,takeoff,depart,1125,311.3,82.8,0.77,40.42,2.9,173
2026-09-13,12:01:59,TAP231P,CS-TXA,Airbus A321neo,TAP Air Portugal,takeoff,depart,1350,345.4,81.7,0.4,25.6,2.9,173
2026-09-13,12:13:38,c07a0f,,,,takeoff,depart,1175,319.8,90.4,8.23,59.56,3.2,180
2026-09-13,12:17:00,405b67,G-EZDN,Airbus A319,easyJet,takeoff,depart,1100,285.4,87.3,6.97,49.47,3.2,180
2026-09-13,12:19:58,TAP217C,CS-TXD,Airbus A321neo,TAP Air Portugal,takeoff,depart,1275,337.6,81.8,2.57,22.58,3.3,193
2026-09-13,12:22:40,4868bc,,,KLM,takeoff,depart,1100,313.7,82.1,2.73,24.13,3.3,193
2026-09-13,12:30:07,TAP1136,CS-TPR,Embraer E190,TAP Air Portugal,takeoff,depart,1125,283.7,82.0,3.14,31.66,3.3,193
2026-09-13,12:32:40,ELN202,5N-EGL,Challenger 604,Elin Group Ltd,takeoff,depart,1125,335.6,82.6,0.48,23.89,3.9,202
2026-09-13,12:35:49,AFR31PQ,,,Air France,takeoff,depart,1175,274.5,80.6,1.81,22.39,3.9,202
2026-09-13,12:38:44,TAP201,CS-TXG,Airbus A321neo,TAP Air Portugal,takeoff,depart,1825,369.5,63.7,0.0,17.65,3.9,202
2026-09-13,12:47:27,TAP670,CS-TJJ,Airbus A321neo,TAP Air Portugal,takeoff,depart,1150,307.8,82.7,2.37,25.78,4.4,215
2026-09-13,12:50:28,TAP109,CS-TOO,Airbus A330-200,TAP Air Portugal,takeoff,depart,1250,320.0,88.1,10.5,51.81,4.4,215
2026-09-13,12:53:28,RYR4CB,EI-EXD,Boeing 737-800,Ryanair,takeoff,depart,1100,322.2,87.7,5.42,66.97,4.4,215
2026-09-13,12:55:51,440db0,OE-IDX,Airbus A320,easyJet Europe,takeoff,depart,1250,290.9,84.1,5.11,32.53,4.4,215
2026-09-13,12:58:51,TAP782,CS-TVD,Airbus A320neo,TAP Air Portugal,takeoff,depart,1300,288.9,81.6,2.57,23.23,4.4,215
2026-09-13,13:03:15,IBE05PL,EC-MCS,Airbus A320,Iberia,takeoff,depart,1100,289.3,87.6,6.65,41.31,5.1,225
2026-09-13,13:09:08,44cdcd,OO-SNM,Airbus A320,Brussels Airlines,takeoff,depart,1100,292.8,87.3,9.45,49.67,5.1,225
2026-09-13,13:11:34,a2a915,N27015,Boeing 777-200,United Airlines,takeoff,depart,1400,352.3,82.9,2.49,33.6,5.1,225
2026-09-13,13:14:21,TAP243U,CS-TUC,Airbus A330-900neo,TAP Air Portugal,takeoff,depart,1350,327.1,86.7,6.32,35.21,5.1,225
2026-09-13,13:17:31,TAP824,CS-TNU,Airbus A320,TAP Air Portugal,takeoff,depart,1175,292.2,88.0,5.51,46.48,5.6,225
2026-09-13,13:20:09,495149,CS-TJI,Airbus A321neo,TAP Air Portugal,takeoff,depart,1300,336.7,82.0,2.09,22.24,5.6,225
2026-09-13,13:22:32,4952c3,CS-TVC,Airbus A320neo,TAP Air Portugal,takeoff,depart,1175,286.5,84.1,3.28,20.2,5.6,225
2026-09-13,13:25:53,a50adc,,,,takeoff,depart,1400,318.2,89.8,6.08,38.99,5.6,225
2026-09-13,13:28:37,4952c8,CS-TVH,Airbus A320neo,TAP Air Portugal,takeoff,depart,1500,298.2,73.1,0.2,18.33,5.6,225
2026-09-13,13:31:20,DLH35M,D-AIEB,Airbus A321neo,Lufthansa,takeoff,depart,1650,328.2,81.6,2.01,25.51,5.6,225
2026-09-13,13:34:10,39ceac,F-HTVM,Boeing 737-800,Transavia France,takeoff,depart,1100,324.5,91.5,8.34,98.02,5.9,227
2026-09-13,13:37:01,EJU84EZ,OE-IBS,Airbus A320,easyJet Europe,takeoff,depart,1450,282.8,79.4,1.12,33.52,5.9,227
2026-09-13,13:40:03,TAP14NC,CS-TJM,Airbus A321neo,TAP Air Portugal,takeoff,depart,2050,372.8,82.1,0.48,17.89,5.9,227
2026-09-13,13:43:00,c01754,C-FIVR,Boeing 777-300ER,Air Canada,takeoff,depart,1150,363.9,90.7,6.08,49.48,5.9,227
2026-09-13,13:46:07,EJU65YE,OE-LSR,Airbus A320,easyJet Europe,takeoff,depart,1500,333.0,65.2,0.0,17.82,5.9,227
2026-09-13,13:48:09,4952c5,CS-TVE,Airbus A320neo,TAP Air Portugal,takeoff,depart,1150,289.8,83.0,2.35,25.26,6.4,227
2026-09-13,13:51:32,TAP1104,CS-TTZ,Embraer E195,TAP Air Portugal,takeoff,depart,1125,292.1,72.0,0.2,27.42,6.4,227
2026-09-13,13:54:09,4952ab,CS-TUK,Airbus A330-900neo,TAP Air Portugal,takeoff,depart,1375,319.1,86.8,5.03,32.29,6.4,227
2026-09-13,13:56:59,RYR546,,,Ryanair,takeoff,depart,900,0.0,86.6,4.67,31.64,6.4,227
2026-09-13,13:59:28,EWG58E,OK-TSU,Boeing 737-800,Eurowings,takeoff,depart,1125,336.3,80.2,1.12,25.8,6.4,227
2026-09-13,14:02:59,EJU54WH,OE-IBF,Airbus A320,easyJet Europe,takeoff,depart,2075,386.0,55.6,0.0,17.24,6.9,227
2026-09-13,14:05:00,RZO123,CS-TSF,Airbus A321neo,TAP Air Portugal,takeoff,depart,1125,316.1,88.6,2.9,30.97,6.9,227
2026-09-13,14:07:43,TAP932,CS-TNX,Airbus A320,TAP Air Portugal,takeoff,depart,1575,330.6,60.4,0.0,17.23,6.9,227
2026-09-13,14:11:17,4d211c,,,,cruise,,475,79.6,57.5,0.0,19.32,6.9,227
2026-09-13,14:14:09,RYR385,EI-GXL,Boeing 737-800,Ryanair,takeoff,depart,1125,322.2,92.2,9.94,89.69,6.9,227
2026-09-13,14:17:47,440cc1,OE-LSP,Airbus A320,easyJet Europe,takeoff,depart,1350,326.7,74.2,0.08,20.48,7.4,227
2026-09-13,14:20:58,EJU34BX,OE-IWW,Airbus A320,easyJet Europe,takeoff,depart,1125,317.4,84.2,1.97,28.21,7.4,227
2026-09-13,14:26:21,TAP82LN,,,TAP Air Portugal,takeoff,depart,1275,302.6,84.3,8.1,31.59,7.4,227
2026-09-13,14:28:55,495037,,,TAP Air Portugal,takeoff,depart,1275,314.5,85.1,5.75,40.29,7.4,227
2026-09-13,14:31:22,TAP68HR,,,,takeoff,depart,1250,314.3,83.8,2.49,24.49,7.4,227
2026-09-13,14:34:31,40836b,,,,takeoff,depart,1125,340.2,84.3,2.62,22.81,7.9,223
2026-09-13,14:36:52,345042,EC-MHB,Airbus A321,Vueling,takeoff,depart,1400,292.8,90.4,8.53,44.64,7.9,223
2026-09-13,14:39:53,495145,CS-TJE,Airbus A321,TAP Air Portugal,cruise,,1050,0.0,89.1,7.84,53.49,7.9,223
2026-09-13,14:42:33,TAP1928,CS-TPV,Embraer E190,TAP Air Portugal,takeoff,depart,1125,283.7,84.8,3.78,37.55,7.9,223
2026-09-13,14:45:49,TAP1034,CS-TTY,Embraer E195,TAP Air Portugal,takeoff,depart,1300,314.5,84.7,4.67,32.89,7.9,223
2026-09-13,14:47:32,EJU62BF,,,easyJet Europe,takeoff,depart,1825,353.9,83.1,0.44,20.63,8.2,221
2026-09-13,14:48:54,TAP1312,CS-TVB,Airbus A320neo,TAP Air Portugal,takeoff,depart,1425,298.2,71.6,0.09,22.28,8.2,221
2026-09-13,14:50:37,TAP884,CS-TTS,Airbus A319,TAP Air Portugal,takeoff,depart,1525,321.5,81.4,2.21,32.59,8.2,221
2026-09-13,14:52:57,TAP472C,CS-TPW,Embraer E190,TAP Air Portugal,takeoff,depart,1125,293.7,81.7,1.17,37.99,8.2,221
2026-09-13,14:54:51,TAP02MR,CS-TPY,Embraer E190,TAP Air Portugal,takeoff,depart,1100,313.7,64.8,0.0,19.65,8.2,221
2026-09-13,14:57:42,TAP86VR,CS-TNY,Airbus A320,TAP Air Portugal,takeoff,depart,1225,306.9,87.2,5.27,48.86,8.2,221
2026-09-13,15:01:23,WPT2151,,,,takeoff,depart,1575,324.7,83.0,2.33,27.12,8.2,221
2026-09-13,15:04:34,48ea6e,,,,takeoff,depart,2075,310.6,67.5,0.0,20.08,8.7,222
2026-09-13,15:06:00,TAP72LP,CS-TVF,Airbus A320neo,TAP Air Portugal,takeoff,depart,1225,284.5,78.5,0.72,20.94,8.7,222
2026-09-13,15:09:59,UAE192,A6-ENU,Boeing 777-300ER,Emirates,takeoff,depart,1225,369.5,89.3,3.94,55.77,8.7,222
2026-09-13,15:12:20,49520f,CS-TPO,Embraer E190,TAP Air Portugal,takeoff,depart,1575,315.2,79.1,2.61,24.71,8.7,222
2026-09-13,15:16:29,3c64aa,D-AIEJ,Airbus A321neo,Lufthansa,takeoff,depart,1500,330.2,84.0,1.85,27.66,8.7,222
2026-09-13,15:19:16,4952ce,,,TAP Air Portugal,takeoff,depart,1425,312.8,74.1,0.08,19.39,9.2,222
2026-09-13,15:24:28,RZO125,CS-TSI,Airbus A321neo,TAP Air Portugal,takeoff,depart,1325,302.6,80.4,1.93,24.54,9.2,222
2026-09-13,15:28:10,TAP67AM,CS-TJO,Airbus A321neo,TAP Air Portugal,takeoff,depart,1425,334.3,81.7,1.21,25.71,9.2,222
2026-09-13,15:31:37,TAP1438,CS-TPS,Embraer E190,TAP Air Portugal,takeoff,depart,1175,291.9,86.8,7.08,38.37,9.2,222
2026-09-13,15:34:11,SWR8YB,HB-JCN,C Series 300,Swiss,takeoff,depart,1150,273.4,82.5,1.21,21.95,9.4,223
2026-09-13,15:36:44,4ca4f8,EI-DPV,Boeing 737-800,Ryanair,takeoff,depart,1250,331.9,94.0,14.82,101.68,9.4,223
2026-09-13,15:39:50,TAP94EV,CS-TPT,Embraer E190,TAP Air Portugal,takeoff,depart,1100,289.5,87.8,3.66,37.64,9.4,223
2026-09-13,15:42:08,TAP42LV,CS-TJL,Airbus A321neo,TAP Air Portugal,takeoff,depart,1150,307.1,88.0,3.5,24.98,9.4,223
2026-09-13,15:45:10,4952cd,,,TAP Air Portugal,takeoff,depart,1275,303.4,82.2,2.74,22.31,9.4,223
2026-09-13,15:48:07,4951ce,CS-TNN,Airbus A320,TAP Air Portugal,takeoff,depart,1200,301.3,84.8,4.31,42.12,9.7,225
2026-09-13,15:50:42,495148,CS-TJH,Airbus A321,TAP Air Portugal,cruise,,1300,0.0,82.2,3.66,39.16,9.7,225
2026-09-13,15:53:35,495038,,,TAP Air Portugal,takeoff,depart,1225,295.4,87.1,6.11,44.32,9.7,225
2026-09-13,15:56:18,EJU32UQ,OE-ING,Airbus A320,easyJet Europe,takeoff,depart,1325,313.4,85.0,3.75,39.12,9.7,225
2026-09-13,15:59:18,495171,CS-TKQ,Airbus A320,TAP Air Portugal,takeoff,depart,1150,293.0,88.2,10.05,65.56,9.7,225
2026-09-13,16:02:06,RYR72ZY,,,Ryanair,takeoff,depart,1100,315.4,87.4,4.42,32.74,9.7,225
2026-09-13,16:05:00,TAP13DU,CS-TPZ,Embraer E190,TAP Air Portugal,takeoff,depart,1300,302.1,86.4,5.4,35.26,9.7,228
2026-09-13,16:07:04,4952d3,,,,cruise,,1075,0.0,81.7,1.09,19.87,9.7,228
2026-09-13,16:09:51,096028,D4-CCJ,Boeing 737 MAX 8,TACV Cabo Verde Airlines,takeoff,depart,1100,323.4,83.2,0.73,26.19,9.7,228
2026-09-13,16:12:31,4951d4,CS-TNT,Airbus A320,TAP Air Portugal,takeoff,depart,1475,313.7,82.8,3.38,31.78,9.7,228
2026-09-13,16:15:43,TAP1064,CS-TPX,Embraer E190,TAP Air Portugal,takeoff,depart,1100,278.7,88.2,6.76,44.54,9.7,228
2026-09-13,16:18:28,RYR10TR,EI-EKH,Boeing 737-800,Ryanair,takeoff,depart,1100,319.1,89.4,8.55,76.88,9.5,233
2026-09-13,16:21:12,495066,,,TAP Air Portugal,takeoff,depart,1375,332.6,88.3,4.78,53.74,9.5,233
2026-09-13,16:24:13,407689,G-UZHU,Airbus A320neo,easyJet,takeoff,depart,1350,309.7,82.3,1.08,20.46,9.5,233
2026-09-13,16:26:27,495215,CS-TPU,Embraer E190,TAP Air Portugal,cruise,,1025,0.0,88.2,7.75,46.05,9.5,233
2026-09-13,16:29:14,SWR2GX,,,Swiss,takeoff,depart,1200,304.1,85.7,3.79,29.59,9.5,233
2026-09-13,16:32:08,4952ca,CS-TVJ,Airbus A320neo,TAP Air Portugal,takeoff,depart,1200,275.8,80.3,1.61,23.44,9.5,233
2026-09-13,16:34:40,KLM80Z,,,KLM,takeoff,depart,900,0.0,85.4,4.44,22.54,9.2,239
2026-09-13,16:37:20,440c33,OE-LSK,Airbus A320neo,easyJet Europe,takeoff,depart,1400,311.7,72.9,0.49,18.03,9.2,239
2026-09-13,16:39:57,AFR99MY,F-GKXZ,Airbus A320,Air France,cruise,,1150,0.0,90.5,5.67,59.04,9.2,239
2026-09-13,16:42:59,TAP1930,,,TAP Air Portugal,takeoff,depart,1300,277.1,73.2,0.08,18.52,9.2,239
2026-09-13,16:49:45,495150,CS-TJP,Airbus A321neo,TAP Air Portugal,takeoff,depart,1125,305.8,85.2,3.66,22.39,8.9,249
2026-09-13,16:51:54,TAM8149,CC-BGT,Boeing 787-9,LATAM Airlines,takeoff,depart,1125,366.3,61.9,0.0,15.75,8.9,249
2026-09-13,16:54:44,TAP44BR,CS-TVK,Airbus A320neo,TAP Air Portugal,takeoff,depart,1625,319.5,71.9,0.2,18.11,10.0,244
2026-09-13,16:57:33,48c2a3,SP-RZD,Boeing 737 MAX 8,Buzz,takeoff,depart,1100,326.3,86.5,3.38,41.12,10.0,244
2026-09-13,16:59:17,495211,CS-TPQ,Embraer E190,TAP Air Portugal,takeoff,depart,1325,278.2,84.9,4.18,30.44,10.0,244
2026-09-13,17:02:53,461fa2,OH-LZM,Airbus A321,Finnair,takeoff,depart,1450,332.6,86.6,6.2,43.38,9.9,251
2026-09-13,17:05:43,TAP542U,CS-TNK,Airbus A320,TAP Air Portugal,takeoff,depart,1625,293.7,74.1,0.09,21.56,9.9,251
2026-09-13,17:08:32,EJU43QE,,,easyJet Europe,takeoff,depart,1550,380.8,54.0,0.0,14.85,9.9,251
2026-09-13,17:10:52,AEA67QW,EC-LPR,Boeing 737-800,Air Europa,takeoff,depart,1100,311.3,90.5,7.72,73.48,9.9,251
2026-09-13,17:12:24,DLH42Y,D-AIEK,Airbus A321neo,Lufthansa,takeoff,depart,1650,318.4,67.3,0.0,16.58,9.9,251
2026-09-13,17:15:32,ANE79CP,EC-MTO,Bombardier CRJ-1000,Air Nostrum,takeoff,depart,1100,318.4,85.3,3.78,43.65,9.9,251
2026-09-13,17:20:07,495155,,,,takeoff,depart,1125,301.7,84.0,1.21,24.96,9.6,257
2026-09-13,17:22:16,THY1DB,TC-LSN,Airbus A321neo,Turkish Airlines,takeoff,depart,1750,345.0,59.1,0.0,14.7,9.6,257
2026-09-13,17:25:02,4952ae,CS-TUN,Airbus A330-900neo,TAP Air Portugal,takeoff,depart,1325,318.5,82.2,2.66,24.88,9.6,257
2026-09-13,17:27:53,RYR2GB,9H-VUH,Boeing 737 MAX 8,Malta Air,takeoff,depart,1150,311.9,85.6,1.85,31.82,9.6,257
2026-09-13,17:30:52,TAP91SR,CS-TTW,Embraer E195,TAP Air Portugal,takeoff,depart,1350,309.3,84.3,4.47,42.13,9.6,257
2026-09-13,17:32:24,EJU56YT,,,easyJet Europe,takeoff,depart,1350,303.0,83.2,1.73,19.45,9.5,261
2026-09-13,17:34:04,TAP011,CS-TUD,Airbus A330-900neo,TAP Air Portugal,takeoff,depart,1400,332.6,82.6,0.97,28.66,9.5,261
2026-09-13,17:44:55,EJU45HZ,OE-IBF,Airbus A320,easyJet Europe,landing,arrivee,550,267.2,94.8,5.67,75.2,9.5,261
2026-09-13,17:47:38,495152,CS-TJR,Airbus A321neo,TAP Air Portugal,landing,arrivee,600,256.5,91.5,5.44,36.66,9.4,268
2026-09-13,17:50:37,TAP643,CS-TXJ,Airbus A321neo,TAP Air Portugal,landing,arrivee,525,256.5,91.7,5.08,40.09,9.4,268
2026-09-13,17:52:56,02013a,CN-MAY,Boeing 737 MAX 8,Royal Air Maroc,landing,arrivee,550,288.7,91.8,4.06,58.69,9.4,268
2026-09-13,17:55:37,TRA9H,PH-HXK,Boeing 737-800,Transavia,landing,arrivee,575,271.3,95.0,6.03,65.92,9.4,268
2026-09-13,17:58:22,4cafd1,EI-GXL,Boeing 737-800,Ryanair,landing,arrivee,550,287.2,91.6,5.94,59.78,9.4,268
2026-09-13,18:00:50,4cadf6,EI-IHK,Boeing 737 MAX 8,Ryanair,landing,arrivee,575,288.9,93.4,5.67,45.66,9.4,268
2026-09-13,18:03:47,440d6f,OE-LSR,Airbus A320,easyJet Europe,landing,arrivee,625,256.5,91.8,4.79,29.69,9.0,272
2026-09-13,18:06:45,3443d1,EC-LUN,Airbus A320,Vueling,landing,arrivee,600,268.9,90.5,5.92,53.16,9.0,272
2026-09-13,18:10:11,IBE05RP,EC-LVD,Airbus A320,Iberia,landing,arrivee,600,276.5,92.2,6.2,67.14,9.0,272
2026-09-13,18:13:24,06a0bc,A7-BCX,Boeing 787-8,Qatar Airways,landing,arrivee,550,287.2,92.0,6.03,56.42,9.0,272
2026-09-13,18:16:03,40666c,G-EZUS,Airbus A320,easyJet,landing,arrivee,575,270.8,89.5,5.4,52.19,9.0,272
2026-09-13,18:18:41,TVF72AP,,,Transavia France,landing,arrivee,575,284.8,94.0,5.03,61.58,8.3,275
2026-09-13,18:21:23,BAW506,,,,landing,arrivee,550,272.4,90.2,5.44,42.69,8.3,275
2026-09-13,18:24:07,49514e,CS-TJN,Airbus A321neo,TAP Air Portugal,landing,arrivee,575,265.6,93.5,5.67,38.56,8.3,275
2026-09-13,18:27:36,TAP1439,CS-TPS,Embraer E190,TAP Air Portugal,landing,arrivee,575,243.2,92.1,5.04,36.57,8.3,275
2026-09-13,18:30:25,495153,,,TAP Air Portugal,landing,arrivee,600,254.1,93.3,5.08,43.71,8.3,275
2026-09-13,18:36:26,TVF90KW,F-HTVX,Boeing 737-800,Transavia France,landing,arrivee,575,273.2,90.7,5.43,57.35,7.6,278
2026-09-13,18:39:06,LGL3753,LX-LBL,Boeing 737 MAX 8,Luxair,landing,arrivee,600,288.9,90.5,4.27,50.58,7.6,278
2026-09-13,18:49:58,4952c5,CS-TVE,Airbus A320neo,TAP Air Portugal,landing,arrivee,575,263.2,90.2,4.83,38.03,6.6,283
2026-09-13,18:53:02,TAP35BL,CS-TTY,Embraer E195,TAP Air Portugal,landing,arrivee,600,267.2,92.7,5.56,64.57,6.6,283
2026-09-13,18:56:10,EJU19TV,OE-IBS,Airbus A320,easyJet Europe,landing,arrivee,600,263.9,93.4,5.03,69.72,6.6,283
2026-09-13,19:00:15,495214,CS-TPT,Embraer E190,TAP Air Portugal,landing,arrivee,575,239.1,93.8,6.04,41.7,6.6,283
2026-09-13,19:03:06,4952d1,,,,landing,arrivee,650,250.8,92.0,4.9,38.03,6.3,294
2026-09-13,19:05:29,39d308,F-HUYI,Boeing 737-800,Transavia France,cruise,,775,0.0,96.2,5.47,53.86,6.3,294
2026-09-13,19:08:20,4d2271,9H-QEC,Boeing 737-800,Malta Air,landing,arrivee,600,273.2,97.3,5.95,52.01,6.6,292
2026-09-13,19:11:12,TAP1017,,,TAP Air Portugal,landing,arrivee,575,258.4,98.7,6.01,44.1,6.6,292
2026-09-13,19:14:17,49514a,CS-TJJ,Airbus A321neo,TAP Air Portugal,landing,arrivee,575,250.0,96.2,5.68,34.28,6.6,292
2026-09-13,19:16:51,TRA951N,PH-HXE,Boeing 737-800,Transavia,landing,arrivee,600,265.6,93.3,5.71,57.89,6.6,292
2026-09-13,19:19:50,4951d5,CS-TNU,Airbus A320,TAP Air Portugal,landing,arrivee,575,248.0,93.3,6.08,67.42,6.4,297
2026-09-13,19:22:10,471d6c,,,,landing,arrivee,600,238.4,91.9,6.49,54.67,6.4,297
2026-09-13,19:23:43,AEA1157,EC-LXV,Boeing 737-800,Air Europa,landing,arrivee,550,267.2,95.4,5.45,70.52,6.4,297
2026-09-13,19:25:59,4868bc,,,KLM,landing,arrivee,600,246.7,93.0,5.08,44.92,6.4,297
2026-09-13,19:29:02,UAE5M,A6-EQO,Boeing 777-300ER,Emirates,landing,arrivee,550,271.3,99.0,7.11,72.48,6.4,297
2026-09-13,19:31:45,44cdcd,OO-SNM,Airbus A320,Brussels Airlines,landing,arrivee,600,250.0,96.5,7.11,43.15,6.4,297
2026-09-13,19:34:48,TAP1852,CS-TVH,Airbus A320neo,TAP Air Portugal,landing,arrivee,600,236.7,90.0,5.44,37.07,6.3,301
2026-09-13,19:37:15,44061c,OE-LKL,Airbus A319,easyJet Europe,landing,arrivee,825,243.5,91.3,6.6,46.99,6.3,301
2026-09-13,19:43:22,RYR21UN,SP-RKG,Boeing 737-800,Buzz,landing,arrivee,550,281.3,95.3,5.95,90.21,6.3,301
2026-09-13,19:49:32,TAP473H,CS-TPW,Embraer E190,TAP Air Portugal,landing,arrivee,550,230.8,90.8,5.96,47.08,5.9,308
2026-09-13,19:50:57,EZY26YM,,,easyJet,landing,arrivee,475,274.8,86.0,0.96,20.58,5.9,308
2026-09-13,19:53:33,4d211c,,,,cruise,,875,0.0,63.4,0.0,12.8,5.9,308
2026-09-13,19:58:09,4952c3,CS-TVC,Airbus A320neo,TAP Air Portugal,cruise,,625,0.0,90.8,5.42,38.76,5.9,308
2026-09-13,20:01:08,TAP403Z,CS-TPY,Embraer E190,TAP Air Portugal,landing,arrivee,600,233.2,90.0,4.74,41.61,5.9,308
2026-09-13,20:03:23,RYR9654,9H-VUK,Boeing 737 MAX 8,Malta Air,landing,arrivee,600,279.7,90.6,4.83,54.85,5.4,312
2026-09-13,20:06:28,WZZ477,,,Wizz Air,landing,arrivee,600,243.9,91.8,5.04,43.79,5.4,312
2026-09-13,20:09:26,ANE44TG,EC-LJX,Bombardier CRJ-1000,Air Nostrum,landing,arrivee,600,249.8,89.6,4.5,37.31,5.4,312
2026-09-13,20:12:14,TAP1065,CS-TPX,Embraer E190,TAP Air Portugal,landing,arrivee,550,239.1,86.8,5.43,35.83,5.4,312
2026-09-13,20:15:03,TAP48M,,,TAP Air Portugal,landing,arrivee,550,262.8,91.1,6.38,42.97,5.4,312
2026-09-13,20:18:10,495211,CS-TPQ,Embraer E190,TAP Air Portugal,landing,arrivee,575,240.8,90.3,5.08,47.66,4.3,318
2026-09-13,20:20:49,TAP93ZS,CS-TNX,Airbus A320,TAP Air Portugal,landing,arrivee,600,242.4,94.4,5.07,45.93,4.3,318
2026-09-13,20:23:22,4d21dd,,,,landing,arrivee,600,257.2,92.1,4.43,48.84,4.3,318
2026-09-13,20:27:35,495215,CS-TPU,Embraer E190,TAP Air Portugal,landing,arrivee,550,245.6,90.8,5.03,46.61,4.3,318
2026-09-13,20:30:16,TAP1019,,,TAP Air Portugal,landing,arrivee,625,263.2,91.4,5.4,37.51,4.3,318
2026-09-13,20:33:22,0900f1,D2-TEK,Boeing 777-300ER,TAAG Angola,landing,arrivee,550,273.2,96.4,7.85,88.06,3.4,328
2026-09-13,20:35:55,495154,,,,landing,arrivee,600,263.9,91.2,5.05,34.42,3.4,328
2026-09-13,20:38:40,TAP871,,,TAP Air Portugal,landing,arrivee,550,262.2,91.1,5.76,43.12,3.4,328
2026-09-13,20:41:14,4cae9b,,,,approach,arrivee,575,0.0,92.5,4.67,38.44,3.4,328
2026-09-13,20:43:56,RYR95SN,EI-DWO,Boeing 737-800,Ryanair,landing,arrivee,550,284.8,91.6,4.92,57.88,3.4,328
2026-09-13,20:46:58,4952c2,CS-TVB,Airbus A320neo,TAP Air Portugal,landing,arrivee,575,230.8,89.0,4.75,37.94,3.4,328
2026-09-13,20:52:57,VLG14YF,,,Vueling,landing,arrivee,575,247.2,92.3,6.16,49.43,2.2,351
2026-09-13,21:02:09,495297,CS-TTW,Embraer E195,TAP Air Portugal,landing,arrivee,550,267.2,91.3,5.45,38.14,2.2,351
2026-09-13,21:03:52,9HGME,,,,cruise,,425,39.3,55.7,0.0,13.0,1.8,11
2026-09-13,21:05:56,4cc57a,,,,landing,arrivee,525,273.2,91.2,4.54,56.13,1.8,11
2026-09-13,21:13:29,4ca293,EI-DEM,Airbus A320,Aer Lingus,landing,arrivee,575,246.7,92.0,5.56,58.29,1.8,11
2026-09-13,21:16:13,4951d9,CS-TNY,Airbus A320,TAP Air Portugal,landing,arrivee,525,263.9,90.6,5.44,50.62,1.8,11
